  0
SECTION
  2
HEADER
  9
$ACADVER
  1
AC1014
  9
$ACADMAINTVER
 70
     9
  9
$DWGCODEPAGE
  3
ANSI_1252
  9
$INSBASE
 10
0.0
 20
0.0
 30
0.0
  9
$EXTMIN
 10
-0.0001763888888847
 20
0.1000125
 30
0.0
  9
$EXTMAX
 10
299.9999291666666
 20
300.1001180555556
 30
0.0
  9
$LIMMIN
 10
0.0
 20
0.0
  9
$LIMMAX
 10
12.0
 20
9.0
  9
$ORTHOMODE
 70
     0
  9
$REGENMODE
 70
     1
  9
$FILLMODE
 70
     1
  9
$QTEXTMODE
 70
     0
  9
$MIRRTEXT
 70
     1
  9
$DRAGMODE
 70
     2
  9
$LTSCALE
 40
1.0
  9
$OSMODE
 70
    37
  9
$ATTMODE
 70
     1
  9
$TEXTSIZE
 40
0.2
  9
$TRACEWID
 40
0.05
  9
$TEXTSTYLE
  7
STANDARD
  9
$CLAYER
  8
DEFAULT
  9
$CELTYPE
  6
BYLAYER
  9
$CECOLOR
 62
   256
  9
$CELTSCALE
 40
1.0
  9
$DELOBJ
 70
     1
  9
$DISPSILH
 70
     0
  9
$DIMSCALE
 40
1.0
  9
$DIMASZ
 40
0.18
  9
$DIMEXO
 40
0.0625
  9
$DIMDLI
 40
0.38
  9
$DIMRND
 40
0.0
  9
$DIMDLE
 40
0.0
  9
$DIMEXE
 40
0.18
  9
$DIMTP
 40
0.0
  9
$DIMTM
 40
0.0
  9
$DIMTXT
 40
0.18
  9
$DIMCEN
 40
0.09
  9
$DIMTSZ
 40
0.0
  9
$DIMTOL
 70
     0
  9
$DIMLIM
 70
     0
  9
$DIMTIH
 70
     1
  9
$DIMTOH
 70
     1
  9
$DIMSE1
 70
     0
  9
$DIMSE2
 70
     0
  9
$DIMTAD
 70
     0
  9
$DIMZIN
 70
     0
  9
$DIMBLK
  1

  9
$DIMASO
 70
     1
  9
$DIMSHO
 70
     1
  9
$DIMPOST
  1

  9
$DIMAPOST
  1

  9
$DIMALT
 70
     0
  9
$DIMALTD
 70
     2
  9
$DIMALTF
 40
25.4
  9
$DIMLFAC
 40
1.0
  9
$DIMTOFL
 70
     0
  9
$DIMTVP
 40
0.0
  9
$DIMTIX
 70
     0
  9
$DIMSOXD
 70
     0
  9
$DIMSAH
 70
     0
  9
$DIMBLK1
  1

  9
$DIMBLK2
  1

  9
$DIMSTYLE
  2
STANDARD
  9
$DIMCLRD
 70
     0
  9
$DIMCLRE
 70
     0
  9
$DIMCLRT
 70
     0
  9
$DIMTFAC
 40
1.0
  9
$DIMGAP
 40
0.09
  9
$DIMJUST
 70
     0
  9
$DIMSD1
 70
     0
  9
$DIMSD2
 70
     0
  9
$DIMTOLJ
 70
     1
  9
$DIMTZIN
 70
     0
  9
$DIMALTZ
 70
     0
  9
$DIMALTTZ
 70
     0
  9
$DIMFIT
 70
     5
  9
$DIMUPT
 70
     0
  9
$DIMUNIT
 70
     2
  9
$DIMDEC
 70
     4
  9
$DIMTDEC
 70
     4
  9
$DIMALTU
 70
     2
  9
$DIMALTTD
 70
     2
  9
$DIMTXSTY
  7
STANDARD
  9
$DIMAUNIT
 70
     0
  9
$LUNITS
 70
     2
  9
$LUPREC
 70
     3
  9
$SKETCHINC
 40
0.1
  9
$FILLETRAD
 40
0.5
  9
$AUNITS
 70
     0
  9
$AUPREC
 70
     0
  9
$MENU
  1
.
  9
$ELEVATION
 40
0.0
  9
$PELEVATION
 40
0.0
  9
$THICKNESS
 40
0.0
  9
$LIMCHECK
 70
     0
  9
$CHAMFERA
 40
0.0
  9
$CHAMFERB
 40
0.0
  9
$CHAMFERC
 40
0.0
  9
$CHAMFERD
 40
0.0
  9
$SKPOLY
 70
     0
  9
$TDCREATE
 40
2459467.61802772
  9
$TDUPDATE
 40
2459467.61804338
  9
$TDINDWG
 40
0.0000000116
  9
$TDUSRTIMER
 40
0.0000000116
  9
$USRTIMER
 70
     1
  9
$ANGBASE
 50
0.0
  9
$ANGDIR
 70
     0
  9
$PDMODE
 70
     0
  9
$PDSIZE
 40
0.0
  9
$PLINEWID
 40
0.0
  9
$COORDS
 70
     1
  9
$SPLFRAME
 70
     0
  9
$SPLINETYPE
 70
     6
  9
$SPLINESEGS
 70
     8
  9
$ATTDIA
 70
     0
  9
$ATTREQ
 70
     1
  9
$HANDLING
 70
     1
  9
$HANDSEED
  5
3CE
  9
$SURFTAB1
 70
     6
  9
$SURFTAB2
 70
     6
  9
$SURFTYPE
 70
     6
  9
$SURFU
 70
     6
  9
$SURFV
 70
     6
  9
$UCSNAME
  2

  9
$UCSORG
 10
0.0
 20
0.0
 30
0.0
  9
$UCSXDIR
 10
1.0
 20
0.0
 30
0.0
  9
$UCSYDIR
 10
0.0
 20
1.0
 30
0.0
  9
$PUCSNAME
  2

  9
$PUCSORG
 10
0.0
 20
0.0
 30
0.0
  9
$PUCSXDIR
 10
1.0
 20
0.0
 30
0.0
  9
$PUCSYDIR
 10
0.0
 20
1.0
 30
0.0
  9
$USERI1
 70
     0
  9
$USERI2
 70
     0
  9
$USERI3
 70
     0
  9
$USERI4
 70
     0
  9
$USERI5
 70
     0
  9
$USERR1
 40
0.0
  9
$USERR2
 40
0.0
  9
$USERR3
 40
0.0
  9
$USERR4
 40
0.0
  9
$USERR5
 40
0.0
  9
$WORLDVIEW
 70
     1
  9
$SHADEDGE
 70
     3
  9
$SHADEDIF
 70
    70
  9
$TILEMODE
 70
     1
  9
$MAXACTVP
 70
    64
  9
$PINSBASE
 10
0.0
 20
0.0
 30
0.0
  9
$PLIMCHECK
 70
     0
  9
$PEXTMIN
 10
1.000000000000000E+20
 20
1.000000000000000E+20
 30
1.000000000000000E+20
  9
$PEXTMAX
 10
-1.000000000000000E+20
 20
-1.000000000000000E+20
 30
-1.000000000000000E+20
  9
$PLIMMIN
 10
0.0
 20
0.0
  9
$PLIMMAX
 10
12.0
 20
9.0
  9
$UNITMODE
 70
     0
  9
$VISRETAIN
 70
     1
  9
$PLINEGEN
 70
     0
  9
$PSLTSCALE
 70
     1
  9
$TREEDEPTH
 70
  3020
  9
$PICKSTYLE
 70
     1
  9
$CMLSTYLE
  2
STANDARD
  9
$CMLJUST
 70
     0
  9
$CMLSCALE
 40
1.0
  9
$PROXYGRAPHICS
 70
     1
  9
$MEASUREMENT
 70
     0
  0
ENDSEC
  0
SECTION
  2
CLASSES
  0
CLASS
  1
ACDBDICTIONARYWDFLT
  2
AcDbDictionaryWithDefault
  3
ObjectDBX Classes
 90
        0
280
     0
281
     0
  0
CLASS
  1
VISUALSTYLE
  2
AcDbVisualStyle
  3
ObjectDBX Classes
 90
     4095
280
     0
281
     0
  0
CLASS
  1
MATERIAL
  2
AcDbMaterial
  3
ObjectDBX Classes
 90
     1153
280
     0
281
     0
  0
CLASS
  1
SCALE
  2
AcDbScale
  3
ObjectDBX Classes
 90
     1153
280
     0
281
     0
  0
CLASS
  1
SUN
  2
AcDbSun
  3
SCENEOE
 90
     1153
280
     0
281
     0
  0
CLASS
  1
DICTIONARYVAR
  2
AcDbDictionaryVar
  3
ObjectDBX Classes
 90
        0
280
     0
281
     0
  0
CLASS
  1
XRECORD
  2
AcDbXrecord
  3
ObjectDBX Classes
 90
        0
280
     0
281
     0
  0
CLASS
  1
LWPOLYLINE
  2
AcDbPolyline
  3
ObjectDBX Classes
 90
        0
280
     0
281
     1
  0
CLASS
  1
HATCH
  2
AcDbHatch
  3
ObjectDBX Classes
 90
        0
280
     0
281
     1
  0
CLASS
  1
ACDBPLACEHOLDER
  2
AcDbPlaceHolder
  3
ObjectDBX Classes
 90
        0
280
     0
281
     0
  0
CLASS
  1
LAYOUT
  2
AcDbLayout
  3
ObjectDBX Classes
 90
        0
280
     0
281
     0
  0
ENDSEC
  0
SECTION
  2
TABLES
  0
TABLE
  2
VPORT
  5
8
330
0
100
AcDbSymbolTable
 70
     1
  0
VPORT
  5
29
330
8
100
AcDbSymbolTableRecord
100
AcDbViewportTableRecord
  2
*ACTIVE
 70
     0
 10
0.0
 20
0.0
 11
1.0
 21
1.0
 12
149.9998763888889
 22
150.1000652777778
 13
0.0
 23
0.0
 14
0.5
 24
0.5
 15
0.5
 25
0.5
 16
0.0
 26
0.0
 36
1.0
 17
0.0
 27
0.0
 37
0.0
 40
306.0001076666667
 41
0.9999999999999994
 42
50.0
 43
0.0
 44
0.0
 50
0.0
 51
0.0
 71
     0
 72
   100
 73
     1
 74
     3
 75
     0
 76
     0
 77
     0
 78
     0
  0
ENDTAB
  0
TABLE
  2
LTYPE
  5
5
330
0
100
AcDbSymbolTable
 70
     1
  0
LTYPE
  5
14
330
5
100
AcDbSymbolTableRecord
100
AcDbLinetypeTableRecord
  2
BYBLOCK
 70
     0
  3

 72
    65
 73
     0
 40
0.0
  0
LTYPE
  5
15
330
5
100
AcDbSymbolTableRecord
100
AcDbLinetypeTableRecord
  2
BYLAYER
 70
     0
  3

 72
    65
 73
     0
 40
0.0
  0
LTYPE
  5
16
330
5
100
AcDbSymbolTableRecord
100
AcDbLinetypeTableRecord
  2
CONTINUOUS
 70
     0
  3
Solid line
 72
    65
 73
     0
 40
0.0
  0
ENDTAB
  0
TABLE
  2
LAYER
  5
2
330
0
100
AcDbSymbolTable
 70
     2
  0
LAYER
  5
10
330
2
100
AcDbSymbolTableRecord
100
AcDbLayerTableRecord
  2
0
 70
     0
 62
     7
  6
CONTINUOUS
  0
LAYER
  5
6A
330
2
100
AcDbSymbolTableRecord
100
AcDbLayerTableRecord
  2
DEFAULT
 70
     0
 62
     7
  6
CONTINUOUS
  0
ENDTAB
  0
TABLE
  2
STYLE
  5
3
330
0
100
AcDbSymbolTable
 70
     1
  0
STYLE
  5
11
330
3
100
AcDbSymbolTableRecord
100
AcDbTextStyleTableRecord
  2
STANDARD
 70
     0
 40
0.0
 41
1.0
 50
0.0
 71
     0
 42
0.2
  3
txt
  4

  0
ENDTAB
  0
TABLE
  2
VIEW
  5
6
330
0
100
AcDbSymbolTable
 70
     0
  0
ENDTAB
  0
TABLE
  2
UCS
  5
7
330
0
100
AcDbSymbolTable
 70
     0
  0
ENDTAB
  0
TABLE
  2
APPID
  5
9
330
0
100
AcDbSymbolTable
 70
     1
  0
APPID
  5
12
330
9
100
AcDbSymbolTableRecord
100
AcDbRegAppTableRecord
  2
ACAD
 70
     0
  0
ENDTAB
  0
TABLE
  2
DIMSTYLE
  5
A
330
0
100
AcDbSymbolTable
 70
     1
  0
DIMSTYLE
105
27
330
A
100
AcDbSymbolTableRecord
100
AcDbDimStyleTableRecord
  2
STANDARD
 70
     0
  3

  4

  5

  6

  7

 40
1.0
 41
0.18
 42
0.0625
 43
0.38
 44
0.18
 45
0.0
 46
0.0
 47
0.0
 48
0.0
140
0.18
141
0.09
142
0.0
143
25.4
144
1.0
145
0.0
146
1.0
147
0.09
 71
     0
 72
     0
 73
     1
 74
     1
 75
     0
 76
     0
 77
     0
 78
     0
170
     0
171
     2
172
     0
173
     0
174
     0
175
     0
176
     0
177
     0
178
     0
270
     2
271
     4
272
     4
273
     2
274
     2
340
11
275
     0
280
     0
281
     0
282
     0
283
     1
284
     0
285
     0
286
     0
287
     3
288
     0
  0
ENDTAB
  0
TABLE
  2
BLOCK_RECORD
  5
1
330
0
100
AcDbSymbolTable
 70
     1
  0
BLOCK_RECORD
  5
1F
330
1
100
AcDbSymbolTableRecord
100
AcDbBlockTableRecord
  2
*MODEL_SPACE
  0
BLOCK_RECORD
  5
1B
330
1
100
AcDbSymbolTableRecord
100
AcDbBlockTableRecord
  2
*PAPER_SPACE
  0
ENDTAB
  0
ENDSEC
  0
SECTION
  2
BLOCKS
  0
BLOCK
  5
20
330
1F
100
AcDbEntity
  8
0
100
AcDbBlockBegin
  2
*MODEL_SPACE
 70
     0
 10
0.0
 20
0.0
 30
0.0
  3
*MODEL_SPACE
  1

  0
ENDBLK
  5
21
330
1F
100
AcDbEntity
  8
0
100
AcDbBlockEnd
  0
BLOCK
  5
1C
330
1B
100
AcDbEntity
 67
     1
  8
0
100
AcDbBlockBegin
  2
*PAPER_SPACE
 70
     0
 10
0.0
 20
0.0
 30
0.0
  3
*PAPER_SPACE
  1

  0
ENDBLK
  5
1D
330
1B
100
AcDbEntity
 67
     1
  8
0
100
AcDbBlockEnd
  0
ENDSEC
  0
SECTION
  2
ENTITIES
  0
SPLINE
  5
6B
330
1F
100
AcDbEntity
  8
DEFAULT
 62
   250
100
AcDbSpline
210
0.0
220
0.0
230
1.0
 70
     8
 71
     3
 72
    17
 73
    13
 74
     0
 42
0.000000001
 43
0.0000000001
 40
0.0
 40
0.0
 40
0.0
 40
0.0
 40
1.0
 40
1.0
 40
1.0
 40
2.0
 40
2.0
 40
2.0
 40
3.0
 40
3.0
 40
3.0
 40
4.0
 40
4.0
 40
4.0
 40
4.0
 10
279.5145822222222
 20
126.7756686111111
 30
0.0
 10
279.4510822222222
 20
126.6892380555555
 30
0.0
 10
279.30221
 20
126.5590630555556
 30
0.0
 10
279.0834877777777
 20
126.4468797222222
 30
0.0
 10
278.5765461111111
 20
126.1872352777778
 30
0.0
 10
278.0307988888889
 20
126.3117658333333
 30
0.0
 10
277.7284683333333
 20
126.9012575
 30
0.0
 10
277.4402488888888
 20
127.4642908333333
 30
0.0
 10
277.6261627777778
 20
128.0414352777778
 30
0.0
 10
278.1835516666666
 20
128.3271852777778
 30
0.0
 10
278.4079183333333
 20
128.4421908333333
 30
0.0
 10
278.5737238888888
 20
128.4665325
 30
0.0
 10
278.6516877777777
 20
128.4661797222222
 30
0.0
  0
SPLINE
  5
6C
330
1F
100
AcDbEntity
  8
DEFAULT
 62
   250
100
AcDbSpline
210
0.0
220
0.0
230
1.0
 70
     8
 71
     3
 72
    17
 73
    13
 74
     0
 42
0.000000001
 43
0.0000000001
 40
0.0
 40
0.0
 40
0.0
 40
0.0
 40
1.0
 40
1.0
 40
1.0
 40
2.0
 40
2.0
 40
2.0
 40
3.0
 40
3.0
 40
3.0
 40
4.0
 40
4.0
 40
4.0
 40
4.0
 10
261.3111430555555
 20
126.0778741666667
 30
0.0
 10
261.2038986111111
 20
126.0789325
 30
0.0
 10
261.0112819444444
 20
126.1237352777778
 30
0.0
 10
260.7925597222222
 20
126.2359186111111
 30
0.0
 10
260.2856180555555
 20
126.4955630555556
 30
0.0
 10
260.0679541666667
 20
127.0116769444444
 30
0.0
 10
260.3702847222222
 20
127.6011686111111
 30
0.0
 10
260.6588569444444
 20
128.1642019444444
 30
0.0
 10
261.2360013888889
 20
128.3501158333333
 30
0.0
 10
261.7937430555556
 20
128.0643658333333
 30
0.0
 10
262.0177569444444
 20
127.9493602777778
 30
0.0
 10
262.1345263888888
 20
127.8290630555555
 30
0.0
 10
262.1796819444444
 20
127.7655630555555
 30
0.0
  0
POLYLINE
  5
6D
330
1F
100
AcDbEntity
  8
DEFAULT
 62
   250
100
AcDb2dPolyline
 66
     1
 10
0.0
 20
0.0
 30
0.0
  0
VERTEX
  5
6E
330
6D
100
AcDbEntity
  8
DEFAULT
 62
   250
100
AcDbVertex
100
AcDb2dVertex
 10
268.8841530555555
 20
117.3125458333333
 30
0.0
  0
VERTEX
  5
6F
330
6D
100
AcDbEntity
  8
DEFAULT
 62
   250
100
AcDbVertex
100
AcDb2dVertex
 10
269.7220002777777
 20
115.2918347222222
 30
0.0
  0
VERTEX
  5
70
330
6D
100
AcDbEntity
  8
DEFAULT
 62
   250
100
AcDbVertex
100
AcDb2dVertex
 10
270.5753697222221
 20
117.3125458333333
 30
0.0
  0
SEQEND
  5
71
330
6D
100
AcDbEntity
  8
DEFAULT
 62
   250
  0
SPLINE
  5
72
330
1F
100
AcDbEntity
  8
DEFAULT
 62
     1
100
AcDbSpline
210
0.0
220
0.0
230
1.0
 70
    11
 71
     3
 72
   110
 73
   106
 74
     0
 42
0.000000001
 43
0.0000000001
 40
1.0
 40
1.0
 40
1.0
 40
1.0
 40
2.0
 40
2.0
 40
2.0
 40
3.0
 40
3.0
 40
3.0
 40
4.0
 40
4.0
 40
4.0
 40
5.0
 40
5.0
 40
5.0
 40
6.0
 40
6.0
 40
6.0
 40
14.5
 40
14.5
 40
14.5
 40
15.5
 40
15.5
 40
15.5
 40
16.5
 40
16.5
 40
16.5
 40
17.5
 40
17.5
 40
17.5
 40
18.5
 40
18.5
 40
18.5
 40
27.00623300880009
 40
27.00623300880009
 40
27.00623300880009
 40
28.00623300880009
 40
28.00623300880009
 40
28.00623300880009
 40
29.00623300880009
 40
29.00623300880009
 40
29.00623300880009
 40
30.00623300880009
 40
30.00623300880009
 40
30.00623300880009
 40
31.00623300880009
 40
31.00623300880009
 40
31.00623300880009
 40
32.00623300880009
 40
32.00623300880009
 40
32.00623300880009
 40
33.00623300880009
 40
33.00623300880009
 40
33.00623300880009
 40
41.5126599907944
 40
41.5126599907944
 40
41.5126599907944
 40
42.5126599907944
 40
42.5126599907944
 40
42.5126599907944
 40
43.5126599907944
 40
43.5126599907944
 40
43.5126599907944
 40
44.5126599907944
 40
44.5126599907944
 40
44.5126599907944
 40
45.5126599907944
 40
45.5126599907944
 40
45.5126599907944
 40
46.5126599907944
 40
46.5126599907944
 40
46.5126599907944
 40
47.5126599907944
 40
47.5126599907944
 40
47.5126599907944
 40
48.5126599907944
 40
48.5126599907944
 40
48.5126599907944
 40
49.5126599907944
 40
49.5126599907944
 40
49.5126599907944
 40
50.5126599907944
 40
50.5126599907944
 40
50.5126599907944
 40
59.0190869727887
 40
59.0190869727887
 40
59.0190869727887
 40
60.0190869727887
 40
60.0190869727887
 40
60.0190869727887
 40
61.0190869727887
 40
61.0190869727887
 40
61.0190869727887
 40
62.0190869727887
 40
62.0190869727887
 40
62.0190869727887
 40
63.0190869727887
 40
63.0190869727887
 40
63.0190869727887
 40
64.0190869727887
 40
64.0190869727887
 40
64.0190869727887
 40
65.0190869727887
 40
65.0190869727887
 40
65.0190869727887
 40
66.0190869727887
 40
66.0190869727887
 40
66.0190869727887
 40
66.0190869727887
 10
271.8187702777777
 20
142.7366758333333
 30
0.0
 10
271.2896036111111
 20
142.8354536111111
 30
0.0
 10
271.7305758333333
 20
140.7293702777777
 30
0.0
 10
271.7305758333333
 20
138.8843425
 30
0.0
 10
271.7305758333333
 20
131.9522591666666
 30
0.0
 10
271.6635480555555
 20
126.3466202777778
 30
0.0
 10
271.2296313888889
 20
126.3466202777778
 30
0.0
 10
271.1731869444444
 20
126.3466202777778
 30
0.0
 10
271.1308536111111
 20
125.5634536111111
 30
0.0
 10
271.1308536111111
 20
124.5968425
 30
0.0
 10
271.1308536111111
 20
123.6267036111111
 30
0.0
 10
271.2296313888889
 20
123.0199258333333
 30
0.0
 10
271.2296313888889
 20
122.8435369444444
 30
0.0
 10
271.2296313888889
 20
121.9686480555555
 30
0.0
 10
271.2296313888889
 20
119.3439813888889
 30
0.0
 10
271.2296313888889
 20
119.3439813888889
 30
0.0
 10
270.2300943518518
 20
119.3439813888888
 30
0.0
 10
269.2305573148148
 20
119.3439813888888
 30
0.0
 10
268.2310202777778
 20
119.3439813888889
 30
0.0
 10
268.2310202777778
 20
119.3439813888889
 30
0.0
 10
268.2310202777778
 20
121.9686480555555
 30
0.0
 10
268.2310202777778
 20
122.8435369444444
 30
0.0
 10
268.2310202777778
 20
123.0199258333333
 30
0.0
 10
268.3297980555556
 20
123.6267036111111
 30
0.0
 10
268.3297980555556
 20
124.5968425
 30
0.0
 10
268.3297980555556
 20
125.5634536111111
 30
0.0
 10
268.2839369444444
 20
126.3466202777778
 30
0.0
 10
268.2310202777778
 20
126.3466202777778
 30
0.0
 10
266.2025480555556
 20
126.3466202777778
 30
0.0
 10
266.8657702777778
 20
128.7455091666667
 30
0.0
 10
264.1952424999999
 20
130.1142869444444
 30
0.0
 10
263.3038906481481
 20
130.5681943518518
 30
0.0
 10
262.4125387962962
 20
131.0221017592592
 30
0.0
 10
261.5211869444444
 20
131.4760091666666
 30
0.0
 10
260.2194369444445
 20
132.1392313888889
 30
0.0
 10
257.7923258333333
 20
132.1357036111111
 30
0.0
 10
255.8802702777778
 20
132.1357036111111
 30
0.0
 10
252.9980758333333
 20
132.1357036111111
 30
0.0
 10
253.1815202777777
 20
128.0893425
 30
0.0
 10
253.1815202777777
 20
121.6193980555555
 30
0.0
 10
253.1815202777777
 20
120.6104536111111
 30
0.0
 10
253.8059369444445
 20
119.6967591666667
 30
0.0
 10
255.1500202777778
 20
119.0123702777778
 30
0.0
 10
255.1994091666666
 20
118.9841480555555
 30
0.0
 10
255.5945202777777
 20
119.6650091666666
 30
0.0
 10
256.0390202777778
 20
120.5257869444444
 30
0.0
 10
256.4764647222222
 20
121.3865647222222
 30
0.0
 10
256.6669647222222
 20
121.9721758333333
 30
0.0
 10
256.7445758333333
 20
122.1273980555555
 30
0.0
 10
257.1432147222222
 20
122.9070369444444
 30
0.0
 10
258.3391313888889
 20
125.2459536111111
 30
0.0
 10
258.3391313888889
 20
125.2459536111111
 30
0.0
 10
259.2293073148148
 20
124.7896943518518
 30
0.0
 10
260.1194832407407
 20
124.3334350925926
 30
0.0
 10
261.0096591666667
 20
123.8771758333333
 30
0.0
 10
261.0096591666667
 20
123.8771758333333
 30
0.0
 10
259.8137425
 20
121.5417869444444
 30
0.0
 10
259.4151036111111
 20
120.7621480555555
 30
0.0
 10
259.3374925
 20
120.6069258333333
 30
0.0
 10
258.9706036111111
 20
120.1130369444444
 30
0.0
 10
258.5296313888889
 20
119.2522591666666
 30
0.0
 10
258.0886591666667
 20
118.3879536111111
 30
0.0
 10
257.7746869444445
 20
117.6718147222222
 30
0.0
 10
257.8240758333333
 20
117.6435925
 30
0.0
 10
270.1889369444444
 20
112.8211202777778
 30
0.0
 10
253.1427147222222
 20
105.0600091666666
 30
0.0
 10
258.1239369444444
 20
103.4795647222222
 30
0.0
 10
258.9811869444445
 20
103.2079258333333
 30
0.0
 10
262.6218536111111
 20
102.2660091666666
 30
0.0
 10
264.6820758333333
 20
102.1848702777778
 30
0.0
 10
275.2230758333333
 20
101.7685925
 30
0.0
 10
279.0930480555555
 20
116.1195925
 30
0.0
 10
281.6401036111111
 20
117.6435925
 30
0.0
 10
281.6894925
 20
117.6718147222222
 30
0.0
 10
281.3719925
 20
118.3844258333333
 30
0.0
 10
280.9310202777777
 20
119.2487313888889
 30
0.0
 10
280.4935758333334
 20
120.1130369444444
 30
0.0
 10
280.1266869444444
 20
120.6069258333333
 30
0.0
 10
280.0490758333333
 20
120.7586202777778
 30
0.0
 10
279.6504369444444
 20
121.5417869444444
 30
0.0
 10
278.4545202777778
 20
123.8771758333333
 30
0.0
 10
278.4545202777778
 20
123.8771758333333
 30
0.0
 10
279.3446962037037
 20
124.3334350925926
 30
0.0
 10
280.2348721296297
 20
124.7896943518518
 30
0.0
 10
281.1250480555555
 20
125.2459536111111
 30
0.0
 10
281.1250480555555
 20
125.2459536111111
 30
0.0
 10
282.3209647222222
 20
122.9070369444444
 30
0.0
 10
282.7196036111111
 20
122.1273980555555
 30
0.0
 10
282.7972147222222
 20
121.9721758333333
 30
0.0
 10
282.9877147222222
 20
121.3865647222222
 30
0.0
 10
283.4251591666666
 20
120.5257869444444
 30
0.0
 10
283.8661313888888
 20
119.6650091666666
 30
0.0
 10
284.2612425
 20
118.9841480555555
 30
0.0
 10
284.3106313888889
 20
119.0123702777778
 30
0.0
 10
287.4856313888889
 20
120.6351480555555
 30
0.0
 10
287.7607980555555
 20
121.9510091666666
 30
0.0
 10
287.7607980555555
 20
124.8049813888889
 30
0.0
 10
287.7607980555555
 20
128.4244813888889
 30
0.0
 10
286.3637980555555
 20
129.6521480555555
 30
0.0
 10
282.9841869444444
 20
129.6521480555555
 30
0.0
 10
281.0015758333333
 20
129.6521480555555
 30
0.0
 10
279.4599369444444
 20
130.6258147222222
 30
0.0
 10
279.4599369444444
 20
133.2293147222222
 30
0.0
 10
279.4599369444444
 20
137.8859813888889
 30
0.0
 10
276.1896869444444
 20
141.7771202777778
 30
0.0
 10
271.8187702777777
 20
142.7366758333333
 30
0.0
  0
POLYLINE
  5
73
330
1F
100
AcDbEntity
  8
DEFAULT
 62
   250
100
AcDb2dPolyline
 66
     1
 10
0.0
 20
0.0
 30
0.0
  0
VERTEX
  5
74
330
73
100
AcDbEntity
  8
DEFAULT
 62
   250
100
AcDbVertex
100
AcDb2dVertex
 10
188.6319005555555
 20
84.84714777777776
 30
0.0
  0
VERTEX
  5
75
330
73
100
AcDbEntity
  8
DEFAULT
 62
   250
100
AcDbVertex
100
AcDb2dVertex
 10
187.5855616666666
 20
84.84714777777776
 30
0.0
  0
SEQEND
  5
76
330
73
100
AcDbEntity
  8
DEFAULT
 62
   250
  0
POLYLINE
  5
77
330
1F
100
AcDbEntity
  8
DEFAULT
 62
   250
100
AcDb2dPolyline
 66
     1
 10
0.0
 20
0.0
 30
0.0
  0
VERTEX
  5
78
330
77
100
AcDbEntity
  8
DEFAULT
 62
   250
100
AcDbVertex
100
AcDb2dVertex
 10
188.7218236111111
 20
83.89972777777777
 30
0.0
  0
VERTEX
  5
79
330
77
100
AcDbEntity
  8
DEFAULT
 62
   250
100
AcDbVertex
100
AcDb2dVertex
 10
187.5855263888889
 20
83.89972777777777
 30
0.0
  0
VERTEX
  5
7A
330
77
100
AcDbEntity
  8
DEFAULT
 62
   250
100
AcDbVertex
100
AcDb2dVertex
 10
187.5855263888889
 20
85.92079166666666
 30
0.0
  0
VERTEX
  5
7B
330
77
100
AcDbEntity
  8
DEFAULT
 62
   250
100
AcDbVertex
100
AcDb2dVertex
 10
188.6770208333334
 20
85.92079166666666
 30
0.0
  0
SEQEND
  5
7C
330
77
100
AcDbEntity
  8
DEFAULT
 62
   250
  0
SPLINE
  5
7D
330
1F
100
AcDbEntity
  8
DEFAULT
 62
     1
100
AcDbSpline
210
0.0
220
0.0
230
1.0
 70
    11
 71
     3
 72
    50
 73
    46
 74
     0
 42
0.000000001
 43
0.0000000001
 40
1.0
 40
1.0
 40
1.0
 40
1.0
 40
2.0
 40
2.0
 40
2.0
 40
3.0
 40
3.0
 40
3.0
 40
4.0
 40
4.0
 40
4.0
 40
5.0
 40
5.0
 40
5.0
 40
13.49900000000002
 40
13.49900000000002
 40
13.49900000000002
 40
14.49900000000002
 40
14.49900000000002
 40
14.49900000000002
 40
15.49900000000002
 40
15.49900000000002
 40
15.49900000000002
 40
16.49900000000002
 40
16.49900000000002
 40
16.49900000000002
 40
17.49900000000002
 40
17.49900000000002
 40
17.49900000000002
 40
18.49900000000002
 40
18.49900000000002
 40
18.49900000000002
 40
19.49900000000002
 40
19.49900000000002
 40
19.49900000000002
 40
20.49900000000002
 40
20.49900000000002
 40
20.49900000000002
 40
21.49900000000002
 40
21.49900000000002
 40
21.49900000000002
 40
22.49900000000002
 40
22.49900000000002
 40
22.49900000000002
 40
23.49900000000002
 40
23.49900000000002
 40
23.49900000000002
 40
23.49900000000002
 10
179.1802077777778
 20
75.04331222222221
 30
0.0
 10
182.66918
 20
74.10880388888889
 30
0.0
 10
183.6573105555555
 20
74.86657055555555
 30
0.0
 10
186.6555688888889
 20
74.86657055555555
 30
0.0
 10
186.7095438888889
 20
74.86515944444444
 30
0.0
 10
186.755405
 20
75.65361777777777
 30
0.0
 10
186.7539938888889
 20
76.62234555555555
 30
0.0
 10
186.7543466666666
 20
77.58789833333333
 30
0.0
 10
186.6562744444444
 20
78.19538166666666
 30
0.0
 10
186.6552161111111
 20
78.37388722222222
 30
0.0
 10
186.6534522222222
 20
79.24454277777777
 30
0.0
 10
186.6534522222222
 20
81.8681511111111
 30
0.0
 10
186.6534522222222
 20
81.8681511111111
 30
0.0
 10
187.6528716666667
 20
81.8681511111111
 30
0.0
 10
188.6522911111111
 20
81.8681511111111
 30
0.0
 10
189.6517105555556
 20
81.8681511111111
 30
0.0
 10
189.6517105555556
 20
81.8681511111111
 30
0.0
 10
189.6562966666666
 20
79.24348444444445
 30
0.0
 10
189.6566494444444
 20
78.36789
 30
0.0
 10
189.6545327777777
 20
78.19538166666666
 30
0.0
 10
189.5536383333333
 20
77.58719277777777
 30
0.0
 10
189.5550494444444
 20
76.618465
 30
0.0
 10
189.5539911111111
 20
75.66032055555556
 30
0.0
 10
189.5991466666667
 20
74.88385666666666
 30
0.0
 10
189.6552383333333
 20
74.87150944444444
 30
0.0
 10
192.6552605555555
 20
74.86868722222222
 30
0.0
 10
195.1762105555555
 20
75.65220666666666
 30
0.0
 10
195.6722161111111
 20
77.50287888888889
 30
0.0
 10
196.1382355555555
 20
79.2424261111111
 30
0.0
 10
196.5178244444444
 20
82.390615
 30
0.0
 10
197.1958633333333
 20
84.44448722222222
 30
0.0
 10
198.2732466666666
 20
87.70909277777777
 30
0.0
 10
200.5684188888889
 20
94.16316222222221
 30
0.0
 10
192.2167577777778
 20
96.5444122222222
 30
0.0
 10
185.7291744444444
 20
98.3940261111111
 30
0.0
 10
182.5806327777777
 20
98.48751222222222
 30
0.0
 10
179.6113022222222
 20
96.77301222222222
 30
0.0
 10
178.5113411111111
 20
96.13765944444444
 30
0.0
 10
178.1370438888889
 20
94.73607333333332
 30
0.0
 10
178.7706327777778
 20
93.63540666666667
 30
0.0
 10
181.5685133333333
 20
88.77800944444444
 30
0.0
 10
178.4926438888889
 20
81.355565
 30
0.0
 10
177.5553133333333
 20
77.85706777777777
 30
0.0
 10
177.2261716666667
 20
76.62799
 30
0.0
 10
177.9532466666666
 20
75.36927888888889
 30
0.0
 10
179.1802077777778
 20
75.04331222222221
 30
0.0
  0
POLYLINE
  5
7E
330
1F
100
AcDbEntity
  8
DEFAULT
 62
   250
100
AcDb2dPolyline
 66
     1
 10
0.0
 20
0.0
 30
0.0
  0
VERTEX
  5
7F
330
7E
100
AcDbEntity
  8
DEFAULT
 62
   250
100
AcDbVertex
100
AcDb2dVertex
 10
163.1916838888889
 20
77.90945527777777
 30
0.0
  0
VERTEX
  5
80
330
7E
100
AcDbEntity
  8
DEFAULT
 62
   250
100
AcDbVertex
100
AcDb2dVertex
 10
162.145345
 20
77.90945527777777
 30
0.0
  0
SEQEND
  5
81
330
7E
100
AcDbEntity
  8
DEFAULT
 62
   250
  0
POLYLINE
  5
82
330
1F
100
AcDbEntity
  8
DEFAULT
 62
   250
100
AcDb2dPolyline
 66
     1
 10
0.0
 20
0.0
 30
0.0
  0
VERTEX
  5
83
330
82
100
AcDbEntity
  8
DEFAULT
 62
   250
100
AcDbVertex
100
AcDb2dVertex
 10
163.2816069444444
 20
76.96203527777777
 30
0.0
  0
VERTEX
  5
84
330
82
100
AcDbEntity
  8
DEFAULT
 62
   250
100
AcDbVertex
100
AcDb2dVertex
 10
162.1453097222222
 20
76.96203527777777
 30
0.0
  0
VERTEX
  5
85
330
82
100
AcDbEntity
  8
DEFAULT
 62
   250
100
AcDbVertex
100
AcDb2dVertex
 10
162.1453097222222
 20
78.98274638888888
 30
0.0
  0
VERTEX
  5
86
330
82
100
AcDbEntity
  8
DEFAULT
 62
   250
100
AcDbVertex
100
AcDb2dVertex
 10
163.2368041666666
 20
78.98274638888888
 30
0.0
  0
SEQEND
  5
87
330
82
100
AcDbEntity
  8
DEFAULT
 62
   250
  0
SPLINE
  5
88
330
1F
100
AcDbEntity
  8
DEFAULT
 62
     1
100
AcDbSpline
210
0.0
220
0.0
230
1.0
 70
    11
 71
     3
 72
    50
 73
    46
 74
     0
 42
0.000000001
 43
0.0000000001
 40
1.0
 40
1.0
 40
1.0
 40
1.0
 40
2.0
 40
2.0
 40
2.0
 40
3.0
 40
3.0
 40
3.0
 40
4.0
 40
4.0
 40
4.0
 40
5.0
 40
5.0
 40
5.0
 40
13.49899999999997
 40
13.49899999999997
 40
13.49899999999997
 40
14.49899999999997
 40
14.49899999999997
 40
14.49899999999997
 40
15.49899999999997
 40
15.49899999999997
 40
15.49899999999997
 40
16.49899999999997
 40
16.49899999999997
 40
16.49899999999997
 40
17.49899999999997
 40
17.49899999999997
 40
17.49899999999997
 40
18.49899999999997
 40
18.49899999999997
 40
18.49899999999997
 40
19.49899999999997
 40
19.49899999999997
 40
19.49899999999997
 40
20.49899999999997
 40
20.49899999999997
 40
20.49899999999997
 40
21.49899999999997
 40
21.49899999999997
 40
21.49899999999997
 40
22.49899999999997
 40
22.49899999999997
 40
22.49899999999997
 40
23.49899999999997
 40
23.49899999999997
 40
23.49899999999997
 40
23.49899999999997
 10
153.7400263888889
 20
68.10558444444445
 30
0.0
 10
157.2289986111111
 20
67.1710761111111
 30
0.0
 10
158.2171291666666
 20
67.92919555555555
 30
0.0
 10
161.2153875
 20
67.92919555555555
 30
0.0
 10
161.2693625
 20
67.92743166666666
 30
0.0
 10
161.3152236111111
 20
68.71589
 30
0.0
 10
161.3138125
 20
69.68461777777777
 30
0.0
 10
161.3141652777778
 20
70.65017055555555
 30
0.0
 10
161.2160930555555
 20
71.25765388888888
 30
0.0
 10
161.2150347222222
 20
71.43615944444444
 30
0.0
 10
161.2132708333333
 20
72.30716777777778
 30
0.0
 10
161.2132708333333
 20
74.93042333333334
 30
0.0
 10
161.2132708333333
 20
74.93042333333334
 30
0.0
 10
162.2126902777778
 20
74.93042333333334
 30
0.0
 10
163.2121097222222
 20
74.93042333333334
 30
0.0
 10
164.2115291666667
 20
74.93042333333334
 30
0.0
 10
164.2115291666667
 20
74.93042333333334
 30
0.0
 10
164.2161152777778
 20
72.30575666666667
 30
0.0
 10
164.2164680555555
 20
71.43016222222222
 30
0.0
 10
164.2143513888889
 20
71.25765388888888
 30
0.0
 10
164.1134569444444
 20
70.649465
 30
0.0
 10
164.1148680555555
 20
69.68073722222222
 30
0.0
 10
164.1138097222222
 20
68.72259277777778
 30
0.0
 10
164.1589652777778
 20
67.9461288888889
 30
0.0
 10
164.2150569444444
 20
67.93413444444445
 30
0.0
 10
167.2150791666666
 20
67.93095944444444
 30
0.0
 10
169.7360291666666
 20
68.71447888888889
 30
0.0
 10
170.2320347222222
 20
70.5651511111111
 30
0.0
 10
170.6977013888889
 20
72.30505111111111
 30
0.0
 10
171.0776430555555
 20
75.45288722222222
 30
0.0
 10
171.7556819444444
 20
77.50675944444444
 30
0.0
 10
172.8330652777778
 20
80.77171777777778
 30
0.0
 10
175.1282375
 20
87.22543444444445
 30
0.0
 10
166.7765763888889
 20
89.60668444444444
 30
0.0
 10
160.2889930555556
 20
91.45629833333334
 30
0.0
 10
157.1404513888889
 20
91.54978444444444
 30
0.0
 10
154.1711208333333
 20
89.83528444444444
 30
0.0
 10
153.0711597222222
 20
89.20028444444443
 30
0.0
 10
152.6968625
 20
87.79834555555556
 30
0.0
 10
153.3304513888889
 20
86.69803166666667
 30
0.0
 10
156.1283319444444
 20
81.84028166666666
 30
0.0
 10
153.0524625
 20
74.41783722222222
 30
0.0
 10
152.1151319444444
 20
70.91933999999999
 30
0.0
 10
151.7859902777778
 20
69.69026222222222
 30
0.0
 10
152.5130652777778
 20
68.4315511111111
 30
0.0
 10
153.7400263888889
 20
68.10558444444445
 30
0.0
  0
POLYLINE
  5
89
330
1F
100
AcDbEntity
  8
DEFAULT
 62
   250
100
AcDb2dPolyline
 66
     1
 10
0.0
 20
0.0
 30
0.0
  0
VERTEX
  5
8A
330
89
100
AcDbEntity
  8
DEFAULT
 62
   250
100
AcDbVertex
100
AcDb2dVertex
 10
164.9594533333333
 20
46.22934055555555
 30
0.0
  0
VERTEX
  5
8B
330
89
100
AcDbEntity
  8
DEFAULT
 62
   250
100
AcDbVertex
100
AcDb2dVertex
 10
163.9131144444444
 20
46.22934055555555
 30
0.0
  0
SEQEND
  5
8C
330
89
100
AcDbEntity
  8
DEFAULT
 62
   250
  0
POLYLINE
  5
8D
330
1F
100
AcDbEntity
  8
DEFAULT
 62
   250
100
AcDb2dPolyline
 66
     1
 10
0.0
 20
0.0
 30
0.0
  0
VERTEX
  5
8E
330
8D
100
AcDbEntity
  8
DEFAULT
 62
   250
100
AcDbVertex
100
AcDb2dVertex
 10
165.0493763888889
 20
45.28192055555556
 30
0.0
  0
VERTEX
  5
8F
330
8D
100
AcDbEntity
  8
DEFAULT
 62
   250
100
AcDbVertex
100
AcDb2dVertex
 10
163.9130791666666
 20
45.28192055555556
 30
0.0
  0
VERTEX
  5
90
330
8D
100
AcDbEntity
  8
DEFAULT
 62
   250
100
AcDbVertex
100
AcDb2dVertex
 10
163.9130791666666
 20
47.30298444444445
 30
0.0
  0
VERTEX
  5
91
330
8D
100
AcDbEntity
  8
DEFAULT
 62
   250
100
AcDbVertex
100
AcDb2dVertex
 10
165.0045736111111
 20
47.30298444444445
 30
0.0
  0
SEQEND
  5
92
330
8D
100
AcDbEntity
  8
DEFAULT
 62
   250
  0
SPLINE
  5
93
330
1F
100
AcDbEntity
  8
DEFAULT
 62
     1
100
AcDbSpline
210
0.0
220
0.0
230
1.0
 70
    11
 71
     3
 72
    50
 73
    46
 74
     0
 42
0.000000001
 43
0.0000000001
 40
1.0
 40
1.0
 40
1.0
 40
1.0
 40
2.0
 40
2.0
 40
2.0
 40
3.0
 40
3.0
 40
3.0
 40
4.0
 40
4.0
 40
4.0
 40
5.0
 40
5.0
 40
5.0
 40
13.49899999999997
 40
13.49899999999997
 40
13.49899999999997
 40
14.49899999999997
 40
14.49899999999997
 40
14.49899999999997
 40
15.49899999999997
 40
15.49899999999997
 40
15.49899999999997
 40
16.49899999999997
 40
16.49899999999997
 40
16.49899999999997
 40
17.49899999999997
 40
17.49899999999997
 40
17.49899999999997
 40
18.49899999999997
 40
18.49899999999997
 40
18.49899999999997
 40
19.49899999999997
 40
19.49899999999997
 40
19.49899999999997
 40
20.49899999999997
 40
20.49899999999997
 40
20.49899999999997
 40
21.49899999999997
 40
21.49899999999997
 40
21.49899999999997
 40
22.49899999999997
 40
22.49899999999997
 40
22.49899999999997
 40
23.49899999999997
 40
23.49899999999997
 40
23.49899999999997
 40
23.49899999999997
 10
155.5077605555555
 20
36.42546972222222
 30
0.0
 10
158.9967327777778
 20
35.49096138888888
 30
0.0
 10
159.9848633333333
 20
36.24908083333333
 30
0.0
 10
162.9831216666666
 20
36.24908083333333
 30
0.0
 10
163.0370966666667
 20
36.24731694444444
 30
0.0
 10
163.0829577777778
 20
37.03577527777777
 30
0.0
 10
163.0815466666666
 20
38.00450305555555
 30
0.0
 10
163.0818994444444
 20
38.97005583333333
 30
0.0
 10
162.9838272222222
 20
39.57753916666666
 30
0.0
 10
162.9827688888889
 20
39.75604472222222
 30
0.0
 10
162.981005
 20
40.62705305555555
 30
0.0
 10
162.981005
 20
43.25030861111111
 30
0.0
 10
162.981005
 20
43.25030861111111
 30
0.0
 10
163.9804244444444
 20
43.25030861111111
 30
0.0
 10
164.9798438888888
 20
43.25030861111111
 30
0.0
 10
165.9792633333333
 20
43.25030861111111
 30
0.0
 10
165.9792633333333
 20
43.25030861111111
 30
0.0
 10
165.9838494444444
 20
40.62564194444444
 30
0.0
 10
165.9842022222222
 20
39.75004749999999
 30
0.0
 10
165.9820855555555
 20
39.57753916666666
 30
0.0
 10
165.8811911111111
 20
38.96935027777777
 30
0.0
 10
165.8826022222222
 20
38.0006225
 30
0.0
 10
165.8815438888889
 20
37.04247805555555
 30
0.0
 10
165.9266994444444
 20
36.26601416666666
 30
0.0
 10
165.9827911111111
 20
36.25401972222222
 30
0.0
 10
168.9828133333333
 20
36.25084472222222
 30
0.0
 10
171.5037633333333
 20
37.03436416666666
 30
0.0
 10
171.9997688888889
 20
38.88503638888889
 30
0.0
 10
172.4657883333333
 20
40.62493638888888
 30
0.0
 10
172.8453772222222
 20
43.77277249999999
 30
0.0
 10
173.5234161111111
 20
45.82664472222222
 30
0.0
 10
174.6007994444444
 20
49.09160305555555
 30
0.0
 10
176.8959716666666
 20
55.54531972222222
 30
0.0
 10
168.5443105555555
 20
57.92656972222222
 30
0.0
 10
162.05708
 20
59.77618361111111
 30
0.0
 10
158.9081855555555
 20
59.86966972222221
 30
0.0
 10
155.938855
 20
58.15516972222222
 30
0.0
 10
154.8388938888889
 20
57.52016972222221
 30
0.0
 10
154.4645966666666
 20
56.11823083333333
 30
0.0
 10
155.0981855555555
 20
55.01791694444444
 30
0.0
 10
157.8960661111111
 20
50.16016694444443
 30
0.0
 10
154.8201966666666
 20
42.73807527777777
 30
0.0
 10
153.8828661111111
 20
39.23922527777777
 30
0.0
 10
153.5537244444444
 20
38.0101475
 30
0.0
 10
154.2807994444444
 20
36.75143638888888
 30
0.0
 10
155.5077605555555
 20
36.42546972222222
 30
0.0
  0
POLYLINE
  5
94
330
1F
100
AcDbEntity
  8
DEFAULT
 62
   250
100
AcDb2dPolyline
 66
     1
 10
0.0
 20
0.0
 30
0.0
  0
VERTEX
  5
95
330
94
100
AcDbEntity
  8
DEFAULT
 62
   250
100
AcDbVertex
100
AcDb2dVertex
 10
164.9594533333333
 20
20.26154472222222
 30
0.0
  0
VERTEX
  5
96
330
94
100
AcDbEntity
  8
DEFAULT
 62
   250
100
AcDbVertex
100
AcDb2dVertex
 10
163.9131144444444
 20
20.26154472222222
 30
0.0
  0
SEQEND
  5
97
330
94
100
AcDbEntity
  8
DEFAULT
 62
   250
  0
POLYLINE
  5
98
330
1F
100
AcDbEntity
  8
DEFAULT
 62
   250
100
AcDb2dPolyline
 66
     1
 10
0.0
 20
0.0
 30
0.0
  0
VERTEX
  5
99
330
98
100
AcDbEntity
  8
DEFAULT
 62
   250
100
AcDbVertex
100
AcDb2dVertex
 10
165.0493763888889
 20
19.31412472222222
 30
0.0
  0
VERTEX
  5
9A
330
98
100
AcDbEntity
  8
DEFAULT
 62
   250
100
AcDbVertex
100
AcDb2dVertex
 10
163.9130791666666
 20
19.31412472222222
 30
0.0
  0
VERTEX
  5
9B
330
98
100
AcDbEntity
  8
DEFAULT
 62
   250
100
AcDbVertex
100
AcDb2dVertex
 10
163.9130791666666
 20
21.33518861111111
 30
0.0
  0
VERTEX
  5
9C
330
98
100
AcDbEntity
  8
DEFAULT
 62
   250
100
AcDbVertex
100
AcDb2dVertex
 10
165.0045736111111
 20
21.33518861111111
 30
0.0
  0
SEQEND
  5
9D
330
98
100
AcDbEntity
  8
DEFAULT
 62
   250
  0
SPLINE
  5
9E
330
1F
100
AcDbEntity
  8
DEFAULT
 62
     1
100
AcDbSpline
210
0.0
220
0.0
230
1.0
 70
    11
 71
     3
 72
    50
 73
    46
 74
     0
 42
0.000000001
 43
0.0000000001
 40
1.0
 40
1.0
 40
1.0
 40
1.0
 40
2.0
 40
2.0
 40
2.0
 40
3.0
 40
3.0
 40
3.0
 40
4.0
 40
4.0
 40
4.0
 40
5.0
 40
5.0
 40
5.0
 40
13.49899999999997
 40
13.49899999999997
 40
13.49899999999997
 40
14.49899999999997
 40
14.49899999999997
 40
14.49899999999997
 40
15.49899999999997
 40
15.49899999999997
 40
15.49899999999997
 40
16.49899999999997
 40
16.49899999999997
 40
16.49899999999997
 40
17.49899999999997
 40
17.49899999999997
 40
17.49899999999997
 40
18.49899999999997
 40
18.49899999999997
 40
18.49899999999997
 40
19.49899999999997
 40
19.49899999999997
 40
19.49899999999997
 40
20.49899999999997
 40
20.49899999999997
 40
20.49899999999997
 40
21.49899999999997
 40
21.49899999999997
 40
21.49899999999997
 40
22.49899999999997
 40
22.49899999999997
 40
22.49899999999997
 40
23.49899999999997
 40
23.49899999999997
 40
23.49899999999997
 40
23.49899999999997
 10
155.5077605555555
 20
10.45770916666667
 30
0.0
 10
158.9967327777778
 20
9.523200833333332
 30
0.0
 10
159.9848633333333
 20
10.2809675
 30
0.0
 10
162.9831216666666
 20
10.2809675
 30
0.0
 10
163.0370966666667
 20
10.27955638888889
 30
0.0
 10
163.0829577777778
 20
11.06801472222222
 30
0.0
 10
163.0815466666666
 20
12.0367425
 30
0.0
 10
163.0818994444444
 20
13.00229527777778
 30
0.0
 10
162.9838272222222
 20
13.60977861111111
 30
0.0
 10
162.9827688888889
 20
13.78828416666667
 30
0.0
 10
162.981005
 20
14.65893972222222
 30
0.0
 10
162.981005
 20
17.28254805555556
 30
0.0
 10
162.981005
 20
17.28254805555556
 30
0.0
 10
163.9804244444444
 20
17.28254805555556
 30
0.0
 10
164.9798438888888
 20
17.28254805555556
 30
0.0
 10
165.9792633333333
 20
17.28254805555556
 30
0.0
 10
165.9792633333333
 20
17.28254805555556
 30
0.0
 10
165.9838494444444
 20
14.65788138888889
 30
0.0
 10
165.9842022222222
 20
13.78228694444444
 30
0.0
 10
165.9820855555555
 20
13.60977861111111
 30
0.0
 10
165.8811911111111
 20
13.00158972222222
 30
0.0
 10
165.8826022222222
 20
12.03286194444444
 30
0.0
 10
165.8815438888889
 20
11.0747175
 30
0.0
 10
165.9266994444444
 20
10.29825361111111
 30
0.0
 10
165.9827911111111
 20
10.28590638888889
 30
0.0
 10
168.9828133333333
 20
10.28308416666667
 30
0.0
 10
171.5037633333333
 20
11.06660361111111
 30
0.0
 10
171.9997688888889
 20
12.91727583333333
 30
0.0
 10
172.4657883333333
 20
14.65682305555555
 30
0.0
 10
172.8453772222222
 20
17.80501194444444
 30
0.0
 10
173.5234161111111
 20
19.85888416666667
 30
0.0
 10
174.6007994444444
 20
23.1238425
 30
0.0
 10
176.8959716666666
 20
29.57755916666666
 30
0.0
 10
168.5443105555555
 20
31.95880916666666
 30
0.0
 10
162.05708
 20
33.80842305555555
 30
0.0
 10
158.9081855555555
 20
33.90190916666666
 30
0.0
 10
155.938855
 20
32.18740916666666
 30
0.0
 10
154.8388938888889
 20
31.55205638888889
 30
0.0
 10
154.4645966666666
 20
30.15047027777778
 30
0.0
 10
155.0981855555555
 20
29.05015638888889
 30
0.0
 10
157.8960661111111
 20
24.19240638888888
 30
0.0
 10
154.8201966666666
 20
16.76996194444444
 30
0.0
 10
153.8828661111111
 20
13.27146472222222
 30
0.0
 10
153.5537244444444
 20
12.04238694444444
 30
0.0
 10
154.2807994444444
 20
10.78367583333333
 30
0.0
 10
155.5077605555555
 20
10.45770916666667
 30
0.0
  0
SPLINE
  5
9F
330
1F
100
AcDbEntity
  8
DEFAULT
 62
   250
100
AcDbSpline
210
0.0
220
0.0
230
1.0
 70
     8
 71
     3
 72
    20
 73
    16
 74
     0
 42
0.000000001
 43
0.0000000001
 40
0.0
 40
0.0
 40
0.0
 40
0.0
 40
1.002973213749444
 40
1.002973213749444
 40
1.002973213749444
 40
2.005946427498888
 40
2.005946427498888
 40
2.005946427498888
 40
3.008919641248331
 40
3.008919641248331
 40
3.008919641248331
 40
4.011892854997775
 40
4.011892854997775
 40
4.011892854997775
 40
5.014866068747219
 40
5.014866068747219
 40
5.014866068747219
 40
5.014866068747219
 10
223.5203880555555
 20
47.75648027777778
 30
0.0
 10
223.5203880555555
 20
47.75648027777778
 30
0.0
 10
224.1518602777777
 20
49.47486083333334
 30
0.0
 10
224.1800825
 20
49.56975805555555
 30
0.0
 10
224.3254269444444
 20
49.69040805555555
 30
0.0
 10
224.4690074999999
 20
49.71157472222222
 30
0.0
 10
224.6436325
 20
49.64807472222222
 30
0.0
 10
224.9131547222222
 20
49.5500025
 30
0.0
 10
225.1103575
 20
49.2452025
 30
0.0
 10
224.9593686111111
 20
48.83068861111111
 30
0.0
 10
224.8337797222222
 20
48.47791083333333
 30
0.0
 10
224.5346241666666
 20
48.31528027777778
 30
0.0
 10
224.2351158333333
 20
48.42428861111111
 30
0.0
 10
224.0403825
 20
48.49519694444444
 30
0.0
 10
223.9313741666666
 20
48.62960527777778
 30
0.0
 10
223.8960963888889
 20
48.78906083333333
 30
0.0
  0
SPLINE
  5
A0
330
1F
100
AcDbEntity
  8
DEFAULT
 62
   250
100
AcDbSpline
210
0.0
220
0.0
230
1.0
 70
     8
 71
     3
 72
    29
 73
    25
 74
     0
 42
0.000000001
 43
0.0000000001
 40
0.0
 40
0.0
 40
0.0
 40
0.0
 40
1.801926191607174
 40
1.801926191607174
 40
1.801926191607174
 40
2.812973173700518
 40
2.812973173700518
 40
2.812973173700518
 40
4.008317893854539
 40
4.008317893854539
 40
4.008317893854539
 40
4.645754165179015
 40
4.645754165179015
 40
4.645754165179015
 40
7.434036073451589
 40
7.434036073451589
 40
7.434036073451589
 40
8.434036073451589
 40
8.434036073451589
 40
8.434036073451589
 40
9.434036073451589
 40
9.434036073451589
 40
9.434036073451589
 40
10.43403607345159
 40
10.43403607345159
 40
10.43403607345159
 40
10.43403607345159
 10
225.5242716666666
 20
27.45524805555556
 30
0.0
 10
225.3251874074074
 20
27.52780268518519
 30
0.0
 10
225.1261031481481
 20
27.60035731481482
 30
0.0
 10
224.9270188888888
 20
27.67291194444444
 30
0.0
 10
224.9677059259259
 20
27.78462490740741
 30
0.0
 10
225.0083929629629
 20
27.89633787037037
 30
0.0
 10
225.04908
 20
28.00805083333333
 30
0.0
 10
224.937955
 20
27.92197305555555
 30
0.0
 10
224.82683
 20
27.83589527777777
 30
0.0
 10
224.715705
 20
27.7498175
 30
0.0
 10
224.7861429629629
 20
27.72418231481481
 30
0.0
 10
224.8565809259259
 20
27.69854712962963
 30
0.0
 10
224.9270188888889
 20
27.67291194444444
 30
0.0
 10
224.8148355555555
 20
27.36481935185185
 30
0.0
 10
224.7026522222222
 20
27.05672675925926
 30
0.0
 10
224.5904688888888
 20
26.74863416666667
 30
0.0
 10
224.5319077777777
 20
26.58812027777778
 30
0.0
 10
224.5132105555555
 20
26.45794527777778
 30
0.0
 10
224.556955
 20
26.35881472222222
 30
0.0
 10
224.5915272222222
 20
26.26956194444444
 30
0.0
 10
224.671255
 20
26.19900638888889
 30
0.0
 10
224.7866133333333
 20
26.15702583333333
 30
0.0
 10
224.8822161111111
 20
26.12210083333333
 30
0.0
 10
224.9637077777777
 20
26.10869527777778
 30
0.0
 10
225.0187411111111
 20
26.11081194444445
 30
0.0
  0
SPLINE
  5
A1
330
1F
100
AcDbEntity
  8
DEFAULT
 62
   250
100
AcDbSpline
210
0.0
220
0.0
230
1.0
 70
     8
 71
     3
 72
    23
 73
    19
 74
     0
 42
0.000000001
 43
0.0000000001
 40
0.0
 40
0.0
 40
0.0
 40
0.0
 40
1.0
 40
1.0
 40
1.0
 40
2.0
 40
2.0
 40
2.0
 40
3.0
 40
3.0
 40
3.0
 40
6.613008856894819
 40
6.613008856894819
 40
6.613008856894819
 40
7.613008856894819
 40
7.613008856894819
 40
7.613008856894819
 40
8.613008856894819
 40
8.613008856894819
 40
8.613008856894819
 40
8.613008856894819
 10
219.6429369444444
 20
34.85437388888888
 30
0.0
 10
219.6429369444444
 20
34.41657666666666
 30
0.0
 10
219.3850563888888
 20
34.07191277777777
 30
0.0
 10
218.9620758333333
 20
34.07191277777777
 30
0.0
 10
218.4882952777778
 20
34.07191277777777
 30
0.0
 10
218.3623536111111
 20
34.48854333333333
 30
0.0
 10
218.3623536111111
 20
34.7555961111111
 30
0.0
 10
218.3623536111111
 20
34.8095711111111
 30
0.0
 10
218.3655286111111
 20
34.82474055555555
 30
0.0
 10
218.3683508333333
 20
34.85155166666666
 30
0.0
 10
218.7932128703703
 20
34.8524924074074
 30
0.0
 10
219.2180749074074
 20
34.85343314814813
 30
0.0
 10
219.6429369444444
 20
34.85437388888888
 30
0.0
 10
219.6429369444444
 20
35.2921711111111
 30
0.0
 10
219.3758841666667
 20
35.586035
 30
0.0
 10
218.9292675
 20
35.586035
 30
0.0
 10
218.6981980555555
 20
35.586035
 30
0.0
 10
218.5394480555555
 20
35.53805722222221
 30
0.0
 10
218.4463147222222
 20
35.49607666666666
 30
0.0
  0
SPLINE
  5
A2
330
1F
100
AcDbEntity
  8
DEFAULT
 62
   250
100
AcDbSpline
210
0.0
220
0.0
230
1.0
 70
     8
 71
     3
 72
    17
 73
    13
 74
     0
 42
0.000000001
 43
0.0000000001
 40
0.0
 40
0.0
 40
0.0
 40
0.0
 40
1.0
 40
1.0
 40
1.0
 40
2.0
 40
2.0
 40
2.0
 40
3.0
 40
3.0
 40
3.0
 40
4.0
 40
4.0
 40
4.0
 40
4.0
 10
233.9988758333333
 20
59.62096138888889
 30
0.0
 10
234.0408563888889
 20
59.55534472222222
 30
0.0
 10
234.1491591666667
 20
59.43751694444443
 30
0.0
 10
234.3177869444444
 20
59.3397975
 30
0.0
 10
234.6970230555555
 20
59.12107527777777
 30
0.0
 10
235.0921341666667
 20
59.23572805555555
 30
0.0
 10
235.3140313888888
 20
59.61990305555555
 30
0.0
 10
235.5373397222222
 20
60.00690027777777
 30
0.0
 10
235.4343286111111
 20
60.44011138888889
 30
0.0
 10
235.0240480555555
 20
60.67717805555555
 30
0.0
 10
234.8892869444444
 20
60.75514194444444
 30
0.0
 10
234.7502925
 20
60.79006694444443
 30
0.0
 10
234.6698591666667
 20
60.79500583333333
 30
0.0
  0
SPLINE
  5
A3
330
1F
100
AcDbEntity
  8
DEFAULT
 62
   250
100
AcDbSpline
210
0.0
220
0.0
230
1.0
 70
     8
 71
     3
 72
    20
 73
    16
 74
     0
 42
0.000000001
 43
0.0000000001
 40
0.0
 40
0.0
 40
0.0
 40
0.0
 40
1.00295296461205
 40
1.00295296461205
 40
1.00295296461205
 40
2.005905929224101
 40
2.005905929224101
 40
2.005905929224101
 40
3.008858893836151
 40
3.008858893836151
 40
3.008858893836151
 40
4.011811858448202
 40
4.011811858448202
 40
4.011811858448202
 40
5.014764823060252
 40
5.014764823060252
 40
5.014764823060252
 40
5.014764823060252
 10
243.8233136111111
 20
60.86820722222223
 30
0.0
 10
243.6786747222222
 20
60.79271277777778
 30
0.0
 10
243.5051080555555
 20
60.78989055555555
 30
0.0
 10
243.3258969444444
 20
60.89360722222222
 30
0.0
 10
243.0500247222222
 20
61.05341555555556
 30
0.0
 10
242.9822913888889
 20
61.38679055555556
 30
0.0
 10
243.1717330555555
 20
61.70993499999999
 30
0.0
 10
243.3925719444444
 20
62.09164055555555
 30
0.0
 10
243.7527580555555
 20
62.13644333333333
 30
0.0
 10
244.0011136111111
 20
61.99321555555555
 30
0.0
 10
244.1619802777778
 20
61.90008222222222
 30
0.0
 10
244.2381802777778
 20
61.77661
 30
0.0
 10
244.2392386111111
 20
61.58752111111111
 30
0.0
 10
244.1845580555555
 20
61.50497111111111
 30
0.0
 10
243.2733330555555
 20
59.91676555555556
 30
0.0
 10
243.2733330555555
 20
59.91676555555556
 30
0.0
  0
POLYLINE
  5
A4
330
1F
100
AcDbEntity
  8
DEFAULT
 62
   250
100
AcDb2dPolyline
 66
     1
 10
0.0
 20
0.0
 30
0.0
  0
VERTEX
  5
A5
330
A4
100
AcDbEntity
  8
DEFAULT
 62
   250
100
AcDbVertex
100
AcDb2dVertex
 10
251.2539072222222
 20
61.6973761111111
 30
0.0
  0
VERTEX
  5
A6
330
A4
100
AcDbEntity
  8
DEFAULT
 62
   250
100
AcDbVertex
100
AcDb2dVertex
 10
251.2539072222222
 20
60.20124555555555
 30
0.0
  0
SEQEND
  5
A7
330
A4
100
AcDbEntity
  8
DEFAULT
 62
   250
  0
POLYLINE
  5
A8
330
1F
100
AcDbEntity
  8
DEFAULT
 62
   250
100
AcDb2dPolyline
 66
     1
 10
0.0
 20
0.0
 30
0.0
  0
VERTEX
  5
A9
330
A8
100
AcDbEntity
  8
DEFAULT
 62
   250
100
AcDbVertex
100
AcDb2dVertex
 10
251.2539072222222
 20
60.94938138888889
 30
0.0
  0
VERTEX
  5
AA
330
A8
100
AcDbEntity
  8
DEFAULT
 62
   250
100
AcDbVertex
100
AcDb2dVertex
 10
253.2749711111111
 20
60.94938138888889
 30
0.0
  0
SEQEND
  5
AB
330
A8
100
AcDbEntity
  8
DEFAULT
 62
   250
  0
SPLINE
  5
AC
330
1F
100
AcDbEntity
  8
DEFAULT
 62
   250
100
AcDbSpline
210
0.0
220
0.0
230
1.0
 70
     8
 71
     3
 72
    23
 73
    19
 74
     0
 42
0.000000001
 43
0.0000000001
 40
0.0
 40
0.0
 40
0.0
 40
0.0
 40
1.0
 40
1.0
 40
1.0
 40
2.0
 40
2.0
 40
2.0
 40
3.0
 40
3.0
 40
3.0
 40
4.0
 40
4.0
 40
4.0
 40
5.0
 40
5.0
 40
5.0
 40
6.0
 40
6.0
 40
6.0
 40
6.0
 10
241.5097263888889
 20
24.76104888888889
 30
0.0
 10
241.4081263888889
 20
24.82102111111111
 30
0.0
 10
241.2462013888889
 20
24.87393777777777
 30
0.0
 10
241.0616986111111
 20
24.87393777777777
 30
0.0
 10
240.6701152777778
 20
24.87393777777777
 30
0.0
 10
240.4330486111111
 20
24.63299055555555
 30
0.0
 10
240.4330486111111
 20
24.33947944444445
 30
0.0
 10
240.4330486111111
 20
24.12110999999999
 30
0.0
 10
240.6905763888889
 20
23.97435444444444
 30
0.0
 10
240.9696236111111
 20
23.97435444444444
 30
0.0
 10
241.3993069444444
 20
23.97435444444444
 30
0.0
 10
241.5735791666667
 20
23.78985166666666
 30
0.0
 10
241.5735791666667
 20
23.51891833333333
 30
0.0
 10
241.5735791666667
 20
23.19894888888889
 30
0.0
 10
241.3252236111111
 20
22.97317111111111
 30
0.0
 10
240.8923652777778
 20
22.97317111111111
 30
0.0
 10
240.6930458333333
 20
22.97317111111111
 30
0.0
 10
240.5085430555555
 20
23.02185444444445
 30
0.0
 10
240.3804847222222
 20
23.09734888888889
 30
0.0
  0
SPLINE
  5
AD
330
1F
100
AcDbEntity
  8
DEFAULT
 62
   250
100
AcDbSpline
210
0.0
220
0.0
230
1.0
 70
     8
 71
     3
 72
    20
 73
    16
 74
     0
 42
0.000000001
 43
0.0000000001
 40
0.0
 40
0.0
 40
0.0
 40
0.0
 40
5.652000000000001
 40
5.652000000000001
 40
5.652000000000001
 40
6.652000000000001
 40
6.652000000000001
 40
6.652000000000001
 40
7.652000000000001
 40
7.652000000000001
 40
7.652000000000001
 40
8.652000000000001
 40
8.652000000000001
 40
8.652000000000001
 40
9.652000000000001
 40
9.652000000000001
 40
9.652000000000001
 40
9.652000000000001
 10
229.0638322222222
 20
16.96829361111111
 30
0.0
 10
229.0638322222222
 20
17.63292694444445
 30
0.0
 10
229.0638322222222
 20
18.29756027777778
 30
0.0
 10
229.0638322222222
 20
18.96219361111111
 30
0.0
 10
229.1957711111111
 20
18.98900472222222
 30
0.0
 10
229.3845072222222
 20
19.00417416666667
 30
0.0
 10
229.5644238888889
 20
19.00417416666667
 30
0.0
 10
229.8431183333333
 20
19.00417416666667
 30
0.0
 10
230.0233877777778
 20
18.95302138888889
 30
0.0
 10
230.1493294444444
 20
18.83907416666666
 30
0.0
 10
230.2512822222222
 20
18.74911583333333
 30
0.0
 10
230.3080794444444
 20
18.6115325
 30
0.0
 10
230.3080794444444
 20
18.45525194444444
 30
0.0
 10
230.3080794444444
 20
18.18855194444444
 30
0.0
 10
230.1225183333333
 20
17.89574638888889
 30
0.0
 10
229.7446933333333
 20
17.89574638888889
 30
0.0
  0
SPLINE
  5
AE
330
1F
100
AcDbEntity
  8
DEFAULT
 62
   250
100
AcDbSpline
210
0.0
220
0.0
230
1.0
 70
     8
 71
     3
 72
    14
 73
    10
 74
     0
 42
0.000000001
 43
0.0000000001
 40
0.0
 40
0.0
 40
0.0
 40
0.0
 40
1.0
 40
1.0
 40
1.0
 40
2.0
 40
2.0
 40
2.0
 40
3.658000000000015
 40
3.658000000000015
 40
3.658000000000015
 40
3.658000000000015
 10
230.3590911111111
 20
16.96829361111111
 30
0.0
 10
230.3156994444444
 20
17.02544361111111
 30
0.0
 10
230.2596077777777
 20
17.20006861111111
 30
0.0
 10
230.1812911111111
 20
17.45089361111111
 30
0.0
 10
230.0726355555555
 20
17.79837972222222
 30
0.0
 10
229.9604522222222
 20
17.89292416666667
 30
0.0
 10
229.6485966666666
 20
17.90209638888889
 30
0.0
 10
229.4536281481481
 20
17.90209638888889
 30
0.0
 10
229.2586596296296
 20
17.90209638888889
 30
0.0
 10
229.0636911111111
 20
17.90209638888889
 30
0.0
  0
SPLINE
  5
AF
330
1F
100
AcDbEntity
  8
DEFAULT
 62
     1
100
AcDbSpline
210
0.0
220
0.0
230
1.0
 70
    11
 71
     3
 72
   227
 73
   223
 74
     0
 42
0.000000001
 43
0.0000000001
 40
1.0
 40
1.0
 40
1.0
 40
1.0
 40
2.0
 40
2.0
 40
2.0
 40
3.0
 40
3.0
 40
3.0
 40
4.0
 40
4.0
 40
4.0
 40
5.0
 40
5.0
 40
5.0
 40
14.91999999999996
 40
14.91999999999996
 40
14.91999999999996
 40
23.41999999999996
 40
23.41999999999996
 40
23.41999999999996
 40
33.33999999999992
 40
33.33999999999992
 40
33.33999999999992
 40
34.33999999999992
 40
34.33999999999992
 40
34.33999999999992
 40
35.33999999999992
 40
35.33999999999992
 40
35.33999999999992
 40
36.33999999999992
 40
36.33999999999992
 40
36.33999999999992
 40
37.33999999999992
 40
37.33999999999992
 40
37.33999999999992
 40
38.33999999999992
 40
38.33999999999992
 40
38.33999999999992
 40
61.48999999999991
 40
61.48999999999991
 40
61.48999999999991
 40
62.48999999999991
 40
62.48999999999991
 40
62.48999999999991
 40
63.48999999999991
 40
63.48999999999991
 40
63.48999999999991
 40
64.48999999999991
 40
64.48999999999991
 40
64.48999999999991
 40
74.4099999999999
 40
74.4099999999999
 40
74.4099999999999
 40
82.9099999999999
 40
82.9099999999999
 40
82.9099999999999
 40
92.82999999999988
 40
92.82999999999988
 40
92.82999999999988
 40
93.82999999999988
 40
93.82999999999988
 40
93.82999999999988
 40
94.82999999999988
 40
94.82999999999988
 40
94.82999999999988
 40
95.82999999999988
 40
95.82999999999988
 40
95.82999999999988
 40
96.82999999999988
 40
96.82999999999988
 40
96.82999999999988
 40
97.82999999999988
 40
97.82999999999988
 40
97.82999999999988
 40
98.82999999999988
 40
98.82999999999988
 40
98.82999999999988
 40
107.3299999999999
 40
107.3299999999999
 40
107.3299999999999
 40
108.3299999999999
 40
108.3299999999999
 40
108.3299999999999
 40
109.3299999999999
 40
109.3299999999999
 40
109.3299999999999
 40
110.3299999999999
 40
110.3299999999999
 40
110.3299999999999
 40
111.3299999999999
 40
111.3299999999999
 40
111.3299999999999
 40
112.3299999999999
 40
112.3299999999999
 40
112.3299999999999
 40
113.3299999999999
 40
113.3299999999999
 40
113.3299999999999
 40
114.3299999999999
 40
114.3299999999999
 40
114.3299999999999
 40
122.8334228402449
 40
122.8334228402449
 40
122.8334228402449
 40
123.8334228402449
 40
123.8334228402449
 40
123.8334228402449
 40
124.8334228402449
 40
124.8334228402449
 40
124.8334228402449
 40
125.8334228402449
 40
125.8334228402449
 40
125.8334228402449
 40
126.8334228402449
 40
126.8334228402449
 40
126.8334228402449
 40
127.8334228402449
 40
127.8334228402449
 40
127.8334228402449
 40
151.1534228402449
 40
151.1534228402449
 40
151.1534228402449
 40
152.1534228402449
 40
152.1534228402449
 40
152.1534228402449
 40
153.1534228402449
 40
153.1534228402449
 40
153.1534228402449
 40
154.1534228402449
 40
154.1534228402449
 40
154.1534228402449
 40
164.0734228402449
 40
164.0734228402449
 40
164.0734228402449
 40
172.5734228402449
 40
172.5734228402449
 40
172.5734228402449
 40
182.4934228402449
 40
182.4934228402449
 40
182.4934228402449
 40
183.4934228402449
 40
183.4934228402449
 40
183.4934228402449
 40
184.4934228402449
 40
184.4934228402449
 40
184.4934228402449
 40
185.4934228402449
 40
185.4934228402449
 40
185.4934228402449
 40
186.4934228402449
 40
186.4934228402449
 40
186.4934228402449
 40
187.4934228402449
 40
187.4934228402449
 40
187.4934228402449
 40
188.4934228402449
 40
188.4934228402449
 40
188.4934228402449
 40
189.4934228402449
 40
189.4934228402449
 40
189.4934228402449
 40
198.0062425846069
 40
198.0062425846069
 40
198.0062425846069
 40
199.0062425846069
 40
199.0062425846069
 40
199.0062425846069
 40
200.0062425846069
 40
200.0062425846069
 40
200.0062425846069
 40
201.0062425846069
 40
201.0062425846069
 40
201.0062425846069
 40
202.0062425846069
 40
202.0062425846069
 40
202.0062425846069
 40
203.0062425846069
 40
203.0062425846069
 40
203.0062425846069
 40
204.0062425846069
 40
204.0062425846069
 40
204.0062425846069
 40
205.0062425846069
 40
205.0062425846069
 40
205.0062425846069
 40
206.0062425846069
 40
206.0062425846069
 40
206.0062425846069
 40
214.5051895782056
 40
214.5051895782056
 40
214.5051895782056
 40
215.5051895782056
 40
215.5051895782056
 40
215.5051895782056
 40
216.5051895782056
 40
216.5051895782056
 40
216.5051895782056
 40
217.5051895782056
 40
217.5051895782056
 40
217.5051895782056
 40
218.5051895782056
 40
218.5051895782056
 40
218.5051895782056
 40
219.5051895782056
 40
219.5051895782056
 40
219.5051895782056
 40
220.5051895782056
 40
220.5051895782056
 40
220.5051895782056
 40
221.5051895782056
 40
221.5051895782056
 40
221.5051895782056
 40
230.0088699579001
 40
230.0088699579001
 40
230.0088699579001
 40
231.0088699579001
 40
231.0088699579001
 40
231.0088699579001
 40
232.0088699579001
 40
232.0088699579001
 40
232.0088699579001
 40
233.0088699579001
 40
233.0088699579001
 40
233.0088699579001
 40
233.0088699579001
 10
249.6891261111111
 20
68.66914694444444
 30
0.0
 10
251.7645177777778
 20
67.4697025
 30
0.0
 10
256.6628372222222
 20
65.45146083333333
 30
0.0
 10
259.3069066666667
 20
65.45146083333333
 30
0.0
 10
261.0792622222222
 20
65.45146083333333
 30
0.0
 10
262.3055177777778
 20
64.11090527777777
 30
0.0
 10
262.3055177777778
 20
62.44932194444444
 30
0.0
 10
262.3055177777778
 20
62.39640527777777
 30
0.0
 10
261.5258788888889
 20
62.35054416666667
 30
0.0
 10
260.55574
 20
62.35054416666667
 30
0.0
 10
259.5887761111111
 20
62.35054416666667
 30
0.0
 10
258.9823511111111
 20
62.44932194444444
 30
0.0
 10
258.8059622222222
 20
62.44932194444444
 30
0.0
 10
257.6394437037036
 20
62.44932194444444
 30
0.0
 10
256.4729251851851
 20
62.44932194444444
 30
0.0
 10
255.3064066666666
 20
62.44932194444444
 30
0.0
 10
255.3064066666667
 20
61.44978490740741
 30
0.0
 10
255.3064066666667
 20
60.45024787037037
 30
0.0
 10
255.3064066666666
 20
59.45071083333333
 30
0.0
 10
256.4729251851851
 20
59.45071083333332
 30
0.0
 10
257.6394437037036
 20
59.45071083333332
 30
0.0
 10
258.8059622222222
 20
59.45071083333333
 30
0.0
 10
258.9823511111111
 20
59.45071083333333
 30
0.0
 10
259.5887761111111
 20
59.54948861111111
 30
0.0
 10
260.55574
 20
59.54948861111111
 30
0.0
 10
261.5258788888889
 20
59.54948861111111
 30
0.0
 10
262.3090455555555
 20
59.50715527777778
 30
0.0
 10
262.3090455555555
 20
59.45071083333333
 30
0.0
 10
262.3090455555555
 20
57.79265527777778
 30
0.0
 10
260.9649622222222
 20
56.45209972222222
 30
0.0
 10
259.3069066666667
 20
56.45209972222222
 30
0.0
 10
242.3065455555555
 20
56.45209972222222
 30
0.0
 10
229.7688233333333
 20
45.19496083333333
 30
0.0
 10
229.7688233333333
 20
37.16926638888889
 30
0.0
 10
229.7688233333333
 20
27.79243305555556
 30
0.0
 10
245.477665
 20
33.59915527777778
 30
0.0
 10
245.477665
 20
25.04782194444445
 30
0.0
 10
245.477665
 20
22.32555342592593
 30
0.0
 10
245.477665
 20
19.60328490740741
 30
0.0
 10
245.477665
 20
16.8810163888889
 30
0.0
 10
245.477665
 20
15.22296083333333
 30
0.0
 10
244.1335816666666
 20
13.88240527777779
 30
0.0
 10
242.4758788888889
 20
13.88240527777779
 30
0.0
 10
242.4229622222222
 20
13.88240527777779
 30
0.0
 10
242.3771011111111
 20
14.66557194444445
 30
0.0
 10
242.3771011111111
 20
15.63218305555555
 30
0.0
 10
242.3771011111111
 20
16.59879416666667
 30
0.0
 10
242.4758788888889
 20
17.20909972222222
 30
0.0
 10
242.4758788888889
 20
17.38196083333333
 30
0.0
 10
242.4758788888888
 20
18.54847935185185
 30
0.0
 10
242.4758788888888
 20
19.71499787037037
 30
0.0
 10
242.4758788888889
 20
20.88151638888889
 30
0.0
 10
241.4763418518518
 20
20.88151638888889
 30
0.0
 10
240.4768048148148
 20
20.88151638888889
 30
0.0
 10
239.4772677777778
 20
20.88151638888889
 30
0.0
 10
239.4772677777778
 20
19.71499787037037
 30
0.0
 10
239.4772677777778
 20
18.54847935185185
 30
0.0
 10
239.4772677777778
 20
17.38196083333333
 30
0.0
 10
239.4772677777778
 20
17.20909972222222
 30
0.0
 10
239.5760455555555
 20
16.59879416666667
 30
0.0
 10
239.5760455555555
 20
15.63218305555555
 30
0.0
 10
239.5760455555555
 20
14.66557194444445
 30
0.0
 10
239.5337122222222
 20
13.88240527777779
 30
0.0
 10
239.4772677777778
 20
13.88240527777779
 30
0.0
 10
232.17124
 20
13.88240527777779
 30
0.0
 10
236.4363233333333
 20
7.941627500000006
 30
0.0
 10
231.2116844444444
 20
7.941627500000006
 30
0.0
 10
231.15524
 20
7.941627500000006
 30
0.0
 10
231.1093788888889
 20
8.724794166666673
 30
0.0
 10
231.1129066666666
 20
9.691405277777775
 30
0.0
 10
231.1129066666666
 20
10.66154416666667
 30
0.0
 10
231.2081566666666
 20
11.26832194444444
 30
0.0
 10
231.2081566666666
 20
11.44471083333333
 30
0.0
 10
231.2081566666666
 20
12.31959972222223
 30
0.0
 10
231.2116844444444
 20
14.94426638888889
 30
0.0
 10
231.2116844444444
 20
14.94426638888889
 30
0.0
 10
230.2121474074074
 20
14.94426638888889
 30
0.0
 10
229.2126103703704
 20
14.94426638888889
 30
0.0
 10
228.2130733333333
 20
14.94426638888889
 30
0.0
 10
228.2130733333333
 20
14.94426638888889
 30
0.0
 10
228.2095455555555
 20
12.31959972222223
 30
0.0
 10
228.2095455555555
 20
11.44471083333333
 30
0.0
 10
228.2095455555555
 20
11.26832194444444
 30
0.0
 10
228.3118511111111
 20
10.65801638888889
 30
0.0
 10
228.3118511111111
 20
9.691405277777775
 30
0.0
 10
228.3118511111111
 20
8.724794166666673
 30
0.0
 10
228.2695177777778
 20
7.941627500000006
 30
0.0
 10
228.2130733333333
 20
7.941627500000006
 30
0.0
 10
224.2443233333333
 20
7.941627500000006
 30
0.0
 10
223.6904622222222
 20
17.19851638888889
 30
0.0
 10
223.0166566666667
 20
17.44546083333334
 30
0.0
 10
222.966915
 20
17.46309972222222
 30
0.0
 10
223.1930455555556
 20
18.2145163888889
 30
0.0
 10
223.5211288888889
 20
19.12115527777778
 30
0.0
 10
223.85274
 20
20.03132194444444
 30
0.0
 10
224.1561288888889
 20
20.56754416666667
 30
0.0
 10
224.2157483333333
 20
20.73334972222222
 30
0.0
 10
224.5159622222222
 20
21.55532194444445
 30
0.0
 10
225.4120177777778
 20
24.02123861111111
 30
0.0
 10
225.4120177777778
 20
24.02123861111111
 30
0.0
 10
224.472452962963
 20
24.36343305555555
 30
0.0
 10
223.5328881481481
 20
24.7056275
 30
0.0
 10
222.5933233333333
 20
25.04782194444445
 30
0.0
 10
222.5933233333333
 20
25.04782194444445
 30
0.0
 10
221.69374
 20
22.58190527777778
 30
0.0
 10
221.3974066666667
 20
21.75993305555556
 30
0.0
 10
221.3374344444445
 20
21.5941275
 30
0.0
 10
221.2210177777778
 20
20.9908775
 30
0.0
 10
220.8929344444444
 20
20.08071083333334
 30
0.0
 10
220.5613233333333
 20
19.17054416666667
 30
0.0
 10
220.2508788888889
 20
18.4508775
 30
0.0
 10
220.1979622222222
 20
18.46851638888889
 30
0.0
 10
217.7355733333333
 20
19.36457194444445
 30
0.0
 10
217.97899
 20
20.97676638888889
 30
0.0
 10
218.7903788888889
 20
24.28934972222222
 30
0.0
 10
219.6687955555556
 20
27.8806275
 30
0.0
 10
214.5002483333333
 20
26.95634972222222
 30
0.0
 10
214.5002483333333
 20
33.3098775
 30
0.0
 10
214.5002483333333
 20
36.05213675925926
 30
0.0
 10
214.5002483333333
 20
38.79439601851852
 30
0.0
 10
214.5002483333333
 20
41.53665527777778
 30
0.0
 10
214.5002483333333
 20
43.19471083333333
 30
0.0
 10
215.8443316666667
 20
44.53526638888889
 30
0.0
 10
217.50274
 20
44.53526638888889
 30
0.0
 10
217.5591844444444
 20
44.53526638888889
 30
0.0
 10
217.601165
 20
43.75209972222222
 30
0.0
 10
217.601165
 20
42.78548861111111
 30
0.0
 10
217.601165
 20
41.8188775
 30
0.0
 10
217.50274
 20
41.20857194444444
 30
0.0
 10
217.50274
 20
41.03571083333333
 30
0.0
 10
217.50274
 20
39.86919231481482
 30
0.0
 10
217.50274
 20
38.7026737962963
 30
0.0
 10
217.50274
 20
37.53615527777777
 30
0.0
 10
218.5022770370371
 20
37.53615527777777
 30
0.0
 10
219.5018140740741
 20
37.53615527777777
 30
0.0
 10
220.5013511111111
 20
37.53615527777777
 30
0.0
 10
220.5013511111111
 20
38.7026737962963
 30
0.0
 10
220.5013511111111
 20
39.86919231481482
 30
0.0
 10
220.5013511111111
 20
41.03571083333333
 30
0.0
 10
220.5013511111111
 20
41.20857194444444
 30
0.0
 10
220.4025733333334
 20
41.8188775
 30
0.0
 10
220.4025733333334
 20
42.78548861111111
 30
0.0
 10
220.4025733333334
 20
43.75209972222222
 30
0.0
 10
220.4484344444444
 20
44.53526638888889
 30
0.0
 10
220.5013511111111
 20
44.53526638888889
 30
0.0
 10
220.871415
 20
44.53526638888889
 30
0.0
 10
219.82049
 20
49.79165527777778
 30
0.0
 10
222.2613594444444
 20
56.50501638888889
 30
0.0
 10
222.8296844444444
 20
58.06076638888889
 30
0.0
 10
224.5477122222222
 20
58.86509972222222
 30
0.0
 10
226.10699
 20
58.29712749999999
 30
0.0
 10
226.1599066666667
 20
58.27948861111111
 30
0.0
 10
225.9341288888889
 20
57.52807194444445
 30
0.0
 10
225.6025177777778
 20
56.61790527777777
 30
0.0
 10
225.2709066666667
 20
55.7077386111111
 30
0.0
 10
224.9710455555555
 20
55.17151638888889
 30
0.0
 10
224.9110733333333
 20
55.00923861111111
 30
0.0
 10
224.6112122222222
 20
54.18726638888888
 30
0.0
 10
223.7116288888889
 20
51.71782194444444
 30
0.0
 10
223.7116288888889
 20
51.71782194444444
 30
0.0
 10
224.6523696296296
 20
51.3756275
 30
0.0
 10
225.5931103703704
 20
51.03343305555556
 30
0.0
 10
226.5338511111111
 20
50.69123861111112
 30
0.0
 10
226.5338511111111
 20
50.69123861111112
 30
0.0
 10
227.4299066666667
 20
53.16068305555556
 30
0.0
 10
227.729415
 20
53.98265527777777
 30
0.0
 10
227.78974
 20
54.14493305555555
 30
0.0
 10
227.9026288888889
 20
54.75171083333333
 30
0.0
 10
228.23424
 20
55.6618775
 30
0.0
 10
228.5658511111111
 20
56.56851638888888
 30
0.0
 10
228.8727677777778
 20
57.28818305555556
 30
0.0
 10
228.9256844444444
 20
57.27054416666666
 30
0.0
 10
229.9946011111111
 20
56.88248861111111
 30
0.0
 10
230.7812955555555
 20
61.9166275
 30
0.0
 10
234.2808511111111
 20
67.97734972222221
 30
0.0
 10
235.1098788888889
 20
69.41315527777778
 30
0.0
 10
236.9443233333333
 20
69.90704416666667
 30
0.0
 10
238.3801288888889
 20
69.07801638888888
 30
0.0
 10
238.42599
 20
69.04979416666667
 30
0.0
 10
238.07674
 20
68.34776638888889
 30
0.0
 10
237.5899066666666
 20
67.51168305555555
 30
0.0
 10
237.1066011111111
 20
66.67207194444444
 30
0.0
 10
236.7185455555555
 20
66.19582194444445
 30
0.0
 10
236.6303511111111
 20
66.0441275
 30
0.0
 10
236.1929066666667
 20
65.28918305555555
 30
0.0
 10
234.8805733333333
 20
63.01376638888888
 30
0.0
 10
234.8805733333333
 20
63.01376638888888
 30
0.0
 10
235.7460548148148
 20
62.51399787037036
 30
0.0
 10
236.6115362962963
 20
62.01422935185185
 30
0.0
 10
237.4770177777778
 20
61.51446083333333
 30
0.0
 10
237.4770177777778
 20
61.51446083333333
 30
0.0
 10
238.7889983333333
 20
63.78634972222222
 30
0.0
 10
239.2267955555555
 20
64.54482194444444
 30
0.0
 10
239.31499
 20
64.69651638888888
 30
0.0
 10
239.5337122222222
 20
65.27154416666666
 30
0.0
 10
240.0170177777778
 20
66.11115527777777
 30
0.0
 10
240.5003233333333
 20
66.9472386111111
 30
0.0
 10
240.9307122222222
 20
67.60340527777778
 30
0.0
 10
240.9765733333333
 20
67.57518305555556
 30
0.0
 10
242.4123788888889
 20
66.74615527777777
 30
0.0
 10
242.9348427777778
 20
72.57298583333333
 30
0.0
 10
247.0919761111111
 20
70.17056916666667
 30
0.0
 10
247.1396011111111
 20
70.14269972222222
 30
0.0
 10
246.7868233333333
 20
69.44278861111111
 30
0.0
 10
246.3028122222222
 20
68.60529416666667
 30
0.0
 10
245.8184483333333
 20
67.76779972222222
 30
0.0
 10
245.4275705555555
 20
67.29119694444444
 30
0.0
 10
245.3404344444444
 20
67.14020805555555
 30
0.0
 10
244.9026372222222
 20
66.38279416666667
 30
0.0
 10
243.5888927777777
 20
64.11019972222222
 30
0.0
 10
243.5888927777777
 20
64.11019972222222
 30
0.0
 10
244.4546094444444
 20
63.60972564814815
 30
0.0
 10
245.3203261111111
 20
63.10925157407407
 30
0.0
 10
246.1860427777778
 20
62.6087775
 30
0.0
 10
246.1860427777778
 20
62.6087775
 30
0.0
 10
247.4997872222222
 20
64.88137194444444
 30
0.0
 10
247.9375844444444
 20
65.63878583333333
 30
0.0
 10
248.0250733333333
 20
65.7901275
 30
0.0
 10
248.2427372222222
 20
66.36656638888888
 30
0.0
 10
248.7267483333333
 20
67.20406083333333
 30
0.0
 10
249.2107594444444
 20
68.04155527777777
 30
0.0
 10
249.6411483333333
 20
68.6966636111111
 30
0.0
 10
249.6891261111111
 20
68.66914694444444
 30
0.0
  0
SPLINE
  5
B0
330
1F
100
AcDbEntity
  8
DEFAULT
 62
   250
100
AcDbSpline
210
0.0
220
0.0
230
1.0
 70
     8
 71
     3
 72
    29
 73
    25
 74
     0
 42
0.000000001
 43
0.0000000001
 40
0.0
 40
0.0
 40
0.0
 40
0.0
 40
1.80192619160721
 40
1.80192619160721
 40
1.80192619160721
 40
2.439362462931633
 40
2.439362462931633
 40
2.439362462931633
 40
3.635426842469791
 40
3.635426842469791
 40
3.635426842469791
 40
4.647413502460918
 40
4.647413502460918
 40
4.647413502460918
 40
7.434755784994589
 40
7.434755784994589
 40
7.434755784994589
 40
8.43475578499459
 40
8.43475578499459
 40
8.43475578499459
 40
9.43475578499459
 40
9.43475578499459
 40
9.43475578499459
 40
10.43475578499459
 40
10.43475578499459
 40
10.43475578499459
 40
10.43475578499459
 10
75.28425944444444
 20
27.74974694444445
 30
0.0
 10
75.08517518518518
 20
27.67719231481482
 30
0.0
 10
74.88609092592593
 20
27.60463768518519
 30
0.0
 10
74.68700666666666
 20
27.53208305555556
 30
0.0
 10
74.61656870370369
 20
27.50644787037037
 30
0.0
 10
74.54613074074074
 20
27.48081268518519
 30
0.0
 10
74.47569277777777
 20
27.4551775
 30
0.0
 10
74.5054437037037
 20
27.59264324074074
 30
0.0
 10
74.53519462962963
 20
27.73010898148148
 30
0.0
 10
74.56494555555555
 20
27.86757472222222
 30
0.0
 10
74.60563259259258
 20
27.75574416666667
 30
0.0
 10
74.64631962962962
 20
27.64391361111111
 30
0.0
 10
74.68700666666666
 20
27.53208305555556
 30
0.0
 10
74.79919
 20
27.22410805555556
 30
0.0
 10
74.91137333333332
 20
26.91613305555556
 30
0.0
 10
75.02355666666666
 20
26.60815805555555
 30
0.0
 10
75.08211777777777
 20
26.44764416666667
 30
0.0
 10
75.15161499999999
 20
26.33581361111111
 30
0.0
 10
75.24862888888889
 20
26.28818861111111
 30
0.0
 10
75.33259
 20
26.24197472222222
 30
0.0
 10
75.4387761111111
 20
26.2391525
 30
0.0
 10
75.55413444444443
 20
26.28113305555556
 30
0.0
 10
75.65008999999999
 20
26.31605805555555
 30
0.0
 10
75.72099833333333
 20
26.35803861111111
 30
0.0
 10
75.76156777777777
 20
26.39508027777778
 30
0.0
  0
SPLINE
  5
B1
330
1F
100
AcDbEntity
  8
DEFAULT
 62
   250
100
AcDbSpline
210
0.0
220
0.0
230
1.0
 70
     8
 71
     3
 72
    23
 73
    19
 74
     0
 42
0.000000001
 43
0.0000000001
 40
0.0
 40
0.0
 40
0.0
 40
0.0
 40
1.0
 40
1.0
 40
1.0
 40
2.0
 40
2.0
 40
2.0
 40
3.0
 40
3.0
 40
3.0
 40
6.613008856894762
 40
6.613008856894762
 40
6.613008856894762
 40
7.613008856894762
 40
7.613008856894762
 40
7.613008856894762
 40
8.613008856894762
 40
8.613008856894762
 40
8.613008856894762
 40
8.613008856894762
 10
81.63764611111111
 20
34.85437388888888
 30
0.0
 10
81.63764611111111
 20
34.41657666666666
 30
0.0
 10
81.37976555555555
 20
34.07191277777777
 30
0.0
 10
80.956785
 20
34.07191277777777
 30
0.0
 10
80.48300444444445
 20
34.07191277777777
 30
0.0
 10
80.35706277777777
 20
34.48854333333333
 30
0.0
 10
80.35706277777777
 20
34.7555961111111
 30
0.0
 10
80.35706277777777
 20
34.8095711111111
 30
0.0
 10
80.36023777777777
 20
34.82474055555555
 30
0.0
 10
80.36305999999999
 20
34.85155166666666
 30
0.0
 10
80.78792203703703
 20
34.8524924074074
 30
0.0
 10
81.21278407407407
 20
34.85343314814813
 30
0.0
 10
81.63764611111111
 20
34.85437388888888
 30
0.0
 10
81.63764611111111
 20
35.2921711111111
 30
0.0
 10
81.37059333333333
 20
35.586035
 30
0.0
 10
80.92397666666666
 20
35.586035
 30
0.0
 10
80.69290722222222
 20
35.586035
 30
0.0
 10
80.53415722222222
 20
35.53805722222221
 30
0.0
 10
80.44102388888889
 20
35.49607666666666
 30
0.0
  0
SPLINE
  5
B2
330
1F
100
AcDbEntity
  8
DEFAULT
 62
   250
100
AcDbSpline
210
0.0
220
0.0
230
1.0
 70
     8
 71
     3
 72
    20
 73
    16
 74
     0
 42
0.000000001
 43
0.0000000001
 40
0.0
 40
0.0
 40
0.0
 40
0.0
 40
1.002973213749465
 40
1.002973213749465
 40
1.002973213749465
 40
2.005946427498931
 40
2.005946427498931
 40
2.005946427498931
 40
3.008919641248396
 40
3.008919641248396
 40
3.008919641248396
 40
4.011892854997861
 40
4.011892854997861
 40
4.011892854997861
 40
5.014866068747327
 40
5.014866068747327
 40
5.014866068747327
 40
5.014866068747327
 10
75.71080305555556
 20
47.47683333333333
 30
0.0
 10
75.71080305555556
 20
47.47683333333333
 30
0.0
 10
75.09061972222221
 20
49.19944722222223
 30
0.0
 10
75.0511086111111
 20
49.29011111111111
 30
0.0
 10
75.08532805555555
 20
49.47637777777778
 30
0.0
 10
75.18128361111111
 20
49.58468055555555
 30
0.0
 10
75.35626138888888
 20
49.64818055555556
 30
0.0
 10
75.6257836111111
 20
49.74625277777778
 30
0.0
 10
75.97256416666666
 20
49.63936111111111
 30
0.0
 10
76.12355305555555
 20
49.22449444444445
 30
0.0
 10
76.25408083333333
 20
48.87348055555556
 30
0.0
 10
76.1291975
 20
48.55668611111111
 30
0.0
 10
75.82968916666665
 20
48.44803055555556
 30
0.0
 10
75.63495583333332
 20
48.37712222222222
 30
0.0
 10
75.46456416666666
 20
48.40993055555556
 30
0.0
 10
75.33509472222222
 20
48.50941388888889
 30
0.0
  0
SPLINE
  5
B3
330
1F
100
AcDbEntity
  8
DEFAULT
 62
   250
100
AcDbSpline
210
0.0
220
0.0
230
1.0
 70
     8
 71
     3
 72
    17
 73
    13
 74
     0
 42
0.000000001
 43
0.0000000001
 40
0.0
 40
0.0
 40
0.0
 40
0.0
 40
1.0
 40
1.0
 40
1.0
 40
2.0
 40
2.0
 40
2.0
 40
3.0
 40
3.0
 40
3.0
 40
4.0
 40
4.0
 40
4.0
 40
4.0
 10
64.347725
 20
60.21757916666667
 30
0.0
 10
64.38935277777777
 20
60.28319583333333
 30
0.0
 10
64.49800833333332
 20
60.40102361111111
 30
0.0
 10
64.6666361111111
 20
60.49874305555555
 30
0.0
 10
65.04587222222221
 20
60.71746527777778
 30
0.0
 10
65.44098333333332
 20
60.60281250000001
 30
0.0
 10
65.66288055555555
 20
60.21863749999999
 30
0.0
 10
65.88618888888888
 20
59.83164027777778
 30
0.0
 10
65.78317777777777
 20
59.39842916666667
 30
0.0
 10
65.37289722222222
 20
59.1613625
 30
0.0
 10
65.2381361111111
 20
59.08339861111111
 30
0.0
 10
65.09914166666665
 20
59.04847361111111
 30
0.0
 10
65.01870833333332
 20
59.04353472222222
 30
0.0
  0
SPLINE
  5
B4
330
1F
100
AcDbEntity
  8
DEFAULT
 62
   250
100
AcDbSpline
210
0.0
220
0.0
230
1.0
 70
     8
 71
     3
 72
    20
 73
    16
 74
     0
 42
0.000000001
 43
0.0000000001
 40
0.0
 40
0.0
 40
0.0
 40
0.0
 40
1.003052867504492
 40
1.003052867504492
 40
1.003052867504492
 40
2.006105735008984
 40
2.006105735008984
 40
2.006105735008984
 40
3.009158602513475
 40
3.009158602513475
 40
3.009158602513475
 40
4.012211470017967
 40
4.012211470017967
 40
4.012211470017967
 40
5.015264337522459
 40
5.015264337522459
 40
5.015264337522459
 40
5.015264337522459
 10
56.8848522222222
 20
61.27757055555553
 30
0.0
 10
56.87779666666666
 20
61.11458722222222
 30
0.0
 10
56.79383555555555
 20
60.96289277777777
 30
0.0
 10
56.61427166666667
 20
60.8591761111111
 30
0.0
 10
56.33839944444444
 20
60.69972055555554
 30
0.0
 10
56.01560777777777
 20
60.80767055555555
 30
0.0
 10
55.83039944444444
 20
61.13328444444444
 30
0.0
 10
55.60956055555555
 20
61.51498999999999
 30
0.0
 10
55.75067166666666
 20
61.84942333333333
 30
0.0
 10
55.99867444444444
 20
61.99300388888888
 30
0.0
 10
56.15989388888888
 20
62.08613722222221
 30
0.0
 10
56.30453277777777
 20
62.09037055555555
 30
0.0
 10
56.46892722222222
 20
61.99688444444443
 30
0.0
 10
56.51337722222222
 20
61.90833722222222
 30
0.0
 10
57.43483277777777
 20
60.32612888888888
 30
0.0
 10
57.43483277777777
 20
60.32612888888888
 30
0.0
  0
POLYLINE
  5
B5
330
1F
100
AcDbEntity
  8
DEFAULT
 62
   250
100
AcDb2dPolyline
 66
     1
 10
0.0
 20
0.0
 30
0.0
  0
VERTEX
  5
B6
330
B5
100
AcDbEntity
  8
DEFAULT
 62
   250
100
AcDbVertex
100
AcDb2dVertex
 10
48.74602194444444
 20
61.6973761111111
 30
0.0
  0
VERTEX
  5
B7
330
B5
100
AcDbEntity
  8
DEFAULT
 62
   250
100
AcDbVertex
100
AcDb2dVertex
 10
48.74602194444444
 20
60.20124555555555
 30
0.0
  0
SEQEND
  5
B8
330
B5
100
AcDbEntity
  8
DEFAULT
 62
   250
  0
POLYLINE
  5
B9
330
1F
100
AcDbEntity
  8
DEFAULT
 62
   250
100
AcDb2dPolyline
 66
     1
 10
0.0
 20
0.0
 30
0.0
  0
VERTEX
  5
BA
330
B9
100
AcDbEntity
  8
DEFAULT
 62
   250
100
AcDbVertex
100
AcDb2dVertex
 10
48.74602194444444
 20
60.94938138888889
 30
0.0
  0
VERTEX
  5
BB
330
B9
100
AcDbEntity
  8
DEFAULT
 62
   250
100
AcDbVertex
100
AcDb2dVertex
 10
46.72495805555554
 20
60.94938138888889
 30
0.0
  0
SEQEND
  5
BC
330
B9
100
AcDbEntity
  8
DEFAULT
 62
   250
  0
SPLINE
  5
BD
330
1F
100
AcDbEntity
  8
DEFAULT
 62
   250
100
AcDbSpline
210
0.0
220
0.0
230
1.0
 70
     8
 71
     3
 72
    23
 73
    19
 74
     0
 42
0.000000001
 43
0.0000000001
 40
0.0
 40
0.0
 40
0.0
 40
0.0
 40
1.0
 40
1.0
 40
1.0
 40
2.0
 40
2.0
 40
2.0
 40
3.0
 40
3.0
 40
3.0
 40
4.0
 40
4.0
 40
4.0
 40
5.0
 40
5.0
 40
5.0
 40
6.0
 40
6.0
 40
6.0
 40
6.0
 10
59.55548583333333
 20
24.76104888888889
 30
0.0
 10
59.45388583333332
 20
24.82102111111111
 30
0.0
 10
59.29196083333333
 20
24.87393777777777
 30
0.0
 10
59.10745805555555
 20
24.87393777777777
 30
0.0
 10
58.71587472222222
 20
24.87393777777777
 30
0.0
 10
58.47880805555555
 20
24.63299055555555
 30
0.0
 10
58.47880805555555
 20
24.33947944444445
 30
0.0
 10
58.47880805555555
 20
24.12110999999999
 30
0.0
 10
58.73633583333333
 20
23.97435444444444
 30
0.0
 10
59.01538305555555
 20
23.97435444444444
 30
0.0
 10
59.44506638888889
 20
23.97435444444444
 30
0.0
 10
59.61933861111111
 20
23.78985166666666
 30
0.0
 10
59.61933861111111
 20
23.51891833333333
 30
0.0
 10
59.61933861111111
 20
23.19894888888889
 30
0.0
 10
59.37098305555556
 20
22.97317111111111
 30
0.0
 10
58.93812472222222
 20
22.97317111111111
 30
0.0
 10
58.73880527777778
 20
22.97317111111111
 30
0.0
 10
58.5543025
 20
23.02185444444445
 30
0.0
 10
58.42624416666666
 20
23.09734888888889
 30
0.0
  0
SPLINE
  5
BE
330
1F
100
AcDbEntity
  8
DEFAULT
 62
   250
100
AcDbSpline
210
0.0
220
0.0
230
1.0
 70
     8
 71
     3
 72
    20
 73
    16
 74
     0
 42
0.000000001
 43
0.0000000001
 40
0.0
 40
0.0
 40
0.0
 40
0.0
 40
5.652000000000001
 40
5.652000000000001
 40
5.652000000000001
 40
6.652000000000001
 40
6.652000000000001
 40
6.652000000000001
 40
7.652000000000001
 40
7.652000000000001
 40
7.652000000000001
 40
8.652000000000001
 40
8.652000000000001
 40
8.652000000000001
 40
9.652000000000001
 40
9.652000000000001
 40
9.652000000000001
 40
9.652000000000001
 10
69.64083805555555
 20
16.96829361111111
 30
0.0
 10
69.64083805555555
 20
17.63292694444445
 30
0.0
 10
69.64083805555555
 20
18.29756027777778
 30
0.0
 10
69.64083805555555
 20
18.96219361111111
 30
0.0
 10
69.77277694444444
 20
18.98900472222222
 30
0.0
 10
69.96151305555556
 20
19.00417416666667
 30
0.0
 10
70.14142972222223
 20
19.00417416666667
 30
0.0
 10
70.42047694444445
 20
19.00417416666667
 30
0.0
 10
70.60039361111112
 20
18.95302138888889
 30
0.0
 10
70.72633527777778
 20
18.83907416666666
 30
0.0
 10
70.82828805555556
 20
18.74911583333333
 30
0.0
 10
70.88508527777778
 20
18.6115325
 30
0.0
 10
70.88508527777778
 20
18.45525194444444
 30
0.0
 10
70.88508527777778
 20
18.18855194444444
 30
0.0
 10
70.69952416666666
 20
17.89574638888889
 30
0.0
 10
70.32169916666666
 20
17.89574638888889
 30
0.0
  0
SPLINE
  5
BF
330
1F
100
AcDbEntity
  8
DEFAULT
 62
   250
100
AcDbSpline
210
0.0
220
0.0
230
1.0
 70
     8
 71
     3
 72
    14
 73
    10
 74
     0
 42
0.000000001
 43
0.0000000001
 40
0.0
 40
0.0
 40
0.0
 40
0.0
 40
1.0
 40
1.0
 40
1.0
 40
2.0
 40
2.0
 40
2.0
 40
3.657999999999987
 40
3.657999999999987
 40
3.657999999999987
 40
3.657999999999987
 10
70.93609694444444
 20
16.96829361111111
 30
0.0
 10
70.89270527777778
 20
17.02544361111111
 30
0.0
 10
70.8366136111111
 20
17.20006861111111
 30
0.0
 10
70.75829694444444
 20
17.45089361111111
 30
0.0
 10
70.64964138888888
 20
17.79837972222222
 30
0.0
 10
70.53745805555555
 20
17.89292416666667
 30
0.0
 10
70.2256025
 20
17.90209638888889
 30
0.0
 10
70.03063398148147
 20
17.90209638888889
 30
0.0
 10
69.83566546296296
 20
17.90209638888889
 30
0.0
 10
69.64069694444444
 20
17.90209638888889
 30
0.0
  0
SPLINE
  5
C0
330
1F
100
AcDbEntity
  8
DEFAULT
 62
     1
100
AcDbSpline
210
0.0
220
0.0
230
1.0
 70
    11
 71
     3
 72
   227
 73
   223
 74
     0
 42
0.000000001
 43
0.0000000001
 40
1.0
 40
1.0
 40
1.0
 40
1.0
 40
2.0
 40
2.0
 40
2.0
 40
3.0
 40
3.0
 40
3.0
 40
4.0
 40
4.0
 40
4.0
 40
5.0
 40
5.0
 40
5.0
 40
14.92
 40
14.92
 40
14.92
 40
23.42
 40
23.42
 40
23.42
 40
33.34
 40
33.34
 40
33.34
 40
34.34
 40
34.34
 40
34.34
 40
35.34
 40
35.34
 40
35.34
 40
36.34
 40
36.34
 40
36.34
 40
37.34
 40
37.34
 40
37.34
 40
38.34
 40
38.34
 40
38.34
 40
61.48999999999999
 40
61.48999999999999
 40
61.48999999999999
 40
62.48999999999999
 40
62.48999999999999
 40
62.48999999999999
 40
63.48999999999999
 40
63.48999999999999
 40
63.48999999999999
 40
64.49
 40
64.49
 40
64.49
 40
74.40999999999998
 40
74.40999999999998
 40
74.40999999999998
 40
82.90999999999998
 40
82.90999999999998
 40
82.90999999999998
 40
92.82999999999997
 40
92.82999999999997
 40
92.82999999999997
 40
93.82999999999997
 40
93.82999999999997
 40
93.82999999999997
 40
94.82999999999997
 40
94.82999999999997
 40
94.82999999999997
 40
95.82999999999997
 40
95.82999999999997
 40
95.82999999999997
 40
96.82999999999997
 40
96.82999999999997
 40
96.82999999999997
 40
97.82999999999997
 40
97.82999999999997
 40
97.82999999999997
 40
98.82999999999997
 40
98.82999999999997
 40
98.82999999999997
 40
107.33
 40
107.33
 40
107.33
 40
108.33
 40
108.33
 40
108.33
 40
109.33
 40
109.33
 40
109.33
 40
110.33
 40
110.33
 40
110.33
 40
111.33
 40
111.33
 40
111.33
 40
112.33
 40
112.33
 40
112.33
 40
113.33
 40
113.33
 40
113.33
 40
114.33
 40
114.33
 40
114.33
 40
122.833422840245
 40
122.833422840245
 40
122.833422840245
 40
123.833422840245
 40
123.833422840245
 40
123.833422840245
 40
124.833422840245
 40
124.833422840245
 40
124.833422840245
 40
125.833422840245
 40
125.833422840245
 40
125.833422840245
 40
126.833422840245
 40
126.833422840245
 40
126.833422840245
 40
127.833422840245
 40
127.833422840245
 40
127.833422840245
 40
151.153422840245
 40
151.153422840245
 40
151.153422840245
 40
152.153422840245
 40
152.153422840245
 40
152.153422840245
 40
153.153422840245
 40
153.153422840245
 40
153.153422840245
 40
154.153422840245
 40
154.153422840245
 40
154.153422840245
 40
164.073422840245
 40
164.073422840245
 40
164.073422840245
 40
172.573422840245
 40
172.573422840245
 40
172.573422840245
 40
182.493422840245
 40
182.493422840245
 40
182.493422840245
 40
183.493422840245
 40
183.493422840245
 40
183.493422840245
 40
184.493422840245
 40
184.493422840245
 40
184.493422840245
 40
185.493422840245
 40
185.493422840245
 40
185.493422840245
 40
186.493422840245
 40
186.493422840245
 40
186.493422840245
 40
187.493422840245
 40
187.493422840245
 40
187.493422840245
 40
188.493422840245
 40
188.493422840245
 40
188.493422840245
 40
189.493422840245
 40
189.493422840245
 40
189.493422840245
 40
198.006242584607
 40
198.006242584607
 40
198.006242584607
 40
199.006242584607
 40
199.006242584607
 40
199.006242584607
 40
200.006242584607
 40
200.006242584607
 40
200.006242584607
 40
201.006242584607
 40
201.006242584607
 40
201.006242584607
 40
202.006242584607
 40
202.006242584607
 40
202.006242584607
 40
203.006242584607
 40
203.006242584607
 40
203.006242584607
 40
204.006242584607
 40
204.006242584607
 40
204.006242584607
 40
205.006242584607
 40
205.006242584607
 40
205.006242584607
 40
206.006242584607
 40
206.006242584607
 40
206.006242584607
 40
214.5051895782057
 40
214.5051895782057
 40
214.5051895782057
 40
215.5051895782057
 40
215.5051895782057
 40
215.5051895782057
 40
216.5051895782057
 40
216.5051895782057
 40
216.5051895782057
 40
217.5051895782057
 40
217.5051895782057
 40
217.5051895782057
 40
218.5051895782057
 40
218.5051895782057
 40
218.5051895782057
 40
219.5051895782057
 40
219.5051895782057
 40
219.5051895782057
 40
220.5051895782057
 40
220.5051895782057
 40
220.5051895782057
 40
221.5051895782057
 40
221.5051895782057
 40
221.5051895782057
 40
230.0088699579001
 40
230.0088699579001
 40
230.0088699579001
 40
231.0088699579001
 40
231.0088699579001
 40
231.0088699579001
 40
232.0088699579001
 40
232.0088699579001
 40
232.0088699579001
 40
233.0088699579001
 40
233.0088699579001
 40
233.0088699579001
 40
233.0088699579001
 10
50.31083833333334
 20
68.66914694444444
 30
0.0
 10
48.23544666666666
 20
67.4697025
 30
0.0
 10
43.33712722222222
 20
65.45146083333333
 30
0.0
 10
40.69305777777777
 20
65.45146083333333
 30
0.0
 10
38.92070222222222
 20
65.45146083333333
 30
0.0
 10
37.69444666666666
 20
64.11090527777777
 30
0.0
 10
37.69444666666666
 20
62.44932194444444
 30
0.0
 10
37.69444666666666
 20
62.39640527777777
 30
0.0
 10
38.47408555555555
 20
62.35054416666667
 30
0.0
 10
39.44422444444444
 20
62.35054416666667
 30
0.0
 10
40.41083555555556
 20
62.35054416666667
 30
0.0
 10
41.01761333333333
 20
62.44932194444444
 30
0.0
 10
41.19400222222222
 20
62.44932194444444
 30
0.0
 10
42.36052074074075
 20
62.44932194444444
 30
0.0
 10
43.52703925925926
 20
62.44932194444444
 30
0.0
 10
44.69355777777778
 20
62.44932194444444
 30
0.0
 10
44.69355777777778
 20
61.44978490740741
 30
0.0
 10
44.69355777777778
 20
60.45024787037037
 30
0.0
 10
44.69355777777778
 20
59.45071083333333
 30
0.0
 10
43.52703925925926
 20
59.45071083333332
 30
0.0
 10
42.36052074074075
 20
59.45071083333332
 30
0.0
 10
41.19400222222222
 20
59.45071083333333
 30
0.0
 10
41.01761333333333
 20
59.45071083333333
 30
0.0
 10
40.41083555555556
 20
59.54948861111111
 30
0.0
 10
39.44422444444444
 20
59.54948861111111
 30
0.0
 10
38.47408555555555
 20
59.54948861111111
 30
0.0
 10
37.69091888888889
 20
59.50715527777778
 30
0.0
 10
37.69091888888889
 20
59.45071083333333
 30
0.0
 10
37.69091888888889
 20
57.79265527777778
 30
0.0
 10
39.03500222222223
 20
56.45209972222222
 30
0.0
 10
40.69305777777777
 20
56.45209972222222
 30
0.0
 10
57.69341888888889
 20
56.45209972222222
 30
0.0
 10
70.2311411111111
 20
45.19496083333333
 30
0.0
 10
70.2311411111111
 20
37.16926638888889
 30
0.0
 10
70.2311411111111
 20
27.79243305555556
 30
0.0
 10
54.52194666666667
 20
33.59915527777778
 30
0.0
 10
54.52194666666667
 20
25.04782194444445
 30
0.0
 10
54.52194666666667
 20
22.32555342592593
 30
0.0
 10
54.52194666666667
 20
19.60328490740741
 30
0.0
 10
54.52194666666667
 20
16.8810163888889
 30
0.0
 10
54.52194666666667
 20
15.22296083333333
 30
0.0
 10
55.86638277777777
 20
13.88240527777779
 30
0.0
 10
57.52408555555556
 20
13.88240527777779
 30
0.0
 10
57.57700222222223
 20
13.88240527777779
 30
0.0
 10
57.62286333333333
 20
14.66557194444445
 30
0.0
 10
57.62286333333333
 20
15.63218305555555
 30
0.0
 10
57.62286333333333
 20
16.59879416666667
 30
0.0
 10
57.52408555555556
 20
17.20909972222222
 30
0.0
 10
57.52408555555556
 20
17.38196083333333
 30
0.0
 10
57.52408555555556
 20
18.54847935185185
 30
0.0
 10
57.52408555555556
 20
19.71499787037037
 30
0.0
 10
57.52408555555556
 20
20.88151638888889
 30
0.0
 10
58.5236225925926
 20
20.88151638888889
 30
0.0
 10
59.52315962962964
 20
20.88151638888889
 30
0.0
 10
60.52269666666667
 20
20.88151638888889
 30
0.0
 10
60.52269666666667
 20
19.71499787037037
 30
0.0
 10
60.52269666666667
 20
18.54847935185185
 30
0.0
 10
60.52269666666667
 20
17.38196083333333
 30
0.0
 10
60.52269666666667
 20
17.20909972222222
 30
0.0
 10
60.42391888888889
 20
16.59879416666667
 30
0.0
 10
60.42391888888889
 20
15.63218305555555
 30
0.0
 10
60.42391888888889
 20
14.66557194444445
 30
0.0
 10
60.46625222222222
 20
13.88240527777779
 30
0.0
 10
60.52269666666667
 20
13.88240527777779
 30
0.0
 10
67.82872444444443
 20
13.88240527777779
 30
0.0
 10
63.56364111111111
 20
7.941627500000006
 30
0.0
 10
68.78828
 20
7.941627500000006
 30
0.0
 10
68.84472444444444
 20
7.941627500000006
 30
0.0
 10
68.89058555555556
 20
8.724794166666673
 30
0.0
 10
68.88705777777777
 20
9.691405277777775
 30
0.0
 10
68.88705777777777
 20
10.66154416666667
 30
0.0
 10
68.79180777777778
 20
11.26832194444444
 30
0.0
 10
68.79180777777778
 20
11.44471083333333
 30
0.0
 10
68.79180777777778
 20
12.31959972222223
 30
0.0
 10
68.78828
 20
14.94426638888889
 30
0.0
 10
68.78828
 20
14.94426638888889
 30
0.0
 10
69.78781703703703
 20
14.94426638888889
 30
0.0
 10
70.78735407407407
 20
14.94426638888889
 30
0.0
 10
71.78689111111112
 20
14.94426638888889
 30
0.0
 10
71.78689111111112
 20
14.94426638888889
 30
0.0
 10
71.7904188888889
 20
12.31959972222223
 30
0.0
 10
71.7904188888889
 20
11.44471083333333
 30
0.0
 10
71.7904188888889
 20
11.26832194444444
 30
0.0
 10
71.68811333333333
 20
10.65801638888889
 30
0.0
 10
71.68811333333333
 20
9.691405277777775
 30
0.0
 10
71.68811333333333
 20
8.724794166666673
 30
0.0
 10
71.73044666666667
 20
7.941627500000006
 30
0.0
 10
71.78689111111112
 20
7.941627500000006
 30
0.0
 10
75.75564111111112
 20
7.941627500000006
 30
0.0
 10
76.30950222222222
 20
17.19851638888889
 30
0.0
 10
76.98330777777778
 20
17.44546083333334
 30
0.0
 10
77.03269666666667
 20
17.46309972222222
 30
0.0
 10
76.80691888888889
 20
18.2145163888889
 30
0.0
 10
76.47883555555556
 20
19.12115527777778
 30
0.0
 10
76.14722444444445
 20
20.03132194444444
 30
0.0
 10
75.84383555555556
 20
20.56754416666667
 30
0.0
 10
75.78386333333333
 20
20.73334972222222
 30
0.0
 10
75.48400222222222
 20
21.55532194444445
 30
0.0
 10
74.58794666666667
 20
24.02123861111111
 30
0.0
 10
74.58794666666667
 20
24.02123861111111
 30
0.0
 10
75.52751148148148
 20
24.36343305555555
 30
0.0
 10
76.4670762962963
 20
24.7056275
 30
0.0
 10
77.40664111111111
 20
25.04782194444445
 30
0.0
 10
77.40664111111111
 20
25.04782194444445
 30
0.0
 10
78.30622444444444
 20
22.58190527777778
 30
0.0
 10
78.60255777777778
 20
21.75993305555556
 30
0.0
 10
78.66253
 20
21.5941275
 30
0.0
 10
78.77894666666667
 20
20.9908775
 30
0.0
 10
79.10703
 20
20.08071083333334
 30
0.0
 10
79.43864111111111
 20
19.17054416666667
 30
0.0
 10
79.74908555555555
 20
18.4508775
 30
0.0
 10
79.80200222222221
 20
18.46851638888889
 30
0.0
 10
82.26439111111111
 20
19.36457194444445
 30
0.0
 10
82.02097444444445
 20
20.97676638888889
 30
0.0
 10
81.20958555555555
 20
24.28934972222222
 30
0.0
 10
80.33116888888888
 20
27.8806275
 30
0.0
 10
85.49936333333333
 20
26.95634972222222
 30
0.0
 10
85.49936333333333
 20
33.3098775
 30
0.0
 10
85.49936333333333
 20
36.05213675925926
 30
0.0
 10
85.49936333333333
 20
38.79439601851852
 30
0.0
 10
85.49936333333333
 20
41.53665527777778
 30
0.0
 10
85.49936333333333
 20
43.19471083333333
 30
0.0
 10
84.15528
 20
44.53526638888889
 30
0.0
 10
82.49722444444444
 20
44.53526638888889
 30
0.0
 10
82.44077999999999
 20
44.53526638888889
 30
0.0
 10
82.39844666666666
 20
43.75209972222222
 30
0.0
 10
82.39844666666666
 20
42.78548861111111
 30
0.0
 10
82.39844666666666
 20
41.8188775
 30
0.0
 10
82.49722444444444
 20
41.20857194444444
 30
0.0
 10
82.49722444444444
 20
41.03571083333333
 30
0.0
 10
82.49722444444444
 20
39.86919231481482
 30
0.0
 10
82.49722444444444
 20
38.7026737962963
 30
0.0
 10
82.49722444444444
 20
37.53615527777777
 30
0.0
 10
81.4976874074074
 20
37.53615527777777
 30
0.0
 10
80.49815037037035
 20
37.53615527777777
 30
0.0
 10
79.49861333333332
 20
37.53615527777777
 30
0.0
 10
79.49861333333332
 20
38.7026737962963
 30
0.0
 10
79.49861333333332
 20
39.86919231481482
 30
0.0
 10
79.49861333333332
 20
41.03571083333333
 30
0.0
 10
79.49861333333332
 20
41.20857194444444
 30
0.0
 10
79.59739111111111
 20
41.8188775
 30
0.0
 10
79.59739111111111
 20
42.78548861111111
 30
0.0
 10
79.59739111111111
 20
43.75209972222222
 30
0.0
 10
79.55153
 20
44.53526638888889
 30
0.0
 10
79.49861333333332
 20
44.53526638888889
 30
0.0
 10
79.12819666666667
 20
44.53526638888889
 30
0.0
 10
80.17947444444444
 20
49.79165527777778
 30
0.0
 10
77.73825222222223
 20
56.50501638888889
 30
0.0
 10
77.17027999999999
 20
58.06076638888889
 30
0.0
 10
75.45225222222221
 20
58.86509972222222
 30
0.0
 10
73.89297444444443
 20
58.29712749999999
 30
0.0
 10
73.84005777777777
 20
58.27948861111111
 30
0.0
 10
74.06583555555555
 20
57.52807194444445
 30
0.0
 10
74.39744666666665
 20
56.61790527777777
 30
0.0
 10
74.72905777777777
 20
55.7077386111111
 30
0.0
 10
75.0289188888889
 20
55.17151638888889
 30
0.0
 10
75.08889111111111
 20
55.00923861111111
 30
0.0
 10
75.38875222222222
 20
54.18726638888888
 30
0.0
 10
76.28833555555555
 20
51.71782194444444
 30
0.0
 10
76.28833555555555
 20
51.71782194444444
 30
0.0
 10
75.3475948148148
 20
51.3756275
 30
0.0
 10
74.40685407407408
 20
51.03343305555556
 30
0.0
 10
73.46611333333333
 20
50.69123861111112
 30
0.0
 10
73.46611333333333
 20
50.69123861111112
 30
0.0
 10
72.57005777777778
 20
53.16068305555556
 30
0.0
 10
72.27019666666666
 20
53.98265527777777
 30
0.0
 10
72.21022444444444
 20
54.14493305555555
 30
0.0
 10
72.09733555555556
 20
54.75171083333333
 30
0.0
 10
71.76572444444444
 20
55.6618775
 30
0.0
 10
71.43411333333333
 20
56.56851638888888
 30
0.0
 10
71.12719666666666
 20
57.28818305555556
 30
0.0
 10
71.07428
 20
57.27054416666666
 30
0.0
 10
70.00536333333334
 20
56.88248861111111
 30
0.0
 10
69.21866888888889
 20
61.9166275
 30
0.0
 10
65.71911333333333
 20
67.97734972222221
 30
0.0
 10
64.89008555555556
 20
69.41315527777778
 30
0.0
 10
63.05564111111111
 20
69.90704416666667
 30
0.0
 10
61.61983555555556
 20
69.07801638888888
 30
0.0
 10
61.57397444444444
 20
69.04979416666667
 30
0.0
 10
61.92322444444444
 20
68.34776638888889
 30
0.0
 10
62.41005777777777
 20
67.51168305555555
 30
0.0
 10
62.89336333333333
 20
66.67207194444444
 30
0.0
 10
63.28141888888889
 20
66.19582194444445
 30
0.0
 10
63.36961333333333
 20
66.0441275
 30
0.0
 10
63.80705777777778
 20
65.28918305555555
 30
0.0
 10
65.11939111111111
 20
63.01376638888888
 30
0.0
 10
65.11939111111111
 20
63.01376638888888
 30
0.0
 10
64.25390962962963
 20
62.51399787037036
 30
0.0
 10
63.38842814814816
 20
62.01422935185185
 30
0.0
 10
62.52294666666666
 20
61.51446083333333
 30
0.0
 10
62.52294666666666
 20
61.51446083333333
 30
0.0
 10
61.21061333333333
 20
63.78634972222222
 30
0.0
 10
60.77316888888889
 20
64.54482194444444
 30
0.0
 10
60.68497444444445
 20
64.69651638888888
 30
0.0
 10
60.46625222222222
 20
65.27154416666666
 30
0.0
 10
59.98294666666666
 20
66.11115527777777
 30
0.0
 10
59.49964111111111
 20
66.9472386111111
 30
0.0
 10
59.06925222222222
 20
67.60340527777778
 30
0.0
 10
59.02339111111111
 20
67.57518305555556
 30
0.0
 10
57.58758555555556
 20
66.74615527777777
 30
0.0
 10
57.06476888888889
 20
72.57298583333333
 30
0.0
 10
52.90798833333333
 20
70.17056916666667
 30
0.0
 10
52.86036333333333
 20
70.14269972222222
 30
0.0
 10
53.21314111111111
 20
69.44278861111111
 30
0.0
 10
53.69715222222221
 20
68.60529416666667
 30
0.0
 10
54.18151611111112
 20
67.76779972222222
 30
0.0
 10
54.57239388888889
 20
67.29119694444444
 30
0.0
 10
54.65953
 20
67.14020805555555
 30
0.0
 10
55.09732722222223
 20
66.38279416666667
 30
0.0
 10
56.41107166666666
 20
64.11019972222222
 30
0.0
 10
56.41107166666666
 20
64.11019972222222
 30
0.0
 10
55.545355
 20
63.60972564814815
 30
0.0
 10
54.67963833333334
 20
63.10925157407407
 30
0.0
 10
53.81392166666667
 20
62.6087775
 30
0.0
 10
53.81392166666667
 20
62.6087775
 30
0.0
 10
52.50017722222222
 20
64.88137194444444
 30
0.0
 10
52.06238
 20
65.63878583333333
 30
0.0
 10
51.97489111111111
 20
65.7901275
 30
0.0
 10
51.75722722222222
 20
66.36656638888888
 30
0.0
 10
51.27321611111111
 20
67.20406083333333
 30
0.0
 10
50.789205
 20
68.04155527777777
 30
0.0
 10
50.35881611111111
 20
68.6966636111111
 30
0.0
 10
50.31083833333334
 20
68.66914694444444
 30
0.0
  0
SPLINE
  5
C1
330
1F
100
AcDbEntity
  8
DEFAULT
 62
   250
100
AcDbSpline
210
0.0
220
0.0
230
1.0
 70
     8
 71
     3
 72
    11
 73
     7
 74
     0
 42
0.000000001
 43
0.0000000001
 40
0.0
 40
0.0
 40
0.0
 40
0.0
 40
1.0
 40
1.0
 40
1.0
 40
2.0
 40
2.0
 40
2.0
 40
2.0
 10
250.3918947222222
 20
40.65051277777777
 30
0.0
 10
250.5866280555555
 20
40.58454333333333
 30
0.0
 10
250.7097475
 20
40.42544055555555
 30
0.0
 10
250.7097475
 20
40.24869888888889
 30
0.0
 10
250.7097475
 20
40.21871277777777
 30
0.0
 10
250.7065725
 20
40.1975461111111
 30
0.0
 10
250.7005752777777
 20
40.17355722222221
 30
0.0
  0
SPLINE
  5
C2
330
1F
100
AcDbEntity
  8
DEFAULT
 62
   250
100
AcDbSpline
210
0.0
220
0.0
230
1.0
 70
     8
 71
     3
 72
    11
 73
     7
 74
     0
 42
0.000000001
 43
0.0000000001
 40
0.0
 40
0.0
 40
0.0
 40
0.0
 40
2.830000000000041
 40
2.830000000000041
 40
2.830000000000041
 40
3.830000000000041
 40
3.830000000000041
 40
3.830000000000041
 40
3.830000000000041
 10
249.2255408333333
 20
40.65051277777777
 30
0.0
 10
249.5583278703703
 20
40.65051277777777
 30
0.0
 10
249.8911149074074
 20
40.65051277777777
 30
0.0
 10
250.2239019444444
 20
40.65051277777777
 30
0.0
 10
250.3949991666667
 20
40.65051277777777
 30
0.0
 10
250.5417547222222
 20
40.65368777777778
 30
0.0
 10
250.6768686111111
 20
40.66250722222222
 30
0.0
  0
SPLINE
  5
C3
330
1F
100
AcDbEntity
  8
DEFAULT
 62
   250
100
AcDbSpline
210
0.0
220
0.0
230
1.0
 70
     8
 71
     3
 72
    11
 73
     7
 74
     0
 42
0.000000001
 43
0.0000000001
 40
0.0
 40
0.0
 40
0.0
 40
0.0
 40
1.0
 40
1.0
 40
1.0
 40
2.0
 40
2.0
 40
2.0
 40
2.0
 10
264.3936447222222
 20
75.79095416666665
 30
0.0
 10
264.5883780555556
 20
75.7249847222222
 30
0.0
 10
264.7114975
 20
75.56588194444443
 30
0.0
 10
264.7114975
 20
75.38914027777777
 30
0.0
 10
264.7114975
 20
75.35915416666666
 30
0.0
 10
264.7083225
 20
75.3379875
 30
0.0
 10
264.7023252777778
 20
75.3139986111111
 30
0.0
  0
SPLINE
  5
C4
330
1F
100
AcDbEntity
  8
DEFAULT
 62
   250
100
AcDbSpline
210
0.0
220
0.0
230
1.0
 70
     8
 71
     3
 72
    11
 73
     7
 74
     0
 42
0.000000001
 43
0.0000000001
 40
0.0
 40
0.0
 40
0.0
 40
0.0
 40
2.830000000000041
 40
2.830000000000041
 40
2.830000000000041
 40
3.830000000000041
 40
3.830000000000041
 40
3.830000000000041
 40
3.830000000000041
 10
263.2272908333333
 20
75.79095416666665
 30
0.0
 10
263.5600778703703
 20
75.79095416666665
 30
0.0
 10
263.8928649074074
 20
75.79095416666665
 30
0.0
 10
264.2256519444445
 20
75.79095416666665
 30
0.0
 10
264.3963963888889
 20
75.79095416666665
 30
0.0
 10
264.5435047222222
 20
75.79412916666665
 30
0.0
 10
264.6786186111111
 20
75.80294861111109
 30
0.0
  0
SPLINE
  5
C5
330
1F
100
AcDbEntity
  8
DEFAULT
 62
   250
100
AcDbSpline
210
0.0
220
0.0
230
1.0
 70
     8
 71
     3
 72
    20
 73
    16
 74
     0
 42
0.000000001
 43
0.0000000001
 40
0.0
 40
0.0
 40
0.0
 40
0.0
 40
1.0
 40
1.0
 40
1.0
 40
2.0
 40
2.0
 40
2.0
 40
3.0
 40
3.0
 40
3.0
 40
4.0
 40
4.0
 40
4.0
 40
5.0
 40
5.0
 40
5.0
 40
5.0
 10
286.3337766666667
 20
72.7992575
 30
0.0
 10
286.3337766666667
 20
72.7992575
 30
0.0
 10
286.0423822222222
 20
74.49435472222221
 30
0.0
 10
286.0127488888889
 20
74.62911583333333
 30
0.0
 10
286.080835
 20
74.78116305555554
 30
0.0
 10
286.2124211111111
 20
74.88734916666667
 30
0.0
 10
286.41421
 20
74.92262694444443
 30
0.0
 10
286.7130127777777
 20
74.97519083333333
 30
0.0
 10
286.9775961111111
 20
74.7868075
 30
0.0
 10
287.0372155555555
 20
74.44814083333333
 30
0.0
 10
287.1074183333333
 20
74.04738527777778
 30
0.0
 10
286.87141
 20
73.80220472222221
 30
0.0
 10
286.5800155555555
 20
73.75105194444444
 30
0.0
 10
286.4166794444444
 20
73.72247694444442
 30
0.0
 10
286.2420544444444
 20
73.75810749999998
 30
0.0
 10
286.1485683333333
 20
73.85547416666665
 30
0.0
  0
SPLINE
  5
C6
330
1F
100
AcDbEntity
  8
DEFAULT
 62
   250
100
AcDbSpline
210
0.0
220
0.0
230
1.0
 70
    11
 71
     3
 72
    17
 73
    13
 74
     0
 42
0.000000001
 43
0.0000000001
 40
0.0
 40
0.0
 40
0.0
 40
0.0
 40
1.0
 40
1.0
 40
1.0
 40
2.0
 40
2.0
 40
2.0
 40
3.0
 40
3.0
 40
3.0
 40
4.0
 40
4.0
 40
4.0
 40
4.0
 10
285.5113105555556
 20
40.35971805555555
 30
0.0
 10
285.2428466666667
 20
39.89510972222222
 30
0.0
 10
285.4478105555555
 20
39.50670138888889
 30
0.0
 10
285.7511994444444
 20
39.33101805555555
 30
0.0
 10
286.09163
 20
39.13452083333333
 30
0.0
 10
286.4976772222222
 20
39.23224027777778
 30
0.0
 10
286.7273355555556
 20
39.62911527777778
 30
0.0
 10
286.9703994444444
 20
40.04962638888888
 30
0.0
 10
286.837755
 20
40.45532083333333
 30
0.0
 10
286.4899161111111
 20
40.65640416666666
 30
0.0
 10
286.1290244444444
 20
40.86489583333333
 30
0.0
 10
285.7335605555555
 20
40.74389305555555
 30
0.0
 10
285.5113105555556
 20
40.35971805555555
 30
0.0
  0
SPLINE
  5
C7
330
1F
100
AcDbEntity
  8
DEFAULT
 62
   250
100
AcDbSpline
210
0.0
220
0.0
230
1.0
 70
     8
 71
     3
 72
    14
 73
    10
 74
     0
 42
0.000000001
 43
0.0000000001
 40
0.0
 40
0.0
 40
0.0
 40
0.0
 40
1.0
 40
1.0
 40
1.0
 40
2.0
 40
2.0
 40
2.0
 40
4.45630311647402
 40
4.45630311647402
 40
4.45630311647402
 40
4.45630311647402
 10
270.3411605555555
 20
35.89746722222222
 30
0.0
 10
270.4790966666666
 20
35.96943388888889
 30
0.0
 10
270.6939383333333
 20
35.983545
 30
0.0
 10
270.8907883333333
 20
35.84596166666667
 30
0.0
 10
271.0551827777778
 20
35.73060333333333
 30
0.0
 10
271.2418022222222
 20
35.45367277777778
 30
0.0
 10
270.956405
 20
35.04586166666667
 30
0.0
 10
270.790717037037
 20
34.80926537037037
 30
0.0
 10
270.625029074074
 20
34.57266907407407
 30
0.0
 10
270.4593411111111
 20
34.33607277777777
 30
0.0
  0
SPLINE
  5
C8
330
1F
100
AcDbEntity
  8
DEFAULT
 62
   250
100
AcDbSpline
210
0.0
220
0.0
230
1.0
 70
     8
 71
     3
 72
    11
 73
     7
 74
     0
 42
0.000000001
 43
0.0000000001
 40
0.0
 40
0.0
 40
0.0
 40
0.0
 40
3.000600773178622
 40
3.000600773178622
 40
3.000600773178622
 40
4.000600773178622
 40
4.000600773178622
 40
4.000600773178622
 40
4.000600773178622
 10
269.6474936111111
 20
34.90450361111108
 30
0.0
 10
269.8498704629629
 20
35.19354620370368
 30
0.0
 10
270.0522473148148
 20
35.48258879629626
 30
0.0
 10
270.2546241666666
 20
35.77163138888886
 30
0.0
 10
270.3407019444444
 20
35.89439805555556
 30
0.0
 10
270.4084352777778
 20
35.99670361111111
 30
0.0
 10
270.4701713888888
 20
36.10006749999999
 30
0.0
  0
SPLINE
  5
C9
330
1F
100
AcDbEntity
  8
DEFAULT
 62
   250
100
AcDbSpline
210
0.0
220
0.0
230
1.0
 70
     8
 71
     3
 72
    20
 73
    16
 74
     0
 42
0.000000001
 43
0.0000000001
 40
0.0
 40
0.0
 40
0.0
 40
0.0
 40
1.0
 40
1.0
 40
1.0
 40
2.0
 40
2.0
 40
2.0
 40
3.0
 40
3.0
 40
3.0
 40
4.0
 40
4.0
 40
4.0
 40
5.0
 40
5.0
 40
5.0
 40
5.0
 10
275.2752163888889
 20
81.32021666666667
 30
0.0
 10
275.3503580555555
 20
81.4324
 30
0.0
 10
275.516163611111
 20
81.49766388888888
 30
0.0
 10
275.6823219444444
 20
81.49766388888888
 30
0.0
 10
275.9779497222221
 20
81.49766388888888
 30
0.0
 10
276.252763611111
 20
81.29693333333333
 30
0.0
 10
276.252763611111
 20
80.89018055555556
 30
0.0
 10
276.252763611111
 20
80.54622222222223
 30
0.0
 10
276.0245163888889
 20
80.3148
 30
0.0
 10
275.7211275
 20
80.3148
 30
0.0
 10
275.516163611111
 20
80.3148
 30
0.0
 10
275.3683497222222
 20
80.39664444444445
 30
0.0
 10
275.2752163888889
 20
80.53458055555555
 30
0.0
 10
275.2812136111111
 20
80.67251666666665
 30
0.0
 10
275.2752163888889
 20
82.39266111111111
 30
0.0
 10
275.2752163888889
 20
82.39266111111111
 30
0.0
  0
SPLINE
  5
CA
330
1F
100
AcDbEntity
  8
DEFAULT
 62
     1
100
AcDbSpline
210
0.0
220
0.0
230
1.0
 70
    11
 71
     3
 72
   188
 73
   184
 74
     0
 42
0.000000001
 43
0.0000000001
 40
1.0
 40
1.0
 40
1.0
 40
1.0
 40
2.0
 40
2.0
 40
2.0
 40
3.0
 40
3.0
 40
3.0
 40
4.0
 40
4.0
 40
4.0
 40
5.0
 40
5.0
 40
5.0
 40
6.0
 40
6.0
 40
6.0
 40
15.92000000000002
 40
15.92000000000002
 40
15.92000000000002
 40
24.43000000000001
 40
24.43000000000001
 40
24.43000000000001
 40
34.35000000000002
 40
34.35000000000002
 40
34.35000000000002
 40
35.35000000000002
 40
35.35000000000002
 40
35.35000000000002
 40
36.35000000000002
 40
36.35000000000002
 40
36.35000000000002
 40
37.35000000000002
 40
37.35000000000002
 40
37.35000000000002
 40
38.35000000000002
 40
38.35000000000002
 40
38.35000000000002
 40
39.35000000000002
 40
39.35000000000002
 40
39.35000000000002
 40
40.35000000000002
 40
40.35000000000002
 40
40.35000000000002
 40
41.35000000000002
 40
41.35000000000002
 40
41.35000000000002
 40
51.26999999999998
 40
51.26999999999998
 40
51.26999999999998
 40
59.76999999999998
 40
59.76999999999998
 40
59.76999999999998
 40
69.68999999999994
 40
69.68999999999994
 40
69.68999999999994
 40
70.68999999999994
 40
70.68999999999994
 40
70.68999999999994
 40
71.68999999999994
 40
71.68999999999994
 40
71.68999999999994
 40
72.68999999999994
 40
72.68999999999994
 40
72.68999999999994
 40
73.68999999999994
 40
73.68999999999994
 40
73.68999999999994
 40
93.52999999999997
 40
93.52999999999997
 40
93.52999999999997
 40
94.52999999999997
 40
94.52999999999997
 40
94.52999999999997
 40
95.52999999999997
 40
95.52999999999997
 40
95.52999999999997
 40
96.52999999999997
 40
96.52999999999997
 40
96.52999999999997
 40
106.4499999999999
 40
106.4499999999999
 40
106.4499999999999
 40
114.9609999999999
 40
114.9609999999999
 40
114.9609999999999
 40
124.8809999999999
 40
124.8809999999999
 40
124.8809999999999
 40
125.8809999999999
 40
125.8809999999999
 40
125.8809999999999
 40
126.8809999999999
 40
126.8809999999999
 40
126.8809999999999
 40
127.8809999999999
 40
127.8809999999999
 40
127.8809999999999
 40
128.8809999999999
 40
128.8809999999999
 40
128.8809999999999
 40
129.8809999999999
 40
129.8809999999999
 40
129.8809999999999
 40
130.8809999999999
 40
130.8809999999999
 40
130.8809999999999
 40
131.8809999999999
 40
131.8809999999999
 40
131.8809999999999
 40
132.8809999999999
 40
132.8809999999999
 40
132.8809999999999
 40
141.3909354874169
 40
141.3909354874169
 40
141.3909354874169
 40
142.3909354874169
 40
142.3909354874169
 40
142.3909354874169
 40
143.3909354874169
 40
143.3909354874169
 40
143.3909354874169
 40
144.3909354874169
 40
144.3909354874169
 40
144.3909354874169
 40
145.3909354874169
 40
145.3909354874169
 40
145.3909354874169
 40
146.3909354874169
 40
146.3909354874169
 40
146.3909354874169
 40
147.3909354874169
 40
147.3909354874169
 40
147.3909354874169
 40
148.3909354874169
 40
148.3909354874169
 40
148.3909354874169
 40
156.9035437833507
 40
156.9035437833507
 40
156.9035437833507
 40
157.9035437833507
 40
157.9035437833507
 40
157.9035437833507
 40
158.9035437833507
 40
158.9035437833507
 40
158.9035437833507
 40
159.9035437833507
 40
159.9035437833507
 40
159.9035437833507
 40
160.9035437833507
 40
160.9035437833507
 40
160.9035437833507
 40
180.7496547625829
 40
180.7496547625829
 40
180.7496547625829
 40
181.7496547625829
 40
181.7496547625829
 40
181.7496547625829
 40
182.7496547625829
 40
182.7496547625829
 40
182.7496547625829
 40
183.7496547625829
 40
183.7496547625829
 40
183.7496547625829
 40
184.7496547625829
 40
184.7496547625829
 40
184.7496547625829
 40
185.7496547625829
 40
185.7496547625829
 40
185.7496547625829
 40
194.2576098635458
 40
194.2576098635458
 40
194.2576098635458
 40
195.2576098635458
 40
195.2576098635458
 40
195.2576098635458
 40
196.2576098635458
 40
196.2576098635458
 40
196.2576098635458
 40
197.2576098635458
 40
197.2576098635458
 40
197.2576098635458
 40
198.2576098635458
 40
198.2576098635458
 40
198.2576098635458
 40
198.2576098635458
 10
292.1440619444444
 20
68.06614388888889
 30
0.0
 10
291.8406730555556
 20
69.7912272222222
 30
0.0
 10
291.2338952777777
 20
73.2378661111111
 30
0.0
 10
290.9305063888888
 20
74.95942166666666
 30
0.0
 10
289.7204786111111
 20
81.8562272222222
 30
0.0
 10
281.2608675
 20
83.24264388888888
 30
0.0
 10
281.2608675
 20
88.05806055555554
 30
0.0
 10
281.2608675
 20
89.7161161111111
 30
0.0
 10
278.9219508333333
 20
91.06019944444444
 30
0.0
 10
277.2638952777777
 20
91.06019944444444
 30
0.0
 10
277.2074508333333
 20
91.06019944444444
 30
0.0
 10
277.1615897222222
 20
90.27703277777776
 30
0.0
 10
277.1615897222222
 20
89.31042166666664
 30
0.0
 10
277.1615897222222
 20
88.34381055555555
 30
0.0
 10
277.2638952777777
 20
87.733505
 30
0.0
 10
277.2638952777777
 20
87.56064388888888
 30
0.0
 10
277.2638952777777
 20
86.39412537037036
 30
0.0
 10
277.2638952777777
 20
85.22760685185183
 30
0.0
 10
277.2638952777777
 20
84.06108833333332
 30
0.0
 10
276.2631823148147
 20
84.06108833333332
 30
0.0
 10
275.2624693518518
 20
84.06108833333332
 30
0.0
 10
274.2617563888888
 20
84.06108833333332
 30
0.0
 10
274.2617563888888
 20
85.22760685185183
 30
0.0
 10
274.2617563888888
 20
86.39412537037036
 30
0.0
 10
274.2617563888888
 20
87.56064388888888
 30
0.0
 10
274.2617563888888
 20
87.733505
 30
0.0
 10
274.3640619444444
 20
88.34381055555555
 30
0.0
 10
274.3640619444444
 20
89.31042166666664
 30
0.0
 10
274.3640619444444
 20
90.27703277777776
 30
0.0
 10
274.3182008333333
 20
91.06019944444444
 30
0.0
 10
274.2617563888888
 20
91.06019944444444
 30
0.0
 10
272.6037008333333
 20
91.06019944444444
 30
0.0
 10
270.2647841666666
 20
89.7161161111111
 30
0.0
 10
270.2647841666666
 20
88.05806055555554
 30
0.0
 10
270.2647841666666
 20
83.63775499999998
 30
0.0
 10
265.0013397222222
 20
81.05894944444444
 30
0.0
 10
257.2613952777778
 20
81.05894944444444
 30
0.0
 10
255.6033397222222
 20
81.05894944444444
 30
0.0
 10
254.2627841666666
 20
78.716505
 30
0.0
 10
254.2627841666666
 20
77.05844944444443
 30
0.0
 10
254.2627841666666
 20
77.00553277777776
 30
0.0
 10
255.0459508333333
 20
76.95967166666665
 30
0.0
 10
256.0125619444444
 20
76.95967166666665
 30
0.0
 10
256.9791730555555
 20
76.95967166666665
 30
0.0
 10
257.5859508333333
 20
77.05844944444443
 30
0.0
 10
257.7623397222222
 20
77.05844944444443
 30
0.0
 10
258.9288582407407
 20
77.05844944444443
 30
0.0
 10
260.0953767592592
 20
77.05844944444443
 30
0.0
 10
261.2618952777777
 20
77.05844944444443
 30
0.0
 10
261.2618952777777
 20
76.05891240740739
 30
0.0
 10
261.2618952777777
 20
75.05937537037036
 30
0.0
 10
261.2618952777777
 20
74.05983833333333
 30
0.0
 10
260.0953767592592
 20
74.05983833333333
 30
0.0
 10
258.9288582407407
 20
74.05983833333333
 30
0.0
 10
257.7623397222222
 20
74.05983833333333
 30
0.0
 10
257.5859508333333
 20
74.05983833333333
 30
0.0
 10
256.9791730555555
 20
74.1586161111111
 30
0.0
 10
256.0125619444444
 20
74.1586161111111
 30
0.0
 10
255.0459508333333
 20
74.1586161111111
 30
0.0
 10
254.2627841666666
 20
74.11628277777776
 30
0.0
 10
254.2627841666666
 20
74.05983833333333
 30
0.0
 10
254.2627841666666
 20
72.40178277777777
 30
0.0
 10
255.6033397222222
 20
69.55839388888887
 30
0.0
 10
257.2613952777778
 20
69.55839388888887
 30
0.0
 10
271.2631452777778
 20
69.55839388888887
 30
0.0
 10
267.0439230555555
 20
46.39888555555554
 30
0.0
 10
250.2622841666666
 20
46.39888555555554
 30
0.0
 10
247.9292471296296
 20
46.39888555555554
 30
0.0
 10
245.5962100925925
 20
46.39888555555554
 30
0.0
 10
243.2631730555555
 20
46.39888555555554
 30
0.0
 10
241.6051175
 20
46.39888555555554
 30
0.0
 10
240.2610341666666
 20
43.55867166666665
 30
0.0
 10
240.2610341666666
 20
41.90096888888888
 30
0.0
 10
240.2610341666666
 20
41.84417166666666
 30
0.0
 10
241.0442008333333
 20
41.80183833333332
 30
0.0
 10
242.0108119444444
 20
41.80183833333332
 30
0.0
 10
242.9774230555555
 20
41.80183833333332
 30
0.0
 10
243.5877286111111
 20
41.90096888888888
 30
0.0
 10
243.7605897222222
 20
41.90096888888888
 30
0.0
 10
244.9271082407407
 20
41.90096888888888
 30
0.0
 10
246.0936267592592
 20
41.90096888888888
 30
0.0
 10
247.2601452777778
 20
41.90096888888888
 30
0.0
 10
247.2601452777778
 20
40.90013833333332
 30
0.0
 10
247.2601452777778
 20
39.89930777777777
 30
0.0
 10
247.2601452777778
 20
38.89847722222221
 30
0.0
 10
246.0936267592592
 20
38.89847722222221
 30
0.0
 10
244.9271082407407
 20
38.89847722222221
 30
0.0
 10
243.7605897222222
 20
38.89847722222221
 30
0.0
 10
243.5877286111111
 20
38.90235777777777
 30
0.0
 10
242.9774230555555
 20
39.00078277777776
 30
0.0
 10
242.0108119444444
 20
39.00078277777776
 30
0.0
 10
241.0442008333333
 20
39.00078277777776
 30
0.0
 10
240.2610341666666
 20
38.95492166666666
 30
0.0
 10
240.2610341666666
 20
38.90235777777777
 30
0.0
 10
240.2610341666666
 20
37.24042166666666
 30
0.0
 10
241.6051175
 20
35.8998661111111
 30
0.0
 10
243.2631730555555
 20
35.8998661111111
 30
0.0
 10
262.8211730555556
 20
35.8998661111111
 30
0.0
 10
255.4569369444444
 20
32.79083555555555
 30
0.0
 10
257.6840230555555
 20
31.37372722222221
 30
0.0
 10
259.3960536111111
 20
30.28434944444444
 30
0.0
 10
258.8877008333333
 20
31.20756888888888
 30
0.0
 10
263.6861841666666
 20
28.13522722222221
 30
0.0
 10
263.7334563888889
 20
28.10488833333332
 30
0.0
 10
264.2192313888889
 20
28.7180161111111
 30
0.0
 10
264.7734452777777
 20
29.51000222222222
 30
0.0
 10
265.3280119444444
 20
30.30163555555555
 30
0.0
 10
265.5943591666667
 20
30.86043555555555
 30
0.0
 10
265.6934897222222
 20
31.00189944444444
 30
0.0
 10
266.1951397222222
 20
31.71874388888888
 30
0.0
 10
267.7007952777778
 20
33.86857166666665
 30
0.0
 10
267.7007952777778
 20
33.86857166666665
 30
0.0
 10
268.5205332407408
 20
33.29460222222221
 30
0.0
 10
269.3402712037037
 20
32.72063277777776
 30
0.0
 10
270.1600091666667
 20
32.14666333333332
 30
0.0
 10
270.1600091666667
 20
32.14666333333332
 30
0.0
 10
268.6543536111111
 20
29.99683555555555
 30
0.0
 10
268.1527036111111
 20
29.27999111111111
 30
0.0
 10
268.0535730555555
 20
29.13852722222222
 30
0.0
 10
267.6196563888889
 20
28.69720222222222
 30
0.0
 10
267.0650897222222
 20
27.9052161111111
 30
0.0
 10
266.5108758333333
 20
27.11358277777777
 30
0.0
 10
266.0988313888889
 20
26.44542166666666
 30
0.0
 10
266.1453980555555
 20
26.41331888888888
 30
0.0
 10
270.4669258333333
 20
23.40483
 30
0.0
 10
275.8563119444444
 20
34.70747722222222
 30
0.0
 10
279.9661730555555
 20
32.33681055555555
 30
0.0
 10
280.0155619444444
 20
32.30858833333333
 30
0.0
 10
280.4459508333333
 20
32.964755
 30
0.0
 10
280.9292563888889
 20
33.80436611111111
 30
0.0
 10
281.4125619444444
 20
34.64044944444444
 30
0.0
 10
281.6277563888888
 20
35.21547722222222
 30
0.0
 10
281.7159508333333
 20
35.36752444444443
 30
0.0
 10
282.1533952777777
 20
36.12564388888888
 30
0.0
 10
283.4657286111111
 20
38.40106055555555
 30
0.0
 10
283.4657286111111
 20
38.40106055555555
 30
0.0
 10
284.3323860185185
 20
37.90011611111111
 30
0.0
 10
285.1990434259259
 20
37.39917166666667
 30
0.0
 10
286.0657008333333
 20
36.89822722222222
 30
0.0
 10
286.0657008333333
 20
36.89822722222222
 30
0.0
 10
284.7533675
 20
34.62633833333333
 30
0.0
 10
284.3159230555555
 20
33.86821888888888
 30
0.0
 10
284.227728611111
 20
33.71617166666666
 30
0.0
 10
283.8361452777777
 20
33.23992166666666
 30
0.0
 10
283.3528397222222
 20
32.40383833333333
 30
0.0
 10
282.8695341666666
 20
31.56422722222222
 30
0.0
 10
282.5167563888888
 20
30.86572722222221
 30
0.0
 10
282.5661452777778
 20
30.837505
 30
0.0
 10
284.0019508333333
 20
30.00847722222221
 30
0.0
 10
285.8328675
 20
30.49883833333332
 30
0.0
 10
286.6618952777777
 20
31.93499666666666
 30
0.0
 10
287.8284137962963
 20
33.95629574074074
 30
0.0
 10
288.9949323148148
 20
35.97759481481481
 30
0.0
 10
290.1614508333333
 20
37.99889388888888
 30
0.0
 10
291.1351175
 20
39.68905222222222
 30
0.0
 10
290.0379786111111
 20
44.0278661111111
 30
0.0
 10
288.9126175
 20
46.57844944444444
 30
0.0
 10
286.9229508333333
 20
51.07989388888888
 30
0.0
 10
285.7552563888889
 20
63.89631055555555
 30
0.0
 10
286.7571452777778
 20
64.07269944444444
 30
0.0
 10
286.8100619444444
 20
64.07975499999999
 30
0.0
 10
286.7183397222222
 20
64.85939388888887
 30
0.0
 10
286.5525341666666
 20
65.81189388888887
 30
0.0
 10
286.3832008333333
 20
66.76474666666665
 30
0.0
 10
286.1785897222222
 20
67.3464772222222
 30
0.0
 10
286.1503675
 20
67.51933833333332
 30
0.0
 10
285.9986730555555
 20
68.38364388888887
 30
0.0
 10
285.5400619444444
 20
70.96597722222221
 30
0.0
 10
285.5400619444444
 20
70.96597722222221
 30
0.0
 10
286.5254878703703
 20
71.13883833333331
 30
0.0
 10
287.5109137962963
 20
71.31169944444444
 30
0.0
 10
288.4963397222222
 20
71.48456055555555
 30
0.0
 10
288.4963397222222
 20
71.48456055555555
 30
0.0
 10
288.9514230555555
 20
68.90222722222222
 30
0.0
 10
289.1031175
 20
68.03792166666665
 30
0.0
 10
289.1348675
 20
67.86506055555554
 30
0.0
 10
289.1419230555555
 20
67.25122722222221
 30
0.0
 10
289.3077286111111
 20
66.29872722222221
 30
0.0
 10
289.4770619444444
 20
65.35363555555554
 30
0.0
 10
289.6534508333333
 20
64.59481055555555
 30
0.0
 10
289.7134230555556
 20
64.59481055555555
 30
0.0
 10
291.3467841666667
 20
64.88056055555555
 30
0.0
 10
292.4333397222222
 20
66.43278277777777
 30
0.0
 10
292.1440619444444
 20
68.06614388888889
 30
0.0
  0
SPLINE
  5
CB
330
1F
100
AcDbEntity
  8
DEFAULT
 62
     1
100
AcDbSpline
210
0.0
220
0.0
230
1.0
 70
    11
 71
     3
 72
    20
 73
    16
 74
     0
 42
0.000000001
 43
0.0000000001
 40
1.0
 40
1.0
 40
1.0
 40
1.0
 40
2.0
 40
2.0
 40
2.0
 40
3.0
 40
3.0
 40
3.0
 40
4.0
 40
4.0
 40
4.0
 40
5.0
 40
5.0
 40
5.0
 40
6.0
 40
6.0
 40
6.0
 40
6.0
 10
280.0007452777778
 20
46.72449944444443
 30
0.0
 10
278.3822008333333
 20
43.99258833333332
 30
0.0
 10
278.0403591666666
 20
44.49600222222221
 30
0.0
 10
275.5303452777778
 20
45.89970499999999
 30
0.0
 10
270.6330841666667
 20
48.63902444444443
 30
0.0
 10
270.1600091666667
 20
38.49137166666666
 30
0.0
 10
265.0923563888888
 20
42.66261611111111
 30
0.0
 10
261.5285952777778
 20
45.59596333333332
 30
0.0
 10
268.9316369444444
 20
43.97001055555555
 30
0.0
 10
271.9298952777777
 20
60.17803277777777
 30
0.0
 10
273.0104536111111
 20
66.01862166666666
 30
0.0
 10
276.8229230555555
 20
73.62239388888888
 30
0.0
 10
278.1740619444444
 20
70.13694944444444
 30
0.0
 10
280.0226175
 20
65.37092166666666
 30
0.0
 10
283.5906119444444
 20
52.78381055555554
 30
0.0
 10
280.0007452777778
 20
46.72449944444443
 30
0.0
  0
SPLINE
  5
CC
330
1F
100
AcDbEntity
  8
DEFAULT
 62
   250
100
AcDbSpline
210
0.0
220
0.0
230
1.0
 70
     8
 71
     3
 72
    11
 73
     7
 74
     0
 42
0.000000001
 43
0.0000000001
 40
0.0
 40
0.0
 40
0.0
 40
0.0
 40
1.0
 40
1.0
 40
1.0
 40
2.0
 40
2.0
 40
2.0
 40
2.0
 10
49.60806972222221
 20
40.16840666666666
 30
0.0
 10
49.41333638888889
 20
40.23437611111111
 30
0.0
 10
49.29021694444443
 20
40.39347888888889
 30
0.0
 10
49.29021694444443
 20
40.57022055555555
 30
0.0
 10
49.29021694444443
 20
40.60020666666667
 30
0.0
 10
49.29303916666666
 20
40.62137333333333
 30
0.0
 10
49.29938916666666
 20
40.64536222222223
 30
0.0
  0
SPLINE
  5
CD
330
1F
100
AcDbEntity
  8
DEFAULT
 62
   250
100
AcDbSpline
210
0.0
220
0.0
230
1.0
 70
     8
 71
     3
 72
    11
 73
     7
 74
     0
 42
0.000000001
 43
0.0000000001
 40
0.0
 40
0.0
 40
0.0
 40
0.0
 40
2.830000000000013
 40
2.830000000000013
 40
2.830000000000013
 40
3.830000000000013
 40
3.830000000000013
 40
3.830000000000013
 40
3.830000000000013
 10
50.77442361111111
 20
40.16840666666666
 30
0.0
 10
50.44163657407407
 20
40.16840666666666
 30
0.0
 10
50.10884953703703
 20
40.16840666666666
 30
0.0
 10
49.77606249999999
 20
40.16840666666666
 30
0.0
 10
49.60531805555556
 20
40.16840666666666
 30
0.0
 10
49.45820972222222
 20
40.16523166666666
 30
0.0
 10
49.32309583333333
 20
40.15641222222222
 30
0.0
  0
SPLINE
  5
CE
330
1F
100
AcDbEntity
  8
DEFAULT
 62
   250
100
AcDbSpline
210
0.0
220
0.0
230
1.0
 70
     8
 71
     3
 72
    11
 73
     7
 74
     0
 42
0.000000001
 43
0.0000000001
 40
0.0
 40
0.0
 40
0.0
 40
0.0
 40
1.0
 40
1.0
 40
1.0
 40
2.0
 40
2.0
 40
2.0
 40
2.0
 10
35.60631972222222
 20
75.32620472222222
 30
0.0
 10
35.41158638888888
 20
75.39217416666666
 30
0.0
 10
35.28846694444444
 20
75.55127694444444
 30
0.0
 10
35.28846694444444
 20
75.72801861111111
 30
0.0
 10
35.28846694444444
 20
75.75800472222221
 30
0.0
 10
35.29128916666666
 20
75.77917138888888
 30
0.0
 10
35.29763916666666
 20
75.80280749999999
 30
0.0
  0
SPLINE
  5
CF
330
1F
100
AcDbEntity
  8
DEFAULT
 62
   250
100
AcDbSpline
210
0.0
220
0.0
230
1.0
 70
     8
 71
     3
 72
    11
 73
     7
 74
     0
 42
0.000000001
 43
0.0000000001
 40
0.0
 40
0.0
 40
0.0
 40
0.0
 40
2.829999999999998
 40
2.829999999999998
 40
2.829999999999998
 40
3.829999999999998
 40
3.829999999999998
 40
3.829999999999998
 40
3.829999999999998
 10
36.77267361111111
 20
75.32620472222222
 30
0.0
 10
36.43988657407407
 20
75.32620472222222
 30
0.0
 10
36.10709953703703
 20
75.32620472222222
 30
0.0
 10
35.77431249999999
 20
75.32620472222222
 30
0.0
 10
35.60356805555555
 20
75.32620472222222
 30
0.0
 10
35.45645972222222
 20
75.32302972222222
 30
0.0
 10
35.32134583333333
 20
75.31421027777778
 30
0.0
  0
SPLINE
  5
D0
330
1F
100
AcDbEntity
  8
DEFAULT
 62
   250
100
AcDbSpline
210
0.0
220
0.0
230
1.0
 70
     8
 71
     3
 72
    20
 73
    16
 74
     0
 42
0.000000001
 43
0.0000000001
 40
0.0
 40
0.0
 40
0.0
 40
0.0
 40
1.0
 40
1.0
 40
1.0
 40
2.0
 40
2.0
 40
2.0
 40
3.0
 40
3.0
 40
3.0
 40
4.0
 40
4.0
 40
4.0
 40
5.0
 40
5.0
 40
5.0
 40
5.0
 10
12.78777111111111
 20
72.95335083333332
 30
0.0
 10
12.78777111111111
 20
72.95335083333332
 30
0.0
 10
13.09080722222222
 20
74.64633138888888
 30
0.0
 10
13.10879888888889
 20
74.78356194444443
 30
0.0
 10
13.22451
 20
74.9031536111111
 30
0.0
 10
13.38431833333333
 20
74.95818694444444
 30
0.0
 10
13.58610722222222
 20
74.92290916666666
 30
0.0
 10
13.88491
 20
74.87034527777777
 30
0.0
 10
14.06976555555556
 20
74.6029397222222
 30
0.0
 10
14.01014611111111
 20
74.26462583333333
 30
0.0
 10
13.93994333333333
 20
73.86387027777776
 30
0.0
 10
13.63443777777778
 20
73.71323416666665
 30
0.0
 10
13.34339611111111
 20
73.76438694444444
 30
0.0
 10
13.17970722222222
 20
73.79331472222222
 30
0.0
 10
13.02766
 20
73.88609527777777
 30
0.0
 10
12.97297944444444
 20
74.00956749999999
 30
0.0
  0
SPLINE
  5
D1
330
1F
100
AcDbEntity
  8
DEFAULT
 62
   250
100
AcDbSpline
210
0.0
220
0.0
230
1.0
 70
    11
 71
     3
 72
    17
 73
    13
 74
     0
 42
0.000000001
 43
0.0000000001
 40
0.0
 40
0.0
 40
0.0
 40
0.0
 40
1.0
 40
1.0
 40
1.0
 40
2.0
 40
2.0
 40
2.0
 40
3.0
 40
3.0
 40
3.0
 40
4.0
 40
4.0
 40
4.0
 40
4.0
 10
14.48861861111111
 20
40.35971805555555
 30
0.0
 10
14.7570825
 20
39.89510972222222
 30
0.0
 10
14.55211861111111
 20
39.50670138888889
 30
0.0
 10
14.24872972222222
 20
39.33101805555555
 30
0.0
 10
13.90829916666666
 20
39.13452083333333
 30
0.0
 10
13.50225194444444
 20
39.23224027777778
 30
0.0
 10
13.27259361111111
 20
39.62911527777778
 30
0.0
 10
13.02952972222222
 20
40.04962638888888
 30
0.0
 10
13.16217416666666
 20
40.45532083333333
 30
0.0
 10
13.51001305555555
 20
40.65640416666666
 30
0.0
 10
13.87090472222222
 20
40.86489583333333
 30
0.0
 10
14.26672138888889
 20
40.74389305555555
 30
0.0
 10
14.48861861111111
 20
40.35971805555555
 30
0.0
  0
SPLINE
  5
D2
330
1F
100
AcDbEntity
  8
DEFAULT
 62
   250
100
AcDbSpline
210
0.0
220
0.0
230
1.0
 70
     8
 71
     3
 72
    14
 73
    10
 74
     0
 42
0.000000001
 43
0.0000000001
 40
0.0
 40
0.0
 40
0.0
 40
0.0
 40
1.0
 40
1.0
 40
1.0
 40
2.0
 40
2.0
 40
2.0
 40
4.456303116474027
 40
4.456303116474027
 40
4.456303116474027
 40
4.456303116474027
 10
28.84480444444444
 20
35.32755472222222
 30
0.0
 10
28.82434333333333
 20
35.48171861111111
 30
0.0
 10
28.88466833333333
 20
35.68844638888888
 30
0.0
 10
29.08116555555555
 20
35.82602972222222
 30
0.0
 10
29.24591277777777
 20
35.94138805555555
 30
0.0
 10
29.56976277777778
 20
36.02182138888889
 30
0.0
 10
29.85551277777777
 20
35.61436305555555
 30
0.0
 10
30.02120074074073
 20
35.37776675925925
 30
0.0
 10
30.1868887037037
 20
35.14117046296295
 30
0.0
 10
30.35257666666666
 20
34.90457416666666
 30
0.0
  0
SPLINE
  5
D3
330
1F
100
AcDbEntity
  8
DEFAULT
 62
   250
100
AcDbSpline
210
0.0
220
0.0
230
1.0
 70
     8
 71
     3
 72
    11
 73
     7
 74
     0
 42
0.000000001
 43
0.0000000001
 40
0.0
 40
0.0
 40
0.0
 40
0.0
 40
3.000600773178587
 40
3.000600773178587
 40
3.000600773178587
 40
4.000600773178586
 40
4.000600773178586
 40
4.000600773178586
 40
4.000600773178586
 10
29.54065861111111
 20
34.33607277777777
 30
0.0
 10
29.33828175925926
 20
34.62511537037036
 30
0.0
 10
29.1359049074074
 20
34.91415796296295
 30
0.0
 10
28.93352805555555
 20
35.20320055555555
 30
0.0
 10
28.84745027777777
 20
35.32596722222222
 30
0.0
 10
28.77442527777778
 20
35.42474499999999
 30
0.0
 10
28.69822527777778
 20
35.51787833333333
 30
0.0
  0
SPLINE
  5
D4
330
1F
100
AcDbEntity
  8
DEFAULT
 62
   250
100
AcDbSpline
210
0.0
220
0.0
230
1.0
 70
     8
 71
     3
 72
    20
 73
    16
 74
     0
 42
0.000000001
 43
0.0000000001
 40
0.0
 40
0.0
 40
0.0
 40
0.0
 40
1.0
 40
1.0
 40
1.0
 40
2.0
 40
2.0
 40
2.0
 40
3.0
 40
3.0
 40
3.0
 40
4.0
 40
4.0
 40
4.0
 40
5.0
 40
5.0
 40
5.0
 40
5.0
 10
23.74716555555555
 20
81.32021666666667
 30
0.0
 10
23.82230722222222
 20
81.4324
 30
0.0
 10
23.98811277777778
 20
81.49766388888888
 30
0.0
 10
24.15427111111111
 20
81.49766388888888
 30
0.0
 10
24.44989888888889
 20
81.49766388888888
 30
0.0
 10
24.72471277777778
 20
81.29693333333333
 30
0.0
 10
24.72471277777778
 20
80.89018055555556
 30
0.0
 10
24.72471277777778
 20
80.54622222222223
 30
0.0
 10
24.49646555555555
 20
80.3148
 30
0.0
 10
24.19307666666667
 20
80.3148
 30
0.0
 10
23.98811277777778
 20
80.3148
 30
0.0
 10
23.84029888888889
 20
80.39664444444445
 30
0.0
 10
23.74716555555555
 20
80.53458055555555
 30
0.0
 10
23.75316277777777
 20
80.67251666666665
 30
0.0
 10
23.74716555555555
 20
82.39266111111111
 30
0.0
 10
23.74716555555555
 20
82.39266111111111
 30
0.0
  0
SPLINE
  5
D5
330
1F
100
AcDbEntity
  8
DEFAULT
 62
     1
100
AcDbSpline
210
0.0
220
0.0
230
1.0
 70
    11
 71
     3
 72
   188
 73
   184
 74
     0
 42
0.000000001
 43
0.0000000001
 40
1.0
 40
1.0
 40
1.0
 40
1.0
 40
2.0
 40
2.0
 40
2.0
 40
3.0
 40
3.0
 40
3.0
 40
4.0
 40
4.0
 40
4.0
 40
12.50795510096286
 40
12.50795510096286
 40
12.50795510096286
 40
13.50795510096286
 40
13.50795510096286
 40
13.50795510096286
 40
14.50795510096286
 40
14.50795510096286
 40
14.50795510096286
 40
15.50795510096286
 40
15.50795510096286
 40
15.50795510096286
 40
16.50795510096286
 40
16.50795510096286
 40
16.50795510096286
 40
17.50795510096286
 40
17.50795510096286
 40
17.50795510096286
 40
37.35493220076323
 40
37.35493220076323
 40
37.35493220076323
 40
38.35493220076323
 40
38.35493220076323
 40
38.35493220076323
 40
39.35493220076323
 40
39.35493220076323
 40
39.35493220076323
 40
40.35493220076323
 40
40.35493220076323
 40
40.35493220076323
 40
41.35493220076323
 40
41.35493220076323
 40
41.35493220076323
 40
49.86754049669698
 40
49.86754049669698
 40
49.86754049669698
 40
50.86754049669698
 40
50.86754049669698
 40
50.86754049669698
 40
51.86754049669698
 40
51.86754049669698
 40
51.86754049669698
 40
52.86754049669698
 40
52.86754049669698
 40
52.86754049669698
 40
53.86754049669698
 40
53.86754049669698
 40
53.86754049669698
 40
54.86754049669698
 40
54.86754049669698
 40
54.86754049669698
 40
55.86754049669698
 40
55.86754049669698
 40
55.86754049669698
 40
56.86754049669698
 40
56.86754049669698
 40
56.86754049669698
 40
65.37747598411401
 40
65.37747598411401
 40
65.37747598411401
 40
66.37747598411401
 40
66.37747598411401
 40
66.37747598411401
 40
67.37747598411401
 40
67.37747598411401
 40
67.37747598411401
 40
68.37747598411401
 40
68.37747598411401
 40
68.37747598411401
 40
69.37747598411401
 40
69.37747598411401
 40
69.37747598411401
 40
70.37747598411401
 40
70.37747598411401
 40
70.37747598411401
 40
71.37747598411401
 40
71.37747598411401
 40
71.37747598411401
 40
72.37747598411401
 40
72.37747598411401
 40
72.37747598411401
 40
73.37747598411401
 40
73.37747598411401
 40
73.37747598411401
 40
83.297475984114
 40
83.297475984114
 40
83.297475984114
 40
91.80747598411399
 40
91.80747598411399
 40
91.80747598411399
 40
101.727475984114
 40
101.727475984114
 40
101.727475984114
 40
102.727475984114
 40
102.727475984114
 40
102.727475984114
 40
103.727475984114
 40
103.727475984114
 40
103.727475984114
 40
104.727475984114
 40
104.727475984114
 40
104.727475984114
 40
124.567475984114
 40
124.567475984114
 40
124.567475984114
 40
125.567475984114
 40
125.567475984114
 40
125.567475984114
 40
126.567475984114
 40
126.567475984114
 40
126.567475984114
 40
127.567475984114
 40
127.567475984114
 40
127.567475984114
 40
128.567475984114
 40
128.567475984114
 40
128.567475984114
 40
138.487475984114
 40
138.487475984114
 40
138.487475984114
 40
146.987475984114
 40
146.987475984114
 40
146.987475984114
 40
156.9074759841139
 40
156.9074759841139
 40
156.9074759841139
 40
157.9074759841139
 40
157.9074759841139
 40
157.9074759841139
 40
158.9074759841139
 40
158.9074759841139
 40
158.9074759841139
 40
159.9074759841139
 40
159.9074759841139
 40
159.9074759841139
 40
160.9074759841139
 40
160.9074759841139
 40
160.9074759841139
 40
161.9074759841139
 40
161.9074759841139
 40
161.9074759841139
 40
162.9074759841139
 40
162.9074759841139
 40
162.9074759841139
 40
163.9074759841139
 40
163.9074759841139
 40
163.9074759841139
 40
173.8274759841139
 40
173.8274759841139
 40
173.8274759841139
 40
182.3374759841139
 40
182.3374759841139
 40
182.3374759841139
 40
192.2574759841139
 40
192.2574759841139
 40
192.2574759841139
 40
193.2574759841139
 40
193.2574759841139
 40
193.2574759841139
 40
194.2574759841139
 40
194.2574759841139
 40
194.2574759841139
 40
195.2574759841139
 40
195.2574759841139
 40
195.2574759841139
 40
196.2574759841139
 40
196.2574759841139
 40
196.2574759841139
 40
197.2574759841139
 40
197.2574759841139
 40
197.2574759841139
 40
198.2574759841139
 40
198.2574759841139
 40
198.2574759841139
 40
198.2574759841139
 10
10.28643555555555
 20
64.5948811111111
 30
0.0
 10
10.34640777777778
 20
64.5948811111111
 30
0.0
 10
10.52279666666667
 20
65.35335333333333
 30
0.0
 10
10.69213
 20
66.29879777777778
 30
0.0
 10
10.85793555555555
 20
67.25129777777778
 30
0.0
 10
10.86499111111111
 20
67.86513111111111
 30
0.0
 10
10.89674111111111
 20
68.03799222222223
 30
0.0
 10
11.04843555555555
 20
68.90229777777778
 30
0.0
 10
11.50351888888889
 20
71.4846311111111
 30
0.0
 10
11.50351888888889
 20
71.4846311111111
 30
0.0
 10
12.48894481481481
 20
71.31177
 30
0.0
 10
13.47437074074074
 20
71.13890888888888
 30
0.0
 10
14.45979666666667
 20
70.96604777777777
 30
0.0
 10
14.45979666666667
 20
70.96604777777777
 30
0.0
 10
14.00118555555555
 20
68.38371444444444
 30
0.0
 10
13.84949111111111
 20
67.51940888888889
 30
0.0
 10
13.82126888888889
 20
67.34654777777777
 30
0.0
 10
13.61665777777778
 20
66.76446444444444
 30
0.0
 10
13.44732444444444
 20
65.81196444444444
 30
0.0
 10
13.28151888888889
 20
64.85946444444444
 30
0.0
 10
13.18979666666667
 20
64.07982555555554
 30
0.0
 10
13.24271333333333
 20
64.07276999999999
 30
0.0
 10
14.24460222222222
 20
63.89638111111111
 30
0.0
 10
13.07690777777777
 20
51.07996444444444
 30
0.0
 10
11.08724111111111
 20
46.57852
 30
0.0
 10
9.961879999999999
 20
44.02793666666666
 30
0.0
 10
8.86474111111111
 20
39.68877
 30
0.0
 10
9.838407777777778
 20
37.99896444444445
 30
0.0
 10
11.0049262962963
 20
35.97754777777778
 30
0.0
 10
12.17144481481481
 20
33.95613111111111
 30
0.0
 10
13.33796333333333
 20
31.93471444444444
 30
0.0
 10
14.16699111111111
 20
30.49890888888889
 30
0.0
 10
15.99790777777778
 20
30.00854777777778
 30
0.0
 10
17.43371333333333
 20
30.83757555555555
 30
0.0
 10
17.48310222222222
 20
30.86579777777778
 30
0.0
 10
17.13032444444444
 20
31.56429777777778
 30
0.0
 10
16.64701888888889
 20
32.40390888888889
 30
0.0
 10
16.16371333333333
 20
33.23999222222222
 30
0.0
 10
15.77213
 20
33.71624222222222
 30
0.0
 10
15.68393555555555
 20
33.86793666666667
 30
0.0
 10
15.24649111111111
 20
34.62640888888889
 30
0.0
 10
13.93415777777778
 20
36.89829777777778
 30
0.0
 10
13.93415777777778
 20
36.89829777777778
 30
0.0
 10
14.80081518518518
 20
37.39924222222222
 30
0.0
 10
15.66747259259259
 20
37.90018666666666
 30
0.0
 10
16.53413
 20
38.40113111111111
 30
0.0
 10
16.53413
 20
38.40113111111111
 30
0.0
 10
17.84646333333333
 20
36.12571444444445
 30
0.0
 10
18.28390777777778
 20
35.36724222222222
 30
0.0
 10
18.37210222222222
 20
35.21554777777778
 30
0.0
 10
18.58729666666667
 20
34.64052
 30
0.0
 10
19.07060222222222
 20
33.80443666666667
 30
0.0
 10
19.55390777777778
 20
32.96482555555556
 30
0.0
 10
19.98429666666667
 20
32.30865888888889
 30
0.0
 10
20.03368555555555
 20
32.33688111111111
 30
0.0
 10
24.14354666666667
 20
34.70754777777778
 30
0.0
 10
29.53293277777778
 20
23.40490055555556
 30
0.0
 10
33.85446055555555
 20
26.41338944444444
 30
0.0
 10
33.90102722222222
 20
26.44549222222222
 30
0.0
 10
33.48933555555555
 20
27.11365333333333
 30
0.0
 10
32.93476888888889
 20
27.90528666666667
 30
0.0
 10
32.38020222222222
 20
28.69727277777778
 30
0.0
 10
31.94663833333333
 20
29.138245
 30
0.0
 10
31.84750777777777
 20
29.28006166666667
 30
0.0
 10
31.345505
 20
29.99655333333333
 30
0.0
 10
29.84020222222222
 20
32.14673388888889
 30
0.0
 10
29.84020222222222
 20
32.14673388888889
 30
0.0
 10
30.65994018518518
 20
32.72070333333333
 30
0.0
 10
31.47967814814814
 20
33.29467277777778
 30
0.0
 10
32.29941611111111
 20
33.86864222222222
 30
0.0
 10
32.29941611111111
 20
33.86864222222222
 30
0.0
 10
33.80471888888889
 20
31.71846166666667
 30
0.0
 10
34.30672166666666
 20
31.00197
 30
0.0
 10
34.40585222222222
 20
30.86050611111111
 30
0.0
 10
34.67184666666666
 20
30.30170611111111
 30
0.0
 10
35.22641333333333
 20
29.50972
 30
0.0
 10
35.78062722222221
 20
28.71808666666667
 30
0.0
 10
36.26640222222222
 20
28.10495888888889
 30
0.0
 10
36.31367444444444
 20
28.13529777777778
 30
0.0
 10
41.11215777777777
 20
31.20763944444445
 30
0.0
 10
40.60380499999999
 20
30.28406722222222
 30
0.0
 10
42.31583555555555
 20
31.37379777777778
 30
0.0
 10
44.54292166666666
 20
32.79090611111111
 30
0.0
 10
37.17868555555555
 20
35.89993666666667
 30
0.0
 10
56.73668555555555
 20
35.89993666666667
 30
0.0
 10
58.39474111111111
 20
35.89993666666667
 30
0.0
 10
59.73882444444444
 20
37.24049222222222
 30
0.0
 10
59.73882444444444
 20
38.90207555555556
 30
0.0
 10
59.73882444444444
 20
38.95499222222222
 30
0.0
 10
58.95565777777777
 20
39.00085333333333
 30
0.0
 10
57.98904666666666
 20
39.00085333333333
 30
0.0
 10
57.02243555555555
 20
39.00085333333333
 30
0.0
 10
56.41213
 20
38.90207555555556
 30
0.0
 10
56.23926888888888
 20
38.89854777777778
 30
0.0
 10
55.07275037037036
 20
38.89854777777778
 30
0.0
 10
53.90623185185185
 20
38.89854777777778
 30
0.0
 10
52.73971333333333
 20
38.89854777777778
 30
0.0
 10
52.73971333333333
 20
39.89926074074074
 30
0.0
 10
52.73971333333333
 20
40.8999737037037
 30
0.0
 10
52.73971333333333
 20
41.90068666666667
 30
0.0
 10
53.90623185185185
 20
41.90068666666667
 30
0.0
 10
55.07275037037036
 20
41.90068666666667
 30
0.0
 10
56.23926888888888
 20
41.90068666666667
 30
0.0
 10
56.41213
 20
41.90068666666667
 30
0.0
 10
57.02243555555555
 20
41.80190888888889
 30
0.0
 10
57.98904666666666
 20
41.80190888888889
 30
0.0
 10
58.95565777777777
 20
41.80190888888889
 30
0.0
 10
59.73882444444444
 20
41.84424222222222
 30
0.0
 10
59.73882444444444
 20
41.90068666666667
 30
0.0
 10
59.73882444444444
 20
43.55874222222222
 30
0.0
 10
58.39474111111111
 20
46.39860333333333
 30
0.0
 10
56.73668555555555
 20
46.39860333333333
 30
0.0
 10
54.40364851851851
 20
46.39860333333333
 30
0.0
 10
52.07061148148148
 20
46.39860333333333
 30
0.0
 10
49.73757444444445
 20
46.39860333333333
 30
0.0
 10
32.95593555555556
 20
46.39860333333333
 30
0.0
 10
28.73671333333333
 20
69.55846444444444
 30
0.0
 10
42.73846333333334
 20
69.55846444444444
 30
0.0
 10
44.39651888888888
 20
69.55846444444444
 30
0.0
 10
45.73707444444445
 20
72.40185333333332
 30
0.0
 10
45.73707444444445
 20
74.05990888888888
 30
0.0
 10
45.73707444444445
 20
74.11635333333334
 30
0.0
 10
44.95390777777778
 20
74.15868666666667
 30
0.0
 10
43.98729666666667
 20
74.15868666666667
 30
0.0
 10
43.02068555555555
 20
74.15868666666667
 30
0.0
 10
42.41390777777777
 20
74.05990888888888
 30
0.0
 10
42.23751888888889
 20
74.05990888888888
 30
0.0
 10
41.07100037037036
 20
74.05990888888888
 30
0.0
 10
39.90448185185185
 20
74.05990888888888
 30
0.0
 10
38.73796333333333
 20
74.05990888888888
 30
0.0
 10
38.73796333333333
 20
75.05944592592593
 30
0.0
 10
38.73796333333333
 20
76.05898296296297
 30
0.0
 10
38.73796333333333
 20
77.05852
 30
0.0
 10
39.90448185185185
 20
77.05852
 30
0.0
 10
41.07100037037036
 20
77.05852
 30
0.0
 10
42.23751888888889
 20
77.05852
 30
0.0
 10
42.41390777777777
 20
77.05852
 30
0.0
 10
43.02068555555555
 20
76.95974222222222
 30
0.0
 10
43.98729666666667
 20
76.95974222222222
 30
0.0
 10
44.95390777777778
 20
76.95974222222222
 30
0.0
 10
45.73707444444445
 20
77.00560333333333
 30
0.0
 10
45.73707444444445
 20
77.05852
 30
0.0
 10
45.73707444444445
 20
78.71657555555555
 30
0.0
 10
44.39651888888888
 20
81.05902
 30
0.0
 10
42.73846333333334
 20
81.05902
 30
0.0
 10
34.99851888888889
 20
81.05902
 30
0.0
 10
29.73507444444444
 20
83.63782555555555
 30
0.0
 10
29.73507444444444
 20
88.05813111111111
 30
0.0
 10
29.73507444444444
 20
89.71618666666666
 30
0.0
 10
27.39615777777778
 20
91.06026999999999
 30
0.0
 10
25.73810222222222
 20
91.06026999999999
 30
0.0
 10
25.68165777777778
 20
91.06026999999999
 30
0.0
 10
25.63579666666667
 20
90.27710333333333
 30
0.0
 10
25.63579666666667
 20
89.31049222222221
 30
0.0
 10
25.63579666666667
 20
88.34388111111112
 30
0.0
 10
25.73810222222222
 20
87.73357555555555
 30
0.0
 10
25.73810222222222
 20
87.56071444444443
 30
0.0
 10
25.73810222222222
 20
86.39419592592593
 30
0.0
 10
25.73810222222222
 20
85.2276774074074
 30
0.0
 10
25.73810222222222
 20
84.06115888888888
 30
0.0
 10
24.73738925925926
 20
84.06115888888888
 30
0.0
 10
23.7366762962963
 20
84.06115888888888
 30
0.0
 10
22.73596333333333
 20
84.06115888888888
 30
0.0
 10
22.73596333333333
 20
85.2276774074074
 30
0.0
 10
22.73596333333333
 20
86.3941959259259
 30
0.0
 10
22.73596333333333
 20
87.56071444444443
 30
0.0
 10
22.73596333333333
 20
87.73357555555555
 30
0.0
 10
22.83826888888889
 20
88.34388111111112
 30
0.0
 10
22.83826888888889
 20
89.31049222222221
 30
0.0
 10
22.83826888888889
 20
90.27710333333333
 30
0.0
 10
22.79240777777778
 20
91.06026999999999
 30
0.0
 10
22.73596333333333
 20
91.06026999999999
 30
0.0
 10
21.07790777777778
 20
91.06026999999999
 30
0.0
 10
18.73899111111111
 20
89.71618666666666
 30
0.0
 10
18.73899111111111
 20
88.05813111111111
 30
0.0
 10
18.73899111111111
 20
83.24271444444445
 30
0.0
 10
10.27938
 20
81.85629777777777
 30
0.0
 10
9.069352222222223
 20
74.95949222222221
 30
0.0
 10
8.765963333333332
 20
73.23793666666666
 30
0.0
 10
8.159185555555554
 20
69.79129777777777
 30
0.0
 10
7.855796666666666
 20
68.06621444444444
 30
0.0
 10
7.566518888888888
 20
66.43285333333333
 30
0.0
 10
8.653074444444442
 20
64.8806311111111
 30
0.0
 10
10.28643555555555
 20
64.5948811111111
 30
0.0
  0
SPLINE
  5
D6
330
1F
100
AcDbEntity
  8
DEFAULT
 62
     1
100
AcDbSpline
210
0.0
220
0.0
230
1.0
 70
    11
 71
     3
 72
    20
 73
    16
 74
     0
 42
0.000000001
 43
0.0000000001
 40
1.0
 40
1.0
 40
1.0
 40
1.0
 40
2.0
 40
2.0
 40
2.0
 40
3.0
 40
3.0
 40
3.0
 40
4.0
 40
4.0
 40
4.0
 40
5.0
 40
5.0
 40
5.0
 40
6.0
 40
6.0
 40
6.0
 40
6.0
 10
21.82579666666667
 20
70.13701999999999
 30
0.0
 10
23.17693555555556
 20
73.62246444444443
 30
0.0
 10
26.989405
 20
66.01869222222221
 30
0.0
 10
28.06996333333333
 20
60.17810333333333
 30
0.0
 10
31.06822166666667
 20
43.97008111111111
 30
0.0
 10
38.47126333333333
 20
45.59568111111111
 30
0.0
 10
34.90750222222222
 20
42.66268666666667
 30
0.0
 10
29.84020222222222
 20
38.49144222222223
 30
0.0
 10
29.36677444444444
 20
48.639095
 30
0.0
 10
24.46951333333334
 20
45.89977555555555
 30
0.0
 10
21.95949944444444
 20
44.49607277777778
 30
0.0
 10
21.61765777777778
 20
43.99265888888889
 30
0.0
 10
19.99911333333333
 20
46.72457000000001
 30
0.0
 10
16.40924666666666
 20
52.78388111111111
 30
0.0
 10
19.97724111111111
 20
65.37099222222223
 30
0.0
 10
21.82579666666667
 20
70.13701999999999
 30
0.0
  0
SPLINE
  5
D7
330
1F
100
AcDbEntity
  8
DEFAULT
 62
   250
100
AcDbSpline
210
0.0
220
0.0
230
1.0
 70
     8
 71
     3
 72
    14
 73
    10
 74
     0
 42
0.000000001
 43
0.0000000001
 40
0.0
 40
0.0
 40
0.0
 40
0.0
 40
5.727999999999952
 40
5.727999999999952
 40
5.727999999999952
 40
6.727999999999952
 40
6.727999999999952
 40
6.727999999999952
 40
12.45640361706461
 40
12.45640361706461
 40
12.45640361706461
 40
12.45640361706461
 10
242.2166577777778
 20
81.68763472222221
 30
0.0
 10
241.5430874074074
 20
81.68763472222221
 30
0.0
 10
240.869517037037
 20
81.68763472222221
 30
0.0
 10
240.1959466666667
 20
81.68763472222221
 30
0.0
 10
240.1959466666667
 20
81.68763472222221
 30
0.0
 10
242.00993
 20
82.99890972222222
 30
0.0
 10
242.2166577777778
 20
83.09486527777777
 30
0.0
 10
241.5430874074074
 20
83.08686898148147
 30
0.0
 10
240.869517037037
 20
83.07887268518517
 30
0.0
 10
240.1959466666667
 20
83.07087638888888
 30
0.0
  0
POLYLINE
  5
D8
330
1F
100
AcDbEntity
  8
DEFAULT
 62
   250
100
AcDb2dPolyline
 66
     1
 10
0.0
 20
0.0
 30
0.0
  0
VERTEX
  5
D9
330
D8
100
AcDbEntity
  8
DEFAULT
 62
   250
100
AcDbVertex
100
AcDb2dVertex
 10
239.3176358333333
 20
74.63313749999999
 30
0.0
  0
VERTEX
  5
DA
330
D8
100
AcDbEntity
  8
DEFAULT
 62
   250
100
AcDbVertex
100
AcDb2dVertex
 10
237.2965719444444
 20
74.63313749999999
 30
0.0
  0
SEQEND
  5
DB
330
D8
100
AcDbEntity
  8
DEFAULT
 62
   250
  0
POLYLINE
  5
DC
330
1F
100
AcDbEntity
  8
DEFAULT
 62
   250
100
AcDb2dPolyline
 66
     1
 10
0.0
 20
0.0
 30
0.0
  0
VERTEX
  5
DD
330
DC
100
AcDbEntity
  8
DEFAULT
 62
   250
100
AcDbVertex
100
AcDb2dVertex
 10
238.2441330555556
 20
74.63313749999999
 30
0.0
  0
VERTEX
  5
DE
330
DC
100
AcDbEntity
  8
DEFAULT
 62
   250
100
AcDbVertex
100
AcDb2dVertex
 10
238.2441330555556
 20
76.13526527777778
 30
0.0
  0
SEQEND
  5
DF
330
DC
100
AcDbEntity
  8
DEFAULT
 62
   250
  0
POLYLINE
  5
E0
330
1F
100
AcDbEntity
  8
DEFAULT
 62
   250
100
AcDb2dPolyline
 66
     1
 10
0.0
 20
0.0
 30
0.0
  0
VERTEX
  5
E1
330
E0
100
AcDbEntity
  8
DEFAULT
 62
   250
100
AcDbVertex
100
AcDb2dVertex
 10
237.2967483333333
 20
76.13519472222222
 30
0.0
  0
VERTEX
  5
E2
330
E0
100
AcDbEntity
  8
DEFAULT
 62
   250
100
AcDbVertex
100
AcDb2dVertex
 10
239.3178122222222
 20
76.13519472222222
 30
0.0
  0
SEQEND
  5
E3
330
E0
100
AcDbEntity
  8
DEFAULT
 62
   250
  0
POLYLINE
  5
E4
330
1F
100
AcDbEntity
  8
DEFAULT
 62
   250
100
AcDb2dPolyline
 66
     1
 10
0.0
 20
0.0
 30
0.0
  0
VERTEX
  5
E5
330
E4
100
AcDbEntity
  8
DEFAULT
 62
   250
100
AcDbVertex
100
AcDb2dVertex
 10
239.3178122222222
 20
88.63732166666667
 30
0.0
  0
VERTEX
  5
E6
330
E4
100
AcDbEntity
  8
DEFAULT
 62
   250
100
AcDbVertex
100
AcDb2dVertex
 10
237.2967483333333
 20
88.63732166666667
 30
0.0
  0
SEQEND
  5
E7
330
E4
100
AcDbEntity
  8
DEFAULT
 62
   250
  0
POLYLINE
  5
E8
330
1F
100
AcDbEntity
  8
DEFAULT
 62
   250
100
AcDb2dPolyline
 66
     1
 10
0.0
 20
0.0
 30
0.0
  0
VERTEX
  5
E9
330
E8
100
AcDbEntity
  8
DEFAULT
 62
   250
100
AcDbVertex
100
AcDb2dVertex
 10
238.2443094444444
 20
88.63732166666667
 30
0.0
  0
VERTEX
  5
EA
330
E8
100
AcDbEntity
  8
DEFAULT
 62
   250
100
AcDbVertex
100
AcDb2dVertex
 10
238.2443094444444
 20
90.13944944444444
 30
0.0
  0
SEQEND
  5
EB
330
E8
100
AcDbEntity
  8
DEFAULT
 62
   250
  0
POLYLINE
  5
EC
330
1F
100
AcDbEntity
  8
DEFAULT
 62
   250
100
AcDb2dPolyline
 66
     1
 10
0.0
 20
0.0
 30
0.0
  0
VERTEX
  5
ED
330
EC
100
AcDbEntity
  8
DEFAULT
 62
   250
100
AcDbVertex
100
AcDb2dVertex
 10
237.2969247222222
 20
90.13937888888888
 30
0.0
  0
VERTEX
  5
EE
330
EC
100
AcDbEntity
  8
DEFAULT
 62
   250
100
AcDbVertex
100
AcDb2dVertex
 10
239.3179886111111
 20
90.13937888888888
 30
0.0
  0
SEQEND
  5
EF
330
EC
100
AcDbEntity
  8
DEFAULT
 62
   250
  0
SPLINE
  5
F0
330
1F
100
AcDbEntity
  8
DEFAULT
 62
     1
100
AcDbSpline
210
0.0
220
0.0
230
1.0
 70
    11
 71
     3
 72
    98
 73
    94
 74
     0
 42
0.000000001
 43
0.0000000001
 40
1.0
 40
1.0
 40
1.0
 40
1.0
 40
2.0
 40
2.0
 40
2.0
 40
3.0
 40
3.0
 40
3.0
 40
4.0
 40
4.0
 40
4.0
 40
12.5
 40
12.5
 40
12.5
 40
13.5
 40
13.5
 40
13.5
 40
14.5
 40
14.5
 40
14.5
 40
15.5
 40
15.5
 40
15.5
 40
16.5
 40
16.5
 40
16.5
 40
17.5
 40
17.5
 40
17.5
 40
18.5
 40
18.5
 40
18.5
 40
19.5
 40
19.5
 40
19.5
 40
20.5
 40
20.5
 40
20.5
 40
29.00700287998071
 40
29.00700287998071
 40
29.00700287998071
 40
30.00700287998071
 40
30.00700287998071
 40
30.00700287998071
 40
31.00700287998071
 40
31.00700287998071
 40
31.00700287998071
 40
32.00700287998071
 40
32.00700287998071
 40
32.00700287998071
 40
33.00700287998071
 40
33.00700287998071
 40
33.00700287998071
 40
34.00700287998071
 40
34.00700287998071
 40
34.00700287998071
 40
35.00700287998071
 40
35.00700287998071
 40
35.00700287998071
 40
36.00700287998071
 40
36.00700287998071
 40
36.00700287998071
 40
37.00700287998071
 40
37.00700287998071
 40
37.00700287998071
 40
38.00700287998071
 40
38.00700287998071
 40
38.00700287998071
 40
39.00700287998071
 40
39.00700287998071
 40
39.00700287998071
 40
47.5210029387075
 40
47.5210029387075
 40
47.5210029387075
 40
48.5210029387075
 40
48.5210029387075
 40
48.5210029387075
 40
49.5210029387075
 40
49.5210029387075
 40
49.5210029387075
 40
50.5210029387075
 40
50.5210029387075
 40
50.5210029387075
 40
51.53500293870751
 40
51.53500293870751
 40
51.53500293870751
 40
52.53500293870751
 40
52.53500293870751
 40
52.53500293870751
 40
53.53500293870751
 40
53.53500293870751
 40
53.53500293870751
 40
54.53500293870751
 40
54.53500293870751
 40
54.53500293870751
 40
54.53500293870751
 10
228.2657783333333
 20
73.88570722222221
 30
0.0
 10
228.2657783333333
 20
73.94074055555555
 30
0.0
 10
229.048945
 20
73.98554333333333
 30
0.0
 10
230.0144977777778
 20
73.98801277777777
 30
0.0
 10
230.9796977777777
 20
73.98554333333333
 30
0.0
 10
231.5885922222222
 20
73.88570722222221
 30
0.0
 10
231.7632172222222
 20
73.88570722222221
 30
0.0
 10
232.6409283333333
 20
73.88570722222221
 30
0.0
 10
235.2652422222222
 20
73.88570722222221
 30
0.0
 10
235.2652422222222
 20
73.88570722222221
 30
0.0
 10
235.2652422222222
 20
74.88524425925925
 30
0.0
 10
235.2652422222222
 20
75.8847812962963
 30
0.0
 10
235.2652422222222
 20
76.88431833333333
 30
0.0
 10
235.2652422222222
 20
76.88431833333333
 30
0.0
 10
232.6388116666666
 20
76.88643499999999
 30
0.0
 10
231.7656866666667
 20
76.88643499999999
 30
0.0
 10
231.5910616666667
 20
76.88678777777777
 30
0.0
 10
230.9821672222222
 20
76.78695166666665
 30
0.0
 10
230.0144977777778
 20
76.78695166666665
 30
0.0
 10
229.0464755555555
 20
76.78695166666665
 30
0.0
 10
228.2657783333333
 20
76.82928499999998
 30
0.0
 10
228.2633088888889
 20
76.88678777777777
 30
0.0
 10
228.2657783333333
 20
79.92737944444444
 30
0.0
 10
229.4257116666666
 20
80.66856555555555
 30
0.0
 10
229.4281811111111
 20
82.3869461111111
 30
0.0
 10
229.4257116666666
 20
84.10567944444443
 30
0.0
 10
228.2657783333333
 20
84.84651277777776
 30
0.0
 10
228.2633088888889
 20
87.88745722222221
 30
0.0
 10
228.2633088888889
 20
87.94249055555555
 30
0.0
 10
229.0468283333333
 20
87.98729333333333
 30
0.0
 10
230.0144977777778
 20
87.98729333333333
 30
0.0
 10
230.98252
 20
87.98729333333333
 30
0.0
 10
231.5910616666667
 20
87.88745722222221
 30
0.0
 10
231.7656866666667
 20
87.88745722222221
 30
0.0
 10
232.6388116666666
 20
87.88745722222221
 30
0.0
 10
235.2631255555555
 20
87.88745722222221
 30
0.0
 10
235.2631255555555
 20
87.88745722222221
 30
0.0
 10
235.2639487037037
 20
88.8878174074074
 30
0.0
 10
235.2647718518518
 20
89.88817759259257
 30
0.0
 10
235.265595
 20
90.88853777777777
 30
0.0
 10
235.265595
 20
90.88853777777777
 30
0.0
 10
232.6412811111111
 20
90.88853777777777
 30
0.0
 10
231.7632172222222
 20
90.88853777777777
 30
0.0
 10
231.5910616666667
 20
90.88571555555555
 30
0.0
 10
230.98252
 20
90.78587944444443
 30
0.0
 10
230.0144977777778
 20
90.78623222222221
 30
0.0
 10
229.0464755555555
 20
90.78623222222221
 30
0.0
 10
228.2657783333333
 20
90.83350444444443
 30
0.0
 10
228.2657783333333
 20
90.88853777777777
 30
0.0
 10
228.2657783333333
 20
92.54482944444443
 30
0.0
 10
229.6080977777777
 20
93.88679611111111
 30
0.0
 10
231.2643894444444
 20
93.88679611111111
 30
0.0
 10
235.4299894444444
 20
93.88679611111111
 30
0.0
 10
240.2394088888889
 20
93.053535
 30
0.0
 10
242.4996561111111
 20
91.3023461111111
 30
0.0
 10
244.7570811111111
 20
89.55362666666666
 30
0.0
 10
244.4678033333333
 20
86.88944888888888
 30
0.0
 10
248.2467588888889
 20
86.89191833333332
 30
0.0
 10
249.9034033333333
 20
86.89191833333332
 30
0.0
 10
251.24537
 20
85.54995166666666
 30
0.0
 10
251.2478394444444
 20
83.89119055555554
 30
0.0
 10
251.2478394444444
 20
83.83615722222221
 30
0.0
 10
250.4671422222222
 20
83.788885
 30
0.0
 10
249.4991199999999
 20
83.788885
 30
0.0
 10
248.5310977777778
 20
83.788885
 30
0.0
 10
247.9225561111111
 20
83.8887211111111
 30
0.0
 10
247.7479311111111
 20
83.88836833333332
 30
0.0
 10
246.8723366666667
 20
83.89119055555554
 30
0.0
 10
244.2480227777777
 20
83.89119055555554
 30
0.0
 10
244.2480227777777
 20
83.89119055555554
 30
0.0
 10
244.2481403703704
 20
82.89000722222221
 30
0.0
 10
244.2482579629629
 20
81.8888238888889
 30
0.0
 10
244.2483755555555
 20
80.88764055555555
 30
0.0
 10
244.2483755555555
 20
80.88764055555555
 30
0.0
 10
246.8748061111111
 20
80.89010999999999
 30
0.0
 10
247.7479311111111
 20
80.89010999999999
 30
0.0
 10
247.9225561111111
 20
80.89010999999999
 30
0.0
 10
248.5310977777778
 20
80.98994611111111
 30
0.0
 10
249.4991199999999
 20
80.98994611111111
 30
0.0
 10
250.4667894444444
 20
80.98994611111111
 30
0.0
 10
251.2503088888889
 20
80.94514333333332
 30
0.0
 10
251.2503088888889
 20
80.89010999999999
 30
0.0
 10
251.2478394444444
 20
79.23134888888887
 30
0.0
 10
249.90552
 20
77.88938222222221
 30
0.0
 10
248.2442894444444
 20
77.88938222222221
 30
0.0
 10
244.4649811111111
 20
77.88691277777777
 30
0.0
 10
244.7546116666666
 20
75.22273499999999
 30
0.0
 10
242.4993033333333
 20
73.4715461111111
 30
0.0
 10
240.2394088888889
 20
71.7203572222222
 30
0.0
 10
235.4299894444444
 20
70.88744888888888
 30
0.0
 10
231.2640366666666
 20
70.88744888888888
 30
0.0
 10
229.6052755555556
 20
70.88497944444444
 30
0.0
 10
228.2633088888889
 20
72.2269461111111
 30
0.0
 10
228.2657783333333
 20
73.88570722222221
 30
0.0
  0
SPLINE
  5
F1
330
1F
100
AcDbEntity
  8
DEFAULT
 62
   250
100
AcDbSpline
210
0.0
220
0.0
230
1.0
 70
     8
 71
     3
 72
    14
 73
    10
 74
     0
 42
0.000000001
 43
0.0000000001
 40
0.0
 40
0.0
 40
0.0
 40
0.0
 40
5.729000000000013
 40
5.729000000000013
 40
5.729000000000013
 40
6.729000000000013
 40
6.729000000000013
 40
6.729000000000013
 40
12.45840354661812
 40
12.45840354661812
 40
12.45840354661812
 40
12.45840354661812
 10
89.16793472222221
 20
81.6924325
 30
0.0
 10
88.49424675925927
 20
81.6924325
 30
0.0
 10
87.82055879629631
 20
81.6924325
 30
0.0
 10
87.14687083333332
 20
81.6924325
 30
0.0
 10
87.14687083333332
 20
81.6924325
 30
0.0
 10
88.96120694444443
 20
83.00370749999999
 30
0.0
 10
89.16793472222221
 20
83.09966305555555
 30
0.0
 10
88.49424675925927
 20
83.09166675925924
 30
0.0
 10
87.82055879629631
 20
83.08367046296296
 30
0.0
 10
87.14687083333332
 20
83.07567416666666
 30
0.0
  0
POLYLINE
  5
F2
330
1F
100
AcDbEntity
  8
DEFAULT
 62
   250
100
AcDb2dPolyline
 66
     1
 10
0.0
 20
0.0
 30
0.0
  0
VERTEX
  5
F3
330
F2
100
AcDbEntity
  8
DEFAULT
 62
   250
100
AcDbVertex
100
AcDb2dVertex
 10
86.26891277777777
 20
74.63793527777777
 30
0.0
  0
VERTEX
  5
F4
330
F2
100
AcDbEntity
  8
DEFAULT
 62
   250
100
AcDbVertex
100
AcDb2dVertex
 10
84.24784888888887
 20
74.63793527777777
 30
0.0
  0
SEQEND
  5
F5
330
F2
100
AcDbEntity
  8
DEFAULT
 62
   250
  0
POLYLINE
  5
F6
330
1F
100
AcDbEntity
  8
DEFAULT
 62
   250
100
AcDb2dPolyline
 66
     1
 10
0.0
 20
0.0
 30
0.0
  0
VERTEX
  5
F7
330
F6
100
AcDbEntity
  8
DEFAULT
 62
   250
100
AcDbVertex
100
AcDb2dVertex
 10
85.19540999999998
 20
74.63793527777777
 30
0.0
  0
VERTEX
  5
F8
330
F6
100
AcDbEntity
  8
DEFAULT
 62
   250
100
AcDbVertex
100
AcDb2dVertex
 10
85.19540999999998
 20
76.14006305555556
 30
0.0
  0
SEQEND
  5
F9
330
F6
100
AcDbEntity
  8
DEFAULT
 62
   250
  0
POLYLINE
  5
FA
330
1F
100
AcDbEntity
  8
DEFAULT
 62
   250
100
AcDb2dPolyline
 66
     1
 10
0.0
 20
0.0
 30
0.0
  0
VERTEX
  5
FB
330
FA
100
AcDbEntity
  8
DEFAULT
 62
   250
100
AcDbVertex
100
AcDb2dVertex
 10
84.24802527777777
 20
76.14002777777777
 30
0.0
  0
VERTEX
  5
FC
330
FA
100
AcDbEntity
  8
DEFAULT
 62
   250
100
AcDbVertex
100
AcDb2dVertex
 10
86.26908916666666
 20
76.14002777777777
 30
0.0
  0
SEQEND
  5
FD
330
FA
100
AcDbEntity
  8
DEFAULT
 62
   250
  0
POLYLINE
  5
FE
330
1F
100
AcDbEntity
  8
DEFAULT
 62
   250
100
AcDb2dPolyline
 66
     1
 10
0.0
 20
0.0
 30
0.0
  0
VERTEX
  5
FF
330
FE
100
AcDbEntity
  8
DEFAULT
 62
   250
100
AcDbVertex
100
AcDb2dVertex
 10
86.26908916666666
 20
88.64211944444443
 30
0.0
  0
VERTEX
  5
100
330
FE
100
AcDbEntity
  8
DEFAULT
 62
   250
100
AcDbVertex
100
AcDb2dVertex
 10
84.24802527777777
 20
88.64211944444443
 30
0.0
  0
SEQEND
  5
101
330
FE
100
AcDbEntity
  8
DEFAULT
 62
   250
  0
POLYLINE
  5
102
330
1F
100
AcDbEntity
  8
DEFAULT
 62
   250
100
AcDb2dPolyline
 66
     1
 10
0.0
 20
0.0
 30
0.0
  0
VERTEX
  5
103
330
102
100
AcDbEntity
  8
DEFAULT
 62
   250
100
AcDbVertex
100
AcDb2dVertex
 10
85.19558638888888
 20
88.64211944444443
 30
0.0
  0
VERTEX
  5
104
330
102
100
AcDbEntity
  8
DEFAULT
 62
   250
100
AcDbVertex
100
AcDb2dVertex
 10
85.19558638888888
 20
90.14424722222222
 30
0.0
  0
SEQEND
  5
105
330
102
100
AcDbEntity
  8
DEFAULT
 62
   250
  0
POLYLINE
  5
106
330
1F
100
AcDbEntity
  8
DEFAULT
 62
   250
100
AcDb2dPolyline
 66
     1
 10
0.0
 20
0.0
 30
0.0
  0
VERTEX
  5
107
330
106
100
AcDbEntity
  8
DEFAULT
 62
   250
100
AcDbVertex
100
AcDb2dVertex
 10
84.24820166666666
 20
90.14417666666667
 30
0.0
  0
VERTEX
  5
108
330
106
100
AcDbEntity
  8
DEFAULT
 62
   250
100
AcDbVertex
100
AcDb2dVertex
 10
86.26926555555555
 20
90.14417666666667
 30
0.0
  0
SEQEND
  5
109
330
106
100
AcDbEntity
  8
DEFAULT
 62
   250
  0
SPLINE
  5
10A
330
1F
100
AcDbEntity
  8
DEFAULT
 62
     1
100
AcDbSpline
210
0.0
220
0.0
230
1.0
 70
    11
 71
     3
 72
    98
 73
    94
 74
     0
 42
0.000000001
 43
0.0000000001
 40
1.0
 40
1.0
 40
1.0
 40
1.0
 40
2.0
 40
2.0
 40
2.0
 40
3.0
 40
3.0
 40
3.0
 40
4.0
 40
4.0
 40
4.0
 40
12.5
 40
12.5
 40
12.5
 40
13.5
 40
13.5
 40
13.5
 40
14.5
 40
14.5
 40
14.5
 40
15.5
 40
15.5
 40
15.5
 40
16.5
 40
16.5
 40
16.5
 40
17.5
 40
17.5
 40
17.5
 40
18.5
 40
18.5
 40
18.5
 40
19.5
 40
19.5
 40
19.5
 40
20.5
 40
20.5
 40
20.5
 40
29.00700287998071
 40
29.00700287998071
 40
29.00700287998071
 40
30.00700287998071
 40
30.00700287998071
 40
30.00700287998071
 40
31.00700287998071
 40
31.00700287998071
 40
31.00700287998071
 40
32.00700287998071
 40
32.00700287998071
 40
32.00700287998071
 40
33.00700287998071
 40
33.00700287998071
 40
33.00700287998071
 40
34.00700287998071
 40
34.00700287998071
 40
34.00700287998071
 40
35.00700287998071
 40
35.00700287998071
 40
35.00700287998071
 40
36.00700287998071
 40
36.00700287998071
 40
36.00700287998071
 40
37.00700287998071
 40
37.00700287998071
 40
37.00700287998071
 40
38.00700287998071
 40
38.00700287998071
 40
38.00700287998071
 40
39.00700287998071
 40
39.00700287998071
 40
39.00700287998071
 40
47.5210029387075
 40
47.5210029387075
 40
47.5210029387075
 40
48.5210029387075
 40
48.5210029387075
 40
48.5210029387075
 40
49.5210029387075
 40
49.5210029387075
 40
49.5210029387075
 40
50.5210029387075
 40
50.5210029387075
 40
50.5210029387075
 40
51.53500293870751
 40
51.53500293870751
 40
51.53500293870751
 40
52.53500293870751
 40
52.53500293870751
 40
52.53500293870751
 40
53.53500293870751
 40
53.53500293870751
 40
53.53500293870751
 40
54.53500293870751
 40
54.53500293870751
 40
54.53500293870751
 40
54.53500293870751
 10
75.21705527777776
 20
73.89050499999999
 30
0.0
 10
75.21705527777776
 20
73.94553833333332
 30
0.0
 10
76.00022194444443
 20
73.99034111111109
 30
0.0
 10
76.9657747222222
 20
73.99281055555554
 30
0.0
 10
77.93097472222222
 20
73.99034111111109
 30
0.0
 10
78.53986916666666
 20
73.89050499999999
 30
0.0
 10
78.71414138888888
 20
73.89050499999999
 30
0.0
 10
79.59220527777777
 20
73.89050499999999
 30
0.0
 10
82.21651916666666
 20
73.89050499999999
 30
0.0
 10
82.21651916666666
 20
73.89050499999999
 30
0.0
 10
82.21651916666666
 20
74.89004203703702
 30
0.0
 10
82.21651916666666
 20
75.88957907407405
 30
0.0
 10
82.21651916666666
 20
76.8891161111111
 30
0.0
 10
82.21651916666666
 20
76.8891161111111
 30
0.0
 10
79.5900886111111
 20
76.89123277777777
 30
0.0
 10
78.7169636111111
 20
76.89123277777777
 30
0.0
 10
78.54233861111109
 20
76.89158555555555
 30
0.0
 10
77.93344416666665
 20
76.79174944444443
 30
0.0
 10
76.9657747222222
 20
76.79174944444443
 30
0.0
 10
75.99775249999999
 20
76.79174944444443
 30
0.0
 10
75.21705527777776
 20
76.83408277777777
 30
0.0
 10
75.21458583333332
 20
76.89158555555555
 30
0.0
 10
75.21705527777776
 20
79.93217722222221
 30
0.0
 10
76.3769886111111
 20
80.67336333333333
 30
0.0
 10
76.37945805555555
 20
82.39209666666665
 30
0.0
 10
76.3769886111111
 20
84.11047722222222
 30
0.0
 10
75.21705527777776
 20
84.85131055555554
 30
0.0
 10
75.21458583333332
 20
87.89225499999999
 30
0.0
 10
75.21458583333332
 20
87.94728833333332
 30
0.0
 10
75.99810527777777
 20
87.99209111111111
 30
0.0
 10
76.9657747222222
 20
87.99209111111111
 30
0.0
 10
77.93379694444442
 20
87.99209111111111
 30
0.0
 10
78.54233861111109
 20
87.89225499999999
 30
0.0
 10
78.7169636111111
 20
87.89225499999999
 30
0.0
 10
79.5900886111111
 20
87.89225499999999
 30
0.0
 10
82.21440249999999
 20
87.89225499999999
 30
0.0
 10
82.21440249999999
 20
87.89225499999999
 30
0.0
 10
82.21522564814813
 20
88.89261518518516
 30
0.0
 10
82.21604879629628
 20
89.89297537037037
 30
0.0
 10
82.21687194444443
 20
90.89333555555554
 30
0.0
 10
82.21687194444443
 20
90.89333555555554
 30
0.0
 10
79.59255805555554
 20
90.89333555555554
 30
0.0
 10
78.71449416666665
 20
90.89333555555554
 30
0.0
 10
78.54233861111109
 20
90.89051333333333
 30
0.0
 10
77.93379694444442
 20
90.79102999999998
 30
0.0
 10
76.9657747222222
 20
90.79102999999998
 30
0.0
 10
75.99775249999999
 20
90.79102999999998
 30
0.0
 10
75.21705527777776
 20
90.83830222222221
 30
0.0
 10
75.21705527777776
 20
90.89333555555554
 30
0.0
 10
75.21705527777776
 20
92.54962722222221
 30
0.0
 10
76.55902194444444
 20
93.89159388888889
 30
0.0
 10
78.21566638888888
 20
93.89159388888889
 30
0.0
 10
82.38126638888887
 20
93.89159388888889
 30
0.0
 10
87.19068583333332
 20
93.05833277777776
 30
0.0
 10
89.45093305555554
 20
91.30714388888887
 30
0.0
 10
91.70835805555554
 20
89.55842444444444
 30
0.0
 10
91.41908027777777
 20
86.89424666666665
 30
0.0
 10
95.19803583333331
 20
86.89706888888888
 30
0.0
 10
96.85468027777777
 20
86.8967161111111
 30
0.0
 10
98.19664694444442
 20
85.55474944444443
 30
0.0
 10
98.19911638888887
 20
83.89598833333332
 30
0.0
 10
98.19911638888887
 20
83.84095499999998
 30
0.0
 10
97.41841916666667
 20
83.79368277777776
 30
0.0
 10
96.45039694444444
 20
83.79368277777776
 30
0.0
 10
95.48237472222222
 20
83.79368277777776
 30
0.0
 10
94.87383305555554
 20
83.89351888888888
 30
0.0
 10
94.69920805555554
 20
83.89351888888888
 30
0.0
 10
93.82361361111111
 20
83.89598833333332
 30
0.0
 10
91.19929972222221
 20
83.89598833333332
 30
0.0
 10
91.19929972222221
 20
83.89598833333332
 30
0.0
 10
91.19941731481481
 20
82.89480499999999
 30
0.0
 10
91.19953490740738
 20
81.89362166666666
 30
0.0
 10
91.19965249999998
 20
80.89243833333333
 30
0.0
 10
91.19965249999998
 20
80.89243833333333
 30
0.0
 10
93.82608305555556
 20
80.89490777777776
 30
0.0
 10
94.69920805555554
 20
80.89490777777776
 30
0.0
 10
94.87383305555554
 20
80.89490777777776
 30
0.0
 10
95.48237472222222
 20
80.99474388888888
 30
0.0
 10
96.45039694444444
 20
80.99474388888888
 30
0.0
 10
97.41806638888887
 20
80.99474388888888
 30
0.0
 10
98.20158583333331
 20
80.9499411111111
 30
0.0
 10
98.20158583333331
 20
80.89490777777776
 30
0.0
 10
98.19911638888887
 20
79.23614666666666
 30
0.0
 10
96.85679694444443
 20
77.89417999999999
 30
0.0
 10
95.19556638888886
 20
77.89417999999999
 30
0.0
 10
91.41625805555555
 20
77.89171055555555
 30
0.0
 10
91.70553583333333
 20
75.22753277777777
 30
0.0
 10
89.45058027777777
 20
73.47634388888888
 30
0.0
 10
87.19068583333332
 20
71.72515499999999
 30
0.0
 10
82.38126638888887
 20
70.89224666666665
 30
0.0
 10
78.2153136111111
 20
70.89224666666665
 30
0.0
 10
76.55655249999998
 20
70.88977722222221
 30
0.0
 10
75.21458583333332
 20
72.23174388888887
 30
0.0
 10
75.21705527777776
 20
73.89050499999999
 30
0.0
  0
SPLINE
  5
10B
330
1F
100
AcDbEntity
  8
DEFAULT
 62
   250
100
AcDbSpline
210
0.0
220
0.0
230
1.0
 70
     8
 71
     3
 72
    14
 73
    10
 74
     0
 42
0.000000001
 43
0.0000000001
 40
0.0
 40
0.0
 40
0.0
 40
0.0
 40
5.729000000000042
 40
5.729000000000042
 40
5.729000000000042
 40
6.729000000000042
 40
6.729000000000042
 40
6.729000000000042
 40
12.45840354661818
 40
12.45840354661818
 40
12.45840354661818
 40
12.45840354661818
 10
210.8321355555555
 20
83.09606472222221
 30
0.0
 10
211.5058235185185
 20
83.09606472222221
 30
0.0
 10
212.1795114814815
 20
83.09606472222221
 30
0.0
 10
212.8531994444444
 20
83.09606472222221
 30
0.0
 10
212.8531994444444
 20
83.09606472222221
 30
0.0
 10
211.0388633333333
 20
81.78478972222221
 30
0.0
 10
210.8321355555555
 20
81.68883416666665
 30
0.0
 10
211.5058235185185
 20
81.69683046296295
 30
0.0
 10
212.1795114814815
 20
81.70482675925923
 30
0.0
 10
212.8531994444444
 20
81.71282305555555
 30
0.0
  0
POLYLINE
  5
10C
330
1F
100
AcDbEntity
  8
DEFAULT
 62
   250
100
AcDb2dPolyline
 66
     1
 10
0.0
 20
0.0
 30
0.0
  0
VERTEX
  5
10D
330
10C
100
AcDbEntity
  8
DEFAULT
 62
   250
100
AcDbVertex
100
AcDb2dVertex
 10
213.7311575
 20
90.15056194444445
 30
0.0
  0
VERTEX
  5
10E
330
10C
100
AcDbEntity
  8
DEFAULT
 62
   250
100
AcDbVertex
100
AcDb2dVertex
 10
215.7522213888889
 20
90.15056194444445
 30
0.0
  0
SEQEND
  5
10F
330
10C
100
AcDbEntity
  8
DEFAULT
 62
   250
  0
POLYLINE
  5
110
330
1F
100
AcDbEntity
  8
DEFAULT
 62
   250
100
AcDb2dPolyline
 66
     1
 10
0.0
 20
0.0
 30
0.0
  0
VERTEX
  5
111
330
110
100
AcDbEntity
  8
DEFAULT
 62
   250
100
AcDbVertex
100
AcDb2dVertex
 10
214.8046602777777
 20
90.15056194444445
 30
0.0
  0
VERTEX
  5
112
330
110
100
AcDbEntity
  8
DEFAULT
 62
   250
100
AcDbVertex
100
AcDb2dVertex
 10
214.8046602777777
 20
88.64843416666666
 30
0.0
  0
SEQEND
  5
113
330
110
100
AcDbEntity
  8
DEFAULT
 62
   250
  0
POLYLINE
  5
114
330
1F
100
AcDbEntity
  8
DEFAULT
 62
   250
100
AcDb2dPolyline
 66
     1
 10
0.0
 20
0.0
 30
0.0
  0
VERTEX
  5
115
330
114
100
AcDbEntity
  8
DEFAULT
 62
   250
100
AcDbVertex
100
AcDb2dVertex
 10
215.752045
 20
88.64850472222221
 30
0.0
  0
VERTEX
  5
116
330
114
100
AcDbEntity
  8
DEFAULT
 62
   250
100
AcDbVertex
100
AcDb2dVertex
 10
213.7309811111111
 20
88.64850472222221
 30
0.0
  0
SEQEND
  5
117
330
114
100
AcDbEntity
  8
DEFAULT
 62
   250
  0
POLYLINE
  5
118
330
1F
100
AcDbEntity
  8
DEFAULT
 62
   250
100
AcDb2dPolyline
 66
     1
 10
0.0
 20
0.0
 30
0.0
  0
VERTEX
  5
119
330
118
100
AcDbEntity
  8
DEFAULT
 62
   250
100
AcDbVertex
100
AcDb2dVertex
 10
213.7309811111111
 20
76.14637777777777
 30
0.0
  0
VERTEX
  5
11A
330
118
100
AcDbEntity
  8
DEFAULT
 62
   250
100
AcDbVertex
100
AcDb2dVertex
 10
215.752045
 20
76.14637777777777
 30
0.0
  0
SEQEND
  5
11B
330
118
100
AcDbEntity
  8
DEFAULT
 62
   250
  0
POLYLINE
  5
11C
330
1F
100
AcDbEntity
  8
DEFAULT
 62
   250
100
AcDb2dPolyline
 66
     1
 10
0.0
 20
0.0
 30
0.0
  0
VERTEX
  5
11D
330
11C
100
AcDbEntity
  8
DEFAULT
 62
   250
100
AcDbVertex
100
AcDb2dVertex
 10
214.8044838888889
 20
76.14637777777777
 30
0.0
  0
VERTEX
  5
11E
330
11C
100
AcDbEntity
  8
DEFAULT
 62
   250
100
AcDbVertex
100
AcDb2dVertex
 10
214.8044838888889
 20
74.64425
 30
0.0
  0
SEQEND
  5
11F
330
11C
100
AcDbEntity
  8
DEFAULT
 62
   250
  0
POLYLINE
  5
120
330
1F
100
AcDbEntity
  8
DEFAULT
 62
   250
100
AcDb2dPolyline
 66
     1
 10
0.0
 20
0.0
 30
0.0
  0
VERTEX
  5
121
330
120
100
AcDbEntity
  8
DEFAULT
 62
   250
100
AcDbVertex
100
AcDb2dVertex
 10
215.7518686111111
 20
74.64432055555555
 30
0.0
  0
VERTEX
  5
122
330
120
100
AcDbEntity
  8
DEFAULT
 62
   250
100
AcDbVertex
100
AcDb2dVertex
 10
213.7308047222222
 20
74.64432055555555
 30
0.0
  0
SEQEND
  5
123
330
120
100
AcDbEntity
  8
DEFAULT
 62
   250
  0
SPLINE
  5
124
330
1F
100
AcDbEntity
  8
DEFAULT
 62
     1
100
AcDbSpline
210
0.0
220
0.0
230
1.0
 70
    11
 71
     3
 72
    98
 73
    94
 74
     0
 42
0.000000001
 43
0.0000000001
 40
1.0
 40
1.0
 40
1.0
 40
1.0
 40
2.0
 40
2.0
 40
2.0
 40
3.0
 40
3.0
 40
3.0
 40
4.0
 40
4.0
 40
4.0
 40
12.5
 40
12.5
 40
12.5
 40
13.5
 40
13.5
 40
13.5
 40
14.5
 40
14.5
 40
14.5
 40
15.5
 40
15.5
 40
15.5
 40
16.5
 40
16.5
 40
16.5
 40
17.5
 40
17.5
 40
17.5
 40
18.5
 40
18.5
 40
18.5
 40
19.5
 40
19.5
 40
19.5
 40
20.5
 40
20.5
 40
20.5
 40
29.00600288031929
 40
29.00600288031929
 40
29.00600288031929
 40
30.00600288031929
 40
30.00600288031929
 40
30.00600288031929
 40
31.00600288031929
 40
31.00600288031929
 40
31.00600288031929
 40
32.00600288031929
 40
32.00600288031929
 40
32.00600288031929
 40
33.00600288031929
 40
33.00600288031929
 40
33.00600288031929
 40
34.00600288031929
 40
34.00600288031929
 40
34.00600288031929
 40
35.00600288031929
 40
35.00600288031929
 40
35.00600288031929
 40
36.00600288031929
 40
36.00600288031929
 40
36.00600288031929
 40
37.00600288031929
 40
37.00600288031929
 40
37.00600288031929
 40
38.00600288031929
 40
38.00600288031929
 40
38.00600288031929
 40
39.00600288031929
 40
39.00600288031929
 40
39.00600288031929
 40
47.52000293904607
 40
47.52000293904607
 40
47.52000293904607
 40
48.52000293904607
 40
48.52000293904607
 40
48.52000293904607
 40
49.52000293904607
 40
49.52000293904607
 40
49.52000293904607
 40
50.52000293904607
 40
50.52000293904607
 40
50.52000293904607
 40
51.53400293904608
 40
51.53400293904608
 40
51.53400293904608
 40
52.53400293904608
 40
52.53400293904608
 40
52.53400293904608
 40
53.53400293904608
 40
53.53400293904608
 40
53.53400293904608
 40
54.53400293904608
 40
54.53400293904608
 40
54.53400293904608
 40
54.53400293904608
 10
224.783015
 20
90.89795694444443
 30
0.0
 10
224.783015
 20
90.8429236111111
 30
0.0
 10
223.9998483333333
 20
90.79812083333331
 30
0.0
 10
223.0342955555555
 20
90.79565138888887
 30
0.0
 10
222.0690955555555
 20
90.79812083333331
 30
0.0
 10
221.4602011111111
 20
90.89795694444443
 30
0.0
 10
221.2855761111111
 20
90.89795694444443
 30
0.0
 10
220.407865
 20
90.89795694444443
 30
0.0
 10
217.7835511111111
 20
90.89795694444443
 30
0.0
 10
217.7835511111111
 20
90.89795694444443
 30
0.0
 10
217.7835511111111
 20
89.8984199074074
 30
0.0
 10
217.7835511111111
 20
88.89888287037036
 30
0.0
 10
217.7835511111111
 20
87.89934583333333
 30
0.0
 10
217.7835511111111
 20
87.89934583333333
 30
0.0
 10
220.4099816666667
 20
87.89722916666666
 30
0.0
 10
221.2831066666666
 20
87.89722916666666
 30
0.0
 10
221.4577316666666
 20
87.89722916666666
 30
0.0
 10
222.0666261111111
 20
87.9967125
 30
0.0
 10
223.0342955555555
 20
87.9967125
 30
0.0
 10
224.0023177777778
 20
87.9967125
 30
0.0
 10
224.783015
 20
87.95437916666666
 30
0.0
 10
224.7854844444444
 20
87.89687638888888
 30
0.0
 10
224.783015
 20
84.85628472222221
 30
0.0
 10
223.6230816666666
 20
84.11509861111111
 30
0.0
 10
223.6206122222222
 20
82.39671805555554
 30
0.0
 10
223.6230816666666
 20
80.67798472222222
 30
0.0
 10
224.783015
 20
79.93715138888888
 30
0.0
 10
224.7854844444444
 20
76.89620694444444
 30
0.0
 10
224.7854844444444
 20
76.8411736111111
 30
0.0
 10
224.001965
 20
76.79637083333333
 30
0.0
 10
223.0342955555555
 20
76.79637083333333
 30
0.0
 10
222.0662733333333
 20
76.79637083333333
 30
0.0
 10
221.4577316666666
 20
76.89620694444444
 30
0.0
 10
221.2831066666666
 20
76.89620694444444
 30
0.0
 10
220.4099816666667
 20
76.89620694444444
 30
0.0
 10
217.7856677777777
 20
76.89620694444444
 30
0.0
 10
217.7856677777777
 20
76.89620694444444
 30
0.0
 10
217.7848446296296
 20
75.89596435185184
 30
0.0
 10
217.7840214814815
 20
74.89572175925926
 30
0.0
 10
217.7831983333333
 20
73.89547916666666
 30
0.0
 10
217.7831983333333
 20
73.89547916666666
 30
0.0
 10
220.4075122222222
 20
73.89512638888888
 30
0.0
 10
221.2855761111111
 20
73.89512638888888
 30
0.0
 10
221.4577316666666
 20
73.8979486111111
 30
0.0
 10
222.0662733333333
 20
73.9977847222222
 30
0.0
 10
223.0342955555555
 20
73.99743194444444
 30
0.0
 10
224.0023177777778
 20
73.99743194444444
 30
0.0
 10
224.783015
 20
73.95015972222221
 30
0.0
 10
224.783015
 20
73.89547916666666
 30
0.0
 10
224.783015
 20
72.23883472222222
 30
0.0
 10
223.4406955555555
 20
70.89686805555554
 30
0.0
 10
221.7844038888889
 20
70.89686805555554
 30
0.0
 10
217.6188038888889
 20
70.89686805555554
 30
0.0
 10
212.8093844444444
 20
71.73012916666666
 30
0.0
 10
210.5491372222222
 20
73.48131805555555
 30
0.0
 10
208.2917122222222
 20
75.2300375
 30
0.0
 10
208.58099
 20
77.89421527777777
 30
0.0
 10
204.8020344444444
 20
77.89174583333333
 30
0.0
 10
203.14539
 20
77.89174583333333
 30
0.0
 10
201.8034233333333
 20
79.2337125
 30
0.0
 10
201.8009538888889
 20
80.8924736111111
 30
0.0
 10
201.8009538888889
 20
80.94750694444444
 30
0.0
 10
202.5816511111111
 20
80.99477916666666
 30
0.0
 10
203.5496733333333
 20
80.99477916666666
 30
0.0
 10
204.5176955555555
 20
80.99477916666666
 30
0.0
 10
205.1262372222222
 20
80.89494305555556
 30
0.0
 10
205.3008622222222
 20
80.89529583333334
 30
0.0
 10
206.1764566666666
 20
80.8924736111111
 30
0.0
 10
208.8007705555555
 20
80.8924736111111
 30
0.0
 10
208.8007705555555
 20
80.8924736111111
 30
0.0
 10
208.800652962963
 20
81.89365694444443
 30
0.0
 10
208.8005353703703
 20
82.89484027777776
 30
0.0
 10
208.8004177777778
 20
83.8960236111111
 30
0.0
 10
208.8004177777778
 20
83.8960236111111
 30
0.0
 10
206.1739872222222
 20
83.89355416666666
 30
0.0
 10
205.3008622222222
 20
83.89355416666666
 30
0.0
 10
205.1262372222222
 20
83.89355416666666
 30
0.0
 10
204.5176955555555
 20
83.79371805555554
 30
0.0
 10
203.5496733333333
 20
83.79371805555554
 30
0.0
 10
202.5820038888889
 20
83.79371805555554
 30
0.0
 10
201.7984844444444
 20
83.83852083333333
 30
0.0
 10
201.7984844444444
 20
83.89355416666666
 30
0.0
 10
201.8009538888889
 20
85.55231527777778
 30
0.0
 10
203.1432733333333
 20
86.89428194444444
 30
0.0
 10
204.8045038888889
 20
86.89428194444444
 30
0.0
 10
208.5838122222222
 20
86.89675138888887
 30
0.0
 10
208.2941816666666
 20
89.56092916666667
 30
0.0
 10
210.5491372222222
 20
91.31211805555554
 30
0.0
 10
212.8093844444444
 20
93.06330694444443
 30
0.0
 10
217.6188038888889
 20
93.89621527777777
 30
0.0
 10
221.7847566666667
 20
93.89621527777777
 30
0.0
 10
223.4435177777777
 20
93.8986847222222
 30
0.0
 10
224.7854844444444
 20
92.55671805555555
 30
0.0
 10
224.783015
 20
90.89795694444443
 30
0.0
  0
SPLINE
  5
125
330
1F
100
AcDbEntity
  8
DEFAULT
 62
   250
100
AcDbSpline
210
0.0
220
0.0
230
1.0
 70
     8
 71
     3
 72
    14
 73
    10
 74
     0
 42
0.000000001
 43
0.0000000001
 40
0.0
 40
0.0
 40
0.0
 40
0.0
 40
5.729000000000013
 40
5.729000000000013
 40
5.729000000000013
 40
6.729000000000013
 40
6.729000000000013
 40
6.729000000000013
 40
12.45840354661812
 40
12.45840354661812
 40
12.45840354661812
 40
12.45840354661812
 10
57.7834125
 20
83.09126694444444
 30
0.0
 10
58.45710046296296
 20
83.09126694444444
 30
0.0
 10
59.13078842592592
 20
83.09126694444444
 30
0.0
 10
59.80447638888889
 20
83.09126694444444
 30
0.0
 10
59.80447638888889
 20
83.09126694444444
 30
0.0
 10
57.99014027777778
 20
81.77999194444443
 30
0.0
 10
57.7834125
 20
81.68403638888888
 30
0.0
 10
58.45710046296296
 20
81.6920326851852
 30
0.0
 10
59.13078842592592
 20
81.70002898148148
 30
0.0
 10
59.80447638888889
 20
81.70802527777778
 30
0.0
  0
POLYLINE
  5
126
330
1F
100
AcDbEntity
  8
DEFAULT
 62
   250
100
AcDb2dPolyline
 66
     1
 10
0.0
 20
0.0
 30
0.0
  0
VERTEX
  5
127
330
126
100
AcDbEntity
  8
DEFAULT
 62
   250
100
AcDbVertex
100
AcDb2dVertex
 10
60.68243444444445
 20
90.14572888888888
 30
0.0
  0
VERTEX
  5
128
330
126
100
AcDbEntity
  8
DEFAULT
 62
   250
100
AcDbVertex
100
AcDb2dVertex
 10
62.70349833333334
 20
90.14572888888888
 30
0.0
  0
SEQEND
  5
129
330
126
100
AcDbEntity
  8
DEFAULT
 62
   250
  0
POLYLINE
  5
12A
330
1F
100
AcDbEntity
  8
DEFAULT
 62
   250
100
AcDb2dPolyline
 66
     1
 10
0.0
 20
0.0
 30
0.0
  0
VERTEX
  5
12B
330
12A
100
AcDbEntity
  8
DEFAULT
 62
   250
100
AcDbVertex
100
AcDb2dVertex
 10
61.75593722222222
 20
90.14572888888888
 30
0.0
  0
VERTEX
  5
12C
330
12A
100
AcDbEntity
  8
DEFAULT
 62
   250
100
AcDbVertex
100
AcDb2dVertex
 10
61.75593722222222
 20
88.64360111111111
 30
0.0
  0
SEQEND
  5
12D
330
12A
100
AcDbEntity
  8
DEFAULT
 62
   250
  0
POLYLINE
  5
12E
330
1F
100
AcDbEntity
  8
DEFAULT
 62
   250
100
AcDb2dPolyline
 66
     1
 10
0.0
 20
0.0
 30
0.0
  0
VERTEX
  5
12F
330
12E
100
AcDbEntity
  8
DEFAULT
 62
   250
100
AcDbVertex
100
AcDb2dVertex
 10
62.70332194444444
 20
88.64370694444445
 30
0.0
  0
VERTEX
  5
130
330
12E
100
AcDbEntity
  8
DEFAULT
 62
   250
100
AcDbVertex
100
AcDb2dVertex
 10
60.68225805555555
 20
88.64370694444445
 30
0.0
  0
SEQEND
  5
131
330
12E
100
AcDbEntity
  8
DEFAULT
 62
   250
  0
POLYLINE
  5
132
330
1F
100
AcDbEntity
  8
DEFAULT
 62
   250
100
AcDb2dPolyline
 66
     1
 10
0.0
 20
0.0
 30
0.0
  0
VERTEX
  5
133
330
132
100
AcDbEntity
  8
DEFAULT
 62
   250
100
AcDbVertex
100
AcDb2dVertex
 10
60.68225805555555
 20
76.14157999999999
 30
0.0
  0
VERTEX
  5
134
330
132
100
AcDbEntity
  8
DEFAULT
 62
   250
100
AcDbVertex
100
AcDb2dVertex
 10
62.70332194444444
 20
76.14157999999999
 30
0.0
  0
SEQEND
  5
135
330
132
100
AcDbEntity
  8
DEFAULT
 62
   250
  0
POLYLINE
  5
136
330
1F
100
AcDbEntity
  8
DEFAULT
 62
   250
100
AcDb2dPolyline
 66
     1
 10
0.0
 20
0.0
 30
0.0
  0
VERTEX
  5
137
330
136
100
AcDbEntity
  8
DEFAULT
 62
   250
100
AcDbVertex
100
AcDb2dVertex
 10
61.75576083333333
 20
76.14157999999999
 30
0.0
  0
VERTEX
  5
138
330
136
100
AcDbEntity
  8
DEFAULT
 62
   250
100
AcDbVertex
100
AcDb2dVertex
 10
61.75576083333333
 20
74.6394522222222
 30
0.0
  0
SEQEND
  5
139
330
136
100
AcDbEntity
  8
DEFAULT
 62
   250
  0
POLYLINE
  5
13A
330
1F
100
AcDbEntity
  8
DEFAULT
 62
   250
100
AcDb2dPolyline
 66
     1
 10
0.0
 20
0.0
 30
0.0
  0
VERTEX
  5
13B
330
13A
100
AcDbEntity
  8
DEFAULT
 62
   250
100
AcDbVertex
100
AcDb2dVertex
 10
62.70314555555554
 20
74.63952277777777
 30
0.0
  0
VERTEX
  5
13C
330
13A
100
AcDbEntity
  8
DEFAULT
 62
   250
100
AcDbVertex
100
AcDb2dVertex
 10
60.68208166666665
 20
74.63952277777777
 30
0.0
  0
SEQEND
  5
13D
330
13A
100
AcDbEntity
  8
DEFAULT
 62
   250
  0
SPLINE
  5
13E
330
1F
100
AcDbEntity
  8
DEFAULT
 62
     1
100
AcDbSpline
210
0.0
220
0.0
230
1.0
 70
    11
 71
     3
 72
    98
 73
    94
 74
     0
 42
0.000000001
 43
0.0000000001
 40
1.0
 40
1.0
 40
1.0
 40
1.0
 40
2.0
 40
2.0
 40
2.0
 40
3.0
 40
3.0
 40
3.0
 40
4.0
 40
4.0
 40
4.0
 40
12.5
 40
12.5
 40
12.5
 40
13.5
 40
13.5
 40
13.5
 40
14.5
 40
14.5
 40
14.5
 40
15.5
 40
15.5
 40
15.5
 40
16.5
 40
16.5
 40
16.5
 40
17.5
 40
17.5
 40
17.5
 40
18.5
 40
18.5
 40
18.5
 40
19.5
 40
19.5
 40
19.5
 40
20.5
 40
20.5
 40
20.5
 40
29.00700287998071
 40
29.00700287998071
 40
29.00700287998071
 40
30.00700287998071
 40
30.00700287998071
 40
30.00700287998071
 40
31.00700287998071
 40
31.00700287998071
 40
31.00700287998071
 40
32.00700287998071
 40
32.00700287998071
 40
32.00700287998071
 40
33.00700287998071
 40
33.00700287998071
 40
33.00700287998071
 40
34.00700287998071
 40
34.00700287998071
 40
34.00700287998071
 40
35.00700287998071
 40
35.00700287998071
 40
35.00700287998071
 40
36.00700287998071
 40
36.00700287998071
 40
36.00700287998071
 40
37.00700287998071
 40
37.00700287998071
 40
37.00700287998071
 40
38.00700287998071
 40
38.00700287998071
 40
38.00700287998071
 40
39.00700287998071
 40
39.00700287998071
 40
39.00700287998071
 40
47.5210029387075
 40
47.5210029387075
 40
47.5210029387075
 40
48.5210029387075
 40
48.5210029387075
 40
48.5210029387075
 40
49.5210029387075
 40
49.5210029387075
 40
49.5210029387075
 40
50.5210029387075
 40
50.5210029387075
 40
50.5210029387075
 40
51.53500293870751
 40
51.53500293870751
 40
51.53500293870751
 40
52.53500293870751
 40
52.53500293870751
 40
52.53500293870751
 40
53.53500293870751
 40
53.53500293870751
 40
53.53500293870751
 40
54.53500293870751
 40
54.53500293870751
 40
54.53500293870751
 40
54.53500293870751
 10
71.73429194444444
 20
90.89319444444443
 30
0.0
 10
71.73429194444444
 20
90.83816111111109
 30
0.0
 10
70.95112527777776
 20
90.79335833333332
 30
0.0
 10
69.98557249999999
 20
90.79088888888886
 30
0.0
 10
69.02037249999998
 20
90.79335833333332
 30
0.0
 10
68.41147805555555
 20
90.89319444444443
 30
0.0
 10
68.23720583333332
 20
90.89319444444443
 30
0.0
 10
67.35914194444445
 20
90.89319444444443
 30
0.0
 10
64.73482805555554
 20
90.89319444444443
 30
0.0
 10
64.73482805555554
 20
90.89319444444443
 30
0.0
 10
64.73482805555554
 20
89.89365740740739
 30
0.0
 10
64.73482805555554
 20
88.89412037037035
 30
0.0
 10
64.73482805555554
 20
87.89458333333332
 30
0.0
 10
64.73482805555554
 20
87.89458333333332
 30
0.0
 10
67.3612586111111
 20
87.89246666666665
 30
0.0
 10
68.2343836111111
 20
87.89246666666665
 30
0.0
 10
68.4090086111111
 20
87.89211388888887
 30
0.0
 10
69.01790305555555
 20
87.99194999999999
 30
0.0
 10
69.98557249999999
 20
87.99194999999999
 30
0.0
 10
70.95359472222222
 20
87.99194999999999
 30
0.0
 10
71.73429194444444
 20
87.94961666666666
 30
0.0
 10
71.73676138888888
 20
87.89211388888887
 30
0.0
 10
71.73429194444444
 20
84.8515222222222
 30
0.0
 10
70.5743586111111
 20
84.1103361111111
 30
0.0
 10
70.57188916666667
 20
82.39160277777776
 30
0.0
 10
70.5743586111111
 20
80.67322222222221
 30
0.0
 10
71.73429194444444
 20
79.93238888888888
 30
0.0
 10
71.73676138888888
 20
76.89144444444443
 30
0.0
 10
71.73676138888888
 20
76.83641111111109
 30
0.0
 10
70.95324194444443
 20
76.79160833333331
 30
0.0
 10
69.98557249999999
 20
76.79160833333331
 30
0.0
 10
69.01755027777777
 20
76.79160833333331
 30
0.0
 10
68.4090086111111
 20
76.89144444444443
 30
0.0
 10
68.2343836111111
 20
76.89144444444443
 30
0.0
 10
67.3612586111111
 20
76.89144444444443
 30
0.0
 10
64.7369447222222
 20
76.89144444444443
 30
0.0
 10
64.7369447222222
 20
76.89144444444443
 30
0.0
 10
64.73612157407406
 20
75.89108425925924
 30
0.0
 10
64.73529842592592
 20
74.89072407407406
 30
0.0
 10
64.73447527777778
 20
73.89036388888887
 30
0.0
 10
64.73447527777778
 20
73.89036388888887
 30
0.0
 10
67.35878916666665
 20
73.89036388888887
 30
0.0
 10
68.23685305555556
 20
73.89036388888887
 30
0.0
 10
68.4090086111111
 20
73.89318611111109
 30
0.0
 10
69.01755027777777
 20
73.99266944444443
 30
0.0
 10
69.98557249999999
 20
73.99266944444443
 30
0.0
 10
70.95359472222222
 20
73.99266944444443
 30
0.0
 10
71.73429194444444
 20
73.94539722222221
 30
0.0
 10
71.73429194444444
 20
73.89036388888887
 30
0.0
 10
71.73429194444444
 20
72.23407222222221
 30
0.0
 10
70.3919725
 20
70.89210555555555
 30
0.0
 10
68.73568083333332
 20
70.89210555555555
 30
0.0
 10
64.57008083333332
 20
70.89210555555555
 30
0.0
 10
59.76066138888888
 20
71.72536666666664
 30
0.0
 10
57.50041416666665
 20
73.47655555555554
 30
0.0
 10
55.24298916666665
 20
75.22527499999998
 30
0.0
 10
55.53226694444444
 20
77.88945277777776
 30
0.0
 10
51.75331138888887
 20
77.88698333333332
 30
0.0
 10
50.09666694444444
 20
77.88698333333332
 30
0.0
 10
48.75470027777776
 20
79.22894999999998
 30
0.0
 10
48.75223083333332
 20
80.8877111111111
 30
0.0
 10
48.75223083333332
 20
80.94274444444443
 30
0.0
 10
49.53292805555555
 20
80.99001666666665
 30
0.0
 10
50.50095027777778
 20
80.99001666666665
 30
0.0
 10
51.46897249999999
 20
80.99001666666665
 30
0.0
 10
52.07751416666666
 20
80.89018055555555
 30
0.0
 10
52.25213916666666
 20
80.89018055555555
 30
0.0
 10
53.1277336111111
 20
80.8877111111111
 30
0.0
 10
55.75204749999999
 20
80.8877111111111
 30
0.0
 10
55.75204749999999
 20
80.8877111111111
 30
0.0
 10
55.75192990740739
 20
81.88889444444443
 30
0.0
 10
55.7518123148148
 20
82.89007777777776
 30
0.0
 10
55.75169472222221
 20
83.89126111111109
 30
0.0
 10
55.75169472222221
 20
83.89126111111109
 30
0.0
 10
53.12526416666666
 20
83.88879166666665
 30
0.0
 10
52.25213916666666
 20
83.88879166666665
 30
0.0
 10
52.07751416666666
 20
83.88879166666665
 30
0.0
 10
51.46897249999999
 20
83.78895555555553
 30
0.0
 10
50.50095027777778
 20
83.78895555555553
 30
0.0
 10
49.53328083333332
 20
83.78895555555553
 30
0.0
 10
48.74976138888887
 20
83.83375833333332
 30
0.0
 10
48.74976138888887
 20
83.88879166666665
 30
0.0
 10
48.75223083333332
 20
85.54755277777777
 30
0.0
 10
50.09455027777776
 20
86.88951944444443
 30
0.0
 10
51.75578083333333
 20
86.88951944444443
 30
0.0
 10
55.53508916666667
 20
86.89198888888887
 30
0.0
 10
55.2454586111111
 20
89.55616666666666
 30
0.0
 10
57.50041416666665
 20
91.30735555555553
 30
0.0
 10
59.76066138888888
 20
93.05854444444442
 30
0.0
 10
64.57008083333332
 20
93.89145277777777
 30
0.0
 10
68.7360336111111
 20
93.89145277777777
 30
0.0
 10
70.39479472222222
 20
93.8939222222222
 30
0.0
 10
71.73676138888888
 20
92.55195555555554
 30
0.0
 10
71.73429194444444
 20
90.89319444444443
 30
0.0
  0
SPLINE
  5
13F
330
1F
100
AcDbEntity
  8
DEFAULT
 62
   250
100
AcDbSpline
210
0.0
220
0.0
230
1.0
 70
     8
 71
     3
 72
    11
 73
     7
 74
     0
 42
0.000000001
 43
0.0000000001
 40
0.0
 40
0.0
 40
0.0
 40
0.0
 40
1.0
 40
1.0
 40
1.0
 40
5.218068278252503
 40
5.218068278252503
 40
5.218068278252503
 40
5.218068278252503
 10
110.1809313888889
 20
33.67278
 30
0.0
 10
110.1809313888889
 20
33.67278
 30
0.0
 10
108.8453147222222
 20
33.74051333333333
 30
0.0
 10
108.7518286111111
 20
33.72358
 30
0.0
 10
108.7546508333333
 20
33.22757444444444
 30
0.0
 10
108.7574730555555
 20
32.73156888888889
 30
0.0
 10
108.7602952777778
 20
32.23556333333333
 30
0.0
  0
POLYLINE
  5
140
330
1F
100
AcDbEntity
  8
DEFAULT
 62
   250
100
AcDb2dPolyline
 66
     1
 10
0.0
 20
0.0
 30
0.0
  0
VERTEX
  5
141
330
140
100
AcDbEntity
  8
DEFAULT
 62
   250
100
AcDbVertex
100
AcDb2dVertex
 10
108.0120183333333
 20
32.98373444444445
 30
0.0
  0
VERTEX
  5
142
330
140
100
AcDbEntity
  8
DEFAULT
 62
   250
100
AcDbVertex
100
AcDb2dVertex
 10
109.4411211111111
 20
34.41283722222222
 30
0.0
  0
SEQEND
  5
143
330
140
100
AcDbEntity
  8
DEFAULT
 62
   250
  0
SPLINE
  5
144
330
1F
100
AcDbEntity
  8
DEFAULT
 62
   250
100
AcDbSpline
210
0.0
220
0.0
230
1.0
 70
     8
 71
     3
 72
    14
 73
    10
 74
     0
 42
0.000000001
 43
0.0000000001
 40
0.0
 40
0.0
 40
0.0
 40
0.0
 40
5.728000000000009
 40
5.728000000000009
 40
5.728000000000009
 40
6.728000000000009
 40
6.728000000000009
 40
6.728000000000009
 40
12.45640361706472
 40
12.45640361706472
 40
12.45640361706472
 40
12.45640361706472
 10
115.3264422222222
 20
65.0186025
 30
0.0
 10
116.0000125925926
 20
65.0186025
 30
0.0
 10
116.673582962963
 20
65.0186025
 30
0.0
 10
117.3471533333333
 20
65.0186025
 30
0.0
 10
117.3471533333333
 20
65.0186025
 30
0.0
 10
115.53317
 20
63.70732749999999
 30
0.0
 10
115.3264422222222
 20
63.61137194444444
 30
0.0
 10
116.0000125925926
 20
63.61936824074073
 30
0.0
 10
116.673582962963
 20
63.62736453703703
 30
0.0
 10
117.3471533333333
 20
63.63536083333333
 30
0.0
  0
POLYLINE
  5
145
330
1F
100
AcDbEntity
  8
DEFAULT
 62
   250
100
AcDb2dPolyline
 66
     1
 10
0.0
 20
0.0
 30
0.0
  0
VERTEX
  5
146
330
145
100
AcDbEntity
  8
DEFAULT
 62
   250
100
AcDbVertex
100
AcDb2dVertex
 10
115.2640005555555
 20
15.30469944444444
 30
0.0
  0
VERTEX
  5
147
330
145
100
AcDbEntity
  8
DEFAULT
 62
   250
100
AcDbVertex
100
AcDb2dVertex
 10
115.2640005555555
 20
14.18039666666667
 30
0.0
  0
VERTEX
  5
148
330
145
100
AcDbEntity
  8
DEFAULT
 62
   250
100
AcDbVertex
100
AcDb2dVertex
 10
113.2429366666667
 20
14.18039666666667
 30
0.0
  0
SEQEND
  5
149
330
145
100
AcDbEntity
  8
DEFAULT
 62
   250
  0
SPLINE
  5
14A
330
1F
100
AcDbEntity
  8
DEFAULT
 62
     1
100
AcDbSpline
210
0.0
220
0.0
230
1.0
 70
    11
 71
     3
 72
   107
 73
   103
 74
     0
 42
0.000000001
 43
0.0000000001
 40
1.0
 40
1.0
 40
1.0
 40
1.0
 40
2.0
 40
2.0
 40
2.0
 40
3.0
 40
3.0
 40
3.0
 40
4.0
 40
4.0
 40
4.0
 40
5.0
 40
5.0
 40
5.0
 40
6.0
 40
6.0
 40
6.0
 40
15.91999999999996
 40
15.91999999999996
 40
15.91999999999996
 40
24.41999999999996
 40
24.41999999999996
 40
24.41999999999996
 40
34.33999999999992
 40
34.33999999999992
 40
34.33999999999992
 40
35.33999999999992
 40
35.33999999999992
 40
35.33999999999992
 40
36.33999999999992
 40
36.33999999999992
 40
36.33999999999992
 40
37.33999999999992
 40
37.33999999999992
 40
37.33999999999992
 40
38.33999999999992
 40
38.33999999999992
 40
38.33999999999992
 40
39.33999999999992
 40
39.33999999999992
 40
39.33999999999992
 40
40.33999999999992
 40
40.33999999999992
 40
40.33999999999992
 40
41.33999999999992
 40
41.33999999999992
 40
41.33999999999992
 40
42.33999999999992
 40
42.33999999999992
 40
42.33999999999992
 40
43.33999999999992
 40
43.33999999999992
 40
43.33999999999992
 40
51.85356564548597
 40
51.85356564548597
 40
51.85356564548597
 40
52.85356564548597
 40
52.85356564548597
 40
52.85356564548597
 40
53.85356564548597
 40
53.85356564548597
 40
53.85356564548597
 40
54.85356564548597
 40
54.85356564548597
 40
54.85356564548597
 40
55.85356564548597
 40
55.85356564548597
 40
55.85356564548597
 40
64.36356564548596
 40
64.36356564548596
 40
64.36356564548596
 40
65.36356564548596
 40
65.36356564548596
 40
65.36356564548596
 40
66.36356564548596
 40
66.36356564548596
 40
66.36356564548596
 40
67.36356564548596
 40
67.36356564548596
 40
67.36356564548596
 40
68.36356564548596
 40
68.36356564548596
 40
68.36356564548596
 40
78.28356564548598
 40
78.28356564548598
 40
78.28356564548598
 40
86.79356564548597
 40
86.79356564548597
 40
86.79356564548597
 40
96.71356564548599
 40
96.71356564548599
 40
96.71356564548599
 40
97.71356564548599
 40
97.71356564548599
 40
97.71356564548599
 40
98.71356564548599
 40
98.71356564548599
 40
98.71356564548599
 40
99.71356564548599
 40
99.71356564548599
 40
99.71356564548599
 40
100.713565645486
 40
100.713565645486
 40
100.713565645486
 40
100.713565645486
 10
127.5754511111111
 20
70.35027416666667
 30
0.0
 10
127.5754511111111
 20
71.93777416666666
 30
0.0
 10
126.4853677777778
 20
73.46177416666666
 30
0.0
 10
124.6262288888889
 20
73.22188527777777
 30
0.0
 10
122.6436177777777
 20
72.91144083333333
 30
0.0
 10
119.5497566666667
 20
73.02432972222222
 30
0.0
 10
115.3446455555555
 20
71.66613527777777
 30
0.0
 10
110.8185066666667
 20
70.19505194444444
 30
0.0
 10
106.2958955555555
 20
70.50549638888889
 30
0.0
 10
106.2958955555555
 20
65.81355194444444
 30
0.0
 10
106.2958955555555
 20
65.75710749999999
 30
0.0
 10
107.0755344444444
 20
65.71477416666666
 30
0.0
 10
108.0456733333333
 20
65.71477416666666
 30
0.0
 10
109.0122844444444
 20
65.71477416666666
 30
0.0
 10
109.6190622222222
 20
65.81355194444444
 30
0.0
 10
109.7954511111111
 20
65.81355194444444
 30
0.0
 10
110.9619696296296
 20
65.81355194444444
 30
0.0
 10
112.1284881481481
 20
65.81355194444444
 30
0.0
 10
113.2950066666666
 20
65.81355194444444
 30
0.0
 10
113.2950066666667
 20
64.81401490740741
 30
0.0
 10
113.2950066666667
 20
63.81447787037038
 30
0.0
 10
113.2950066666666
 20
62.81494083333334
 30
0.0
 10
112.1284881481481
 20
62.81494083333334
 30
0.0
 10
110.9619696296296
 20
62.81494083333334
 30
0.0
 10
109.7954511111111
 20
62.81494083333334
 30
0.0
 10
109.6190622222222
 20
62.81494083333334
 30
0.0
 10
109.0122844444444
 20
62.91371861111111
 30
0.0
 10
108.0456733333333
 20
62.91371861111111
 30
0.0
 10
107.0755344444444
 20
62.91371861111111
 30
0.0
 10
106.2958955555555
 20
62.86785749999999
 30
0.0
 10
106.2958955555555
 20
62.81494083333334
 30
0.0
 10
106.2958955555555
 20
61.15688527777777
 30
0.0
 10
107.6364511111111
 20
59.81280194444444
 30
0.0
 10
109.2945066666666
 20
59.81280194444444
 30
0.0
 10
113.4361177777778
 20
59.81280194444444
 30
0.0
 10
113.8841455555555
 20
55.21963527777777
 30
0.0
 10
113.0657011111111
 20
47.76191305555555
 30
0.0
 10
112.54359
 20
43.00646861111111
 30
0.0
 10
100.9160344444444
 20
40.2936075
 30
0.0
 10
102.5352844444444
 20
36.93163527777778
 30
0.0
 10
104.1545344444444
 20
33.56966305555555
 30
0.0
 10
98.1890622222222
 20
30.03482972222222
 30
0.0
 10
100.9372011111111
 20
27.28669083333334
 30
0.0
 10
100.9760066666666
 20
27.24788527777778
 30
0.0
 10
101.5616177777778
 20
27.76646861111112
 30
0.0
 10
102.2460066666666
 20
28.4508575
 30
0.0
 10
102.9303955555555
 20
29.13524638888889
 30
0.0
 10
103.2902288888889
 20
29.63619083333333
 30
0.0
 10
103.4137011111111
 20
29.75966305555556
 30
0.0
 10
104.0310622222222
 20
30.38055194444444
 30
0.0
 10
105.8866733333333
 20
32.23616305555555
 30
0.0
 10
105.8866733333333
 20
32.23616305555555
 30
0.0
 10
106.5945807407407
 20
31.52825564814815
 30
0.0
 10
107.3024881481481
 20
30.82034824074074
 30
0.0
 10
108.0103955555555
 20
30.11244083333333
 30
0.0
 10
108.0103955555555
 20
30.11244083333333
 30
0.0
 10
106.1512566666666
 20
28.25682972222222
 30
0.0
 10
105.5338955555555
 20
27.63946861111111
 30
0.0
 10
105.4104233333333
 20
27.51599638888889
 30
0.0
 10
104.9094788888889
 20
27.15616305555556
 30
0.0
 10
104.22509
 20
26.47177416666667
 30
0.0
 10
103.5407011111111
 20
25.78738527777778
 30
0.0
 10
103.01859
 20
25.20177416666667
 30
0.0
 10
103.0609233333333
 20
25.16296861111111
 30
0.0
 10
105.6185622222222
 20
22.60532972222222
 30
0.0
 10
110.2928677777778
 20
20.98255194444445
 30
0.0
 10
110.2928677777778
 20
16.24474638888889
 30
0.0
 10
110.2928677777778
 20
15.24403342592593
 30
0.0
 10
110.2928677777778
 20
14.24332046296296
 30
0.0
 10
110.2928677777778
 20
13.2426075
 30
0.0
 10
110.2928677777778
 20
11.03069083333333
 30
0.0
 10
112.2296177777778
 20
9.242107500000003
 30
0.0
 10
121.2924788888889
 20
9.242107500000003
 30
0.0
 10
122.9505344444444
 20
9.242107500000003
 30
0.0
 10
124.2946177777778
 20
11.58455194444444
 30
0.0
 10
124.2946177777778
 20
13.2426075
 30
0.0
 10
124.2946177777778
 20
13.29905194444445
 30
0.0
 10
123.5114511111111
 20
13.34491305555556
 30
0.0
 10
122.54484
 20
13.34491305555556
 30
0.0
 10
121.5782288888889
 20
13.34491305555556
 30
0.0
 10
120.9679233333333
 20
13.2426075
 30
0.0
 10
120.7950622222222
 20
13.2426075
 30
0.0
 10
119.6285437037037
 20
13.2426075
 30
0.0
 10
118.4620251851852
 20
13.2426075
 30
0.0
 10
117.2955066666667
 20
13.2426075
 30
0.0
 10
117.2955066666667
 20
14.24332046296296
 30
0.0
 10
117.2955066666667
 20
15.24403342592593
 30
0.0
 10
117.2955066666667
 20
16.24474638888889
 30
0.0
 10
118.4620251851852
 20
16.24474638888889
 30
0.0
 10
119.6285437037037
 20
16.24474638888889
 30
0.0
 10
120.7950622222222
 20
16.24474638888889
 30
0.0
 10
120.9679233333333
 20
16.24474638888889
 30
0.0
 10
121.5782288888889
 20
16.14244083333334
 30
0.0
 10
122.54484
 20
16.14244083333334
 30
0.0
 10
123.5114511111111
 20
16.14244083333334
 30
0.0
 10
124.2946177777778
 20
16.18830194444445
 30
0.0
 10
124.2946177777778
 20
16.24474638888889
 30
0.0
 10
124.2946177777778
 20
23.00396861111111
 30
0.0
 10
120.7950622222222
 20
30.1018575
 30
0.0
 10
120.7950622222222
 20
44.66805194444444
 30
0.0
 10
120.7950622222222
 20
56.62369083333333
 30
0.0
 10
127.5754511111111
 20
54.88802416666666
 30
0.0
 10
127.5754511111111
 20
70.35027416666667
 30
0.0
  0
SPLINE
  5
14B
330
1F
100
AcDbEntity
  8
DEFAULT
 62
   250
100
AcDbSpline
210
0.0
220
0.0
230
1.0
 70
     8
 71
     3
 72
    14
 73
    10
 74
     0
 42
0.000000001
 43
0.0000000001
 40
0.0
 40
0.0
 40
0.0
 40
0.0
 40
5.727999999999952
 40
5.727999999999952
 40
5.727999999999952
 40
6.727999999999952
 40
6.727999999999952
 40
6.727999999999952
 40
12.45640361706461
 40
12.45640361706461
 40
12.45640361706461
 40
12.45640361706461
 10
184.6734869444444
 20
63.61130138888888
 30
0.0
 10
183.9999165740741
 20
63.61130138888888
 30
0.0
 10
183.3263462037037
 20
63.61130138888888
 30
0.0
 10
182.6527758333333
 20
63.61130138888888
 30
0.0
 10
182.6527758333333
 20
63.61130138888888
 30
0.0
 10
184.4667591666666
 20
64.92257638888888
 30
0.0
 10
184.6734869444444
 20
65.01853194444443
 30
0.0
 10
183.9999165740741
 20
65.01053564814812
 30
0.0
 10
183.3263462037037
 20
65.00253935185184
 30
0.0
 10
182.6527758333333
 20
64.99454305555554
 30
0.0
  0
POLYLINE
  5
14C
330
1F
100
AcDbEntity
  8
DEFAULT
 62
   250
100
AcDb2dPolyline
 66
     1
 10
0.0
 20
0.0
 30
0.0
  0
VERTEX
  5
14D
330
14C
100
AcDbEntity
  8
DEFAULT
 62
   250
100
AcDbVertex
100
AcDb2dVertex
 10
184.7359286111111
 20
14.18039666666666
 30
0.0
  0
VERTEX
  5
14E
330
14C
100
AcDbEntity
  8
DEFAULT
 62
   250
100
AcDbVertex
100
AcDb2dVertex
 10
184.7359286111111
 20
15.30469944444444
 30
0.0
  0
VERTEX
  5
14F
330
14C
100
AcDbEntity
  8
DEFAULT
 62
   250
100
AcDbVertex
100
AcDb2dVertex
 10
186.7569925
 20
15.30469944444444
 30
0.0
  0
SEQEND
  5
150
330
14C
100
AcDbEntity
  8
DEFAULT
 62
   250
  0
SPLINE
  5
151
330
1F
100
AcDbEntity
  8
DEFAULT
 62
   250
100
AcDbSpline
210
0.0
220
0.0
230
1.0
 70
     8
 71
     3
 72
    11
 73
     7
 74
     0
 42
0.000000001
 43
0.0000000001
 40
0.0
 40
0.0
 40
0.0
 40
0.0
 40
1.0
 40
1.0
 40
1.0
 40
5.21806827825246
 40
5.21806827825246
 40
5.21806827825246
 40
5.21806827825246
 10
190.5505530555555
 20
34.4043
 30
0.0
 10
190.5505530555555
 20
34.4043
 30
0.0
 10
190.4828197222222
 20
33.06868333333333
 30
0.0
 10
190.4997530555555
 20
32.97519722222222
 30
0.0
 10
190.9957586111111
 20
32.97801944444444
 30
0.0
 10
191.4917641666666
 20
32.98084166666666
 30
0.0
 10
191.9877697222222
 20
32.98366388888888
 30
0.0
  0
POLYLINE
  5
152
330
1F
100
AcDbEntity
  8
DEFAULT
 62
   250
100
AcDb2dPolyline
 66
     1
 10
0.0
 20
0.0
 30
0.0
  0
VERTEX
  5
153
330
152
100
AcDbEntity
  8
DEFAULT
 62
   250
100
AcDbVertex
100
AcDb2dVertex
 10
191.2395986111111
 20
32.23538694444445
 30
0.0
  0
VERTEX
  5
154
330
152
100
AcDbEntity
  8
DEFAULT
 62
   250
100
AcDbVertex
100
AcDb2dVertex
 10
189.8104958333333
 20
33.66448972222224
 30
0.0
  0
SEQEND
  5
155
330
152
100
AcDbEntity
  8
DEFAULT
 62
   250
  0
SPLINE
  5
156
330
1F
100
AcDbEntity
  8
DEFAULT
 62
     1
100
AcDbSpline
210
0.0
220
0.0
230
1.0
 70
    11
 71
     3
 72
   107
 73
   103
 74
     0
 42
0.000000001
 43
0.0000000001
 40
1.0
 40
1.0
 40
1.0
 40
1.0
 40
2.0
 40
2.0
 40
2.0
 40
3.0
 40
3.0
 40
3.0
 40
4.0
 40
4.0
 40
4.0
 40
5.0
 40
5.0
 40
5.0
 40
6.0
 40
6.0
 40
6.0
 40
15.92000000000007
 40
15.92000000000007
 40
15.92000000000007
 40
24.42000000000007
 40
24.42000000000007
 40
24.42000000000007
 40
34.34000000000015
 40
34.34000000000015
 40
34.34000000000015
 40
35.34000000000015
 40
35.34000000000015
 40
35.34000000000015
 40
36.34000000000015
 40
36.34000000000015
 40
36.34000000000015
 40
37.34000000000015
 40
37.34000000000015
 40
37.34000000000015
 40
38.34000000000015
 40
38.34000000000015
 40
38.34000000000015
 40
39.34000000000015
 40
39.34000000000015
 40
39.34000000000015
 40
40.34000000000015
 40
40.34000000000015
 40
40.34000000000015
 40
41.34000000000015
 40
41.34000000000015
 40
41.34000000000015
 40
42.34000000000015
 40
42.34000000000015
 40
42.34000000000015
 40
43.34000000000015
 40
43.34000000000015
 40
43.34000000000015
 40
51.85356564548616
 40
51.85356564548616
 40
51.85356564548616
 40
52.85356564548616
 40
52.85356564548616
 40
52.85356564548616
 40
53.85356564548616
 40
53.85356564548616
 40
53.85356564548616
 40
54.85356564548616
 40
54.85356564548616
 40
54.85356564548616
 40
55.85356564548616
 40
55.85356564548616
 40
55.85356564548616
 40
64.36356564548615
 40
64.36356564548615
 40
64.36356564548615
 40
65.36356564548615
 40
65.36356564548615
 40
65.36356564548615
 40
66.36356564548615
 40
66.36356564548615
 40
66.36356564548615
 40
67.36356564548615
 40
67.36356564548615
 40
67.36356564548615
 40
68.36356564548615
 40
68.36356564548615
 40
68.36356564548615
 40
78.28356564548622
 40
78.28356564548622
 40
78.28356564548622
 40
86.79356564548621
 40
86.79356564548621
 40
86.79356564548621
 40
96.71356564548628
 40
96.71356564548628
 40
96.71356564548628
 40
97.71356564548628
 40
97.71356564548628
 40
97.71356564548628
 40
98.71356564548628
 40
98.71356564548628
 40
98.71356564548628
 40
99.71356564548628
 40
99.71356564548628
 40
99.71356564548628
 40
100.7135656454863
 40
100.7135656454863
 40
100.7135656454863
 40
100.7135656454863
 10
172.4245133333333
 20
70.35027416666667
 30
0.0
 10
172.4245133333333
 20
71.93777416666666
 30
0.0
 10
173.5145966666666
 20
73.46177416666666
 30
0.0
 10
175.3737355555556
 20
73.22188527777777
 30
0.0
 10
177.3563466666667
 20
72.91144083333333
 30
0.0
 10
180.4502077777778
 20
73.02432972222222
 30
0.0
 10
184.6553188888889
 20
71.66613527777777
 30
0.0
 10
189.1814577777778
 20
70.19505194444444
 30
0.0
 10
193.7040688888889
 20
70.50549638888889
 30
0.0
 10
193.7040688888889
 20
65.81355194444444
 30
0.0
 10
193.7040688888889
 20
65.75710749999999
 30
0.0
 10
192.92443
 20
65.71477416666666
 30
0.0
 10
191.9542911111111
 20
65.71477416666666
 30
0.0
 10
190.98768
 20
65.71477416666666
 30
0.0
 10
190.3809022222222
 20
65.81355194444444
 30
0.0
 10
190.2045133333333
 20
65.81355194444444
 30
0.0
 10
189.0379948148148
 20
65.81355194444444
 30
0.0
 10
187.8714762962963
 20
65.81355194444444
 30
0.0
 10
186.7049577777778
 20
65.81355194444444
 30
0.0
 10
186.7049577777778
 20
64.81401490740741
 30
0.0
 10
186.7049577777778
 20
63.81447787037038
 30
0.0
 10
186.7049577777778
 20
62.81494083333334
 30
0.0
 10
187.8714762962963
 20
62.81494083333334
 30
0.0
 10
189.0379948148148
 20
62.81494083333334
 30
0.0
 10
190.2045133333333
 20
62.81494083333334
 30
0.0
 10
190.3809022222222
 20
62.81494083333334
 30
0.0
 10
190.98768
 20
62.91371861111111
 30
0.0
 10
191.9542911111111
 20
62.91371861111111
 30
0.0
 10
192.92443
 20
62.91371861111111
 30
0.0
 10
193.7040688888889
 20
62.86785749999999
 30
0.0
 10
193.7040688888889
 20
62.81494083333334
 30
0.0
 10
193.7040688888889
 20
61.15688527777777
 30
0.0
 10
192.3635133333333
 20
59.81280194444444
 30
0.0
 10
190.7054577777778
 20
59.81280194444444
 30
0.0
 10
186.5638466666666
 20
59.81280194444444
 30
0.0
 10
186.1158188888889
 20
55.21963527777777
 30
0.0
 10
186.9342633333333
 20
47.76191305555555
 30
0.0
 10
187.4563744444444
 20
43.00646861111111
 30
0.0
 10
199.08393
 20
40.2936075
 30
0.0
 10
197.46468
 20
36.93163527777778
 30
0.0
 10
195.84543
 20
33.56966305555555
 30
0.0
 10
201.8109022222222
 20
30.03482972222222
 30
0.0
 10
199.0627633333334
 20
27.28669083333334
 30
0.0
 10
199.0239577777778
 20
27.24788527777778
 30
0.0
 10
198.4383466666666
 20
27.76646861111112
 30
0.0
 10
197.7539577777778
 20
28.4508575
 30
0.0
 10
197.0695688888889
 20
29.13524638888889
 30
0.0
 10
196.7097355555555
 20
29.63619083333333
 30
0.0
 10
196.5862633333333
 20
29.75966305555556
 30
0.0
 10
195.9689022222222
 20
30.38055194444444
 30
0.0
 10
194.1132911111111
 20
32.23616305555555
 30
0.0
 10
194.1132911111111
 20
32.23616305555555
 30
0.0
 10
193.4053837037037
 20
31.52825564814815
 30
0.0
 10
192.6974762962963
 20
30.82034824074074
 30
0.0
 10
191.9895688888889
 20
30.11244083333333
 30
0.0
 10
191.9895688888889
 20
30.11244083333333
 30
0.0
 10
193.8487077777777
 20
28.25682972222222
 30
0.0
 10
194.4660688888889
 20
27.63946861111111
 30
0.0
 10
194.5895411111111
 20
27.51599638888889
 30
0.0
 10
195.0904855555556
 20
27.15616305555556
 30
0.0
 10
195.7748744444444
 20
26.47177416666667
 30
0.0
 10
196.4592633333333
 20
25.78738527777778
 30
0.0
 10
196.9813744444444
 20
25.20177416666667
 30
0.0
 10
196.9390411111111
 20
25.16296861111111
 30
0.0
 10
194.3814022222222
 20
22.60532972222222
 30
0.0
 10
189.7070966666666
 20
20.98255194444445
 30
0.0
 10
189.7070966666666
 20
16.24474638888889
 30
0.0
 10
189.7070966666666
 20
15.24403342592593
 30
0.0
 10
189.7070966666666
 20
14.24332046296296
 30
0.0
 10
189.7070966666666
 20
13.2426075
 30
0.0
 10
189.7070966666666
 20
11.03069083333333
 30
0.0
 10
187.7703466666667
 20
9.242107500000003
 30
0.0
 10
178.7074855555555
 20
9.242107500000003
 30
0.0
 10
177.04943
 20
9.242107500000003
 30
0.0
 10
175.7053466666667
 20
11.58455194444444
 30
0.0
 10
175.7053466666667
 20
13.2426075
 30
0.0
 10
175.7053466666667
 20
13.29905194444445
 30
0.0
 10
176.4885133333333
 20
13.34491305555556
 30
0.0
 10
177.4551244444444
 20
13.34491305555556
 30
0.0
 10
178.4217355555556
 20
13.34491305555556
 30
0.0
 10
179.0320411111111
 20
13.2426075
 30
0.0
 10
179.2049022222222
 20
13.2426075
 30
0.0
 10
180.3714207407407
 20
13.2426075
 30
0.0
 10
181.5379392592592
 20
13.2426075
 30
0.0
 10
182.7044577777778
 20
13.2426075
 30
0.0
 10
182.7044577777778
 20
14.24332046296296
 30
0.0
 10
182.7044577777778
 20
15.24403342592593
 30
0.0
 10
182.7044577777778
 20
16.24474638888889
 30
0.0
 10
181.5379392592592
 20
16.24474638888889
 30
0.0
 10
180.3714207407407
 20
16.24474638888889
 30
0.0
 10
179.2049022222222
 20
16.24474638888889
 30
0.0
 10
179.0320411111111
 20
16.24474638888889
 30
0.0
 10
178.4217355555556
 20
16.14244083333334
 30
0.0
 10
177.4551244444444
 20
16.14244083333334
 30
0.0
 10
176.4885133333333
 20
16.14244083333334
 30
0.0
 10
175.7053466666667
 20
16.18830194444445
 30
0.0
 10
175.7053466666667
 20
16.24474638888889
 30
0.0
 10
175.7053466666667
 20
23.00396861111111
 30
0.0
 10
179.2049022222222
 20
30.1018575
 30
0.0
 10
179.2049022222222
 20
44.66805194444444
 30
0.0
 10
179.2049022222222
 20
56.62369083333333
 30
0.0
 10
172.4245133333333
 20
54.88802416666666
 30
0.0
 10
172.4245133333333
 20
70.35027416666667
 30
0.0
  0
SPLINE
  5
157
330
1F
100
AcDbEntity
  8
DEFAULT
 62
   250
100
AcDbSpline
210
0.0
220
0.0
230
1.0
 70
     8
 71
     3
 72
    14
 73
    10
 74
     0
 42
0.000000001
 43
0.0000000001
 40
0.0
 40
0.0
 40
0.0
 40
0.0
 40
5.728999999999985
 40
5.728999999999985
 40
5.728999999999985
 40
6.728999999999985
 40
6.728999999999985
 40
6.728999999999985
 40
12.45840354661807
 40
12.45840354661807
 40
12.45840354661807
 40
12.45840354661807
 10
96.22959333333331
 20
15.47039916666666
 30
0.0
 10
95.55590537037035
 20
15.47039916666666
 30
0.0
 10
94.8822174074074
 20
15.47039916666666
 30
0.0
 10
94.20852944444444
 20
15.47039916666666
 30
0.0
 10
94.20852944444444
 20
15.47039916666666
 30
0.0
 10
96.02286555555554
 20
16.78167416666667
 30
0.0
 10
96.22959333333331
 20
16.87762972222222
 30
0.0
 10
95.55590537037035
 20
16.86963342592593
 30
0.0
 10
94.8822174074074
 20
16.86163712962963
 30
0.0
 10
94.20852944444444
 20
16.85364083333333
 30
0.0
  0
POLYLINE
  5
158
330
1F
100
AcDbEntity
  8
DEFAULT
 62
   250
100
AcDb2dPolyline
 66
     1
 10
0.0
 20
0.0
 30
0.0
  0
VERTEX
  5
159
330
158
100
AcDbEntity
  8
DEFAULT
 62
   250
100
AcDbVertex
100
AcDb2dVertex
 10
96.29199972222223
 20
65.18430222222221
 30
0.0
  0
VERTEX
  5
15A
330
158
100
AcDbEntity
  8
DEFAULT
 62
   250
100
AcDbVertex
100
AcDb2dVertex
 10
96.29199972222223
 20
66.308605
 30
0.0
  0
VERTEX
  5
15B
330
158
100
AcDbEntity
  8
DEFAULT
 62
   250
100
AcDbVertex
100
AcDb2dVertex
 10
98.31271083333334
 20
66.308605
 30
0.0
  0
SEQEND
  5
15C
330
158
100
AcDbEntity
  8
DEFAULT
 62
   250
  0
SPLINE
  5
15D
330
1F
100
AcDbEntity
  8
DEFAULT
 62
     1
100
AcDbSpline
210
0.0
220
0.0
230
1.0
 70
    11
 71
     3
 72
    77
 73
    73
 74
     0
 42
0.000000001
 43
0.0000000001
 40
1.0
 40
1.0
 40
1.0
 40
1.0
 40
2.0
 40
2.0
 40
2.0
 40
3.0
 40
3.0
 40
3.0
 40
4.0
 40
4.0
 40
4.0
 40
5.0
 40
5.0
 40
5.0
 40
6.0
 40
6.0
 40
6.0
 40
15.91999999999996
 40
15.91999999999996
 40
15.91999999999996
 40
24.41999999999996
 40
24.41999999999996
 40
24.41999999999996
 40
34.33999999999992
 40
34.33999999999992
 40
34.33999999999992
 40
35.33999999999992
 40
35.33999999999992
 40
35.33999999999992
 40
36.33999999999992
 40
36.33999999999992
 40
36.33999999999992
 40
37.33999999999992
 40
37.33999999999992
 40
37.33999999999992
 40
38.33999999999992
 40
38.33999999999992
 40
38.33999999999992
 40
46.84999999999991
 40
46.84999999999991
 40
46.84999999999991
 40
47.84999999999991
 40
47.84999999999991
 40
47.84999999999991
 40
48.84999999999991
 40
48.84999999999991
 40
48.84999999999991
 40
49.84999999999991
 40
49.84999999999991
 40
49.84999999999991
 40
50.84999999999991
 40
50.84999999999991
 40
50.84999999999991
 40
60.76999999999987
 40
60.76999999999987
 40
60.76999999999987
 40
69.27999999999986
 40
69.27999999999986
 40
69.27999999999986
 40
79.19999999999982
 40
79.19999999999982
 40
79.19999999999982
 40
80.19999999999982
 40
80.19999999999982
 40
80.19999999999982
 40
81.19999999999982
 40
81.19999999999982
 40
81.19999999999982
 40
82.19999999999982
 40
82.19999999999982
 40
82.19999999999982
 40
83.19999999999982
 40
83.19999999999982
 40
83.19999999999982
 40
83.19999999999982
 10
83.98061972222222
 20
10.13883333333333
 30
0.0
 10
83.98061972222222
 20
8.551333333333332
 30
0.0
 10
85.07070305555554
 20
7.027333333333332
 30
0.0
 10
86.92984194444443
 20
7.26722222222222
 30
0.0
 10
88.91245305555555
 20
7.577666666666665
 30
0.0
 10
92.00631416666666
 20
7.464777777777776
 30
0.0
 10
96.21142527777776
 20
8.822972222222221
 30
0.0
 10
100.7375641666667
 20
10.29405555555555
 30
0.0
 10
105.2601752777778
 20
9.98361111111111
 30
0.0
 10
105.2601752777778
 20
14.67555555555555
 30
0.0
 10
105.2601752777778
 20
14.732
 30
0.0
 10
104.4805363888889
 20
14.77433333333333
 30
0.0
 10
103.5103975
 20
14.77433333333333
 30
0.0
 10
102.5437863888889
 20
14.77433333333333
 30
0.0
 10
101.9370086111111
 20
14.67555555555555
 30
0.0
 10
101.7606197222222
 20
14.67555555555555
 30
0.0
 10
100.5941012037037
 20
14.67555555555555
 30
0.0
 10
99.42758268518519
 20
14.67555555555555
 30
0.0
 10
98.26106416666666
 20
14.67555555555555
 30
0.0
 10
98.26106416666666
 20
15.67509259259259
 30
0.0
 10
98.26106416666666
 20
16.67462962962963
 30
0.0
 10
98.26106416666666
 20
17.67416666666666
 30
0.0
 10
99.42758268518516
 20
17.67416666666666
 30
0.0
 10
100.5941012037037
 20
17.67416666666666
 30
0.0
 10
101.7606197222222
 20
17.67416666666666
 30
0.0
 10
101.9370086111111
 20
17.67416666666666
 30
0.0
 10
102.5437863888889
 20
17.57503611111111
 30
0.0
 10
103.5103975
 20
17.57503611111111
 30
0.0
 10
104.4805363888889
 20
17.57503611111111
 30
0.0
 10
105.2601752777778
 20
17.62125
 30
0.0
 10
105.2601752777778
 20
17.67416666666666
 30
0.0
 10
105.2601752777778
 20
19.33222222222222
 30
0.0
 10
103.9196197222222
 20
20.67630555555555
 30
0.0
 10
102.2615641666666
 20
20.67630555555555
 30
0.0
 10
93.72434194444443
 20
20.67630555555555
 30
0.0
 10
101.2632030555556
 20
40.16374999999999
 30
0.0
 10
101.2632030555556
 20
64.2443611111111
 30
0.0
 10
101.2632030555556
 20
65.24507407407407
 30
0.0
 10
101.2632030555556
 20
66.24578703703703
 30
0.0
 10
101.2632030555556
 20
67.2465
 30
0.0
 10
101.2632030555556
 20
69.45841666666666
 30
0.0
 10
99.32645305555555
 20
71.247
 30
0.0
 10
90.26359194444443
 20
71.247
 30
0.0
 10
88.60553638888888
 20
71.247
 30
0.0
 10
87.26145305555555
 20
68.90420277777778
 30
0.0
 10
87.26145305555555
 20
67.2465
 30
0.0
 10
87.26145305555555
 20
67.19005555555555
 30
0.0
 10
88.04461972222221
 20
67.14419444444444
 30
0.0
 10
89.01123083333331
 20
67.14419444444444
 30
0.0
 10
89.97784194444444
 20
67.14419444444444
 30
0.0
 10
90.58814749999999
 20
67.2465
 30
0.0
 10
90.76100861111111
 20
67.2465
 30
0.0
 10
91.92752712962961
 20
67.2465
 30
0.0
 10
93.09404564814814
 20
67.2465
 30
0.0
 10
94.26056416666665
 20
67.2465
 30
0.0
 10
94.26056416666665
 20
66.24578703703703
 30
0.0
 10
94.26056416666665
 20
65.24507407407405
 30
0.0
 10
94.26056416666665
 20
64.2443611111111
 30
0.0
 10
93.09404564814814
 20
64.2443611111111
 30
0.0
 10
91.92752712962961
 20
64.2443611111111
 30
0.0
 10
90.76100861111111
 20
64.2443611111111
 30
0.0
 10
90.58814749999999
 20
64.2443611111111
 30
0.0
 10
89.97784194444444
 20
64.34666666666666
 30
0.0
 10
89.01123083333331
 20
64.34666666666666
 30
0.0
 10
88.04461972222221
 20
64.34666666666666
 30
0.0
 10
87.26145305555555
 20
64.30080555555556
 30
0.0
 10
87.26145305555555
 20
64.2443611111111
 30
0.0
 10
87.26145305555555
 20
57.48513888888889
 30
0.0
 10
90.76100861111111
 20
50.38725
 30
0.0
 10
90.76100861111111
 20
35.82105555555555
 30
0.0
 10
90.76100861111111
 20
23.86541666666666
 30
0.0
 10
83.98061972222222
 20
25.60073055555555
 30
0.0
 10
83.98061972222222
 20
10.13883333333333
 30
0.0
  0
SPLINE
  5
15E
330
1F
100
AcDbEntity
  8
DEFAULT
 62
   250
100
AcDbSpline
210
0.0
220
0.0
230
1.0
 70
     8
 71
     3
 72
    14
 73
    10
 74
     0
 42
0.000000001
 43
0.0000000001
 40
0.0
 40
0.0
 40
0.0
 40
0.0
 40
5.729000000000042
 40
5.729000000000042
 40
5.729000000000042
 40
6.729000000000042
 40
6.729000000000042
 40
6.729000000000042
 40
12.45840354661818
 40
12.45840354661818
 40
12.45840354661818
 40
12.45840354661818
 10
203.7703711111111
 20
16.87770027777778
 30
0.0
 10
204.4440590740741
 20
16.87770027777778
 30
0.0
 10
205.117747037037
 20
16.87770027777778
 30
0.0
 10
205.791435
 20
16.87770027777778
 30
0.0
 10
205.791435
 20
16.87770027777778
 30
0.0
 10
203.9770988888889
 20
15.56642527777778
 30
0.0
 10
203.7703711111111
 20
15.47046972222222
 30
0.0
 10
204.4440590740741
 20
15.47846601851852
 30
0.0
 10
205.117747037037
 20
15.48646231481482
 30
0.0
 10
205.791435
 20
15.49445861111111
 30
0.0
  0
POLYLINE
  5
15F
330
1F
100
AcDbEntity
  8
DEFAULT
 62
   250
100
AcDb2dPolyline
 66
     1
 10
0.0
 20
0.0
 30
0.0
  0
VERTEX
  5
160
330
15F
100
AcDbEntity
  8
DEFAULT
 62
   250
100
AcDbVertex
100
AcDb2dVertex
 10
203.7079647222222
 20
66.308605
 30
0.0
  0
VERTEX
  5
161
330
15F
100
AcDbEntity
  8
DEFAULT
 62
   250
100
AcDbVertex
100
AcDb2dVertex
 10
203.7079647222222
 20
65.18430222222221
 30
0.0
  0
VERTEX
  5
162
330
15F
100
AcDbEntity
  8
DEFAULT
 62
   250
100
AcDbVertex
100
AcDb2dVertex
 10
201.6869008333333
 20
65.18430222222221
 30
0.0
  0
SEQEND
  5
163
330
15F
100
AcDbEntity
  8
DEFAULT
 62
   250
  0
SPLINE
  5
164
330
1F
100
AcDbEntity
  8
DEFAULT
 62
     1
100
AcDbSpline
210
0.0
220
0.0
230
1.0
 70
    11
 71
     3
 72
    77
 73
    73
 74
     0
 42
0.000000001
 43
0.0000000001
 40
1.0
 40
1.0
 40
1.0
 40
1.0
 40
2.0
 40
2.0
 40
2.0
 40
3.0
 40
3.0
 40
3.0
 40
4.0
 40
4.0
 40
4.0
 40
5.0
 40
5.0
 40
5.0
 40
6.0
 40
6.0
 40
6.0
 40
15.91999999999996
 40
15.91999999999996
 40
15.91999999999996
 40
24.41999999999996
 40
24.41999999999996
 40
24.41999999999996
 40
34.33999999999992
 40
34.33999999999992
 40
34.33999999999992
 40
35.33999999999992
 40
35.33999999999992
 40
35.33999999999992
 40
36.33999999999992
 40
36.33999999999992
 40
36.33999999999992
 40
37.33999999999992
 40
37.33999999999992
 40
37.33999999999992
 40
38.33999999999992
 40
38.33999999999992
 40
38.33999999999992
 40
46.84999999999991
 40
46.84999999999991
 40
46.84999999999991
 40
47.84999999999991
 40
47.84999999999991
 40
47.84999999999991
 40
48.84999999999991
 40
48.84999999999991
 40
48.84999999999991
 40
49.84999999999991
 40
49.84999999999991
 40
49.84999999999991
 40
50.84999999999991
 40
50.84999999999991
 40
50.84999999999991
 40
60.76999999999987
 40
60.76999999999987
 40
60.76999999999987
 40
69.27999999999986
 40
69.27999999999986
 40
69.27999999999986
 40
79.19999999999982
 40
79.19999999999982
 40
79.19999999999982
 40
80.19999999999982
 40
80.19999999999982
 40
80.19999999999982
 40
81.19999999999982
 40
81.19999999999982
 40
81.19999999999982
 40
82.19999999999982
 40
82.19999999999982
 40
82.19999999999982
 40
83.19999999999982
 40
83.19999999999982
 40
83.19999999999982
 40
83.19999999999982
 10
216.0193447222222
 20
10.13883333333333
 30
0.0
 10
216.0193447222222
 20
8.551333333333332
 30
0.0
 10
214.9292613888888
 20
7.027333333333332
 30
0.0
 10
213.0701225
 20
7.26722222222222
 30
0.0
 10
211.0875113888889
 20
7.577666666666665
 30
0.0
 10
207.9936502777778
 20
7.464777777777776
 30
0.0
 10
203.7885391666667
 20
8.822972222222221
 30
0.0
 10
199.2624002777778
 20
10.29405555555555
 30
0.0
 10
194.7397891666666
 20
9.98361111111111
 30
0.0
 10
194.7397891666666
 20
14.67555555555555
 30
0.0
 10
194.7397891666666
 20
14.732
 30
0.0
 10
195.5194280555555
 20
14.77433333333333
 30
0.0
 10
196.4895669444444
 20
14.77433333333333
 30
0.0
 10
197.4561780555555
 20
14.77433333333333
 30
0.0
 10
198.0629558333333
 20
14.67555555555555
 30
0.0
 10
198.2393447222222
 20
14.67555555555555
 30
0.0
 10
199.4058632407407
 20
14.67555555555555
 30
0.0
 10
200.5723817592592
 20
14.67555555555555
 30
0.0
 10
201.7389002777778
 20
14.67555555555555
 30
0.0
 10
201.7389002777778
 20
15.67509259259259
 30
0.0
 10
201.7389002777778
 20
16.67462962962963
 30
0.0
 10
201.7389002777778
 20
17.67416666666666
 30
0.0
 10
200.5723817592592
 20
17.67416666666666
 30
0.0
 10
199.4058632407407
 20
17.67416666666666
 30
0.0
 10
198.2393447222222
 20
17.67416666666666
 30
0.0
 10
198.0629558333333
 20
17.67416666666666
 30
0.0
 10
197.4561780555555
 20
17.57503611111111
 30
0.0
 10
196.4895669444444
 20
17.57503611111111
 30
0.0
 10
195.5194280555555
 20
17.57503611111111
 30
0.0
 10
194.7397891666666
 20
17.62125
 30
0.0
 10
194.7397891666666
 20
17.67416666666666
 30
0.0
 10
194.7397891666666
 20
19.33222222222222
 30
0.0
 10
196.0803447222222
 20
20.67630555555555
 30
0.0
 10
197.7384002777777
 20
20.67630555555555
 30
0.0
 10
206.2756225
 20
20.67630555555555
 30
0.0
 10
198.7367613888889
 20
40.16374999999999
 30
0.0
 10
198.7367613888889
 20
64.2443611111111
 30
0.0
 10
198.7367613888889
 20
65.24507407407407
 30
0.0
 10
198.7367613888889
 20
66.24578703703703
 30
0.0
 10
198.7367613888889
 20
67.2465
 30
0.0
 10
198.7367613888889
 20
69.45841666666666
 30
0.0
 10
200.6735113888889
 20
71.247
 30
0.0
 10
209.7363725
 20
71.247
 30
0.0
 10
211.3944280555555
 20
71.247
 30
0.0
 10
212.7385113888889
 20
68.90420277777778
 30
0.0
 10
212.7385113888889
 20
67.2465
 30
0.0
 10
212.7385113888889
 20
67.19005555555555
 30
0.0
 10
211.9553447222222
 20
67.14419444444444
 30
0.0
 10
210.9887336111111
 20
67.14419444444444
 30
0.0
 10
210.0221225
 20
67.14419444444444
 30
0.0
 10
209.4118169444444
 20
67.2465
 30
0.0
 10
209.2389558333333
 20
67.2465
 30
0.0
 10
208.0724373148148
 20
67.2465
 30
0.0
 10
206.9059187962963
 20
67.2465
 30
0.0
 10
205.7394002777778
 20
67.2465
 30
0.0
 10
205.7394002777778
 20
66.24578703703703
 30
0.0
 10
205.7394002777778
 20
65.24507407407405
 30
0.0
 10
205.7394002777778
 20
64.2443611111111
 30
0.0
 10
206.9059187962963
 20
64.2443611111111
 30
0.0
 10
208.0724373148148
 20
64.2443611111111
 30
0.0
 10
209.2389558333333
 20
64.2443611111111
 30
0.0
 10
209.4118169444444
 20
64.2443611111111
 30
0.0
 10
210.0221225
 20
64.34666666666666
 30
0.0
 10
210.9887336111111
 20
64.34666666666666
 30
0.0
 10
211.9553447222222
 20
64.34666666666666
 30
0.0
 10
212.7385113888889
 20
64.30080555555556
 30
0.0
 10
212.7385113888889
 20
64.2443611111111
 30
0.0
 10
212.7385113888889
 20
57.48513888888889
 30
0.0
 10
209.2389558333333
 20
50.38725
 30
0.0
 10
209.2389558333333
 20
35.82105555555555
 30
0.0
 10
209.2389558333333
 20
23.86541666666666
 30
0.0
 10
216.0193447222222
 20
25.60073055555555
 30
0.0
 10
216.0193447222222
 20
10.13883333333333
 30
0.0
  0
SPLINE
  5
165
330
1F
100
AcDbEntity
  8
DEFAULT
 62
   250
100
AcDbSpline
210
0.0
220
0.0
230
1.0
 70
     8
 71
     3
 72
    11
 73
     7
 74
     0
 42
0.000000001
 43
0.0000000001
 40
0.0
 40
0.0
 40
0.0
 40
0.0
 40
1.0
 40
1.0
 40
1.0
 40
5.219370687673695
 40
5.219370687673695
 40
5.219370687673695
 40
5.219370687673695
 10
282.2491744444444
 20
16.79747861111111
 30
0.0
 10
282.2491744444444
 20
16.79747861111111
 30
0.0
 10
283.2415383333333
 20
17.69388694444444
 30
0.0
 10
283.2955133333333
 20
17.77185083333333
 30
0.0
 10
282.9427355555555
 20
18.12074805555555
 30
0.0
 10
282.5899577777778
 20
18.46964527777778
 30
0.0
 10
282.23718
 20
18.8185425
 30
0.0
  0
POLYLINE
  5
166
330
1F
100
AcDbEntity
  8
DEFAULT
 62
   250
100
AcDb2dPolyline
 66
     1
 10
0.0
 20
0.0
 30
0.0
  0
VERTEX
  5
167
330
166
100
AcDbEntity
  8
DEFAULT
 62
   250
100
AcDbVertex
100
AcDb2dVertex
 10
283.2956191666667
 20
18.81836611111111
 30
0.0
  0
VERTEX
  5
168
330
166
100
AcDbEntity
  8
DEFAULT
 62
   250
100
AcDbVertex
100
AcDb2dVertex
 10
283.2956191666667
 20
16.79730222222222
 30
0.0
  0
SEQEND
  5
169
330
166
100
AcDbEntity
  8
DEFAULT
 62
   250
  0
SPLINE
  5
16A
330
1F
100
AcDbEntity
  8
DEFAULT
 62
     1
100
AcDbSpline
210
0.0
220
0.0
230
1.0
 70
    11
 71
     3
 72
    47
 73
    43
 74
     0
 42
0.000000001
 43
0.0000000001
 40
1.0
 40
1.0
 40
1.0
 40
1.0
 40
2.0
 40
2.0
 40
2.0
 40
3.0
 40
3.0
 40
3.0
 40
4.0
 40
4.0
 40
4.0
 40
13.92
 40
13.92
 40
13.92
 40
22.42
 40
22.42
 40
22.42
 40
32.34
 40
32.34
 40
32.34
 40
33.34
 40
33.34
 40
33.34
 40
34.34
 40
34.34
 40
34.34
 40
35.34
 40
35.34
 40
35.34
 40
36.34
 40
36.34
 40
36.34
 40
37.34
 40
37.34
 40
37.34
 40
38.34
 40
38.34
 40
38.34
 40
39.34
 40
39.34
 40
39.34
 40
40.34
 40
40.34
 40
40.34
 40
40.34
 10
292.7916561111111
 20
28.58269055555555
 30
0.0
 10
290.6079616666666
 20
32.56555166666666
 30
0.0
 10
289.7436561111111
 20
27.84891277777778
 30
0.0
 10
284.2650172222222
 20
27.84891277777778
 30
0.0
 10
284.2121005555555
 20
27.84891277777778
 30
0.0
 10
284.1662394444444
 20
27.06574611111111
 30
0.0
 10
284.1662394444444
 20
26.09913499999999
 30
0.0
 10
284.1662394444444
 20
25.13252388888889
 30
0.0
 10
284.2650172222222
 20
24.52221833333333
 30
0.0
 10
284.2650172222222
 20
24.34935722222222
 30
0.0
 10
284.2650172222222
 20
23.18283870370371
 30
0.0
 10
284.2650172222222
 20
22.01632018518518
 30
0.0
 10
284.2650172222222
 20
20.84980166666666
 30
0.0
 10
283.2654801851852
 20
20.84980166666666
 30
0.0
 10
282.2659431481482
 20
20.84980166666666
 30
0.0
 10
281.2664061111111
 20
20.84980166666666
 30
0.0
 10
281.2664061111111
 20
22.01632018518518
 30
0.0
 10
281.2664061111111
 20
23.18283870370371
 30
0.0
 10
281.2664061111111
 20
24.34935722222222
 30
0.0
 10
281.2664061111111
 20
24.52221833333333
 30
0.0
 10
281.3651838888889
 20
25.13252388888889
 30
0.0
 10
281.3651838888889
 20
26.09913499999999
 30
0.0
 10
281.3651838888889
 20
27.06574611111111
 30
0.0
 10
281.3193227777778
 20
27.84891277777778
 30
0.0
 10
281.2664061111111
 20
27.84891277777778
 30
0.0
 10
278.4018505555555
 20
27.84891277777778
 30
0.0
 10
277.1671283333333
 20
30.94630166666666
 30
0.0
 10
277.1671283333333
 20
27.84891277777778
 30
0.0
 10
277.1671283333333
 20
17.57955166666667
 30
0.0
 10
262.5056838888889
 20
22.003385
 30
0.0
 10
264.996295
 20
16.129635
 30
0.0
 10
269.3248783333333
 20
5.920246111111112
 30
0.0
 10
271.7061283333333
 20
12.38666277777778
 30
0.0
 10
274.9058227777778
 20
8.160384999999998
 30
0.0
 10
278.1231561111111
 20
3.912940555555553
 30
0.0
 10
274.9058227777778
 20
12.64419055555555
 30
0.0
 10
289.1227672222222
 20
8.661329444444444
 30
0.0
 10
298.7218505555555
 20
5.969635000000001
 30
0.0
 10
289.9941283333333
 20
16.87752388888889
 30
0.0
 10
292.9821561111111
 20
20.72280166666667
 30
0.0
 10
295.9701838888889
 20
24.56807944444444
 30
0.0
 10
294.9753505555556
 20
24.59630166666667
 30
0.0
 10
292.7916561111111
 20
28.58269055555555
 30
0.0
  0
SPLINE
  5
16B
330
1F
100
AcDbEntity
  8
DEFAULT
 62
   250
100
AcDbSpline
210
0.0
220
0.0
230
1.0
 70
     8
 71
     3
 72
    11
 73
     7
 74
     0
 42
0.000000001
 43
0.0000000001
 40
0.0
 40
0.0
 40
0.0
 40
0.0
 40
1.0
 40
1.0
 40
1.0
 40
5.219370687673695
 40
5.219370687673695
 40
5.219370687673695
 40
5.219370687673695
 10
16.71626916666667
 20
16.79747861111111
 30
0.0
 10
16.71626916666667
 20
16.79747861111111
 30
0.0
 10
17.70863305555556
 20
17.69388694444444
 30
0.0
 10
17.76260805555556
 20
17.77185083333333
 30
0.0
 10
17.40983027777778
 20
18.12074805555555
 30
0.0
 10
17.0570525
 20
18.46964527777778
 30
0.0
 10
16.70427472222222
 20
18.8185425
 30
0.0
  0
POLYLINE
  5
16C
330
1F
100
AcDbEntity
  8
DEFAULT
 62
   250
100
AcDb2dPolyline
 66
     1
 10
0.0
 20
0.0
 30
0.0
  0
VERTEX
  5
16D
330
16C
100
AcDbEntity
  8
DEFAULT
 62
   250
100
AcDbVertex
100
AcDb2dVertex
 10
17.76271388888889
 20
18.81836611111111
 30
0.0
  0
VERTEX
  5
16E
330
16C
100
AcDbEntity
  8
DEFAULT
 62
   250
100
AcDbVertex
100
AcDb2dVertex
 10
17.76271388888889
 20
16.79730222222222
 30
0.0
  0
SEQEND
  5
16F
330
16C
100
AcDbEntity
  8
DEFAULT
 62
   250
  0
SPLINE
  5
170
330
1F
100
AcDbEntity
  8
DEFAULT
 62
     1
100
AcDbSpline
210
0.0
220
0.0
230
1.0
 70
    11
 71
     3
 72
    47
 73
    43
 74
     0
 42
0.000000001
 43
0.0000000001
 40
1.0
 40
1.0
 40
1.0
 40
1.0
 40
2.0
 40
2.0
 40
2.0
 40
3.0
 40
3.0
 40
3.0
 40
4.0
 40
4.0
 40
4.0
 40
13.92
 40
13.92
 40
13.92
 40
22.42
 40
22.42
 40
22.42
 40
32.34
 40
32.34
 40
32.34
 40
33.34
 40
33.34
 40
33.34
 40
34.34
 40
34.34
 40
34.34
 40
35.34
 40
35.34
 40
35.34
 40
36.34
 40
36.34
 40
36.34
 40
37.34
 40
37.34
 40
37.34
 40
38.34
 40
38.34
 40
38.34
 40
39.34
 40
39.34
 40
39.34
 40
40.34
 40
40.34
 40
40.34
 40
40.34
 10
7.20834361111111
 20
28.58269055555555
 30
0.0
 10
9.392038055555554
 20
32.56555166666666
 30
0.0
 10
10.25634361111111
 20
27.84891277777778
 30
0.0
 10
15.7349825
 20
27.84891277777778
 30
0.0
 10
15.78789916666667
 20
27.84891277777778
 30
0.0
 10
15.83376027777778
 20
27.06574611111111
 30
0.0
 10
15.83376027777778
 20
26.09913499999999
 30
0.0
 10
15.83376027777778
 20
25.13252388888889
 30
0.0
 10
15.7349825
 20
24.52221833333333
 30
0.0
 10
15.7349825
 20
24.34935722222222
 30
0.0
 10
15.7349825
 20
23.18283870370371
 30
0.0
 10
15.7349825
 20
22.01632018518518
 30
0.0
 10
15.7349825
 20
20.84980166666666
 30
0.0
 10
16.73451953703703
 20
20.84980166666666
 30
0.0
 10
17.73405657407407
 20
20.84980166666666
 30
0.0
 10
18.73359361111111
 20
20.84980166666666
 30
0.0
 10
18.73359361111111
 20
22.01632018518518
 30
0.0
 10
18.73359361111111
 20
23.18283870370371
 30
0.0
 10
18.73359361111111
 20
24.34935722222222
 30
0.0
 10
18.73359361111111
 20
24.52221833333333
 30
0.0
 10
18.63481583333333
 20
25.13252388888889
 30
0.0
 10
18.63481583333333
 20
26.09913499999999
 30
0.0
 10
18.63481583333333
 20
27.06574611111111
 30
0.0
 10
18.68067694444445
 20
27.84891277777778
 30
0.0
 10
18.73359361111111
 20
27.84891277777778
 30
0.0
 10
21.59814916666667
 20
27.84891277777778
 30
0.0
 10
22.83287138888889
 20
30.94630166666666
 30
0.0
 10
22.83287138888889
 20
27.84891277777778
 30
0.0
 10
22.83287138888889
 20
17.57955166666667
 30
0.0
 10
37.49431583333332
 20
22.003385
 30
0.0
 10
35.00370472222222
 20
16.129635
 30
0.0
 10
30.67512138888888
 20
5.920246111111112
 30
0.0
 10
28.29387138888889
 20
12.38666277777778
 30
0.0
 10
25.09417694444444
 20
8.160384999999998
 30
0.0
 10
21.87684361111111
 20
3.912940555555553
 30
0.0
 10
25.09417694444444
 20
12.64419055555555
 30
0.0
 10
10.8772325
 20
8.661329444444444
 30
0.0
 10
1.278149166666667
 20
5.969635000000001
 30
0.0
 10
10.00587138888889
 20
16.87752388888889
 30
0.0
 10
7.01784361111111
 20
20.72280166666667
 30
0.0
 10
4.029815833333333
 20
24.56807944444444
 30
0.0
 10
5.024649166666666
 20
24.59630166666667
 30
0.0
 10
7.20834361111111
 20
28.58269055555555
 30
0.0
  0
POLYLINE
  5
171
330
1F
100
AcDbEntity
  8
DEFAULT
 62
   250
100
AcDb2dPolyline
 66
     1
 10
0.0
 20
0.0
 30
0.0
  0
VERTEX
  5
172
330
171
100
AcDbEntity
  8
DEFAULT
 62
   250
100
AcDbVertex
100
AcDb2dVertex
 10
112.3246208333333
 20
84.84714777777776
 30
0.0
  0
VERTEX
  5
173
330
171
100
AcDbEntity
  8
DEFAULT
 62
   250
100
AcDbVertex
100
AcDb2dVertex
 10
111.2782819444444
 20
84.84714777777776
 30
0.0
  0
SEQEND
  5
174
330
171
100
AcDbEntity
  8
DEFAULT
 62
   250
  0
POLYLINE
  5
175
330
1F
100
AcDbEntity
  8
DEFAULT
 62
   250
100
AcDb2dPolyline
 66
     1
 10
0.0
 20
0.0
 30
0.0
  0
VERTEX
  5
176
330
175
100
AcDbEntity
  8
DEFAULT
 62
   250
100
AcDbVertex
100
AcDb2dVertex
 10
112.4145438888889
 20
83.89972777777777
 30
0.0
  0
VERTEX
  5
177
330
175
100
AcDbEntity
  8
DEFAULT
 62
   250
100
AcDbVertex
100
AcDb2dVertex
 10
111.2782466666666
 20
83.89972777777777
 30
0.0
  0
VERTEX
  5
178
330
175
100
AcDbEntity
  8
DEFAULT
 62
   250
100
AcDbVertex
100
AcDb2dVertex
 10
111.2782466666666
 20
85.92079166666666
 30
0.0
  0
VERTEX
  5
179
330
175
100
AcDbEntity
  8
DEFAULT
 62
   250
100
AcDbVertex
100
AcDb2dVertex
 10
112.3697411111111
 20
85.92079166666666
 30
0.0
  0
SEQEND
  5
17A
330
175
100
AcDbEntity
  8
DEFAULT
 62
   250
  0
SPLINE
  5
17B
330
1F
100
AcDbEntity
  8
DEFAULT
 62
     1
100
AcDbSpline
210
0.0
220
0.0
230
1.0
 70
    11
 71
     3
 72
    50
 73
    46
 74
     0
 42
0.000000001
 43
0.0000000001
 40
1.0
 40
1.0
 40
1.0
 40
1.0
 40
2.0
 40
2.0
 40
2.0
 40
3.0
 40
3.0
 40
3.0
 40
4.0
 40
4.0
 40
4.0
 40
5.0
 40
5.0
 40
5.0
 40
13.49799999999999
 40
13.49799999999999
 40
13.49799999999999
 40
14.49799999999999
 40
14.49799999999999
 40
14.49799999999999
 40
15.49799999999999
 40
15.49799999999999
 40
15.49799999999999
 40
16.49799999999999
 40
16.49799999999999
 40
16.49799999999999
 40
17.49799999999999
 40
17.49799999999999
 40
17.49799999999999
 40
18.49799999999999
 40
18.49799999999999
 40
18.49799999999999
 40
19.49799999999999
 40
19.49799999999999
 40
19.49799999999999
 40
20.49799999999999
 40
20.49799999999999
 40
20.49799999999999
 40
21.49799999999999
 40
21.49799999999999
 40
21.49799999999999
 40
22.49799999999999
 40
22.49799999999999
 40
22.49799999999999
 40
23.49799999999999
 40
23.49799999999999
 40
23.49799999999999
 40
23.49799999999999
 10
120.8197566666667
 20
75.04331222222221
 30
0.0
 10
117.3307844444444
 20
74.10880388888889
 30
0.0
 10
116.3426538888889
 20
74.86657055555555
 30
0.0
 10
113.3443955555556
 20
74.86657055555555
 30
0.0
 10
113.2904205555555
 20
74.86515944444444
 30
0.0
 10
113.2445594444444
 20
75.65361777777777
 30
0.0
 10
113.2459705555555
 20
76.62234555555555
 30
0.0
 10
113.2456177777778
 20
77.58789833333333
 30
0.0
 10
113.34369
 20
78.19538166666666
 30
0.0
 10
113.3447483333333
 20
78.37388722222222
 30
0.0
 10
113.3465122222222
 20
79.24454277777777
 30
0.0
 10
113.3461594444444
 20
81.8681511111111
 30
0.0
 10
113.3461594444444
 20
81.8681511111111
 30
0.0
 10
112.3468575925926
 20
81.8681511111111
 30
0.0
 10
111.3475557407407
 20
81.8681511111111
 30
0.0
 10
110.3482538888889
 20
81.8681511111111
 30
0.0
 10
110.3482538888889
 20
81.8681511111111
 30
0.0
 10
110.3436677777778
 20
79.24348444444445
 30
0.0
 10
110.3429622222222
 20
78.36789
 30
0.0
 10
110.3454316666667
 20
78.19538166666666
 30
0.0
 10
110.4463261111111
 20
77.58719277777777
 30
0.0
 10
110.444915
 20
76.618465
 30
0.0
 10
110.4459733333333
 20
75.66032055555556
 30
0.0
 10
110.4008177777778
 20
74.88385666666666
 30
0.0
 10
110.3447261111111
 20
74.87150944444444
 30
0.0
 10
107.3447038888889
 20
74.86868722222222
 30
0.0
 10
104.8237538888889
 20
75.65220666666666
 30
0.0
 10
104.3277483333333
 20
77.50287888888889
 30
0.0
 10
103.8617288888889
 20
79.2424261111111
 30
0.0
 10
103.48214
 20
82.390615
 30
0.0
 10
102.8041011111111
 20
84.44448722222222
 30
0.0
 10
101.7267177777778
 20
87.70909277777777
 30
0.0
 10
99.43119277777777
 20
94.16316222222221
 30
0.0
 10
107.7832066666667
 20
96.5444122222222
 30
0.0
 10
114.2704372222222
 20
98.3940261111111
 30
0.0
 10
117.4193316666667
 20
98.48751222222222
 30
0.0
 10
120.3886622222222
 20
96.77301222222222
 30
0.0
 10
121.4886233333333
 20
96.13765944444444
 30
0.0
 10
121.8629205555555
 20
94.73607333333332
 30
0.0
 10
121.2293316666667
 20
93.63540666666667
 30
0.0
 10
118.4314511111111
 20
88.77800944444444
 30
0.0
 10
121.5073205555556
 20
81.355565
 30
0.0
 10
122.4446511111111
 20
77.85706777777777
 30
0.0
 10
122.7737927777778
 20
76.62799
 30
0.0
 10
122.0467177777778
 20
75.36927888888889
 30
0.0
 10
120.8197566666667
 20
75.04331222222221
 30
0.0
  0
POLYLINE
  5
17C
330
1F
100
AcDbEntity
  8
DEFAULT
 62
   250
100
AcDb2dPolyline
 66
     1
 10
0.0
 20
0.0
 30
0.0
  0
VERTEX
  5
17D
330
17C
100
AcDbEntity
  8
DEFAULT
 62
   250
100
AcDbVertex
100
AcDb2dVertex
 10
137.7648022222222
 20
77.90945527777777
 30
0.0
  0
VERTEX
  5
17E
330
17C
100
AcDbEntity
  8
DEFAULT
 62
   250
100
AcDbVertex
100
AcDb2dVertex
 10
136.7184633333333
 20
77.90945527777777
 30
0.0
  0
SEQEND
  5
17F
330
17C
100
AcDbEntity
  8
DEFAULT
 62
   250
  0
POLYLINE
  5
180
330
1F
100
AcDbEntity
  8
DEFAULT
 62
   250
100
AcDb2dPolyline
 66
     1
 10
0.0
 20
0.0
 30
0.0
  0
VERTEX
  5
181
330
180
100
AcDbEntity
  8
DEFAULT
 62
   250
100
AcDbVertex
100
AcDb2dVertex
 10
137.8547252777778
 20
76.96203527777777
 30
0.0
  0
VERTEX
  5
182
330
180
100
AcDbEntity
  8
DEFAULT
 62
   250
100
AcDbVertex
100
AcDb2dVertex
 10
136.7184280555555
 20
76.96203527777777
 30
0.0
  0
VERTEX
  5
183
330
180
100
AcDbEntity
  8
DEFAULT
 62
   250
100
AcDbVertex
100
AcDb2dVertex
 10
136.7184280555555
 20
78.98274638888888
 30
0.0
  0
VERTEX
  5
184
330
180
100
AcDbEntity
  8
DEFAULT
 62
   250
100
AcDbVertex
100
AcDb2dVertex
 10
137.8099225
 20
78.98274638888888
 30
0.0
  0
SEQEND
  5
185
330
180
100
AcDbEntity
  8
DEFAULT
 62
   250
  0
SPLINE
  5
186
330
1F
100
AcDbEntity
  8
DEFAULT
 62
     1
100
AcDbSpline
210
0.0
220
0.0
230
1.0
 70
    11
 71
     3
 72
    50
 73
    46
 74
     0
 42
0.000000001
 43
0.0000000001
 40
1.0
 40
1.0
 40
1.0
 40
1.0
 40
2.0
 40
2.0
 40
2.0
 40
3.0
 40
3.0
 40
3.0
 40
4.0
 40
4.0
 40
4.0
 40
5.0
 40
5.0
 40
5.0
 40
13.49899999999997
 40
13.49899999999997
 40
13.49899999999997
 40
14.49899999999997
 40
14.49899999999997
 40
14.49899999999997
 40
15.49899999999997
 40
15.49899999999997
 40
15.49899999999997
 40
16.49899999999997
 40
16.49899999999997
 40
16.49899999999997
 40
17.49899999999997
 40
17.49899999999997
 40
17.49899999999997
 40
18.49899999999997
 40
18.49899999999997
 40
18.49899999999997
 40
19.49899999999997
 40
19.49899999999997
 40
19.49899999999997
 40
20.49899999999997
 40
20.49899999999997
 40
20.49899999999997
 40
21.49899999999997
 40
21.49899999999997
 40
21.49899999999997
 40
22.49899999999997
 40
22.49899999999997
 40
22.49899999999997
 40
23.49899999999997
 40
23.49899999999997
 40
23.49899999999997
 40
23.49899999999997
 10
146.2599380555556
 20
68.10558444444445
 30
0.0
 10
142.7709658333333
 20
67.1710761111111
 30
0.0
 10
141.7828352777778
 20
67.92919555555555
 30
0.0
 10
138.7845769444444
 20
67.92919555555555
 30
0.0
 10
138.7306019444444
 20
67.92743166666666
 30
0.0
 10
138.6847408333333
 20
68.71589
 30
0.0
 10
138.6861519444444
 20
69.68461777777777
 30
0.0
 10
138.6857991666666
 20
70.65017055555555
 30
0.0
 10
138.7838713888889
 20
71.25765388888888
 30
0.0
 10
138.7849297222222
 20
71.43615944444444
 30
0.0
 10
138.7866936111111
 20
72.30716777777778
 30
0.0
 10
138.7866936111111
 20
74.93042333333334
 30
0.0
 10
138.7866936111111
 20
74.93042333333334
 30
0.0
 10
137.7872741666666
 20
74.93042333333334
 30
0.0
 10
136.7878547222222
 20
74.93042333333334
 30
0.0
 10
135.7884352777778
 20
74.93042333333334
 30
0.0
 10
135.7884352777778
 20
74.93042333333334
 30
0.0
 10
135.7838491666666
 20
72.30575666666667
 30
0.0
 10
135.7834963888889
 20
71.43016222222222
 30
0.0
 10
135.7856130555556
 20
71.25765388888888
 30
0.0
 10
135.8865075
 20
70.649465
 30
0.0
 10
135.8850963888889
 20
69.68073722222222
 30
0.0
 10
135.8861547222222
 20
68.72259277777778
 30
0.0
 10
135.8409991666666
 20
67.9461288888889
 30
0.0
 10
135.7849075
 20
67.93413444444445
 30
0.0
 10
132.7848852777778
 20
67.93095944444444
 30
0.0
 10
130.2639352777778
 20
68.71447888888889
 30
0.0
 10
129.7679297222222
 20
70.5651511111111
 30
0.0
 10
129.3022630555555
 20
72.30505111111111
 30
0.0
 10
128.9223213888889
 20
75.45288722222222
 30
0.0
 10
128.2442825
 20
77.50675944444444
 30
0.0
 10
127.1668991666667
 20
80.77171777777778
 30
0.0
 10
124.8717269444444
 20
87.22543444444445
 30
0.0
 10
133.2233880555555
 20
89.60668444444444
 30
0.0
 10
139.7106186111111
 20
91.45629833333334
 30
0.0
 10
142.8595130555555
 20
91.54978444444444
 30
0.0
 10
145.8288436111111
 20
89.83528444444444
 30
0.0
 10
146.9288047222222
 20
89.20028444444443
 30
0.0
 10
147.3031019444444
 20
87.79834555555556
 30
0.0
 10
146.6695130555555
 20
86.69803166666667
 30
0.0
 10
143.8716325
 20
81.84028166666666
 30
0.0
 10
146.9475019444444
 20
74.41783722222222
 30
0.0
 10
147.8848325
 20
70.91933999999999
 30
0.0
 10
148.2139741666666
 20
69.69026222222222
 30
0.0
 10
147.4868991666667
 20
68.4315511111111
 30
0.0
 10
146.2599380555556
 20
68.10558444444445
 30
0.0
  0
POLYLINE
  5
187
330
1F
100
AcDbEntity
  8
DEFAULT
 62
   250
100
AcDb2dPolyline
 66
     1
 10
0.0
 20
0.0
 30
0.0
  0
VERTEX
  5
188
330
187
100
AcDbEntity
  8
DEFAULT
 62
   250
100
AcDbVertex
100
AcDb2dVertex
 10
135.9970327777778
 20
46.22934055555555
 30
0.0
  0
VERTEX
  5
189
330
187
100
AcDbEntity
  8
DEFAULT
 62
   250
100
AcDbVertex
100
AcDb2dVertex
 10
134.9506938888889
 20
46.22934055555555
 30
0.0
  0
SEQEND
  5
18A
330
187
100
AcDbEntity
  8
DEFAULT
 62
   250
  0
POLYLINE
  5
18B
330
1F
100
AcDbEntity
  8
DEFAULT
 62
   250
100
AcDb2dPolyline
 66
     1
 10
0.0
 20
0.0
 30
0.0
  0
VERTEX
  5
18C
330
18B
100
AcDbEntity
  8
DEFAULT
 62
   250
100
AcDbVertex
100
AcDb2dVertex
 10
136.0869558333333
 20
45.28192055555556
 30
0.0
  0
VERTEX
  5
18D
330
18B
100
AcDbEntity
  8
DEFAULT
 62
   250
100
AcDbVertex
100
AcDb2dVertex
 10
134.9506586111111
 20
45.28192055555556
 30
0.0
  0
VERTEX
  5
18E
330
18B
100
AcDbEntity
  8
DEFAULT
 62
   250
100
AcDbVertex
100
AcDb2dVertex
 10
134.9506586111111
 20
47.30298444444445
 30
0.0
  0
VERTEX
  5
18F
330
18B
100
AcDbEntity
  8
DEFAULT
 62
   250
100
AcDbVertex
100
AcDb2dVertex
 10
136.0421530555556
 20
47.30298444444445
 30
0.0
  0
SEQEND
  5
190
330
18B
100
AcDbEntity
  8
DEFAULT
 62
   250
  0
SPLINE
  5
191
330
1F
100
AcDbEntity
  8
DEFAULT
 62
     1
100
AcDbSpline
210
0.0
220
0.0
230
1.0
 70
    11
 71
     3
 72
    50
 73
    46
 74
     0
 42
0.000000001
 43
0.0000000001
 40
1.0
 40
1.0
 40
1.0
 40
1.0
 40
2.0
 40
2.0
 40
2.0
 40
3.0
 40
3.0
 40
3.0
 40
4.0
 40
4.0
 40
4.0
 40
5.0
 40
5.0
 40
5.0
 40
13.49799999999999
 40
13.49799999999999
 40
13.49799999999999
 40
14.49799999999999
 40
14.49799999999999
 40
14.49799999999999
 40
15.49799999999999
 40
15.49799999999999
 40
15.49799999999999
 40
16.49799999999999
 40
16.49799999999999
 40
16.49799999999999
 40
17.49799999999999
 40
17.49799999999999
 40
17.49799999999999
 40
18.49799999999999
 40
18.49799999999999
 40
18.49799999999999
 40
19.49799999999999
 40
19.49799999999999
 40
19.49799999999999
 40
20.49799999999999
 40
20.49799999999999
 40
20.49799999999999
 40
21.49799999999999
 40
21.49799999999999
 40
21.49799999999999
 40
22.49799999999999
 40
22.49799999999999
 40
22.49799999999999
 40
23.49799999999999
 40
23.49799999999999
 40
23.49799999999999
 40
23.49799999999999
 10
144.4922038888889
 20
36.42546972222222
 30
0.0
 10
141.0028788888889
 20
35.49096138888888
 30
0.0
 10
140.0151011111111
 20
36.24908083333333
 30
0.0
 10
137.0168427777778
 20
36.24908083333333
 30
0.0
 10
136.9628677777778
 20
36.24731694444444
 30
0.0
 10
136.9170066666667
 20
37.03577527777777
 30
0.0
 10
136.9184177777778
 20
38.00450305555555
 30
0.0
 10
136.918065
 20
38.97005583333333
 30
0.0
 10
137.0161372222222
 20
39.57753916666666
 30
0.0
 10
137.0171955555555
 20
39.75604472222222
 30
0.0
 10
137.0189594444444
 20
40.62705305555555
 30
0.0
 10
137.0186066666667
 20
43.25030861111111
 30
0.0
 10
137.0186066666667
 20
43.25030861111111
 30
0.0
 10
136.0193048148148
 20
43.25030861111111
 30
0.0
 10
135.020002962963
 20
43.25030861111111
 30
0.0
 10
134.0207011111111
 20
43.25030861111111
 30
0.0
 10
134.0207011111111
 20
43.25030861111111
 30
0.0
 10
134.016115
 20
40.62564194444444
 30
0.0
 10
134.0154094444444
 20
39.75004749999999
 30
0.0
 10
134.0178788888889
 20
39.57753916666666
 30
0.0
 10
134.1187733333333
 20
38.96935027777777
 30
0.0
 10
134.1173622222222
 20
38.0006225
 30
0.0
 10
134.1184205555555
 20
37.04247805555555
 30
0.0
 10
134.073265
 20
36.26601416666666
 30
0.0
 10
134.0171733333333
 20
36.25401972222222
 30
0.0
 10
131.0171511111111
 20
36.25084472222222
 30
0.0
 10
128.4962011111111
 20
37.03436416666666
 30
0.0
 10
128.0001955555555
 20
38.88503638888889
 30
0.0
 10
127.5341761111111
 20
40.62493638888888
 30
0.0
 10
127.1545872222222
 20
43.77277249999999
 30
0.0
 10
126.4765483333333
 20
45.82664472222222
 30
0.0
 10
125.399165
 20
49.09160305555555
 30
0.0
 10
123.10364
 20
55.54531972222222
 30
0.0
 10
131.4556538888889
 20
57.92656972222222
 30
0.0
 10
137.9428844444444
 20
59.77618361111111
 30
0.0
 10
141.0917788888889
 20
59.86966972222221
 30
0.0
 10
144.0611094444444
 20
58.15516972222222
 30
0.0
 10
145.1610705555555
 20
57.52016972222221
 30
0.0
 10
145.5353677777778
 20
56.11823083333333
 30
0.0
 10
144.9017788888889
 20
55.01791694444444
 30
0.0
 10
142.1038983333333
 20
50.16016694444443
 30
0.0
 10
145.1797677777778
 20
42.73807527777777
 30
0.0
 10
146.1170983333333
 20
39.23922527777777
 30
0.0
 10
146.44624
 20
38.0101475
 30
0.0
 10
145.719165
 20
36.75143638888888
 30
0.0
 10
144.4922038888889
 20
36.42546972222222
 30
0.0
  0
POLYLINE
  5
192
330
1F
100
AcDbEntity
  8
DEFAULT
 62
   250
100
AcDb2dPolyline
 66
     1
 10
0.0
 20
0.0
 30
0.0
  0
VERTEX
  5
193
330
192
100
AcDbEntity
  8
DEFAULT
 62
   250
100
AcDbVertex
100
AcDb2dVertex
 10
135.9970327777778
 20
20.26154472222222
 30
0.0
  0
VERTEX
  5
194
330
192
100
AcDbEntity
  8
DEFAULT
 62
   250
100
AcDbVertex
100
AcDb2dVertex
 10
134.9506938888889
 20
20.26154472222222
 30
0.0
  0
SEQEND
  5
195
330
192
100
AcDbEntity
  8
DEFAULT
 62
   250
  0
POLYLINE
  5
196
330
1F
100
AcDbEntity
  8
DEFAULT
 62
   250
100
AcDb2dPolyline
 66
     1
 10
0.0
 20
0.0
 30
0.0
  0
VERTEX
  5
197
330
196
100
AcDbEntity
  8
DEFAULT
 62
   250
100
AcDbVertex
100
AcDb2dVertex
 10
136.0869558333333
 20
19.31412472222222
 30
0.0
  0
VERTEX
  5
198
330
196
100
AcDbEntity
  8
DEFAULT
 62
   250
100
AcDbVertex
100
AcDb2dVertex
 10
134.9506586111111
 20
19.31412472222222
 30
0.0
  0
VERTEX
  5
199
330
196
100
AcDbEntity
  8
DEFAULT
 62
   250
100
AcDbVertex
100
AcDb2dVertex
 10
134.9506586111111
 20
21.33518861111111
 30
0.0
  0
VERTEX
  5
19A
330
196
100
AcDbEntity
  8
DEFAULT
 62
   250
100
AcDbVertex
100
AcDb2dVertex
 10
136.0421530555556
 20
21.33518861111111
 30
0.0
  0
SEQEND
  5
19B
330
196
100
AcDbEntity
  8
DEFAULT
 62
   250
  0
SPLINE
  5
19C
330
1F
100
AcDbEntity
  8
DEFAULT
 62
     1
100
AcDbSpline
210
0.0
220
0.0
230
1.0
 70
    11
 71
     3
 72
    50
 73
    46
 74
     0
 42
0.000000001
 43
0.0000000001
 40
1.0
 40
1.0
 40
1.0
 40
1.0
 40
2.0
 40
2.0
 40
2.0
 40
3.0
 40
3.0
 40
3.0
 40
4.0
 40
4.0
 40
4.0
 40
5.0
 40
5.0
 40
5.0
 40
13.49799999999999
 40
13.49799999999999
 40
13.49799999999999
 40
14.49799999999999
 40
14.49799999999999
 40
14.49799999999999
 40
15.49799999999999
 40
15.49799999999999
 40
15.49799999999999
 40
16.49799999999999
 40
16.49799999999999
 40
16.49799999999999
 40
17.49799999999999
 40
17.49799999999999
 40
17.49799999999999
 40
18.49799999999999
 40
18.49799999999999
 40
18.49799999999999
 40
19.49799999999999
 40
19.49799999999999
 40
19.49799999999999
 40
20.49799999999999
 40
20.49799999999999
 40
20.49799999999999
 40
21.49799999999999
 40
21.49799999999999
 40
21.49799999999999
 40
22.49799999999999
 40
22.49799999999999
 40
22.49799999999999
 40
23.49799999999999
 40
23.49799999999999
 40
23.49799999999999
 40
23.49799999999999
 10
144.4922038888889
 20
10.45770916666667
 30
0.0
 10
141.0028788888889
 20
9.523200833333332
 30
0.0
 10
140.0151011111111
 20
10.2809675
 30
0.0
 10
137.0168427777778
 20
10.2809675
 30
0.0
 10
136.9628677777778
 20
10.27955638888889
 30
0.0
 10
136.9170066666667
 20
11.06801472222222
 30
0.0
 10
136.9184177777778
 20
12.0367425
 30
0.0
 10
136.918065
 20
13.00229527777778
 30
0.0
 10
137.0161372222222
 20
13.60977861111111
 30
0.0
 10
137.0171955555555
 20
13.78828416666667
 30
0.0
 10
137.0189594444444
 20
14.65893972222222
 30
0.0
 10
137.0186066666667
 20
17.28254805555556
 30
0.0
 10
137.0186066666667
 20
17.28254805555556
 30
0.0
 10
136.0193048148148
 20
17.28254805555556
 30
0.0
 10
135.020002962963
 20
17.28254805555556
 30
0.0
 10
134.0207011111111
 20
17.28254805555556
 30
0.0
 10
134.0207011111111
 20
17.28254805555556
 30
0.0
 10
134.016115
 20
14.65788138888889
 30
0.0
 10
134.0154094444444
 20
13.78228694444444
 30
0.0
 10
134.0178788888889
 20
13.60977861111111
 30
0.0
 10
134.1187733333333
 20
13.00158972222222
 30
0.0
 10
134.1173622222222
 20
12.03286194444444
 30
0.0
 10
134.1184205555555
 20
11.0747175
 30
0.0
 10
134.073265
 20
10.29825361111111
 30
0.0
 10
134.0171733333333
 20
10.28590638888889
 30
0.0
 10
131.0171511111111
 20
10.28308416666667
 30
0.0
 10
128.4962011111111
 20
11.06660361111111
 30
0.0
 10
128.0001955555555
 20
12.91727583333333
 30
0.0
 10
127.5341761111111
 20
14.65682305555555
 30
0.0
 10
127.1545872222222
 20
17.80501194444444
 30
0.0
 10
126.4765483333333
 20
19.85888416666667
 30
0.0
 10
125.399165
 20
23.1238425
 30
0.0
 10
123.10364
 20
29.57755916666666
 30
0.0
 10
131.4556538888889
 20
31.95880916666666
 30
0.0
 10
137.9428844444444
 20
33.80842305555555
 30
0.0
 10
141.0917788888889
 20
33.90190916666666
 30
0.0
 10
144.0611094444444
 20
32.18740916666666
 30
0.0
 10
145.1610705555555
 20
31.55205638888889
 30
0.0
 10
145.5353677777778
 20
30.15047027777778
 30
0.0
 10
144.9017788888889
 20
29.05015638888889
 30
0.0
 10
142.1038983333333
 20
24.19240638888888
 30
0.0
 10
145.1797677777778
 20
16.76996194444444
 30
0.0
 10
146.1170983333333
 20
13.27146472222222
 30
0.0
 10
146.44624
 20
12.04238694444444
 30
0.0
 10
145.719165
 20
10.78367583333333
 30
0.0
 10
144.4922038888889
 20
10.45770916666667
 30
0.0
  0
SPLINE
  5
19D
330
1F
100
AcDbEntity
  8
DEFAULT
 62
   250
100
AcDbSpline
210
0.0
220
0.0
230
1.0
 70
     8
 71
     3
 72
    17
 73
    13
 74
     0
 42
0.000000001
 43
0.0000000001
 40
0.0
 40
0.0
 40
0.0
 40
0.0
 40
1.0
 40
1.0
 40
1.0
 40
2.0
 40
2.0
 40
2.0
 40
3.0
 40
3.0
 40
3.0
 40
4.0
 40
4.0
 40
4.0
 40
4.0
 10
220.1058519444444
 20
132.1346452777778
 30
0.0
 10
220.1693519444444
 20
132.2210758333333
 30
0.0
 10
220.3182241666666
 20
132.3512508333333
 30
0.0
 10
220.5369463888889
 20
132.4634341666666
 30
0.0
 10
221.0438880555555
 20
132.7230786111111
 30
0.0
 10
221.5896352777778
 20
132.5985480555555
 30
0.0
 10
221.8916130555556
 20
132.0090563888889
 30
0.0
 10
222.1801852777778
 20
131.4460230555555
 30
0.0
 10
221.9942713888888
 20
130.8688786111111
 30
0.0
 10
221.4368825
 20
130.5831286111111
 30
0.0
 10
221.2125158333333
 20
130.4681230555555
 30
0.0
 10
221.0467102777778
 20
130.4437813888889
 30
0.0
 10
220.9687463888889
 20
130.4441341666667
 30
0.0
  0
SPLINE
  5
19E
330
1F
100
AcDbEntity
  8
DEFAULT
 62
   250
100
AcDbSpline
210
0.0
220
0.0
230
1.0
 70
     8
 71
     3
 72
    17
 73
    13
 74
     0
 42
0.000000001
 43
0.0000000001
 40
0.0
 40
0.0
 40
0.0
 40
0.0
 40
1.0
 40
1.0
 40
1.0
 40
2.0
 40
2.0
 40
2.0
 40
3.0
 40
3.0
 40
3.0
 40
4.0
 40
4.0
 40
4.0
 40
4.0
 10
238.3092558333333
 20
132.8324044444444
 30
0.0
 10
238.4165002777777
 20
132.8313461111111
 30
0.0
 10
238.6091169444444
 20
132.7865433333333
 30
0.0
 10
238.8278391666666
 20
132.67436
 30
0.0
 10
239.3347808333333
 20
132.4147155555555
 30
0.0
 10
239.5520919444444
 20
131.8986016666667
 30
0.0
 10
239.2501141666666
 20
131.30911
 30
0.0
 10
238.9615419444444
 20
130.7460766666667
 30
0.0
 10
238.3843974999999
 20
130.5601627777778
 30
0.0
 10
237.8266558333333
 20
130.8459127777778
 30
0.0
 10
237.6026419444444
 20
130.9609183333333
 30
0.0
 10
237.4858725
 20
131.0812155555556
 30
0.0
 10
237.4407169444444
 20
131.1447155555555
 30
0.0
  0
POLYLINE
  5
19F
330
1F
100
AcDbEntity
  8
DEFAULT
 62
   250
100
AcDb2dPolyline
 66
     1
 10
0.0
 20
0.0
 30
0.0
  0
VERTEX
  5
1A0
330
19F
100
AcDbEntity
  8
DEFAULT
 62
   250
100
AcDbVertex
100
AcDb2dVertex
 10
229.0402666666667
 20
141.5977680555555
 30
0.0
  0
VERTEX
  5
1A1
330
19F
100
AcDbEntity
  8
DEFAULT
 62
   250
100
AcDbVertex
100
AcDb2dVertex
 10
229.8781138888889
 20
143.6188319444444
 30
0.0
  0
VERTEX
  5
1A2
330
19F
100
AcDbEntity
  8
DEFAULT
 62
   250
100
AcDbVertex
100
AcDb2dVertex
 10
230.7314833333333
 20
141.5977680555555
 30
0.0
  0
SEQEND
  5
1A3
330
19F
100
AcDbEntity
  8
DEFAULT
 62
   250
  0
SPLINE
  5
1A4
330
1F
100
AcDbEntity
  8
DEFAULT
 62
     1
100
AcDbSpline
210
0.0
220
0.0
230
1.0
 70
    11
 71
     3
 72
   110
 73
   106
 74
     0
 42
0.000000001
 43
0.0000000001
 40
1.0
 40
1.0
 40
1.0
 40
1.0
 40
2.0
 40
2.0
 40
2.0
 40
3.0
 40
3.0
 40
3.0
 40
4.0
 40
4.0
 40
4.0
 40
5.0
 40
5.0
 40
5.0
 40
6.0
 40
6.0
 40
6.0
 40
7.0
 40
7.0
 40
7.0
 40
8.0
 40
8.0
 40
8.0
 40
9.0
 40
9.0
 40
9.0
 40
18.91999999999996
 40
18.91999999999996
 40
18.91999999999996
 40
27.41999999999996
 40
27.41999999999996
 40
27.41999999999996
 40
37.33999999999992
 40
37.33999999999992
 40
37.33999999999992
 40
38.33999999999992
 40
38.33999999999992
 40
38.33999999999992
 40
39.33999999999992
 40
39.33999999999992
 40
39.33999999999992
 40
40.33999999999992
 40
40.33999999999992
 40
40.33999999999992
 40
41.33999999999992
 40
41.33999999999992
 40
41.33999999999992
 40
42.33999999999992
 40
42.33999999999992
 40
42.33999999999992
 40
43.33999999999992
 40
43.33999999999992
 40
43.33999999999992
 40
44.33999999999992
 40
44.33999999999992
 40
44.33999999999992
 40
45.33999999999992
 40
45.33999999999992
 40
45.33999999999992
 40
46.33999999999992
 40
46.33999999999992
 40
46.33999999999992
 40
47.33999999999992
 40
47.33999999999992
 40
47.33999999999992
 40
55.8463626186519
 40
55.8463626186519
 40
55.8463626186519
 40
56.8463626186519
 40
56.8463626186519
 40
56.8463626186519
 40
57.8463626186519
 40
57.8463626186519
 40
57.8463626186519
 40
58.8463626186519
 40
58.8463626186519
 40
58.8463626186519
 40
59.8463626186519
 40
59.8463626186519
 40
59.8463626186519
 40
60.8463626186519
 40
60.8463626186519
 40
60.8463626186519
 40
61.8463626186519
 40
61.8463626186519
 40
61.8463626186519
 40
62.8463626186519
 40
62.8463626186519
 40
62.8463626186519
 40
63.8463626186519
 40
63.8463626186519
 40
63.8463626186519
 40
64.84636261865191
 40
64.84636261865191
 40
64.84636261865191
 40
73.35272523730387
 40
73.35272523730387
 40
73.35272523730387
 40
74.35272523730387
 40
74.35272523730387
 40
74.35272523730387
 40
75.35272523730387
 40
75.35272523730387
 40
75.35272523730387
 40
76.35272523730387
 40
76.35272523730387
 40
76.35272523730387
 40
76.35272523730387
 10
244.4669213888888
 20
139.8977319444444
 30
0.0
 10
247.6398047222222
 20
138.2746013888889
 30
0.0
 10
247.9146186111111
 20
136.9594458333333
 30
0.0
 10
247.9146186111111
 20
134.1051208333333
 30
0.0
 10
247.9146186111111
 20
130.4849152777778
 30
0.0
 10
246.5204408333333
 20
129.2572486111111
 30
0.0
 10
243.1380074999999
 20
129.2572486111111
 30
0.0
 10
241.1568075
 20
129.2572486111111
 30
0.0
 10
239.6162269444444
 20
128.2846402777778
 30
0.0
 10
239.6162269444444
 20
125.6811402777778
 30
0.0
 10
239.6162269444444
 20
121.0244736111111
 30
0.0
 10
236.3459769444444
 20
117.1333347222222
 30
0.0
 10
231.9750602777777
 20
116.1737791666667
 30
0.0
 10
231.4458936111111
 20
116.0750013888889
 30
0.0
 10
231.8868658333333
 20
118.1810847222222
 30
0.0
 10
231.8868658333333
 20
120.0261125
 30
0.0
 10
231.8868658333333
 20
126.9578430555555
 30
0.0
 10
231.8198380555555
 20
132.5638347222222
 30
0.0
 10
231.3859213888888
 20
132.5638347222222
 30
0.0
 10
231.3294769444444
 20
132.5638347222222
 30
0.0
 10
231.2871436111111
 20
133.3470013888889
 30
0.0
 10
231.2871436111111
 20
134.3136125
 30
0.0
 10
231.2871436111111
 20
135.2837513888889
 30
0.0
 10
231.3859213888888
 20
135.8905291666667
 30
0.0
 10
231.3859213888888
 20
136.0669180555555
 30
0.0
 10
231.3859213888888
 20
137.2334365740741
 30
0.0
 10
231.3859213888888
 20
138.3999550925926
 30
0.0
 10
231.3859213888888
 20
139.5664736111111
 30
0.0
 10
230.3863843518518
 20
139.5664736111111
 30
0.0
 10
229.3868473148148
 20
139.5664736111111
 30
0.0
 10
228.3873102777777
 20
139.5664736111111
 30
0.0
 10
228.3873102777777
 20
138.3999550925926
 30
0.0
 10
228.3873102777777
 20
137.233436574074
 30
0.0
 10
228.3873102777777
 20
136.0669180555555
 30
0.0
 10
228.3873102777777
 20
135.8905291666667
 30
0.0
 10
228.4860880555555
 20
135.2837513888889
 30
0.0
 10
228.4860880555555
 20
134.3136125
 30
0.0
 10
228.4860880555555
 20
133.3470013888889
 30
0.0
 10
228.4402269444444
 20
132.5638347222222
 30
0.0
 10
228.3873102777777
 20
132.5638347222222
 30
0.0
 10
226.3588380555555
 20
132.5638347222222
 30
0.0
 10
227.0206491666667
 20
130.1631819444444
 30
0.0
 10
224.3490630555555
 20
128.7968736111111
 30
0.0
 10
224.3490630555555
 20
128.7968736111111
 30
0.0
 10
224.3508269444444
 20
128.7933458333333
 30
0.0
 10
221.6771241666666
 20
127.4337402777778
 30
0.0
 10
220.3736102777777
 20
126.7705180555555
 30
0.0
 10
217.9479102777777
 20
126.7743986111111
 30
0.0
 10
216.0365602777777
 20
126.7743986111111
 30
0.0
 10
213.1518963888889
 20
126.7743986111111
 30
0.0
 10
213.3374575
 20
130.8193486111111
 30
0.0
 10
213.3374575
 20
137.2903513888889
 30
0.0
 10
213.3374575
 20
138.2978847222222
 30
0.0
 10
213.9625797222222
 20
139.2112263888889
 30
0.0
 10
215.3059575
 20
139.8973791666667
 30
0.0
 10
215.3553463888889
 20
139.9241902777778
 30
0.0
 10
215.7508102777778
 20
139.2450930555555
 30
0.0
 10
216.1924880555555
 20
138.3846680555556
 30
0.0
 10
216.6309908333333
 20
137.5231847222222
 30
0.0
 10
216.8204325
 20
136.9368680555555
 30
0.0
 10
216.8980436111111
 20
136.7823513888889
 30
0.0
 10
217.2966824999999
 20
136.0037708333333
 30
0.0
 10
218.4936575
 20
133.6641486111111
 30
0.0
 10
218.4936575
 20
133.6641486111111
 30
0.0
 10
219.3841862037036
 20
134.1197023148148
 30
0.0
 10
220.2747149074074
 20
134.5752560185185
 30
0.0
 10
221.1652436111111
 20
135.0308097222222
 30
0.0
 10
221.1652436111111
 20
135.0308097222222
 30
0.0
 10
219.9686213888889
 20
137.3669041666667
 30
0.0
 10
219.5692769444444
 20
138.1486597222222
 30
0.0
 10
219.4916658333333
 20
138.3035291666666
 30
0.0
 10
219.1251297222222
 20
138.7977708333333
 30
0.0
 10
218.6834519444444
 20
139.6585486111111
 30
0.0
 10
218.2442436111111
 20
140.5232069444444
 30
0.0
 10
217.9285075
 20
141.2375819444444
 30
0.0
 10
217.9775436111111
 20
141.2640402777778
 30
0.0
 10
220.6487769444444
 20
142.6307013888889
 30
0.0
 10
225.3862297222222
 20
144.0869680555555
 30
0.0
 10
228.5390047222222
 20
146.1224958333333
 30
0.0
 10
229.2960658333333
 20
146.6114458333333
 30
0.0
 10
231.4180241666666
 20
146.5645263888889
 30
0.0
 10
232.4608352777777
 20
146.5645263888889
 30
0.0
 10
236.5354186111111
 20
146.5645263888889
 30
0.0
 10
239.1241019444444
 20
142.6310541666666
 30
0.0
 10
241.7956880555555
 20
141.2643930555556
 30
0.0
 10
241.8447241666666
 20
141.2379347222222
 30
0.0
 10
241.5289880555555
 20
140.5232069444444
 30
0.0
 10
241.0862519444444
 20
139.6592541666666
 30
0.0
 10
240.6477491666666
 20
138.7981236111111
 30
0.0
 10
240.2812130555555
 20
138.3038819444444
 30
0.0
 10
240.2039547222222
 20
138.1490125
 30
0.0
 10
239.8046102777777
 20
137.3669041666667
 30
0.0
 10
238.6079880555555
 20
135.0311625
 30
0.0
 10
238.6079880555555
 20
135.0311625
 30
0.0
 10
239.4985167592592
 20
134.5756087962963
 30
0.0
 10
240.3890454629629
 20
134.1200550925926
 30
0.0
 10
241.2795741666666
 20
133.6645013888889
 30
0.0
 10
241.2795741666666
 20
133.6645013888889
 30
0.0
 10
242.4765491666666
 20
136.0037708333333
 30
0.0
 10
242.8751880555555
 20
136.7823513888889
 30
0.0
 10
242.9527991666666
 20
136.9372208333333
 30
0.0
 10
243.1422408333333
 20
137.5235375
 30
0.0
 10
243.5803908333333
 20
138.3846680555556
 30
0.0
 10
244.0224213888889
 20
139.2454458333333
 30
0.0
 10
244.4178852777777
 20
139.9245430555555
 30
0.0
 10
244.4669213888888
 20
139.8977319444444
 30
0.0
  0
SPLINE
  5
1A5
330
1F
100
AcDbEntity
  8
DEFAULT
 62
     1
100
AcDbSpline
210
0.0
220
0.0
230
1.0
 70
     8
 71
     3
 72
     8
 73
     4
 74
     0
 42
0.000000001
 43
0.0000000001
 40
0.0
 40
0.0
 40
0.0
 40
0.0
 40
1.0
 40
1.0
 40
1.0
 40
1.0
 10
231.9749544444444
 20
116.1736733333333
 30
0.0
 10
227.8379294444444
 20
114.9294261111111
 30
0.0
 10
217.7174405555555
 20
126.7746455555555
 30
0.0
 10
216.0364544444444
 20
126.7746455555555
 30
0.0
  0
SPLINE
  5
1A6
330
1F
100
AcDbEntity
  8
DEFAULT
 62
   250
100
AcDbSpline
210
0.0
220
0.0
230
1.0
 70
     8
 71
     3
 72
    17
 73
    13
 74
     0
 42
0.000000001
 43
0.0000000001
 40
0.0
 40
0.0
 40
0.0
 40
0.0
 40
1.0
 40
1.0
 40
1.0
 40
2.0
 40
2.0
 40
2.0
 40
3.0
 40
3.0
 40
3.0
 40
4.0
 40
4.0
 40
4.0
 40
4.0
 10
195.5254958333333
 20
119.8665511111111
 30
0.0
 10
195.4619958333333
 20
119.7801205555555
 30
0.0
 10
195.3131236111111
 20
119.6499455555556
 30
0.0
 10
195.0944013888889
 20
119.5377622222222
 30
0.0
 10
194.5874597222222
 20
119.2781177777778
 30
0.0
 10
194.0417125
 20
119.4026483333333
 30
0.0
 10
193.7393819444444
 20
119.99214
 30
0.0
 10
193.4508097222222
 20
120.5551733333333
 30
0.0
 10
193.6370763888889
 20
121.1323177777778
 30
0.0
 10
194.1948180555555
 20
121.4180677777778
 30
0.0
 10
194.4188319444444
 20
121.5330733333333
 30
0.0
 10
194.5846375
 20
121.557415
 30
0.0
 10
194.6626013888888
 20
121.5570622222222
 30
0.0
  0
SPLINE
  5
1A7
330
1F
100
AcDbEntity
  8
DEFAULT
 62
   250
100
AcDbSpline
210
0.0
220
0.0
230
1.0
 70
     8
 71
     3
 72
    17
 73
    13
 74
     0
 42
0.000000001
 43
0.0000000001
 40
0.0
 40
0.0
 40
0.0
 40
0.0
 40
1.0
 40
1.0
 40
1.0
 40
2.0
 40
2.0
 40
2.0
 40
3.0
 40
3.0
 40
3.0
 40
4.0
 40
4.0
 40
4.0
 40
4.0
 10
177.3221272222222
 20
119.1687919444444
 30
0.0
 10
177.2148827777778
 20
119.1698502777778
 30
0.0
 10
177.0222661111111
 20
119.2146530555556
 30
0.0
 10
176.8035438888889
 20
119.3268363888889
 30
0.0
 10
176.2966022222222
 20
119.5864808333333
 30
0.0
 10
176.0792911111111
 20
120.1025947222222
 30
0.0
 10
176.3812688888889
 20
120.6920863888889
 30
0.0
 10
176.6698411111111
 20
121.2551197222222
 30
0.0
 10
177.2469855555555
 20
121.4410336111111
 30
0.0
 10
177.8047272222222
 20
121.1552836111111
 30
0.0
 10
178.0287411111111
 20
121.0402780555556
 30
0.0
 10
178.1455105555555
 20
120.9199808333333
 30
0.0
 10
178.1906661111111
 20
120.8564808333333
 30
0.0
  0
POLYLINE
  5
1A8
330
1F
100
AcDbEntity
  8
DEFAULT
 62
   250
100
AcDb2dPolyline
 66
     1
 10
0.0
 20
0.0
 30
0.0
  0
VERTEX
  5
1A9
330
1A8
100
AcDbEntity
  8
DEFAULT
 62
   250
100
AcDbVertex
100
AcDb2dVertex
 10
186.5910811111111
 20
110.4033930555556
 30
0.0
  0
VERTEX
  5
1AA
330
1A8
100
AcDbEntity
  8
DEFAULT
 62
   250
100
AcDbVertex
100
AcDb2dVertex
 10
185.7532338888888
 20
108.3826819444444
 30
0.0
  0
VERTEX
  5
1AB
330
1A8
100
AcDbEntity
  8
DEFAULT
 62
   250
100
AcDbVertex
100
AcDb2dVertex
 10
184.8998644444444
 20
110.4033930555555
 30
0.0
  0
SEQEND
  5
1AC
330
1A8
100
AcDbEntity
  8
DEFAULT
 62
   250
  0
SPLINE
  5
1AD
330
1F
100
AcDbEntity
  8
DEFAULT
 62
     1
100
AcDbSpline
210
0.0
220
0.0
230
1.0
 70
    11
 71
     3
 72
   110
 73
   106
 74
     0
 42
0.000000001
 43
0.0000000001
 40
1.0
 40
1.0
 40
1.0
 40
1.0
 40
2.0
 40
2.0
 40
2.0
 40
3.0
 40
3.0
 40
3.0
 40
4.0
 40
4.0
 40
4.0
 40
5.0
 40
5.0
 40
5.0
 40
6.0
 40
6.0
 40
6.0
 40
7.0
 40
7.0
 40
7.0
 40
8.0
 40
8.0
 40
8.0
 40
9.0
 40
9.0
 40
9.0
 40
18.91999999999996
 40
18.91999999999996
 40
18.91999999999996
 40
27.41999999999996
 40
27.41999999999996
 40
27.41999999999996
 40
37.33999999999992
 40
37.33999999999992
 40
37.33999999999992
 40
38.33999999999992
 40
38.33999999999992
 40
38.33999999999992
 40
39.33999999999992
 40
39.33999999999992
 40
39.33999999999992
 40
40.33999999999992
 40
40.33999999999992
 40
40.33999999999992
 40
41.33999999999992
 40
41.33999999999992
 40
41.33999999999992
 40
42.33999999999992
 40
42.33999999999992
 40
42.33999999999992
 40
43.33999999999992
 40
43.33999999999992
 40
43.33999999999992
 40
44.33999999999992
 40
44.33999999999992
 40
44.33999999999992
 40
45.33999999999992
 40
45.33999999999992
 40
45.33999999999992
 40
46.33999999999992
 40
46.33999999999992
 40
46.33999999999992
 40
47.33999999999992
 40
47.33999999999992
 40
47.33999999999992
 40
55.84547235607752
 40
55.84547235607752
 40
55.84547235607752
 40
56.84547235607752
 40
56.84547235607752
 40
56.84547235607752
 40
57.84547235607752
 40
57.84547235607752
 40
57.84547235607752
 40
58.84547235607752
 40
58.84547235607752
 40
58.84547235607752
 40
59.84547235607752
 40
59.84547235607752
 40
59.84547235607752
 40
60.84547235607752
 40
60.84547235607752
 40
60.84547235607752
 40
61.84547235607752
 40
61.84547235607752
 40
61.84547235607752
 40
62.84547235607752
 40
62.84547235607752
 40
62.84547235607752
 40
63.84547235607752
 40
63.84547235607752
 40
63.84547235607752
 40
64.84547235607752
 40
64.84547235607752
 40
64.84547235607752
 40
73.35183497472948
 40
73.35183497472948
 40
73.35183497472948
 40
74.35183497472948
 40
74.35183497472948
 40
74.35183497472948
 40
75.35183497472948
 40
75.35183497472948
 40
75.35183497472948
 40
76.35183497472948
 40
76.35183497472948
 40
76.35183497472948
 40
76.35183497472948
 10
171.1657669444444
 20
112.1034997222222
 30
0.0
 10
167.9932363888889
 20
113.7266302777778
 30
0.0
 10
167.7180697222222
 20
115.0417858333333
 30
0.0
 10
167.7180697222222
 20
117.8961108333333
 30
0.0
 10
167.7180697222222
 20
121.5163163888889
 30
0.0
 10
169.1122475
 20
122.7439830555555
 30
0.0
 10
172.4946808333333
 20
122.7439830555555
 30
0.0
 10
174.4762336111111
 20
122.7439830555555
 30
0.0
 10
176.0164613888889
 20
123.7165913888889
 30
0.0
 10
176.0164613888889
 20
126.3200913888889
 30
0.0
 10
176.0164613888889
 20
130.9767580555556
 30
0.0
 10
179.2867113888889
 20
134.8678969444444
 30
0.0
 10
183.6576280555555
 20
135.8274525
 30
0.0
 10
184.1867947222222
 20
135.9262302777778
 30
0.0
 10
183.7458225
 20
133.8201469444444
 30
0.0
 10
183.7458225
 20
131.9751191666667
 30
0.0
 10
183.7458225
 20
125.0433886111111
 30
0.0
 10
183.8128502777778
 20
119.4373969444444
 30
0.0
 10
184.2471197222222
 20
119.4373969444444
 30
0.0
 10
184.3032113888889
 20
119.4373969444444
 30
0.0
 10
184.3455447222222
 20
118.6542302777778
 30
0.0
 10
184.3455447222222
 20
117.6876191666667
 30
0.0
 10
184.3455447222222
 20
116.7174802777778
 30
0.0
 10
184.2471197222222
 20
116.1107025
 30
0.0
 10
184.2471197222222
 20
115.9343136111111
 30
0.0
 10
184.2471197222222
 20
114.7677950925926
 30
0.0
 10
184.2471197222222
 20
113.6012765740741
 30
0.0
 10
184.2471197222222
 20
112.4347580555556
 30
0.0
 10
185.2466567592593
 20
112.4347580555556
 30
0.0
 10
186.2461937962963
 20
112.4347580555556
 30
0.0
 10
187.2457308333333
 20
112.4347580555556
 30
0.0
 10
187.2457308333333
 20
113.6012765740741
 30
0.0
 10
187.2457308333333
 20
114.7677950925926
 30
0.0
 10
187.2457308333333
 20
115.9343136111111
 30
0.0
 10
187.2457308333333
 20
116.1107025
 30
0.0
 10
187.1466002777777
 20
116.7174802777778
 30
0.0
 10
187.1466002777777
 20
117.6876191666667
 30
0.0
 10
187.1466002777777
 20
118.6542302777778
 30
0.0
 10
187.1924613888889
 20
119.4373969444444
 30
0.0
 10
187.2457308333333
 20
119.4373969444444
 30
0.0
 10
189.2742030555555
 20
119.4373969444444
 30
0.0
 10
188.6120391666666
 20
121.8380497222222
 30
0.0
 10
191.2836252777778
 20
123.2043580555555
 30
0.0
 10
191.2836252777778
 20
123.2043580555555
 30
0.0
 10
191.2818613888889
 20
123.2078858333333
 30
0.0
 10
193.9555641666666
 20
124.5674913888889
 30
0.0
 10
195.2590780555556
 20
125.2307136111111
 30
0.0
 10
197.6847780555555
 20
125.2268330555555
 30
0.0
 10
199.5964808333333
 20
125.2268330555555
 30
0.0
 10
202.4807919444444
 20
125.2268330555555
 30
0.0
 10
202.2952308333333
 20
121.1822358333333
 30
0.0
 10
202.2952308333333
 20
114.7108802777778
 30
0.0
 10
202.2952308333333
 20
113.7033469444444
 30
0.0
 10
201.6701086111111
 20
112.7900052777778
 30
0.0
 10
200.3267308333333
 20
112.1038525
 30
0.0
 10
200.2773419444444
 20
112.0770413888889
 30
0.0
 10
199.8818780555555
 20
112.7561386111111
 30
0.0
 10
199.4402002777778
 20
113.6165636111111
 30
0.0
 10
199.0016975
 20
114.4780469444444
 30
0.0
 10
198.8122558333333
 20
115.0643636111111
 30
0.0
 10
198.7346447222222
 20
115.2188802777778
 30
0.0
 10
198.3360058333333
 20
115.9974608333333
 30
0.0
 10
197.1390308333333
 20
118.3370830555556
 30
0.0
 10
197.1390308333333
 20
118.3370830555556
 30
0.0
 10
196.2486197222222
 20
117.8815293518519
 30
0.0
 10
195.3582086111111
 20
117.4259756481481
 30
0.0
 10
194.4677975
 20
116.9704219444444
 30
0.0
 10
194.4677975
 20
116.9704219444444
 30
0.0
 10
195.6640669444444
 20
114.6346802777778
 30
0.0
 10
196.0634113888889
 20
113.8525719444444
 30
0.0
 10
196.1410225
 20
113.6977025
 30
0.0
 10
196.5075586111111
 20
113.2034608333333
 30
0.0
 10
196.9492363888889
 20
112.3426830555556
 30
0.0
 10
197.3884447222222
 20
111.4780247222222
 30
0.0
 10
197.7041808333333
 20
110.7636497222222
 30
0.0
 10
197.6551447222222
 20
110.7371913888889
 30
0.0
 10
194.9839113888889
 20
109.3705302777778
 30
0.0
 10
190.2464586111111
 20
107.9142636111111
 30
0.0
 10
187.0940363888889
 20
105.8787358333333
 30
0.0
 10
186.3366225
 20
105.3897858333333
 30
0.0
 10
184.2146641666667
 20
105.4367052777778
 30
0.0
 10
183.1718530555555
 20
105.4367052777778
 30
0.0
 10
179.0972697222222
 20
105.4367052777778
 30
0.0
 10
176.5085863888889
 20
109.3705302777778
 30
0.0
 10
173.8370002777778
 20
110.7368386111111
 30
0.0
 10
173.7879641666667
 20
110.7632969444444
 30
0.0
 10
174.1040530555555
 20
111.4780247222222
 30
0.0
 10
174.5464363888889
 20
112.3419775
 30
0.0
 10
174.9849391666667
 20
113.2031080555556
 30
0.0
 10
175.3514752777778
 20
113.6973497222222
 30
0.0
 10
175.4287336111111
 20
113.8522191666667
 30
0.0
 10
175.8280780555556
 20
114.6343275
 30
0.0
 10
177.0247002777778
 20
116.9700691666667
 30
0.0
 10
177.0247002777778
 20
116.9700691666667
 30
0.0
 10
176.134171574074
 20
117.4256228703704
 30
0.0
 10
175.2436428703703
 20
117.8811765740741
 30
0.0
 10
174.3531141666667
 20
118.3367302777778
 30
0.0
 10
174.3531141666667
 20
118.3367302777778
 30
0.0
 10
173.1561391666667
 20
115.9974608333333
 30
0.0
 10
172.7575002777778
 20
115.2188802777778
 30
0.0
 10
172.6798891666666
 20
115.0640108333333
 30
0.0
 10
172.4904475
 20
114.4776941666667
 30
0.0
 10
172.0522975
 20
113.6165636111111
 30
0.0
 10
171.6102669444444
 20
112.7557858333333
 30
0.0
 10
171.2148030555555
 20
112.0766886111111
 30
0.0
 10
171.1657669444444
 20
112.1034997222222
 30
0.0
  0
SPLINE
  5
1AE
330
1F
100
AcDbEntity
  8
DEFAULT
 62
   250
100
AcDbSpline
210
0.0
220
0.0
230
1.0
 70
     8
 71
     3
 72
    17
 73
    13
 74
     0
 42
0.000000001
 43
0.0000000001
 40
0.0
 40
0.0
 40
0.0
 40
0.0
 40
1.0
 40
1.0
 40
1.0
 40
2.0
 40
2.0
 40
2.0
 40
3.0
 40
3.0
 40
3.0
 40
4.0
 40
4.0
 40
4.0
 40
4.0
 10
174.4887572222222
 20
138.4223094444444
 30
0.0
 10
174.5522572222222
 20
138.50874
 30
0.0
 10
174.7011294444444
 20
138.638915
 30
0.0
 10
174.9198516666667
 20
138.7510983333333
 30
0.0
 10
175.4267933333333
 20
139.0110955555555
 30
0.0
 10
175.9725405555556
 20
138.8862122222222
 30
0.0
 10
176.2745183333333
 20
138.2967205555555
 30
0.0
 10
176.5630905555555
 20
137.7336872222222
 30
0.0
 10
176.3771766666667
 20
137.1565427777778
 30
0.0
 10
175.819435
 20
136.8707927777778
 30
0.0
 10
175.5954211111111
 20
136.7557872222222
 30
0.0
 10
175.4296155555555
 20
136.7314455555555
 30
0.0
 10
175.3516516666667
 20
136.7317983333333
 30
0.0
  0
SPLINE
  5
1AF
330
1F
100
AcDbEntity
  8
DEFAULT
 62
   250
100
AcDbSpline
210
0.0
220
0.0
230
1.0
 70
     8
 71
     3
 72
    17
 73
    13
 74
     0
 42
0.000000001
 43
0.0000000001
 40
0.0
 40
0.0
 40
0.0
 40
0.0
 40
1.0
 40
1.0
 40
1.0
 40
2.0
 40
2.0
 40
2.0
 40
3.0
 40
3.0
 40
3.0
 40
4.0
 40
4.0
 40
4.0
 40
4.0
 10
192.6921611111111
 20
139.1200686111111
 30
0.0
 10
192.7994055555556
 20
139.1190102777778
 30
0.0
 10
192.9920222222222
 20
139.0742075
 30
0.0
 10
193.2107444444445
 20
138.9620241666667
 30
0.0
 10
193.7176861111111
 20
138.7023797222222
 30
0.0
 10
193.9349972222222
 20
138.1862658333333
 30
0.0
 10
193.6330194444444
 20
137.5967741666667
 30
0.0
 10
193.3444472222222
 20
137.0337408333333
 30
0.0
 10
192.7673027777778
 20
136.8478269444444
 30
0.0
 10
192.2095611111111
 20
137.1335769444444
 30
0.0
 10
191.9855472222222
 20
137.2485825
 30
0.0
 10
191.8687777777778
 20
137.3688797222222
 30
0.0
 10
191.8236222222222
 20
137.4323797222222
 30
0.0
  0
POLYLINE
  5
1B0
330
1F
100
AcDbEntity
  8
DEFAULT
 62
   250
100
AcDb2dPolyline
 66
     1
 10
0.0
 20
0.0
 30
0.0
  0
VERTEX
  5
1B1
330
1B0
100
AcDbEntity
  8
DEFAULT
 62
   250
100
AcDbVertex
100
AcDb2dVertex
 10
183.4231366666667
 20
147.8854675
 30
0.0
  0
VERTEX
  5
1B2
330
1B0
100
AcDbEntity
  8
DEFAULT
 62
   250
100
AcDbVertex
100
AcDb2dVertex
 10
184.2613366666667
 20
149.9061786111111
 30
0.0
  0
VERTEX
  5
1B3
330
1B0
100
AcDbEntity
  8
DEFAULT
 62
   250
100
AcDbVertex
100
AcDb2dVertex
 10
185.1143533333333
 20
147.8854675
 30
0.0
  0
SEQEND
  5
1B4
330
1B0
100
AcDbEntity
  8
DEFAULT
 62
   250
  0
SPLINE
  5
1B5
330
1F
100
AcDbEntity
  8
DEFAULT
 62
     1
100
AcDbSpline
210
0.0
220
0.0
230
1.0
 70
    11
 71
     3
 72
   110
 73
   106
 74
     0
 42
0.000000001
 43
0.0000000001
 40
1.0
 40
1.0
 40
1.0
 40
1.0
 40
2.0
 40
2.0
 40
2.0
 40
3.0
 40
3.0
 40
3.0
 40
4.0
 40
4.0
 40
4.0
 40
5.0
 40
5.0
 40
5.0
 40
6.0
 40
6.0
 40
6.0
 40
7.0
 40
7.0
 40
7.0
 40
8.0
 40
8.0
 40
8.0
 40
9.0
 40
9.0
 40
9.0
 40
18.91999999999996
 40
18.91999999999996
 40
18.91999999999996
 40
27.41999999999996
 40
27.41999999999996
 40
27.41999999999996
 40
37.33999999999992
 40
37.33999999999992
 40
37.33999999999992
 40
38.33999999999992
 40
38.33999999999992
 40
38.33999999999992
 40
39.33999999999992
 40
39.33999999999992
 40
39.33999999999992
 40
40.33999999999992
 40
40.33999999999992
 40
40.33999999999992
 40
41.33999999999992
 40
41.33999999999992
 40
41.33999999999992
 40
42.33999999999992
 40
42.33999999999992
 40
42.33999999999992
 40
43.33999999999992
 40
43.33999999999992
 40
43.33999999999992
 40
44.33999999999992
 40
44.33999999999992
 40
44.33999999999992
 40
45.33999999999992
 40
45.33999999999992
 40
45.33999999999992
 40
46.33999999999992
 40
46.33999999999992
 40
46.33999999999992
 40
47.33999999999992
 40
47.33999999999992
 40
47.33999999999992
 40
55.8463626186519
 40
55.8463626186519
 40
55.8463626186519
 40
56.8463626186519
 40
56.8463626186519
 40
56.8463626186519
 40
57.8463626186519
 40
57.8463626186519
 40
57.8463626186519
 40
58.8463626186519
 40
58.8463626186519
 40
58.8463626186519
 40
59.8463626186519
 40
59.8463626186519
 40
59.8463626186519
 40
60.8463626186519
 40
60.8463626186519
 40
60.8463626186519
 40
61.8463626186519
 40
61.8463626186519
 40
61.8463626186519
 40
62.8463626186519
 40
62.8463626186519
 40
62.8463626186519
 40
63.8463626186519
 40
63.8463626186519
 40
63.8463626186519
 40
64.84636261865191
 40
64.84636261865191
 40
64.84636261865191
 40
73.35272523730387
 40
73.35272523730387
 40
73.35272523730387
 40
74.35272523730387
 40
74.35272523730387
 40
74.35272523730387
 40
75.35272523730387
 40
75.35272523730387
 40
75.35272523730387
 40
76.35272523730387
 40
76.35272523730387
 40
76.35272523730387
 40
76.35272523730387
 10
198.8498266666667
 20
146.1853608333333
 30
0.0
 10
202.02271
 20
144.5622302777778
 30
0.0
 10
202.2975238888889
 20
143.2470747222222
 30
0.0
 10
202.2975238888889
 20
140.3927497222222
 30
0.0
 10
202.2975238888889
 20
136.7725441666666
 30
0.0
 10
200.9033461111111
 20
135.5448775
 30
0.0
 10
197.5209127777778
 20
135.5448775
 30
0.0
 10
195.5397127777778
 20
135.5448775
 30
0.0
 10
193.9991322222222
 20
134.5722691666666
 30
0.0
 10
193.9991322222222
 20
131.9687691666666
 30
0.0
 10
193.9991322222222
 20
127.3121025
 30
0.0
 10
190.7288822222222
 20
123.4209636111111
 30
0.0
 10
186.3579655555556
 20
122.4614080555555
 30
0.0
 10
185.8287988888889
 20
122.3626302777778
 30
0.0
 10
186.2697711111111
 20
124.4687136111111
 30
0.0
 10
186.2697711111111
 20
126.3137413888889
 30
0.0
 10
186.2697711111111
 20
133.2458247222222
 30
0.0
 10
186.2027433333333
 20
138.8514636111111
 30
0.0
 10
185.7688266666667
 20
138.8514636111111
 30
0.0
 10
185.7123822222222
 20
138.8514636111111
 30
0.0
 10
185.6700488888889
 20
139.6346302777777
 30
0.0
 10
185.6700488888889
 20
140.6012413888889
 30
0.0
 10
185.6700488888889
 20
141.5713802777778
 30
0.0
 10
185.7688266666667
 20
142.1781580555555
 30
0.0
 10
185.7688266666667
 20
142.3545469444444
 30
0.0
 10
185.7688266666667
 20
143.521065462963
 30
0.0
 10
185.7688266666667
 20
144.6875839814815
 30
0.0
 10
185.7688266666667
 20
145.8541025
 30
0.0
 10
184.7692896296296
 20
145.8541025
 30
0.0
 10
183.7697525925926
 20
145.8541025
 30
0.0
 10
182.7702155555555
 20
145.8541025
 30
0.0
 10
182.7702155555555
 20
144.6875839814815
 30
0.0
 10
182.7702155555555
 20
143.5210654629629
 30
0.0
 10
182.7702155555555
 20
142.3545469444444
 30
0.0
 10
182.7702155555555
 20
142.1781580555555
 30
0.0
 10
182.8689933333333
 20
141.5713802777778
 30
0.0
 10
182.8689933333333
 20
140.6012413888889
 30
0.0
 10
182.8689933333333
 20
139.6346302777777
 30
0.0
 10
182.8231322222222
 20
138.8514636111111
 30
0.0
 10
182.7702155555555
 20
138.8514636111111
 30
0.0
 10
180.7417433333333
 20
138.8514636111111
 30
0.0
 10
181.4035544444445
 20
136.4508108333333
 30
0.0
 10
178.7319683333333
 20
135.0845025
 30
0.0
 10
178.7319683333333
 20
135.0845025
 30
0.0
 10
178.7337322222222
 20
135.0813275
 30
0.0
 10
176.0600294444444
 20
133.7213691666666
 30
0.0
 10
174.7565155555556
 20
133.0581469444444
 30
0.0
 10
172.3308155555555
 20
133.0620275
 30
0.0
 10
170.4194655555555
 20
133.0620275
 30
0.0
 10
167.5348016666667
 20
133.0620275
 30
0.0
 10
167.7203627777778
 20
137.1069775
 30
0.0
 10
167.7203627777778
 20
143.5779802777778
 30
0.0
 10
167.7203627777778
 20
144.5855136111111
 30
0.0
 10
168.345485
 20
145.4988552777777
 30
0.0
 10
169.6888627777778
 20
146.1850080555555
 30
0.0
 10
169.7382516666667
 20
146.2118191666666
 30
0.0
 10
170.1337155555556
 20
145.5327219444444
 30
0.0
 10
170.5753933333333
 20
144.6722969444444
 30
0.0
 10
171.0138961111111
 20
143.8108136111111
 30
0.0
 10
171.2033377777778
 20
143.2244969444444
 30
0.0
 10
171.2809488888889
 20
143.0699802777777
 30
0.0
 10
171.6795877777778
 20
142.2913997222222
 30
0.0
 10
172.8765627777778
 20
139.9517775
 30
0.0
 10
172.8765627777778
 20
139.9517775
 30
0.0
 10
173.7670914814815
 20
140.4073312037036
 30
0.0
 10
174.6576201851852
 20
140.8628849074074
 30
0.0
 10
175.5481488888889
 20
141.3184386111111
 30
0.0
 10
175.5481488888889
 20
141.3184386111111
 30
0.0
 10
174.3515266666666
 20
143.6545330555555
 30
0.0
 10
173.9521822222222
 20
144.4362886111111
 30
0.0
 10
173.8745711111111
 20
144.5911580555555
 30
0.0
 10
173.508035
 20
145.0853997222222
 30
0.0
 10
173.0663572222222
 20
145.9461775
 30
0.0
 10
172.6271488888889
 20
146.8108358333333
 30
0.0
 10
172.3114127777778
 20
147.5252108333333
 30
0.0
 10
172.3604488888889
 20
147.5516691666666
 30
0.0
 10
175.0316822222222
 20
148.9183302777778
 30
0.0
 10
179.769135
 20
150.3745969444444
 30
0.0
 10
182.9215572222222
 20
152.4101247222222
 30
0.0
 10
183.6789711111111
 20
152.8990747222222
 30
0.0
 10
185.8009294444444
 20
152.8521552777778
 30
0.0
 10
186.8437405555555
 20
152.8521552777778
 30
0.0
 10
190.9183238888889
 20
152.8521552777778
 30
0.0
 10
193.5070072222222
 20
148.9186830555555
 30
0.0
 10
196.1785933333333
 20
147.5520219444444
 30
0.0
 10
196.2276294444444
 20
147.5255636111111
 30
0.0
 10
195.9118933333333
 20
146.8111886111111
 30
0.0
 10
195.4691572222222
 20
145.9468830555555
 30
0.0
 10
195.0306544444444
 20
145.0857525
 30
0.0
 10
194.6641183333333
 20
144.5915108333333
 30
0.0
 10
194.58686
 20
144.4366413888889
 30
0.0
 10
194.1875155555555
 20
143.6545330555555
 30
0.0
 10
192.9908933333333
 20
141.3187913888889
 30
0.0
 10
192.9908933333333
 20
141.3187913888889
 30
0.0
 10
193.8814220370371
 20
140.8632376851851
 30
0.0
 10
194.7719507407407
 20
140.4076839814815
 30
0.0
 10
195.6624794444444
 20
139.9521302777778
 30
0.0
 10
195.6624794444444
 20
139.9521302777778
 30
0.0
 10
196.8594544444444
 20
142.2913997222222
 30
0.0
 10
197.2580933333333
 20
143.0699802777777
 30
0.0
 10
197.3357044444444
 20
143.2248497222222
 30
0.0
 10
197.5251461111111
 20
143.8111663888889
 30
0.0
 10
197.9632961111111
 20
144.6722969444444
 30
0.0
 10
198.4053266666667
 20
145.5330747222222
 30
0.0
 10
198.8007905555556
 20
146.2121719444444
 30
0.0
 10
198.8498266666667
 20
146.1853608333333
 30
0.0
  0
SPLINE
  5
1B6
330
1F
100
AcDbEntity
  8
DEFAULT
 62
     1
100
AcDbSpline
210
0.0
220
0.0
230
1.0
 70
     8
 71
     3
 72
     8
 73
     4
 74
     0
 42
0.000000001
 43
0.0000000001
 40
0.0
 40
0.0
 40
0.0
 40
0.0
 40
1.0
 40
1.0
 40
1.0
 40
1.0
 10
172.4946808333333
 20
122.7440536111111
 30
0.0
 10
173.4697586111111
 20
122.7440536111111
 30
0.0
 10
172.1002752777778
 20
133.0620980555555
 30
0.0
 10
170.4192891666667
 20
133.0620980555555
 30
0.0
  0
SPLINE
  5
1B7
330
1F
100
AcDbEntity
  8
DEFAULT
 62
     1
100
AcDbSpline
210
0.0
220
0.0
230
1.0
 70
     8
 71
     3
 72
     8
 73
     4
 74
     0
 42
0.000000001
 43
0.0000000001
 40
0.0
 40
0.0
 40
0.0
 40
0.0
 40
1.0
 40
1.0
 40
1.0
 40
1.0
 10
197.5209480555555
 20
135.5448422222222
 30
0.0
 10
196.5458702777777
 20
135.5448422222222
 30
0.0
 10
197.9153536111111
 20
125.2267977777778
 30
0.0
 10
199.5963397222222
 20
125.2267977777778
 30
0.0
  0
SPLINE
  5
1B8
330
1F
100
AcDbEntity
  8
DEFAULT
 62
   250
100
AcDbSpline
210
0.0
220
0.0
230
1.0
 70
     8
 71
     3
 72
    17
 73
    13
 74
     0
 42
0.000000001
 43
0.0000000001
 40
0.0
 40
0.0
 40
0.0
 40
0.0
 40
1.0
 40
1.0
 40
1.0
 40
2.0
 40
2.0
 40
2.0
 40
3.0
 40
3.0
 40
3.0
 40
4.0
 40
4.0
 40
4.0
 40
4.0
 10
159.1846575
 20
119.8665511111111
 30
0.0
 10
159.1211575
 20
119.7801205555555
 30
0.0
 10
158.9722852777778
 20
119.6499455555556
 30
0.0
 10
158.7535630555556
 20
119.5377622222222
 30
0.0
 10
158.2466213888889
 20
119.2781177777778
 30
0.0
 10
157.7008741666666
 20
119.4026483333333
 30
0.0
 10
157.3985436111111
 20
119.99214
 30
0.0
 10
157.1099713888889
 20
120.5551733333333
 30
0.0
 10
157.2962380555555
 20
121.1323177777778
 30
0.0
 10
157.8539797222222
 20
121.4180677777778
 30
0.0
 10
158.0779936111111
 20
121.5330733333333
 30
0.0
 10
158.2437991666667
 20
121.557415
 30
0.0
 10
158.3217630555555
 20
121.5570622222222
 30
0.0
  0
SPLINE
  5
1B9
330
1F
100
AcDbEntity
  8
DEFAULT
 62
   250
100
AcDbSpline
210
0.0
220
0.0
230
1.0
 70
     8
 71
     3
 72
    17
 73
    13
 74
     0
 42
0.000000001
 43
0.0000000001
 40
0.0
 40
0.0
 40
0.0
 40
0.0
 40
1.0
 40
1.0
 40
1.0
 40
2.0
 40
2.0
 40
2.0
 40
3.0
 40
3.0
 40
3.0
 40
4.0
 40
4.0
 40
4.0
 40
4.0
 10
140.9812536111111
 20
119.1687919444444
 30
0.0
 10
140.8740091666667
 20
119.1698502777778
 30
0.0
 10
140.6813925
 20
119.2146530555556
 30
0.0
 10
140.4626702777777
 20
119.3268363888889
 30
0.0
 10
139.9557286111111
 20
119.5864808333333
 30
0.0
 10
139.7384175
 20
120.1025947222222
 30
0.0
 10
140.0403952777778
 20
120.6920863888889
 30
0.0
 10
140.3289675
 20
121.2551197222222
 30
0.0
 10
140.9061119444444
 20
121.4410336111111
 30
0.0
 10
141.4638536111111
 20
121.1552836111111
 30
0.0
 10
141.6878675
 20
121.0402780555556
 30
0.0
 10
141.8046369444444
 20
120.9199808333333
 30
0.0
 10
141.8497925
 20
120.8564808333333
 30
0.0
  0
POLYLINE
  5
1BA
330
1F
100
AcDbEntity
  8
DEFAULT
 62
   250
100
AcDb2dPolyline
 66
     1
 10
0.0
 20
0.0
 30
0.0
  0
VERTEX
  5
1BB
330
1BA
100
AcDbEntity
  8
DEFAULT
 62
   250
100
AcDbVertex
100
AcDb2dVertex
 10
150.2502075
 20
110.4033930555555
 30
0.0
  0
VERTEX
  5
1BC
330
1BA
100
AcDbEntity
  8
DEFAULT
 62
   250
100
AcDbVertex
100
AcDb2dVertex
 10
149.4123602777778
 20
108.3826819444444
 30
0.0
  0
VERTEX
  5
1BD
330
1BA
100
AcDbEntity
  8
DEFAULT
 62
   250
100
AcDbVertex
100
AcDb2dVertex
 10
148.5593436111111
 20
110.4033930555555
 30
0.0
  0
SEQEND
  5
1BE
330
1BA
100
AcDbEntity
  8
DEFAULT
 62
   250
  0
SPLINE
  5
1BF
330
1F
100
AcDbEntity
  8
DEFAULT
 62
     1
100
AcDbSpline
210
0.0
220
0.0
230
1.0
 70
    11
 71
     3
 72
   110
 73
   106
 74
     0
 42
0.000000001
 43
0.0000000001
 40
1.0
 40
1.0
 40
1.0
 40
1.0
 40
2.0
 40
2.0
 40
2.0
 40
3.0
 40
3.0
 40
3.0
 40
4.0
 40
4.0
 40
4.0
 40
5.0
 40
5.0
 40
5.0
 40
6.0
 40
6.0
 40
6.0
 40
7.0
 40
7.0
 40
7.0
 40
8.0
 40
8.0
 40
8.0
 40
9.0
 40
9.0
 40
9.0
 40
18.91999999999996
 40
18.91999999999996
 40
18.91999999999996
 40
27.41999999999996
 40
27.41999999999996
 40
27.41999999999996
 40
37.33999999999992
 40
37.33999999999992
 40
37.33999999999992
 40
38.33999999999992
 40
38.33999999999992
 40
38.33999999999992
 40
39.33999999999992
 40
39.33999999999992
 40
39.33999999999992
 40
40.33999999999992
 40
40.33999999999992
 40
40.33999999999992
 40
41.33999999999992
 40
41.33999999999992
 40
41.33999999999992
 40
42.33999999999992
 40
42.33999999999992
 40
42.33999999999992
 40
43.33999999999992
 40
43.33999999999992
 40
43.33999999999992
 40
44.33999999999992
 40
44.33999999999992
 40
44.33999999999992
 40
45.33999999999992
 40
45.33999999999992
 40
45.33999999999992
 40
46.33999999999992
 40
46.33999999999992
 40
46.33999999999992
 40
47.33999999999992
 40
47.33999999999992
 40
47.33999999999992
 40
55.84547235607752
 40
55.84547235607752
 40
55.84547235607752
 40
56.84547235607752
 40
56.84547235607752
 40
56.84547235607752
 40
57.84547235607752
 40
57.84547235607752
 40
57.84547235607752
 40
58.84547235607752
 40
58.84547235607752
 40
58.84547235607752
 40
59.84547235607752
 40
59.84547235607752
 40
59.84547235607752
 40
60.84547235607752
 40
60.84547235607752
 40
60.84547235607752
 40
61.84547235607752
 40
61.84547235607752
 40
61.84547235607752
 40
62.84547235607752
 40
62.84547235607752
 40
62.84547235607752
 40
63.84547235607752
 40
63.84547235607752
 40
63.84547235607752
 40
64.84547235607752
 40
64.84547235607752
 40
64.84547235607752
 40
73.35183497472948
 40
73.35183497472948
 40
73.35183497472948
 40
74.35183497472948
 40
74.35183497472948
 40
74.35183497472948
 40
75.35183497472948
 40
75.35183497472948
 40
75.35183497472948
 40
76.35183497472948
 40
76.35183497472948
 40
76.35183497472948
 40
76.35183497472948
 10
134.8248933333333
 20
112.1034997222222
 30
0.0
 10
131.6523627777778
 20
113.7266302777778
 30
0.0
 10
131.3771961111111
 20
115.0417858333333
 30
0.0
 10
131.3771961111111
 20
117.8961108333333
 30
0.0
 10
131.3771961111111
 20
121.5163163888889
 30
0.0
 10
132.7713738888889
 20
122.7439830555555
 30
0.0
 10
136.1538072222222
 20
122.7439830555555
 30
0.0
 10
138.13536
 20
122.7439830555555
 30
0.0
 10
139.6755877777778
 20
123.7165913888889
 30
0.0
 10
139.6755877777778
 20
126.3200913888889
 30
0.0
 10
139.6755877777778
 20
130.9767580555556
 30
0.0
 10
142.9458377777777
 20
134.8678969444444
 30
0.0
 10
147.3167544444444
 20
135.8274525
 30
0.0
 10
147.8459211111111
 20
135.9262302777778
 30
0.0
 10
147.4049488888889
 20
133.8201469444444
 30
0.0
 10
147.4049488888889
 20
131.9751191666667
 30
0.0
 10
147.4049488888889
 20
125.0433886111111
 30
0.0
 10
147.4723294444444
 20
119.4373969444444
 30
0.0
 10
147.9062461111111
 20
119.4373969444444
 30
0.0
 10
147.9623377777777
 20
119.4373969444444
 30
0.0
 10
148.0046711111111
 20
118.6542302777778
 30
0.0
 10
148.0046711111111
 20
117.6876191666667
 30
0.0
 10
148.0046711111111
 20
116.7174802777778
 30
0.0
 10
147.9062461111111
 20
116.1107025
 30
0.0
 10
147.9062461111111
 20
115.9343136111111
 30
0.0
 10
147.9062461111111
 20
114.7677950925926
 30
0.0
 10
147.9062461111111
 20
113.6012765740741
 30
0.0
 10
147.9062461111111
 20
112.4347580555556
 30
0.0
 10
148.9057831481481
 20
112.4347580555556
 30
0.0
 10
149.9053201851852
 20
112.4347580555556
 30
0.0
 10
150.9048572222222
 20
112.4347580555556
 30
0.0
 10
150.9048572222222
 20
113.6012765740741
 30
0.0
 10
150.9048572222222
 20
114.7677950925926
 30
0.0
 10
150.9048572222222
 20
115.9343136111111
 30
0.0
 10
150.9048572222222
 20
116.1107025
 30
0.0
 10
150.8057266666667
 20
116.7174802777778
 30
0.0
 10
150.8057266666667
 20
117.6876191666667
 30
0.0
 10
150.8057266666667
 20
118.6542302777778
 30
0.0
 10
150.8515877777778
 20
119.4373969444444
 30
0.0
 10
150.9048572222222
 20
119.4373969444444
 30
0.0
 10
152.9333294444444
 20
119.4373969444444
 30
0.0
 10
152.2711655555555
 20
121.8380497222222
 30
0.0
 10
154.9427516666667
 20
123.2043580555555
 30
0.0
 10
154.9427516666667
 20
123.2043580555555
 30
0.0
 10
154.9409877777778
 20
123.2078858333333
 30
0.0
 10
157.6146905555555
 20
124.5674913888889
 30
0.0
 10
158.9182044444444
 20
125.2307136111111
 30
0.0
 10
161.3439044444444
 20
125.2268330555555
 30
0.0
 10
163.2556072222222
 20
125.2268330555555
 30
0.0
 10
166.1399183333333
 20
125.2268330555555
 30
0.0
 10
165.9543572222222
 20
121.1822358333333
 30
0.0
 10
165.9543572222222
 20
114.7108802777778
 30
0.0
 10
165.9543572222222
 20
113.7033469444444
 30
0.0
 10
165.329235
 20
112.7900052777778
 30
0.0
 10
163.9858572222222
 20
112.1038525
 30
0.0
 10
163.9368211111111
 20
112.0770413888889
 30
0.0
 10
163.5410044444444
 20
112.7561386111111
 30
0.0
 10
163.0993266666667
 20
113.6165636111111
 30
0.0
 10
162.6608238888888
 20
114.4780469444444
 30
0.0
 10
162.4713822222222
 20
115.0643636111111
 30
0.0
 10
162.3937711111111
 20
115.2188802777778
 30
0.0
 10
161.9951322222222
 20
115.9974608333333
 30
0.0
 10
160.7981572222222
 20
118.3370830555556
 30
0.0
 10
160.7981572222222
 20
118.3370830555556
 30
0.0
 10
159.9077461111111
 20
117.8815293518519
 30
0.0
 10
159.017335
 20
117.4259756481481
 30
0.0
 10
158.1269238888889
 20
116.9704219444444
 30
0.0
 10
158.1269238888889
 20
116.9704219444444
 30
0.0
 10
159.3231933333333
 20
114.6346802777778
 30
0.0
 10
159.7225377777778
 20
113.8525719444444
 30
0.0
 10
159.8001488888889
 20
113.6977025
 30
0.0
 10
160.166685
 20
113.2034608333333
 30
0.0
 10
160.6087155555555
 20
112.3426830555556
 30
0.0
 10
161.0475711111111
 20
111.4780247222222
 30
0.0
 10
161.3633072222222
 20
110.7636497222222
 30
0.0
 10
161.3142711111111
 20
110.7371913888889
 30
0.0
 10
158.6430377777777
 20
109.3705302777778
 30
0.0
 10
153.905585
 20
107.9142636111111
 30
0.0
 10
150.7531627777778
 20
105.8787358333333
 30
0.0
 10
149.9957488888889
 20
105.3897858333333
 30
0.0
 10
147.8737905555555
 20
105.4367052777778
 30
0.0
 10
146.8309794444444
 20
105.4367052777778
 30
0.0
 10
142.7563961111111
 20
105.4367052777778
 30
0.0
 10
140.1677127777778
 20
109.3705302777778
 30
0.0
 10
137.4961266666666
 20
110.7368386111111
 30
0.0
 10
137.4470905555555
 20
110.7632969444444
 30
0.0
 10
137.7631794444444
 20
111.4780247222222
 30
0.0
 10
138.2055627777778
 20
112.3419775
 30
0.0
 10
138.6440655555556
 20
113.2031080555556
 30
0.0
 10
139.0106016666666
 20
113.6973497222222
 30
0.0
 10
139.08786
 20
113.8522191666667
 30
0.0
 10
139.4875572222222
 20
114.6343275
 30
0.0
 10
140.6838266666666
 20
116.9700691666667
 30
0.0
 10
140.6838266666666
 20
116.9700691666667
 30
0.0
 10
139.7932979629629
 20
117.4256228703704
 30
0.0
 10
138.9027692592592
 20
117.8811765740741
 30
0.0
 10
138.0122405555555
 20
118.3367302777778
 30
0.0
 10
138.0122405555555
 20
118.3367302777778
 30
0.0
 10
136.8152655555555
 20
115.9974608333333
 30
0.0
 10
136.4166266666666
 20
115.2188802777778
 30
0.0
 10
136.3393683333333
 20
115.0640108333333
 30
0.0
 10
136.1499266666666
 20
114.4776941666667
 30
0.0
 10
135.7114238888889
 20
113.6165636111111
 30
0.0
 10
135.2693933333333
 20
112.7557858333333
 30
0.0
 10
134.8739294444444
 20
112.0766886111111
 30
0.0
 10
134.8248933333333
 20
112.1034997222222
 30
0.0
  0
SPLINE
  5
1C0
330
1F
100
AcDbEntity
  8
DEFAULT
 62
   250
100
AcDbSpline
210
0.0
220
0.0
230
1.0
 70
     8
 71
     3
 72
    17
 73
    13
 74
     0
 42
0.000000001
 43
0.0000000001
 40
0.0
 40
0.0
 40
0.0
 40
0.0
 40
1.0
 40
1.0
 40
1.0
 40
2.0
 40
2.0
 40
2.0
 40
3.0
 40
3.0
 40
3.0
 40
4.0
 40
4.0
 40
4.0
 40
4.0
 10
138.1478836111111
 20
138.4223094444444
 30
0.0
 10
138.2113836111111
 20
138.50874
 30
0.0
 10
138.3602558333333
 20
138.638915
 30
0.0
 10
138.5789780555555
 20
138.7510983333333
 30
0.0
 10
139.0859197222222
 20
139.0110955555555
 30
0.0
 10
139.6316669444444
 20
138.8862122222222
 30
0.0
 10
139.9336447222222
 20
138.2967205555555
 30
0.0
 10
140.2222169444444
 20
137.7336872222222
 30
0.0
 10
140.0363030555555
 20
137.1565427777778
 30
0.0
 10
139.4785613888889
 20
136.8707927777778
 30
0.0
 10
139.2545475
 20
136.7557872222222
 30
0.0
 10
139.0887419444444
 20
136.7314455555555
 30
0.0
 10
139.0107780555556
 20
136.7317983333333
 30
0.0
  0
SPLINE
  5
1C1
330
1F
100
AcDbEntity
  8
DEFAULT
 62
   250
100
AcDbSpline
210
0.0
220
0.0
230
1.0
 70
     8
 71
     3
 72
    17
 73
    13
 74
     0
 42
0.000000001
 43
0.0000000001
 40
0.0
 40
0.0
 40
0.0
 40
0.0
 40
1.0
 40
1.0
 40
1.0
 40
2.0
 40
2.0
 40
2.0
 40
3.0
 40
3.0
 40
3.0
 40
4.0
 40
4.0
 40
4.0
 40
4.0
 10
156.3512875
 20
139.1200686111111
 30
0.0
 10
156.4585319444444
 20
139.1190102777778
 30
0.0
 10
156.6511486111111
 20
139.0742075
 30
0.0
 10
156.8698708333333
 20
138.9620241666667
 30
0.0
 10
157.3768125
 20
138.7023797222222
 30
0.0
 10
157.5944763888889
 20
138.1862658333333
 30
0.0
 10
157.2921458333333
 20
137.5967741666667
 30
0.0
 10
157.0035736111111
 20
137.0337408333333
 30
0.0
 10
156.4264291666667
 20
136.8478269444444
 30
0.0
 10
155.8686875
 20
137.1335769444444
 30
0.0
 10
155.6446736111111
 20
137.2485825
 30
0.0
 10
155.5279041666666
 20
137.3688797222222
 30
0.0
 10
155.4827486111111
 20
137.4323797222222
 30
0.0
  0
POLYLINE
  5
1C2
330
1F
100
AcDbEntity
  8
DEFAULT
 62
   250
100
AcDb2dPolyline
 66
     1
 10
0.0
 20
0.0
 30
0.0
  0
VERTEX
  5
1C3
330
1C2
100
AcDbEntity
  8
DEFAULT
 62
   250
100
AcDbVertex
100
AcDb2dVertex
 10
147.0822983333333
 20
147.8854675
 30
0.0
  0
VERTEX
  5
1C4
330
1C2
100
AcDbEntity
  8
DEFAULT
 62
   250
100
AcDbVertex
100
AcDb2dVertex
 10
147.9201455555555
 20
149.9061786111111
 30
0.0
  0
VERTEX
  5
1C5
330
1C2
100
AcDbEntity
  8
DEFAULT
 62
   250
100
AcDbVertex
100
AcDb2dVertex
 10
148.7731622222222
 20
147.8854675
 30
0.0
  0
SEQEND
  5
1C6
330
1C2
100
AcDbEntity
  8
DEFAULT
 62
   250
  0
SPLINE
  5
1C7
330
1F
100
AcDbEntity
  8
DEFAULT
 62
     1
100
AcDbSpline
210
0.0
220
0.0
230
1.0
 70
    11
 71
     3
 72
   110
 73
   106
 74
     0
 42
0.000000001
 43
0.0000000001
 40
1.0
 40
1.0
 40
1.0
 40
1.0
 40
2.0
 40
2.0
 40
2.0
 40
3.0
 40
3.0
 40
3.0
 40
4.0
 40
4.0
 40
4.0
 40
5.0
 40
5.0
 40
5.0
 40
6.0
 40
6.0
 40
6.0
 40
7.0
 40
7.0
 40
7.0
 40
8.0
 40
8.0
 40
8.0
 40
9.0
 40
9.0
 40
9.0
 40
18.91999999999996
 40
18.91999999999996
 40
18.91999999999996
 40
27.41999999999996
 40
27.41999999999996
 40
27.41999999999996
 40
37.33999999999992
 40
37.33999999999992
 40
37.33999999999992
 40
38.33999999999992
 40
38.33999999999992
 40
38.33999999999992
 40
39.33999999999992
 40
39.33999999999992
 40
39.33999999999992
 40
40.33999999999992
 40
40.33999999999992
 40
40.33999999999992
 40
41.33999999999992
 40
41.33999999999992
 40
41.33999999999992
 40
42.33999999999992
 40
42.33999999999992
 40
42.33999999999992
 40
43.33999999999992
 40
43.33999999999992
 40
43.33999999999992
 40
44.33999999999992
 40
44.33999999999992
 40
44.33999999999992
 40
45.33999999999992
 40
45.33999999999992
 40
45.33999999999992
 40
46.33999999999992
 40
46.33999999999992
 40
46.33999999999992
 40
47.33999999999992
 40
47.33999999999992
 40
47.33999999999992
 40
55.8463626186519
 40
55.8463626186519
 40
55.8463626186519
 40
56.8463626186519
 40
56.8463626186519
 40
56.8463626186519
 40
57.8463626186519
 40
57.8463626186519
 40
57.8463626186519
 40
58.8463626186519
 40
58.8463626186519
 40
58.8463626186519
 40
59.8463626186519
 40
59.8463626186519
 40
59.8463626186519
 40
60.8463626186519
 40
60.8463626186519
 40
60.8463626186519
 40
61.8463626186519
 40
61.8463626186519
 40
61.8463626186519
 40
62.8463626186519
 40
62.8463626186519
 40
62.8463626186519
 40
63.8463626186519
 40
63.8463626186519
 40
63.8463626186519
 40
64.84636261865191
 40
64.84636261865191
 40
64.84636261865191
 40
73.35272523730387
 40
73.35272523730387
 40
73.35272523730387
 40
74.35272523730387
 40
74.35272523730387
 40
74.35272523730387
 40
75.35272523730387
 40
75.35272523730387
 40
75.35272523730387
 40
76.35272523730387
 40
76.35272523730387
 40
76.35272523730387
 40
76.35272523730387
 10
162.5089530555555
 20
146.1853608333333
 30
0.0
 10
165.6814836111111
 20
144.5622302777778
 30
0.0
 10
165.9566502777778
 20
143.2470747222222
 30
0.0
 10
165.9566502777778
 20
140.3927497222222
 30
0.0
 10
165.9566502777778
 20
136.7725441666666
 30
0.0
 10
164.5624725
 20
135.5448775
 30
0.0
 10
161.1800391666667
 20
135.5448775
 30
0.0
 10
159.1984863888889
 20
135.5448775
 30
0.0
 10
157.6582586111111
 20
134.5722691666666
 30
0.0
 10
157.6582586111111
 20
131.9687691666666
 30
0.0
 10
157.6582586111111
 20
127.3121025
 30
0.0
 10
154.3880086111111
 20
123.4209636111111
 30
0.0
 10
150.0170919444444
 20
122.4614080555555
 30
0.0
 10
149.4879252777778
 20
122.3626302777778
 30
0.0
 10
149.9288975
 20
124.4687136111111
 30
0.0
 10
149.9288975
 20
126.3137413888889
 30
0.0
 10
149.9288975
 20
133.2458247222222
 30
0.0
 10
149.8618697222222
 20
138.8514636111111
 30
0.0
 10
149.4279530555555
 20
138.8514636111111
 30
0.0
 10
149.3715086111111
 20
138.8514636111111
 30
0.0
 10
149.3291752777778
 20
139.6346302777777
 30
0.0
 10
149.3291752777778
 20
140.6012413888889
 30
0.0
 10
149.3291752777778
 20
141.5713802777778
 30
0.0
 10
149.4279530555555
 20
142.1781580555555
 30
0.0
 10
149.4279530555555
 20
142.3545469444444
 30
0.0
 10
149.4279530555555
 20
143.521065462963
 30
0.0
 10
149.4279530555555
 20
144.6875839814815
 30
0.0
 10
149.4279530555555
 20
145.8541025
 30
0.0
 10
148.4284160185185
 20
145.8541025
 30
0.0
 10
147.4288789814815
 20
145.8541025
 30
0.0
 10
146.4293419444444
 20
145.8541025
 30
0.0
 10
146.4293419444444
 20
144.6875839814815
 30
0.0
 10
146.4293419444444
 20
143.5210654629629
 30
0.0
 10
146.4293419444444
 20
142.3545469444444
 30
0.0
 10
146.4293419444444
 20
142.1781580555555
 30
0.0
 10
146.5281197222222
 20
141.5713802777778
 30
0.0
 10
146.5281197222222
 20
140.6012413888889
 30
0.0
 10
146.5281197222222
 20
139.6346302777777
 30
0.0
 10
146.4822586111111
 20
138.8514636111111
 30
0.0
 10
146.4293419444444
 20
138.8514636111111
 30
0.0
 10
144.4008697222222
 20
138.8514636111111
 30
0.0
 10
145.0626808333333
 20
136.4508108333333
 30
0.0
 10
142.3910947222222
 20
135.0845025
 30
0.0
 10
142.3910947222222
 20
135.0845025
 30
0.0
 10
142.3928586111111
 20
135.0813275
 30
0.0
 10
139.7191558333333
 20
133.7213691666666
 30
0.0
 10
138.4156419444444
 20
133.0581469444444
 30
0.0
 10
135.9899419444444
 20
133.0620275
 30
0.0
 10
134.0782391666667
 20
133.0620275
 30
0.0
 10
131.1939280555555
 20
133.0620275
 30
0.0
 10
131.3794891666667
 20
137.1069775
 30
0.0
 10
131.3794891666667
 20
143.5779802777778
 30
0.0
 10
131.3794891666667
 20
144.5855136111111
 30
0.0
 10
132.0046113888889
 20
145.4988552777777
 30
0.0
 10
133.3479891666667
 20
146.1850080555555
 30
0.0
 10
133.3970252777778
 20
146.2118191666666
 30
0.0
 10
133.7928419444444
 20
145.5327219444444
 30
0.0
 10
134.2345197222222
 20
144.6722969444444
 30
0.0
 10
134.6730225
 20
143.8108136111111
 30
0.0
 10
134.8624641666667
 20
143.2244969444444
 30
0.0
 10
134.9400752777778
 20
143.0699802777777
 30
0.0
 10
135.3387141666666
 20
142.2913997222222
 30
0.0
 10
136.5356891666667
 20
139.9517775
 30
0.0
 10
136.5356891666667
 20
139.9517775
 30
0.0
 10
137.4262178703704
 20
140.4073312037036
 30
0.0
 10
138.316746574074
 20
140.8628849074074
 30
0.0
 10
139.2072752777778
 20
141.3184386111111
 30
0.0
 10
139.2072752777778
 20
141.3184386111111
 30
0.0
 10
138.0106530555555
 20
143.6545330555555
 30
0.0
 10
137.6113086111111
 20
144.4362886111111
 30
0.0
 10
137.5336975
 20
144.5911580555555
 30
0.0
 10
137.1671613888889
 20
145.0853997222222
 30
0.0
 10
136.7254836111111
 20
145.9461775
 30
0.0
 10
136.2862752777778
 20
146.8108358333333
 30
0.0
 10
135.9705391666667
 20
147.5252108333333
 30
0.0
 10
136.0195752777778
 20
147.5516691666666
 30
0.0
 10
138.6908086111111
 20
148.9183302777778
 30
0.0
 10
143.4282613888889
 20
150.3745969444444
 30
0.0
 10
146.5806836111111
 20
152.4101247222222
 30
0.0
 10
147.3380975
 20
152.8990747222222
 30
0.0
 10
149.4600558333333
 20
152.8521552777778
 30
0.0
 10
150.5028669444444
 20
152.8521552777778
 30
0.0
 10
154.5774502777778
 20
152.8521552777778
 30
0.0
 10
157.1661336111111
 20
148.9186830555555
 30
0.0
 10
159.8377197222222
 20
147.5520219444444
 30
0.0
 10
159.8867558333333
 20
147.5255636111111
 30
0.0
 10
159.5710197222222
 20
146.8111886111111
 30
0.0
 10
159.1282836111111
 20
145.9468830555555
 30
0.0
 10
158.6897808333333
 20
145.0857525
 30
0.0
 10
158.3232447222222
 20
144.5915108333333
 30
0.0
 10
158.2459863888889
 20
144.4366413888889
 30
0.0
 10
157.8466419444444
 20
143.6545330555555
 30
0.0
 10
156.6500197222222
 20
141.3187913888889
 30
0.0
 10
156.6500197222222
 20
141.3187913888889
 30
0.0
 10
157.5405484259259
 20
140.8632376851851
 30
0.0
 10
158.4310771296296
 20
140.4076839814815
 30
0.0
 10
159.3216058333333
 20
139.9521302777778
 30
0.0
 10
159.3216058333333
 20
139.9521302777778
 30
0.0
 10
160.5185808333333
 20
142.2913997222222
 30
0.0
 10
160.9172197222222
 20
143.0699802777777
 30
0.0
 10
160.9948308333333
 20
143.2248497222222
 30
0.0
 10
161.1842725
 20
143.8111663888889
 30
0.0
 10
161.6224225
 20
144.6722969444444
 30
0.0
 10
162.0644530555556
 20
145.5330747222222
 30
0.0
 10
162.4599169444444
 20
146.2121719444444
 30
0.0
 10
162.5089530555555
 20
146.1853608333333
 30
0.0
  0
SPLINE
  5
1C8
330
1F
100
AcDbEntity
  8
DEFAULT
 62
     1
100
AcDbSpline
210
0.0
220
0.0
230
1.0
 70
     8
 71
     3
 72
     8
 73
     4
 74
     0
 42
0.000000001
 43
0.0000000001
 40
0.0
 40
0.0
 40
0.0
 40
0.0
 40
1.0
 40
1.0
 40
1.0
 40
1.0
 10
136.1538072222222
 20
122.7440536111111
 30
0.0
 10
137.128885
 20
122.7440536111111
 30
0.0
 10
135.7594016666666
 20
133.0620980555555
 30
0.0
 10
134.0784155555556
 20
133.0620980555555
 30
0.0
  0
SPLINE
  5
1C9
330
1F
100
AcDbEntity
  8
DEFAULT
 62
     1
100
AcDbSpline
210
0.0
220
0.0
230
1.0
 70
     8
 71
     3
 72
     8
 73
     4
 74
     0
 42
0.000000001
 43
0.0000000001
 40
0.0
 40
0.0
 40
0.0
 40
0.0
 40
1.0
 40
1.0
 40
1.0
 40
1.0
 10
161.1800744444444
 20
135.5448422222222
 30
0.0
 10
160.2049966666667
 20
135.5448422222222
 30
0.0
 10
161.57448
 20
125.2267977777778
 30
0.0
 10
163.2554661111111
 20
125.2267977777778
 30
0.0
  0
SPLINE
  5
1CA
330
1F
100
AcDbEntity
  8
DEFAULT
 62
   250
100
AcDbSpline
210
0.0
220
0.0
230
1.0
 70
     8
 71
     3
 72
    17
 73
    13
 74
     0
 42
0.000000001
 43
0.0000000001
 40
0.0
 40
0.0
 40
0.0
 40
0.0
 40
1.0
 40
1.0
 40
1.0
 40
2.0
 40
2.0
 40
2.0
 40
3.0
 40
3.0
 40
3.0
 40
4.0
 40
4.0
 40
4.0
 40
4.0
 10
122.8437838888889
 20
119.8665511111111
 30
0.0
 10
122.7802838888889
 20
119.7801205555555
 30
0.0
 10
122.6314116666667
 20
119.6499455555556
 30
0.0
 10
122.4126894444444
 20
119.5377622222222
 30
0.0
 10
121.9057477777778
 20
119.2781177777778
 30
0.0
 10
121.3600005555555
 20
119.4026483333333
 30
0.0
 10
121.05767
 20
119.99214
 30
0.0
 10
120.7690977777777
 20
120.5551733333333
 30
0.0
 10
120.9553644444444
 20
121.1323177777778
 30
0.0
 10
121.5131061111111
 20
121.4180677777778
 30
0.0
 10
121.73712
 20
121.5330733333333
 30
0.0
 10
121.9029255555555
 20
121.557415
 30
0.0
 10
121.9808894444444
 20
121.5570622222222
 30
0.0
  0
SPLINE
  5
1CB
330
1F
100
AcDbEntity
  8
DEFAULT
 62
   250
100
AcDbSpline
210
0.0
220
0.0
230
1.0
 70
     8
 71
     3
 72
    17
 73
    13
 74
     0
 42
0.000000001
 43
0.0000000001
 40
0.0
 40
0.0
 40
0.0
 40
0.0
 40
1.0
 40
1.0
 40
1.0
 40
2.0
 40
2.0
 40
2.0
 40
3.0
 40
3.0
 40
3.0
 40
4.0
 40
4.0
 40
4.0
 40
4.0
 10
104.64038
 20
119.1687919444444
 30
0.0
 10
104.5331355555556
 20
119.1698502777778
 30
0.0
 10
104.3405188888889
 20
119.2146530555556
 30
0.0
 10
104.1217966666667
 20
119.3268363888889
 30
0.0
 10
103.614855
 20
119.5864808333333
 30
0.0
 10
103.3975438888889
 20
120.1025947222222
 30
0.0
 10
103.6995216666667
 20
120.6920863888889
 30
0.0
 10
103.9880938888889
 20
121.2551197222222
 30
0.0
 10
104.5652383333333
 20
121.4410336111111
 30
0.0
 10
105.12298
 20
121.1552836111111
 30
0.0
 10
105.3469938888889
 20
121.0402780555556
 30
0.0
 10
105.4637633333333
 20
120.9199808333333
 30
0.0
 10
105.5089188888889
 20
120.8564808333333
 30
0.0
  0
POLYLINE
  5
1CC
330
1F
100
AcDbEntity
  8
DEFAULT
 62
   250
100
AcDb2dPolyline
 66
     1
 10
0.0
 20
0.0
 30
0.0
  0
VERTEX
  5
1CD
330
1CC
100
AcDbEntity
  8
DEFAULT
 62
   250
100
AcDbVertex
100
AcDb2dVertex
 10
113.9093338888889
 20
110.4033930555555
 30
0.0
  0
VERTEX
  5
1CE
330
1CC
100
AcDbEntity
  8
DEFAULT
 62
   250
100
AcDbVertex
100
AcDb2dVertex
 10
113.0711338888889
 20
108.3826819444445
 30
0.0
  0
VERTEX
  5
1CF
330
1CC
100
AcDbEntity
  8
DEFAULT
 62
   250
100
AcDbVertex
100
AcDb2dVertex
 10
112.2181172222222
 20
110.4033930555555
 30
0.0
  0
SEQEND
  5
1D0
330
1CC
100
AcDbEntity
  8
DEFAULT
 62
   250
  0
SPLINE
  5
1D1
330
1F
100
AcDbEntity
  8
DEFAULT
 62
     1
100
AcDbSpline
210
0.0
220
0.0
230
1.0
 70
    11
 71
     3
 72
   110
 73
   106
 74
     0
 42
0.000000001
 43
0.0000000001
 40
1.0
 40
1.0
 40
1.0
 40
1.0
 40
2.0
 40
2.0
 40
2.0
 40
3.0
 40
3.0
 40
3.0
 40
4.0
 40
4.0
 40
4.0
 40
5.0
 40
5.0
 40
5.0
 40
6.0
 40
6.0
 40
6.0
 40
7.0
 40
7.0
 40
7.0
 40
8.0
 40
8.0
 40
8.0
 40
9.0
 40
9.0
 40
9.0
 40
18.91999999999996
 40
18.91999999999996
 40
18.91999999999996
 40
27.41999999999996
 40
27.41999999999996
 40
27.41999999999996
 40
37.33999999999992
 40
37.33999999999992
 40
37.33999999999992
 40
38.33999999999992
 40
38.33999999999992
 40
38.33999999999992
 40
39.33999999999992
 40
39.33999999999992
 40
39.33999999999992
 40
40.33999999999992
 40
40.33999999999992
 40
40.33999999999992
 40
41.33999999999992
 40
41.33999999999992
 40
41.33999999999992
 40
42.33999999999992
 40
42.33999999999992
 40
42.33999999999992
 40
43.33999999999992
 40
43.33999999999992
 40
43.33999999999992
 40
44.33999999999992
 40
44.33999999999992
 40
44.33999999999992
 40
45.33999999999992
 40
45.33999999999992
 40
45.33999999999992
 40
46.33999999999992
 40
46.33999999999992
 40
46.33999999999992
 40
47.33999999999992
 40
47.33999999999992
 40
47.33999999999992
 40
55.84547235607752
 40
55.84547235607752
 40
55.84547235607752
 40
56.84547235607752
 40
56.84547235607752
 40
56.84547235607752
 40
57.84547235607752
 40
57.84547235607752
 40
57.84547235607752
 40
58.84547235607752
 40
58.84547235607752
 40
58.84547235607752
 40
59.84547235607752
 40
59.84547235607752
 40
59.84547235607752
 40
60.84547235607752
 40
60.84547235607752
 40
60.84547235607752
 40
61.84547235607752
 40
61.84547235607752
 40
61.84547235607752
 40
62.84547235607752
 40
62.84547235607752
 40
62.84547235607752
 40
63.84547235607752
 40
63.84547235607752
 40
63.84547235607752
 40
64.84547235607752
 40
64.84547235607752
 40
64.84547235607752
 40
73.35183497472948
 40
73.35183497472948
 40
73.35183497472948
 40
74.35183497472948
 40
74.35183497472948
 40
74.35183497472948
 40
75.35183497472948
 40
75.35183497472948
 40
75.35183497472948
 40
76.35183497472948
 40
76.35183497472948
 40
76.35183497472948
 40
76.35183497472948
 10
98.48401972222221
 20
112.1034997222222
 30
0.0
 10
95.31148916666666
 20
113.7266302777778
 30
0.0
 10
95.03632249999998
 20
115.0417858333333
 30
0.0
 10
95.03632249999998
 20
117.8961108333333
 30
0.0
 10
95.03632249999998
 20
121.5163163888889
 30
0.0
 10
96.43050027777777
 20
122.7439830555555
 30
0.0
 10
99.8129336111111
 20
122.7439830555555
 30
0.0
 10
101.7944863888889
 20
122.7439830555555
 30
0.0
 10
103.3347141666667
 20
123.7165913888889
 30
0.0
 10
103.3347141666667
 20
126.3200913888889
 30
0.0
 10
103.3347141666667
 20
130.9767580555556
 30
0.0
 10
106.6049641666667
 20
134.8678969444444
 30
0.0
 10
110.9758808333333
 20
135.8274525
 30
0.0
 10
111.5050475
 20
135.9262302777778
 30
0.0
 10
111.0640752777778
 20
133.8201469444444
 30
0.0
 10
111.0640752777778
 20
131.9751191666667
 30
0.0
 10
111.0640752777778
 20
125.0433886111111
 30
0.0
 10
111.1311030555556
 20
119.4373969444444
 30
0.0
 10
111.5653725
 20
119.4373969444444
 30
0.0
 10
111.6214641666667
 20
119.4373969444444
 30
0.0
 10
111.6637975
 20
118.6542302777778
 30
0.0
 10
111.6637975
 20
117.6876191666667
 30
0.0
 10
111.6637975
 20
116.7174802777778
 30
0.0
 10
111.5653725
 20
116.1107025
 30
0.0
 10
111.5653725
 20
115.9343136111111
 30
0.0
 10
111.5653725
 20
114.7677950925926
 30
0.0
 10
111.5653725
 20
113.6012765740741
 30
0.0
 10
111.5653725
 20
112.4347580555556
 30
0.0
 10
112.5649095370371
 20
112.4347580555556
 30
0.0
 10
113.5644465740741
 20
112.4347580555556
 30
0.0
 10
114.5639836111111
 20
112.4347580555556
 30
0.0
 10
114.5639836111111
 20
113.6012765740741
 30
0.0
 10
114.5639836111111
 20
114.7677950925926
 30
0.0
 10
114.5639836111111
 20
115.9343136111111
 30
0.0
 10
114.5639836111111
 20
116.1107025
 30
0.0
 10
114.4648530555556
 20
116.7174802777778
 30
0.0
 10
114.4648530555556
 20
117.6876191666667
 30
0.0
 10
114.4648530555556
 20
118.6542302777778
 30
0.0
 10
114.5107141666667
 20
119.4373969444444
 30
0.0
 10
114.5639836111111
 20
119.4373969444444
 30
0.0
 10
116.5924558333333
 20
119.4373969444444
 30
0.0
 10
115.9302919444444
 20
121.8380497222222
 30
0.0
 10
118.6018780555555
 20
123.2043580555555
 30
0.0
 10
118.6018780555555
 20
123.2043580555555
 30
0.0
 10
118.6001141666667
 20
123.2078858333333
 30
0.0
 10
121.2738169444444
 20
124.5674913888889
 30
0.0
 10
122.5773308333333
 20
125.2307136111111
 30
0.0
 10
125.0030308333333
 20
125.2268330555555
 30
0.0
 10
126.9147336111111
 20
125.2268330555555
 30
0.0
 10
129.7990447222222
 20
125.2268330555555
 30
0.0
 10
129.6134836111111
 20
121.1822358333333
 30
0.0
 10
129.6134836111111
 20
114.7108802777778
 30
0.0
 10
129.6134836111111
 20
113.7033469444444
 30
0.0
 10
128.9883613888889
 20
112.7900052777778
 30
0.0
 10
127.6449836111111
 20
112.1038525
 30
0.0
 10
127.5959475
 20
112.0770413888889
 30
0.0
 10
127.2001308333333
 20
112.7561386111111
 30
0.0
 10
126.7584530555555
 20
113.6165636111111
 30
0.0
 10
126.3199502777778
 20
114.4780469444444
 30
0.0
 10
126.1305086111111
 20
115.0643636111111
 30
0.0
 10
126.0528975
 20
115.2188802777778
 30
0.0
 10
125.6542586111111
 20
115.9974608333333
 30
0.0
 10
124.4572836111111
 20
118.3370830555556
 30
0.0
 10
124.4572836111111
 20
118.3370830555556
 30
0.0
 10
123.5668725
 20
117.8815293518519
 30
0.0
 10
122.6764613888889
 20
117.4259756481481
 30
0.0
 10
121.7860502777778
 20
116.9704219444444
 30
0.0
 10
121.7860502777778
 20
116.9704219444444
 30
0.0
 10
122.9823197222222
 20
114.6346802777778
 30
0.0
 10
123.3816641666667
 20
113.8525719444444
 30
0.0
 10
123.4592752777778
 20
113.6977025
 30
0.0
 10
123.8258113888889
 20
113.2034608333333
 30
0.0
 10
124.2674891666666
 20
112.3426830555556
 30
0.0
 10
124.7066975
 20
111.4780247222222
 30
0.0
 10
125.0224336111111
 20
110.7636497222222
 30
0.0
 10
124.9733975
 20
110.7371913888889
 30
0.0
 10
122.3021641666667
 20
109.3705302777778
 30
0.0
 10
117.5647113888889
 20
107.9142636111111
 30
0.0
 10
114.4122891666667
 20
105.8787358333333
 30
0.0
 10
113.6548752777778
 20
105.3897858333333
 30
0.0
 10
111.5329169444444
 20
105.4367052777778
 30
0.0
 10
110.4901058333333
 20
105.4367052777778
 30
0.0
 10
106.4155225
 20
105.4367052777778
 30
0.0
 10
103.8268391666667
 20
109.3705302777778
 30
0.0
 10
101.1552530555555
 20
110.7368386111111
 30
0.0
 10
101.1062169444444
 20
110.7632969444444
 30
0.0
 10
101.4223058333333
 20
111.4780247222222
 30
0.0
 10
101.8646891666667
 20
112.3419775
 30
0.0
 10
102.3031919444444
 20
113.2031080555556
 30
0.0
 10
102.6697280555556
 20
113.6973497222222
 30
0.0
 10
102.7469863888889
 20
113.8522191666667
 30
0.0
 10
103.1463308333333
 20
114.6343275
 30
0.0
 10
104.3429530555556
 20
116.9700691666667
 30
0.0
 10
104.3429530555556
 20
116.9700691666667
 30
0.0
 10
103.4524243518518
 20
117.4256228703704
 30
0.0
 10
102.5618956481482
 20
117.8811765740741
 30
0.0
 10
101.6713669444444
 20
118.3367302777778
 30
0.0
 10
101.6713669444444
 20
118.3367302777778
 30
0.0
 10
100.4743919444444
 20
115.9974608333333
 30
0.0
 10
100.0757530555556
 20
115.2188802777778
 30
0.0
 10
99.99849472222222
 20
115.0640108333333
 30
0.0
 10
99.80870027777777
 20
114.4776941666667
 30
0.0
 10
99.37055027777777
 20
113.6165636111111
 30
0.0
 10
98.92851972222222
 20
112.7557858333333
 30
0.0
 10
98.53305583333334
 20
112.0766886111111
 30
0.0
 10
98.48401972222221
 20
112.1034997222222
 30
0.0
  0
SPLINE
  5
1D2
330
1F
100
AcDbEntity
  8
DEFAULT
 62
   250
100
AcDbSpline
210
0.0
220
0.0
230
1.0
 70
     8
 71
     3
 72
    17
 73
    13
 74
     0
 42
0.000000001
 43
0.0000000001
 40
0.0
 40
0.0
 40
0.0
 40
0.0
 40
1.0
 40
1.0
 40
1.0
 40
2.0
 40
2.0
 40
2.0
 40
3.0
 40
3.0
 40
3.0
 40
4.0
 40
4.0
 40
4.0
 40
4.0
 10
101.80701
 20
138.4223094444444
 30
0.0
 10
101.87051
 20
138.50874
 30
0.0
 10
102.0193822222222
 20
138.638915
 30
0.0
 10
102.2381044444444
 20
138.7510983333333
 30
0.0
 10
102.7450461111111
 20
139.0110955555555
 30
0.0
 10
103.2907933333333
 20
138.8862122222222
 30
0.0
 10
103.5927711111111
 20
138.2967205555555
 30
0.0
 10
103.8816961111111
 20
137.7336872222222
 30
0.0
 10
103.6954294444444
 20
137.1565427777778
 30
0.0
 10
103.1380405555555
 20
136.8707927777778
 30
0.0
 10
102.9136738888889
 20
136.7557872222222
 30
0.0
 10
102.7478683333333
 20
136.7314455555555
 30
0.0
 10
102.6699044444444
 20
136.7317983333333
 30
0.0
  0
SPLINE
  5
1D3
330
1F
100
AcDbEntity
  8
DEFAULT
 62
   250
100
AcDbSpline
210
0.0
220
0.0
230
1.0
 70
     8
 71
     3
 72
    17
 73
    13
 74
     0
 42
0.000000001
 43
0.0000000001
 40
0.0
 40
0.0
 40
0.0
 40
0.0
 40
1.0
 40
1.0
 40
1.0
 40
2.0
 40
2.0
 40
2.0
 40
3.0
 40
3.0
 40
3.0
 40
4.0
 40
4.0
 40
4.0
 40
4.0
 10
120.0104138888889
 20
139.1200686111111
 30
0.0
 10
120.1176583333333
 20
139.1190102777778
 30
0.0
 10
120.310275
 20
139.0742075
 30
0.0
 10
120.5289972222222
 20
138.9620241666667
 30
0.0
 10
121.0359388888889
 20
138.7023797222222
 30
0.0
 10
121.25325
 20
138.1862658333333
 30
0.0
 10
120.9512722222222
 20
137.5967741666667
 30
0.0
 10
120.6627
 20
137.0337408333333
 30
0.0
 10
120.0855555555556
 20
136.8478269444444
 30
0.0
 10
119.5278138888889
 20
137.1335769444444
 30
0.0
 10
119.3038
 20
137.2485825
 30
0.0
 10
119.1870305555556
 20
137.3688797222222
 30
0.0
 10
119.141875
 20
137.4323797222222
 30
0.0
  0
POLYLINE
  5
1D4
330
1F
100
AcDbEntity
  8
DEFAULT
 62
   250
100
AcDb2dPolyline
 66
     1
 10
0.0
 20
0.0
 30
0.0
  0
VERTEX
  5
1D5
330
1D4
100
AcDbEntity
  8
DEFAULT
 62
   250
100
AcDbVertex
100
AcDb2dVertex
 10
110.7414247222222
 20
147.8854675
 30
0.0
  0
VERTEX
  5
1D6
330
1D4
100
AcDbEntity
  8
DEFAULT
 62
   250
100
AcDbVertex
100
AcDb2dVertex
 10
111.5796247222222
 20
149.9061786111111
 30
0.0
  0
VERTEX
  5
1D7
330
1D4
100
AcDbEntity
  8
DEFAULT
 62
   250
100
AcDbVertex
100
AcDb2dVertex
 10
112.4326413888889
 20
147.8854675
 30
0.0
  0
SEQEND
  5
1D8
330
1D4
100
AcDbEntity
  8
DEFAULT
 62
   250
  0
SPLINE
  5
1D9
330
1F
100
AcDbEntity
  8
DEFAULT
 62
     1
100
AcDbSpline
210
0.0
220
0.0
230
1.0
 70
    11
 71
     3
 72
   110
 73
   106
 74
     0
 42
0.000000001
 43
0.0000000001
 40
1.0
 40
1.0
 40
1.0
 40
1.0
 40
2.0
 40
2.0
 40
2.0
 40
3.0
 40
3.0
 40
3.0
 40
4.0
 40
4.0
 40
4.0
 40
5.0
 40
5.0
 40
5.0
 40
6.0
 40
6.0
 40
6.0
 40
7.0
 40
7.0
 40
7.0
 40
8.0
 40
8.0
 40
8.0
 40
9.0
 40
9.0
 40
9.0
 40
18.91999999999996
 40
18.91999999999996
 40
18.91999999999996
 40
27.41999999999996
 40
27.41999999999996
 40
27.41999999999996
 40
37.33999999999992
 40
37.33999999999992
 40
37.33999999999992
 40
38.33999999999992
 40
38.33999999999992
 40
38.33999999999992
 40
39.33999999999992
 40
39.33999999999992
 40
39.33999999999992
 40
40.33999999999992
 40
40.33999999999992
 40
40.33999999999992
 40
41.33999999999992
 40
41.33999999999992
 40
41.33999999999992
 40
42.33999999999992
 40
42.33999999999992
 40
42.33999999999992
 40
43.33999999999992
 40
43.33999999999992
 40
43.33999999999992
 40
44.33999999999992
 40
44.33999999999992
 40
44.33999999999992
 40
45.33999999999992
 40
45.33999999999992
 40
45.33999999999992
 40
46.33999999999992
 40
46.33999999999992
 40
46.33999999999992
 40
47.33999999999992
 40
47.33999999999992
 40
47.33999999999992
 40
55.84547235607752
 40
55.84547235607752
 40
55.84547235607752
 40
56.84547235607752
 40
56.84547235607752
 40
56.84547235607752
 40
57.84547235607752
 40
57.84547235607752
 40
57.84547235607752
 40
58.84547235607752
 40
58.84547235607752
 40
58.84547235607752
 40
59.84547235607752
 40
59.84547235607752
 40
59.84547235607752
 40
60.84547235607752
 40
60.84547235607752
 40
60.84547235607752
 40
61.84547235607752
 40
61.84547235607752
 40
61.84547235607752
 40
62.84547235607752
 40
62.84547235607752
 40
62.84547235607752
 40
63.84547235607752
 40
63.84547235607752
 40
63.84547235607752
 40
64.84547235607752
 40
64.84547235607752
 40
64.84547235607752
 40
73.35183497472948
 40
73.35183497472948
 40
73.35183497472948
 40
74.35183497472948
 40
74.35183497472948
 40
74.35183497472948
 40
75.35183497472948
 40
75.35183497472948
 40
75.35183497472948
 40
76.35183497472948
 40
76.35183497472948
 40
76.35183497472948
 40
76.35183497472948
 10
126.1680794444444
 20
146.1853608333333
 30
0.0
 10
129.34061
 20
144.5622302777778
 30
0.0
 10
129.6157766666666
 20
143.2470747222222
 30
0.0
 10
129.6157766666666
 20
140.3927497222222
 30
0.0
 10
129.6157766666666
 20
136.7725441666666
 30
0.0
 10
128.2215988888889
 20
135.5448775
 30
0.0
 10
124.8391655555555
 20
135.5448775
 30
0.0
 10
122.8576127777778
 20
135.5448775
 30
0.0
 10
121.317385
 20
134.5722691666666
 30
0.0
 10
121.317385
 20
131.9687691666666
 30
0.0
 10
121.317385
 20
127.3121025
 30
0.0
 10
118.047135
 20
123.4209636111111
 30
0.0
 10
113.6762183333333
 20
122.4614080555555
 30
0.0
 10
113.1470516666667
 20
122.3626302777778
 30
0.0
 10
113.5880238888889
 20
124.4687136111111
 30
0.0
 10
113.5880238888889
 20
126.3137413888889
 30
0.0
 10
113.5880238888889
 20
133.2458247222222
 30
0.0
 10
113.5209961111111
 20
138.8514636111111
 30
0.0
 10
113.0870794444444
 20
138.8514636111111
 30
0.0
 10
113.030635
 20
138.8514636111111
 30
0.0
 10
112.9883016666666
 20
139.6346302777777
 30
0.0
 10
112.9883016666666
 20
140.6012413888889
 30
0.0
 10
112.9883016666666
 20
141.5713802777778
 30
0.0
 10
113.0870794444444
 20
142.1781580555555
 30
0.0
 10
113.0870794444444
 20
142.3545469444444
 30
0.0
 10
113.0870794444444
 20
143.521065462963
 30
0.0
 10
113.0870794444444
 20
144.6875839814815
 30
0.0
 10
113.0870794444444
 20
145.8541025
 30
0.0
 10
112.0875424074074
 20
145.8541025
 30
0.0
 10
111.0880053703704
 20
145.8541025
 30
0.0
 10
110.0884683333333
 20
145.8541025
 30
0.0
 10
110.0884683333333
 20
144.6875839814815
 30
0.0
 10
110.0884683333333
 20
143.5210654629629
 30
0.0
 10
110.0884683333333
 20
142.3545469444444
 30
0.0
 10
110.0884683333333
 20
142.1781580555555
 30
0.0
 10
110.1872461111111
 20
141.5713802777778
 30
0.0
 10
110.1872461111111
 20
140.6012413888889
 30
0.0
 10
110.1872461111111
 20
139.6346302777777
 30
0.0
 10
110.141385
 20
138.8514636111111
 30
0.0
 10
110.0884683333333
 20
138.8514636111111
 30
0.0
 10
108.0599961111111
 20
138.8514636111111
 30
0.0
 10
108.7218072222222
 20
136.4508108333333
 30
0.0
 10
106.0502211111111
 20
135.0845025
 30
0.0
 10
106.0502211111111
 20
135.0845025
 30
0.0
 10
106.051985
 20
135.0813275
 30
0.0
 10
103.3782822222222
 20
133.7213691666666
 30
0.0
 10
102.0747683333333
 20
133.0581469444444
 30
0.0
 10
99.64906833333332
 20
133.0620275
 30
0.0
 10
97.73736555555554
 20
133.0620275
 30
0.0
 10
94.85305444444444
 20
133.0620275
 30
0.0
 10
95.03861555555555
 20
137.1069775
 30
0.0
 10
95.03861555555555
 20
143.5779802777778
 30
0.0
 10
95.03861555555555
 20
144.5855136111111
 30
0.0
 10
95.66373777777777
 20
145.4988552777777
 30
0.0
 10
97.00711555555554
 20
146.1850080555555
 30
0.0
 10
97.05615166666665
 20
146.2118191666666
 30
0.0
 10
97.45196833333333
 20
145.5327219444444
 30
0.0
 10
97.8936461111111
 20
144.6722969444444
 30
0.0
 10
98.33214888888888
 20
143.8108136111111
 30
0.0
 10
98.52159055555555
 20
143.2244969444444
 30
0.0
 10
98.59920166666664
 20
143.0699802777777
 30
0.0
 10
98.99784055555553
 20
142.2913997222222
 30
0.0
 10
100.1948155555555
 20
139.9517775
 30
0.0
 10
100.1948155555555
 20
139.9517775
 30
0.0
 10
101.0852266666666
 20
140.4073312037036
 30
0.0
 10
101.9756377777778
 20
140.8628849074074
 30
0.0
 10
102.8660488888889
 20
141.3184386111111
 30
0.0
 10
102.8660488888889
 20
141.3184386111111
 30
0.0
 10
101.6697794444444
 20
143.6545330555555
 30
0.0
 10
101.270435
 20
144.4362886111111
 30
0.0
 10
101.1928238888889
 20
144.5911580555555
 30
0.0
 10
100.8262877777778
 20
145.0853997222222
 30
0.0
 10
100.38461
 20
145.9461775
 30
0.0
 10
99.94540166666665
 20
146.8108358333333
 30
0.0
 10
99.62966555555555
 20
147.5252108333333
 30
0.0
 10
99.67870166666667
 20
147.5516691666666
 30
0.0
 10
102.349935
 20
148.9183302777778
 30
0.0
 10
107.0873877777778
 20
150.3745969444444
 30
0.0
 10
110.23981
 20
152.4101247222222
 30
0.0
 10
110.9972238888889
 20
152.8990747222222
 30
0.0
 10
113.1191822222222
 20
152.8521552777778
 30
0.0
 10
114.1619933333333
 20
152.8521552777778
 30
0.0
 10
118.2365766666667
 20
152.8521552777778
 30
0.0
 10
120.82526
 20
148.9186830555555
 30
0.0
 10
123.4968461111111
 20
147.5520219444444
 30
0.0
 10
123.5458822222222
 20
147.5255636111111
 30
0.0
 10
123.2297933333333
 20
146.8111886111111
 30
0.0
 10
122.78741
 20
145.9468830555555
 30
0.0
 10
122.3489072222222
 20
145.0857525
 30
0.0
 10
121.9823711111111
 20
144.5915108333333
 30
0.0
 10
121.9051127777778
 20
144.4366413888889
 30
0.0
 10
121.5054155555555
 20
143.6545330555555
 30
0.0
 10
120.3091461111111
 20
141.3187913888889
 30
0.0
 10
120.3091461111111
 20
141.3187913888889
 30
0.0
 10
121.1996748148148
 20
140.8632376851851
 30
0.0
 10
122.0902035185185
 20
140.4076839814815
 30
0.0
 10
122.9807322222222
 20
139.9521302777778
 30
0.0
 10
122.9807322222222
 20
139.9521302777778
 30
0.0
 10
124.1777072222222
 20
142.2913997222222
 30
0.0
 10
124.5763461111111
 20
143.0699802777777
 30
0.0
 10
124.6539572222222
 20
143.2248497222222
 30
0.0
 10
124.8433988888889
 20
143.8111663888889
 30
0.0
 10
125.2815488888889
 20
144.6722969444444
 30
0.0
 10
125.7235794444444
 20
145.5330747222222
 30
0.0
 10
126.1190433333333
 20
146.2121719444444
 30
0.0
 10
126.1680794444444
 20
146.1853608333333
 30
0.0
  0
SPLINE
  5
1DA
330
1F
100
AcDbEntity
  8
DEFAULT
 62
     1
100
AcDbSpline
210
0.0
220
0.0
230
1.0
 70
     8
 71
     3
 72
     8
 73
     4
 74
     0
 42
0.000000001
 43
0.0000000001
 40
0.0
 40
0.0
 40
0.0
 40
0.0
 40
1.0
 40
1.0
 40
1.0
 40
1.0
 10
99.8129336111111
 20
122.7440536111111
 30
0.0
 10
100.7880113888889
 20
122.7440536111111
 30
0.0
 10
99.41852805555556
 20
133.0620980555555
 30
0.0
 10
97.73754194444444
 20
133.0620980555555
 30
0.0
  0
SPLINE
  5
1DB
330
1F
100
AcDbEntity
  8
DEFAULT
 62
     1
100
AcDbSpline
210
0.0
220
0.0
230
1.0
 70
     8
 71
     3
 72
     8
 73
     4
 74
     0
 42
0.000000001
 43
0.0000000001
 40
0.0
 40
0.0
 40
0.0
 40
0.0
 40
1.0
 40
1.0
 40
1.0
 40
1.0
 10
124.8392008333333
 20
135.5448422222222
 30
0.0
 10
123.8641230555556
 20
135.5448422222222
 30
0.0
 10
125.2336063888889
 20
125.2267977777778
 30
0.0
 10
126.9145925
 20
125.2267977777778
 30
0.0
  0
SPLINE
  5
1DC
330
1F
100
AcDbEntity
  8
DEFAULT
 62
   250
100
AcDbSpline
210
0.0
220
0.0
230
1.0
 70
     8
 71
     3
 72
    17
 73
    13
 74
     0
 42
0.000000001
 43
0.0000000001
 40
0.0
 40
0.0
 40
0.0
 40
0.0
 40
1.0
 40
1.0
 40
1.0
 40
2.0
 40
2.0
 40
2.0
 40
3.0
 40
3.0
 40
3.0
 40
4.0
 40
4.0
 40
4.0
 40
4.0
 10
86.50294555555554
 20
119.8665511111111
 30
0.0
 10
86.43944555555554
 20
119.7801205555555
 30
0.0
 10
86.29057333333333
 20
119.6499455555556
 30
0.0
 10
86.0718511111111
 20
119.5377622222222
 30
0.0
 10
85.56490944444444
 20
119.2781177777778
 30
0.0
 10
85.01916222222222
 20
119.4026483333333
 30
0.0
 10
84.71683166666666
 20
119.99214
 30
0.0
 10
84.42825944444444
 20
120.5551733333333
 30
0.0
 10
84.6145261111111
 20
121.1323177777778
 30
0.0
 10
85.17226777777778
 20
121.4180677777778
 30
0.0
 10
85.39628166666665
 20
121.5330733333333
 30
0.0
 10
85.56208722222222
 20
121.557415
 30
0.0
 10
85.6400511111111
 20
121.5570622222222
 30
0.0
  0
SPLINE
  5
1DD
330
1F
100
AcDbEntity
  8
DEFAULT
 62
   250
100
AcDbSpline
210
0.0
220
0.0
230
1.0
 70
     8
 71
     3
 72
    17
 73
    13
 74
     0
 42
0.000000001
 43
0.0000000001
 40
0.0
 40
0.0
 40
0.0
 40
0.0
 40
1.0
 40
1.0
 40
1.0
 40
2.0
 40
2.0
 40
2.0
 40
3.0
 40
3.0
 40
3.0
 40
4.0
 40
4.0
 40
4.0
 40
4.0
 10
68.29954166666666
 20
119.1687919444444
 30
0.0
 10
68.19229722222221
 20
119.1698502777778
 30
0.0
 10
67.99968055555554
 20
119.2146530555556
 30
0.0
 10
67.78095833333333
 20
119.3268363888889
 30
0.0
 10
67.27401666666665
 20
119.5864808333333
 30
0.0
 10
67.05635277777776
 20
120.1025947222222
 30
0.0
 10
67.35868333333332
 20
120.6920863888889
 30
0.0
 10
67.64725555555555
 20
121.2551197222222
 30
0.0
 10
68.22439999999999
 20
121.4410336111111
 30
0.0
 10
68.78214166666666
 20
121.1552836111111
 30
0.0
 10
69.00615555555555
 20
121.0402780555556
 30
0.0
 10
69.122925
 20
120.9199808333333
 30
0.0
 10
69.16808055555555
 20
120.8564808333333
 30
0.0
  0
POLYLINE
  5
1DE
330
1F
100
AcDbEntity
  8
DEFAULT
 62
   250
100
AcDb2dPolyline
 66
     1
 10
0.0
 20
0.0
 30
0.0
  0
VERTEX
  5
1DF
330
1DE
100
AcDbEntity
  8
DEFAULT
 62
   250
100
AcDbVertex
100
AcDb2dVertex
 10
77.56849555555554
 20
110.4033930555555
 30
0.0
  0
VERTEX
  5
1E0
330
1DE
100
AcDbEntity
  8
DEFAULT
 62
   250
100
AcDbVertex
100
AcDb2dVertex
 10
76.73029555555554
 20
108.3826819444444
 30
0.0
  0
VERTEX
  5
1E1
330
1DE
100
AcDbEntity
  8
DEFAULT
 62
   250
100
AcDbVertex
100
AcDb2dVertex
 10
75.87727888888888
 20
110.4033930555555
 30
0.0
  0
SEQEND
  5
1E2
330
1DE
100
AcDbEntity
  8
DEFAULT
 62
   250
  0
SPLINE
  5
1E3
330
1F
100
AcDbEntity
  8
DEFAULT
 62
     1
100
AcDbSpline
210
0.0
220
0.0
230
1.0
 70
    11
 71
     3
 72
   110
 73
   106
 74
     0
 42
0.000000001
 43
0.0000000001
 40
1.0
 40
1.0
 40
1.0
 40
1.0
 40
2.0
 40
2.0
 40
2.0
 40
3.0
 40
3.0
 40
3.0
 40
4.0
 40
4.0
 40
4.0
 40
5.0
 40
5.0
 40
5.0
 40
6.0
 40
6.0
 40
6.0
 40
7.0
 40
7.0
 40
7.0
 40
8.0
 40
8.0
 40
8.0
 40
9.0
 40
9.0
 40
9.0
 40
18.91999999999996
 40
18.91999999999996
 40
18.91999999999996
 40
27.41999999999996
 40
27.41999999999996
 40
27.41999999999996
 40
37.33999999999992
 40
37.33999999999992
 40
37.33999999999992
 40
38.33999999999992
 40
38.33999999999992
 40
38.33999999999992
 40
39.33999999999992
 40
39.33999999999992
 40
39.33999999999992
 40
40.33999999999992
 40
40.33999999999992
 40
40.33999999999992
 40
41.33999999999992
 40
41.33999999999992
 40
41.33999999999992
 40
42.33999999999992
 40
42.33999999999992
 40
42.33999999999992
 40
43.33999999999992
 40
43.33999999999992
 40
43.33999999999992
 40
44.33999999999992
 40
44.33999999999992
 40
44.33999999999992
 40
45.33999999999992
 40
45.33999999999992
 40
45.33999999999992
 40
46.33999999999992
 40
46.33999999999992
 40
46.33999999999992
 40
47.33999999999992
 40
47.33999999999992
 40
47.33999999999992
 40
55.84547235607752
 40
55.84547235607752
 40
55.84547235607752
 40
56.84547235607752
 40
56.84547235607752
 40
56.84547235607752
 40
57.84547235607752
 40
57.84547235607752
 40
57.84547235607752
 40
58.84547235607752
 40
58.84547235607752
 40
58.84547235607752
 40
59.84547235607752
 40
59.84547235607752
 40
59.84547235607752
 40
60.84547235607752
 40
60.84547235607752
 40
60.84547235607752
 40
61.84547235607752
 40
61.84547235607752
 40
61.84547235607752
 40
62.84547235607752
 40
62.84547235607752
 40
62.84547235607752
 40
63.84547235607752
 40
63.84547235607752
 40
63.84547235607752
 40
64.84547235607752
 40
64.84547235607752
 40
64.84547235607752
 40
73.35183497472951
 40
73.35183497472951
 40
73.35183497472951
 40
74.35183497472951
 40
74.35183497472951
 40
74.35183497472951
 40
75.35183497472951
 40
75.35183497472951
 40
75.35183497472951
 40
76.35183497472951
 40
76.35183497472951
 40
76.35183497472951
 40
76.35183497472951
 10
62.14318138888888
 20
112.1034997222222
 30
0.0
 10
58.97065083333333
 20
113.7266302777778
 30
0.0
 10
58.69548416666666
 20
115.0417858333333
 30
0.0
 10
58.69548416666666
 20
117.8961108333333
 30
0.0
 10
58.69548416666666
 20
121.5163163888889
 30
0.0
 10
60.08966194444444
 20
122.7439830555555
 30
0.0
 10
63.47209527777777
 20
122.7439830555555
 30
0.0
 10
65.45364805555555
 20
122.7439830555555
 30
0.0
 10
66.99387583333332
 20
123.7165913888889
 30
0.0
 10
66.99387583333332
 20
126.3200913888889
 30
0.0
 10
66.99387583333332
 20
130.9767580555556
 30
0.0
 10
70.26412583333332
 20
134.8678969444444
 30
0.0
 10
74.63504249999998
 20
135.8274525
 30
0.0
 10
75.16420916666665
 20
135.9262302777778
 30
0.0
 10
74.72323694444444
 20
133.8201469444444
 30
0.0
 10
74.72323694444444
 20
131.9751191666667
 30
0.0
 10
74.72323694444444
 20
125.0433886111111
 30
0.0
 10
74.7906175
 20
119.4373969444444
 30
0.0
 10
75.22453416666666
 20
119.4373969444444
 30
0.0
 10
75.28062583333333
 20
119.4373969444444
 30
0.0
 10
75.32295916666665
 20
118.6542302777778
 30
0.0
 10
75.32295916666665
 20
117.6876191666667
 30
0.0
 10
75.32295916666665
 20
116.7174802777778
 30
0.0
 10
75.22453416666666
 20
116.1107025
 30
0.0
 10
75.22453416666666
 20
115.9343136111111
 30
0.0
 10
75.22453416666666
 20
114.7677950925926
 30
0.0
 10
75.22453416666666
 20
113.6012765740741
 30
0.0
 10
75.22453416666666
 20
112.4347580555556
 30
0.0
 10
76.2240712037037
 20
112.4347580555556
 30
0.0
 10
77.22360824074073
 20
112.4347580555556
 30
0.0
 10
78.22314527777776
 20
112.4347580555556
 30
0.0
 10
78.22314527777776
 20
113.6012765740741
 30
0.0
 10
78.22314527777776
 20
114.7677950925926
 30
0.0
 10
78.22314527777776
 20
115.9343136111111
 30
0.0
 10
78.22314527777776
 20
116.1107025
 30
0.0
 10
78.12401472222221
 20
116.7174802777778
 30
0.0
 10
78.12401472222221
 20
117.6876191666667
 30
0.0
 10
78.12401472222221
 20
118.6542302777778
 30
0.0
 10
78.16987583333332
 20
119.4373969444444
 30
0.0
 10
78.22314527777776
 20
119.4373969444444
 30
0.0
 10
80.25161749999998
 20
119.4373969444444
 30
0.0
 10
79.58945361111111
 20
121.8380497222222
 30
0.0
 10
82.26103972222222
 20
123.2043580555555
 30
0.0
 10
82.26103972222222
 20
123.2043580555555
 30
0.0
 10
82.25927583333332
 20
123.2078858333333
 30
0.0
 10
84.9329786111111
 20
124.5674913888889
 30
0.0
 10
86.2364925
 20
125.2307136111111
 30
0.0
 10
88.66219249999999
 20
125.2268330555555
 30
0.0
 10
90.57389527777777
 20
125.2268330555555
 30
0.0
 10
93.45820638888887
 20
125.2268330555555
 30
0.0
 10
93.27264527777777
 20
121.1822358333333
 30
0.0
 10
93.27264527777777
 20
114.7108802777778
 30
0.0
 10
93.27264527777777
 20
113.7033469444444
 30
0.0
 10
92.64752305555554
 20
112.7900052777778
 30
0.0
 10
91.30414527777776
 20
112.1038525
 30
0.0
 10
91.25510916666666
 20
112.0770413888889
 30
0.0
 10
90.8592925
 20
112.7561386111111
 30
0.0
 10
90.41761472222221
 20
113.6165636111111
 30
0.0
 10
89.97911194444444
 20
114.4780469444444
 30
0.0
 10
89.78967027777776
 20
115.0643636111111
 30
0.0
 10
89.71205916666665
 20
115.2188802777778
 30
0.0
 10
89.31342027777777
 20
115.9974608333333
 30
0.0
 10
88.11644527777777
 20
118.3370830555556
 30
0.0
 10
88.11644527777777
 20
118.3370830555556
 30
0.0
 10
87.22603416666665
 20
117.8815293518519
 30
0.0
 10
86.33562305555556
 20
117.4259756481481
 30
0.0
 10
85.44521194444444
 20
116.9704219444444
 30
0.0
 10
85.44521194444444
 20
116.9704219444444
 30
0.0
 10
86.64148138888888
 20
114.6346802777778
 30
0.0
 10
87.04082583333332
 20
113.8525719444444
 30
0.0
 10
87.11843694444444
 20
113.6977025
 30
0.0
 10
87.48497305555554
 20
113.2034608333333
 30
0.0
 10
87.9270036111111
 20
112.3426830555556
 30
0.0
 10
88.36585916666665
 20
111.4780247222222
 30
0.0
 10
88.68159527777777
 20
110.7636497222222
 30
0.0
 10
88.63255916666665
 20
110.7371913888889
 30
0.0
 10
85.96132583333332
 20
109.3705302777778
 30
0.0
 10
81.22387305555556
 20
107.9142636111111
 30
0.0
 10
78.07145083333333
 20
105.8787358333333
 30
0.0
 10
77.31403694444442
 20
105.3897858333333
 30
0.0
 10
75.1920786111111
 20
105.4367052777778
 30
0.0
 10
74.14926749999998
 20
105.4367052777778
 30
0.0
 10
70.07468416666666
 20
105.4367052777778
 30
0.0
 10
67.48600083333334
 20
109.3705302777778
 30
0.0
 10
64.81441472222221
 20
110.7368386111111
 30
0.0
 10
64.7653786111111
 20
110.7632969444444
 30
0.0
 10
65.08146749999999
 20
111.4780247222222
 30
0.0
 10
65.52385083333333
 20
112.3419775
 30
0.0
 10
65.9623536111111
 20
113.2031080555556
 30
0.0
 10
66.32888972222221
 20
113.6973497222222
 30
0.0
 10
66.40614805555555
 20
113.8522191666667
 30
0.0
 10
66.80584527777778
 20
114.6343275
 30
0.0
 10
68.00211472222222
 20
116.9700691666667
 30
0.0
 10
68.00211472222222
 20
116.9700691666667
 30
0.0
 10
67.11158601851851
 20
117.4256228703704
 30
0.0
 10
66.2210573148148
 20
117.8811765740741
 30
0.0
 10
65.3305286111111
 20
118.3367302777778
 30
0.0
 10
65.3305286111111
 20
118.3367302777778
 30
0.0
 10
64.1335536111111
 20
115.9974608333333
 30
0.0
 10
63.73491472222221
 20
115.2188802777778
 30
0.0
 10
63.65765638888888
 20
115.0640108333333
 30
0.0
 10
63.46821472222221
 20
114.4776941666667
 30
0.0
 10
63.02971194444444
 20
113.6165636111111
 30
0.0
 10
62.58768138888887
 20
112.7557858333333
 30
0.0
 10
62.1922175
 20
112.0766886111111
 30
0.0
 10
62.14318138888888
 20
112.1034997222222
 30
0.0
  0
SPLINE
  5
1E4
330
1F
100
AcDbEntity
  8
DEFAULT
 62
   250
100
AcDbSpline
210
0.0
220
0.0
230
1.0
 70
     8
 71
     3
 72
    17
 73
    13
 74
     0
 42
0.000000001
 43
0.0000000001
 40
0.0
 40
0.0
 40
0.0
 40
0.0
 40
1.0
 40
1.0
 40
1.0
 40
2.0
 40
2.0
 40
2.0
 40
3.0
 40
3.0
 40
3.0
 40
4.0
 40
4.0
 40
4.0
 40
4.0
 10
65.46617166666665
 20
138.4223094444444
 30
0.0
 10
65.52967166666666
 20
138.50874
 30
0.0
 10
65.67854388888888
 20
138.638915
 30
0.0
 10
65.89726611111111
 20
138.7510983333333
 30
0.0
 10
66.40420777777777
 20
139.0110955555555
 30
0.0
 10
66.94995499999999
 20
138.8862122222222
 30
0.0
 10
67.25193277777777
 20
138.2967205555555
 30
0.0
 10
67.540505
 20
137.7336872222222
 30
0.0
 10
67.3545911111111
 20
137.1565427777778
 30
0.0
 10
66.79684944444443
 20
136.8707927777778
 30
0.0
 10
66.57283555555554
 20
136.7557872222222
 30
0.0
 10
66.40702999999999
 20
136.7314455555555
 30
0.0
 10
66.3290661111111
 20
136.7317983333333
 30
0.0
  0
SPLINE
  5
1E5
330
1F
100
AcDbEntity
  8
DEFAULT
 62
   250
100
AcDbSpline
210
0.0
220
0.0
230
1.0
 70
     8
 71
     3
 72
    17
 73
    13
 74
     0
 42
0.000000001
 43
0.0000000001
 40
0.0
 40
0.0
 40
0.0
 40
0.0
 40
1.0
 40
1.0
 40
1.0
 40
2.0
 40
2.0
 40
2.0
 40
3.0
 40
3.0
 40
3.0
 40
4.0
 40
4.0
 40
4.0
 40
4.0
 10
83.66957555555554
 20
139.1200686111111
 30
0.0
 10
83.77681999999999
 20
139.1190102777778
 30
0.0
 10
83.96943666666665
 20
139.0742075
 30
0.0
 10
84.18815888888888
 20
138.9620241666667
 30
0.0
 10
84.69510055555556
 20
138.7023797222222
 30
0.0
 10
84.91241166666666
 20
138.1862658333333
 30
0.0
 10
84.61043388888888
 20
137.5967741666667
 30
0.0
 10
84.32186166666665
 20
137.0337408333333
 30
0.0
 10
83.7447172222222
 20
136.8478269444444
 30
0.0
 10
83.18697555555555
 20
137.1335769444444
 30
0.0
 10
82.96296166666666
 20
137.2485825
 30
0.0
 10
82.84619222222221
 20
137.3688797222222
 30
0.0
 10
82.80103666666666
 20
137.4323797222222
 30
0.0
  0
POLYLINE
  5
1E6
330
1F
100
AcDbEntity
  8
DEFAULT
 62
   250
100
AcDb2dPolyline
 66
     1
 10
0.0
 20
0.0
 30
0.0
  0
VERTEX
  5
1E7
330
1E6
100
AcDbEntity
  8
DEFAULT
 62
   250
100
AcDbVertex
100
AcDb2dVertex
 10
74.40058638888888
 20
147.8854675
 30
0.0
  0
VERTEX
  5
1E8
330
1E6
100
AcDbEntity
  8
DEFAULT
 62
   250
100
AcDbVertex
100
AcDb2dVertex
 10
75.23878638888888
 20
149.9061786111111
 30
0.0
  0
VERTEX
  5
1E9
330
1E6
100
AcDbEntity
  8
DEFAULT
 62
   250
100
AcDbVertex
100
AcDb2dVertex
 10
76.09180305555556
 20
147.8854675
 30
0.0
  0
SEQEND
  5
1EA
330
1E6
100
AcDbEntity
  8
DEFAULT
 62
   250
  0
SPLINE
  5
1EB
330
1F
100
AcDbEntity
  8
DEFAULT
 62
     1
100
AcDbSpline
210
0.0
220
0.0
230
1.0
 70
    11
 71
     3
 72
   110
 73
   106
 74
     0
 42
0.000000001
 43
0.0000000001
 40
1.0
 40
1.0
 40
1.0
 40
1.0
 40
2.0
 40
2.0
 40
2.0
 40
3.0
 40
3.0
 40
3.0
 40
4.0
 40
4.0
 40
4.0
 40
5.0
 40
5.0
 40
5.0
 40
6.0
 40
6.0
 40
6.0
 40
7.0
 40
7.0
 40
7.0
 40
8.0
 40
8.0
 40
8.0
 40
9.0
 40
9.0
 40
9.0
 40
18.91999999999996
 40
18.91999999999996
 40
18.91999999999996
 40
27.41999999999996
 40
27.41999999999996
 40
27.41999999999996
 40
37.33999999999992
 40
37.33999999999992
 40
37.33999999999992
 40
38.33999999999992
 40
38.33999999999992
 40
38.33999999999992
 40
39.33999999999992
 40
39.33999999999992
 40
39.33999999999992
 40
40.33999999999992
 40
40.33999999999992
 40
40.33999999999992
 40
41.33999999999992
 40
41.33999999999992
 40
41.33999999999992
 40
42.33999999999992
 40
42.33999999999992
 40
42.33999999999992
 40
43.33999999999992
 40
43.33999999999992
 40
43.33999999999992
 40
44.33999999999992
 40
44.33999999999992
 40
44.33999999999992
 40
45.33999999999992
 40
45.33999999999992
 40
45.33999999999992
 40
46.33999999999992
 40
46.33999999999992
 40
46.33999999999992
 40
47.33999999999992
 40
47.33999999999992
 40
47.33999999999992
 40
55.8463626186519
 40
55.8463626186519
 40
55.8463626186519
 40
56.8463626186519
 40
56.8463626186519
 40
56.8463626186519
 40
57.8463626186519
 40
57.8463626186519
 40
57.8463626186519
 40
58.8463626186519
 40
58.8463626186519
 40
58.8463626186519
 40
59.8463626186519
 40
59.8463626186519
 40
59.8463626186519
 40
60.8463626186519
 40
60.8463626186519
 40
60.8463626186519
 40
61.8463626186519
 40
61.8463626186519
 40
61.8463626186519
 40
62.8463626186519
 40
62.8463626186519
 40
62.8463626186519
 40
63.8463626186519
 40
63.8463626186519
 40
63.8463626186519
 40
64.84636261865191
 40
64.84636261865191
 40
64.84636261865191
 40
73.3527252373039
 40
73.3527252373039
 40
73.3527252373039
 40
74.3527252373039
 40
74.3527252373039
 40
74.3527252373039
 40
75.3527252373039
 40
75.3527252373039
 40
75.3527252373039
 40
76.3527252373039
 40
76.3527252373039
 40
76.3527252373039
 40
76.3527252373039
 10
89.8272411111111
 20
146.1853608333333
 30
0.0
 10
93.00012444444442
 20
144.5622302777778
 30
0.0
 10
93.27493833333334
 20
143.2470747222222
 30
0.0
 10
93.27493833333334
 20
140.3927497222222
 30
0.0
 10
93.27493833333334
 20
136.7725441666666
 30
0.0
 10
91.88076055555555
 20
135.5448775
 30
0.0
 10
88.49832722222222
 20
135.5448775
 30
0.0
 10
86.51712722222221
 20
135.5448775
 30
0.0
 10
84.97654666666666
 20
134.5722691666666
 30
0.0
 10
84.97654666666666
 20
131.9687691666666
 30
0.0
 10
84.97654666666666
 20
127.3121025
 30
0.0
 10
81.70629666666666
 20
123.4209636111111
 30
0.0
 10
77.33538
 20
122.4614080555555
 30
0.0
 10
76.80621333333333
 20
122.3626302777778
 30
0.0
 10
77.24718555555555
 20
124.4687136111111
 30
0.0
 10
77.24718555555555
 20
126.3137413888889
 30
0.0
 10
77.24718555555555
 20
133.2458247222222
 30
0.0
 10
77.18015777777778
 20
138.8514636111111
 30
0.0
 10
76.7462411111111
 20
138.8514636111111
 30
0.0
 10
76.68979666666665
 20
138.8514636111111
 30
0.0
 10
76.64746333333332
 20
139.6346302777777
 30
0.0
 10
76.64746333333332
 20
140.6012413888889
 30
0.0
 10
76.64746333333332
 20
141.5713802777778
 30
0.0
 10
76.7462411111111
 20
142.1781580555555
 30
0.0
 10
76.7462411111111
 20
142.3545469444444
 30
0.0
 10
76.7462411111111
 20
143.521065462963
 30
0.0
 10
76.7462411111111
 20
144.6875839814815
 30
0.0
 10
76.7462411111111
 20
145.8541025
 30
0.0
 10
75.74670407407406
 20
145.8541025
 30
0.0
 10
74.74716703703703
 20
145.8541025
 30
0.0
 10
73.74763
 20
145.8541025
 30
0.0
 10
73.74763
 20
144.6875839814815
 30
0.0
 10
73.74763
 20
143.5210654629629
 30
0.0
 10
73.74763
 20
142.3545469444444
 30
0.0
 10
73.74763
 20
142.1781580555555
 30
0.0
 10
73.84640777777777
 20
141.5713802777778
 30
0.0
 10
73.84640777777777
 20
140.6012413888889
 30
0.0
 10
73.84640777777777
 20
139.6346302777777
 30
0.0
 10
73.80054666666666
 20
138.8514636111111
 30
0.0
 10
73.74763
 20
138.8514636111111
 30
0.0
 10
71.71915777777778
 20
138.8514636111111
 30
0.0
 10
72.38096888888887
 20
136.4508108333333
 30
0.0
 10
69.70938277777778
 20
135.0845025
 30
0.0
 10
69.70938277777778
 20
135.0845025
 30
0.0
 10
69.71114666666666
 20
135.0813275
 30
0.0
 10
67.03744388888889
 20
133.7213691666666
 30
0.0
 10
65.73393
 20
133.0581469444444
 30
0.0
 10
63.30822999999999
 20
133.0620275
 30
0.0
 10
61.39688
 20
133.0620275
 30
0.0
 10
58.51221611111111
 20
133.0620275
 30
0.0
 10
58.69777722222222
 20
137.1069775
 30
0.0
 10
58.69777722222222
 20
143.5779802777778
 30
0.0
 10
58.69777722222222
 20
144.5855136111111
 30
0.0
 10
59.32289944444444
 20
145.4988552777777
 30
0.0
 10
60.66627722222221
 20
146.1850080555555
 30
0.0
 10
60.7156661111111
 20
146.2118191666666
 30
0.0
 10
61.11112999999999
 20
145.5327219444444
 30
0.0
 10
61.55280777777777
 20
144.6722969444444
 30
0.0
 10
61.99131055555555
 20
143.8108136111111
 30
0.0
 10
62.18075222222222
 20
143.2244969444444
 30
0.0
 10
62.25836333333333
 20
143.0699802777777
 30
0.0
 10
62.65700222222222
 20
142.2913997222222
 30
0.0
 10
63.85397722222221
 20
139.9517775
 30
0.0
 10
63.85397722222221
 20
139.9517775
 30
0.0
 10
64.74450592592592
 20
140.4073312037036
 30
0.0
 10
65.63503462962962
 20
140.8628849074074
 30
0.0
 10
66.52556333333332
 20
141.3184386111111
 30
0.0
 10
66.52556333333332
 20
141.3184386111111
 30
0.0
 10
65.32894111111109
 20
143.6545330555555
 30
0.0
 10
64.92959666666667
 20
144.4362886111111
 30
0.0
 10
64.85198555555556
 20
144.5911580555555
 30
0.0
 10
64.48544944444444
 20
145.0853997222222
 30
0.0
 10
64.04377166666666
 20
145.9461775
 30
0.0
 10
63.60456333333333
 20
146.8108358333333
 30
0.0
 10
63.28882722222222
 20
147.5252108333333
 30
0.0
 10
63.33786333333333
 20
147.5516691666666
 30
0.0
 10
66.00909666666665
 20
148.9183302777778
 30
0.0
 10
70.74654944444444
 20
150.3745969444444
 30
0.0
 10
73.89932444444443
 20
152.4101247222222
 30
0.0
 10
74.65638555555554
 20
152.8990747222222
 30
0.0
 10
76.77834388888888
 20
152.8521552777778
 30
0.0
 10
77.82115499999999
 20
152.8521552777778
 30
0.0
 10
81.89573833333333
 20
152.8521552777778
 30
0.0
 10
84.48442166666665
 20
148.9186830555555
 30
0.0
 10
87.15600777777777
 20
147.5520219444444
 30
0.0
 10
87.20504388888888
 20
147.5255636111111
 30
0.0
 10
86.888955
 20
146.8111886111111
 30
0.0
 10
86.44657166666666
 20
145.9468830555555
 30
0.0
 10
86.00806888888889
 20
145.0857525
 30
0.0
 10
85.64153277777777
 20
144.5915108333333
 30
0.0
 10
85.56427444444444
 20
144.4366413888889
 30
0.0
 10
85.16492999999998
 20
143.6545330555555
 30
0.0
 10
83.96830777777777
 20
141.3187913888889
 30
0.0
 10
83.96830777777777
 20
141.3187913888889
 30
0.0
 10
84.85883648148148
 20
140.8632376851851
 30
0.0
 10
85.74936518518518
 20
140.4076839814815
 30
0.0
 10
86.63989388888888
 20
139.9521302777778
 30
0.0
 10
86.63989388888888
 20
139.9521302777778
 30
0.0
 10
87.83686888888889
 20
142.2913997222222
 30
0.0
 10
88.23550777777777
 20
143.0699802777777
 30
0.0
 10
88.31311888888888
 20
143.2248497222222
 30
0.0
 10
88.50256055555555
 20
143.8111663888889
 30
0.0
 10
88.94071055555554
 20
144.6722969444444
 30
0.0
 10
89.3827411111111
 20
145.5330747222222
 30
0.0
 10
89.77820499999999
 20
146.2121719444444
 30
0.0
 10
89.8272411111111
 20
146.1853608333333
 30
0.0
  0
SPLINE
  5
1EC
330
1F
100
AcDbEntity
  8
DEFAULT
 62
     1
100
AcDbSpline
210
0.0
220
0.0
230
1.0
 70
     8
 71
     3
 72
     8
 73
     4
 74
     0
 42
0.000000001
 43
0.0000000001
 40
0.0
 40
0.0
 40
0.0
 40
0.0
 40
1.0
 40
1.0
 40
1.0
 40
1.0
 10
63.47209527777777
 20
122.7440536111111
 30
0.0
 10
64.44717305555555
 20
122.7440536111111
 30
0.0
 10
63.07768972222222
 20
133.0620980555555
 30
0.0
 10
61.3967036111111
 20
133.0620980555555
 30
0.0
  0
SPLINE
  5
1ED
330
1F
100
AcDbEntity
  8
DEFAULT
 62
     1
100
AcDbSpline
210
0.0
220
0.0
230
1.0
 70
     8
 71
     3
 72
     8
 73
     4
 74
     0
 42
0.000000001
 43
0.0000000001
 40
0.0
 40
0.0
 40
0.0
 40
0.0
 40
1.0
 40
1.0
 40
1.0
 40
1.0
 10
88.4983625
 20
135.5448422222222
 30
0.0
 10
87.52328472222221
 20
135.5448422222222
 30
0.0
 10
88.89276805555555
 20
125.2267977777778
 30
0.0
 10
90.57375416666666
 20
125.2267977777778
 30
0.0
  0
SPLINE
  5
1EE
330
1F
100
AcDbEntity
  8
DEFAULT
 62
   250
100
AcDbSpline
210
0.0
220
0.0
230
1.0
 70
     8
 71
     3
 72
    17
 73
    13
 74
     0
 42
0.000000001
 43
0.0000000001
 40
0.0
 40
0.0
 40
0.0
 40
0.0
 40
1.0
 40
1.0
 40
1.0
 40
2.0
 40
2.0
 40
2.0
 40
3.0
 40
3.0
 40
3.0
 40
4.0
 40
4.0
 40
4.0
 40
4.0
 10
50.16207194444444
 20
119.8665511111111
 30
0.0
 10
50.09857194444444
 20
119.7801205555555
 30
0.0
 10
49.94969972222221
 20
119.6499455555556
 30
0.0
 10
49.73097749999999
 20
119.5377622222222
 30
0.0
 10
49.22403583333333
 20
119.2781177777778
 30
0.0
 10
48.67828861111111
 20
119.4026483333333
 30
0.0
 10
48.37595805555556
 20
119.99214
 30
0.0
 10
48.08738583333333
 20
120.5551733333333
 30
0.0
 10
48.27365249999999
 20
121.1323177777778
 30
0.0
 10
48.83104138888888
 20
121.4180677777778
 30
0.0
 10
49.05540805555555
 20
121.5330733333333
 30
0.0
 10
49.2212136111111
 20
121.557415
 30
0.0
 10
49.29917749999999
 20
121.5570622222222
 30
0.0
  0
SPLINE
  5
1EF
330
1F
100
AcDbEntity
  8
DEFAULT
 62
   250
100
AcDbSpline
210
0.0
220
0.0
230
1.0
 70
     8
 71
     3
 72
    17
 73
    13
 74
     0
 42
0.000000001
 43
0.0000000001
 40
0.0
 40
0.0
 40
0.0
 40
0.0
 40
1.0
 40
1.0
 40
1.0
 40
2.0
 40
2.0
 40
2.0
 40
3.0
 40
3.0
 40
3.0
 40
4.0
 40
4.0
 40
4.0
 40
4.0
 10
31.95866805555555
 20
119.1687919444444
 30
0.0
 10
31.85142361111111
 20
119.1698502777778
 30
0.0
 10
31.65880694444444
 20
119.2146530555556
 30
0.0
 10
31.44008472222222
 20
119.3268363888889
 30
0.0
 10
30.93314305555555
 20
119.5864808333333
 30
0.0
 10
30.71583194444444
 20
120.1025947222222
 30
0.0
 10
31.01780972222222
 20
120.6920863888889
 30
0.0
 10
31.30638194444444
 20
121.2551197222222
 30
0.0
 10
31.88352638888889
 20
121.4410336111111
 30
0.0
 10
32.44126805555555
 20
121.1552836111111
 30
0.0
 10
32.66528194444444
 20
121.0402780555556
 30
0.0
 10
32.78205138888889
 20
120.9199808333333
 30
0.0
 10
32.82720694444444
 20
120.8564808333333
 30
0.0
  0
POLYLINE
  5
1F0
330
1F
100
AcDbEntity
  8
DEFAULT
 62
   250
100
AcDb2dPolyline
 66
     1
 10
0.0
 20
0.0
 30
0.0
  0
VERTEX
  5
1F1
330
1F0
100
AcDbEntity
  8
DEFAULT
 62
   250
100
AcDbVertex
100
AcDb2dVertex
 10
41.22762194444443
 20
110.4033930555555
 30
0.0
  0
VERTEX
  5
1F2
330
1F0
100
AcDbEntity
  8
DEFAULT
 62
   250
100
AcDbVertex
100
AcDb2dVertex
 10
40.38942194444443
 20
108.3826819444444
 30
0.0
  0
VERTEX
  5
1F3
330
1F0
100
AcDbEntity
  8
DEFAULT
 62
   250
100
AcDbVertex
100
AcDb2dVertex
 10
39.53640527777777
 20
110.4033930555555
 30
0.0
  0
SEQEND
  5
1F4
330
1F0
100
AcDbEntity
  8
DEFAULT
 62
   250
  0
SPLINE
  5
1F5
330
1F
100
AcDbEntity
  8
DEFAULT
 62
     1
100
AcDbSpline
210
0.0
220
0.0
230
1.0
 70
    11
 71
     3
 72
   110
 73
   106
 74
     0
 42
0.000000001
 43
0.0000000001
 40
1.0
 40
1.0
 40
1.0
 40
1.0
 40
2.0
 40
2.0
 40
2.0
 40
3.0
 40
3.0
 40
3.0
 40
4.0
 40
4.0
 40
4.0
 40
5.0
 40
5.0
 40
5.0
 40
6.0
 40
6.0
 40
6.0
 40
7.0
 40
7.0
 40
7.0
 40
8.0
 40
8.0
 40
8.0
 40
9.0
 40
9.0
 40
9.0
 40
18.91999999999996
 40
18.91999999999996
 40
18.91999999999996
 40
27.41999999999996
 40
27.41999999999996
 40
27.41999999999996
 40
37.33999999999992
 40
37.33999999999992
 40
37.33999999999992
 40
38.33999999999992
 40
38.33999999999992
 40
38.33999999999992
 40
39.33999999999992
 40
39.33999999999992
 40
39.33999999999992
 40
40.33999999999992
 40
40.33999999999992
 40
40.33999999999992
 40
41.33999999999992
 40
41.33999999999992
 40
41.33999999999992
 40
42.33999999999992
 40
42.33999999999992
 40
42.33999999999992
 40
43.33999999999992
 40
43.33999999999992
 40
43.33999999999992
 40
44.33999999999992
 40
44.33999999999992
 40
44.33999999999992
 40
45.33999999999992
 40
45.33999999999992
 40
45.33999999999992
 40
46.33999999999992
 40
46.33999999999992
 40
46.33999999999992
 40
47.33999999999992
 40
47.33999999999992
 40
47.33999999999992
 40
55.84547235607752
 40
55.84547235607752
 40
55.84547235607752
 40
56.84547235607752
 40
56.84547235607752
 40
56.84547235607752
 40
57.84547235607752
 40
57.84547235607752
 40
57.84547235607752
 40
58.84547235607752
 40
58.84547235607752
 40
58.84547235607752
 40
59.84547235607752
 40
59.84547235607752
 40
59.84547235607752
 40
60.84547235607752
 40
60.84547235607752
 40
60.84547235607752
 40
61.84547235607752
 40
61.84547235607752
 40
61.84547235607752
 40
62.84547235607752
 40
62.84547235607752
 40
62.84547235607752
 40
63.84547235607752
 40
63.84547235607752
 40
63.84547235607752
 40
64.84547235607752
 40
64.84547235607752
 40
64.84547235607752
 40
73.35183497472951
 40
73.35183497472951
 40
73.35183497472951
 40
74.35183497472951
 40
74.35183497472951
 40
74.35183497472951
 40
75.35183497472951
 40
75.35183497472951
 40
75.35183497472951
 40
76.35183497472951
 40
76.35183497472951
 40
76.35183497472951
 40
76.35183497472951
 10
25.80230777777777
 20
112.1034997222222
 30
0.0
 10
22.62977722222222
 20
113.7266302777778
 30
0.0
 10
22.35461055555556
 20
115.0417858333333
 30
0.0
 10
22.35461055555556
 20
117.8961108333333
 30
0.0
 10
22.35461055555556
 20
121.5163163888889
 30
0.0
 10
23.74878833333333
 20
122.7439830555555
 30
0.0
 10
27.13122166666666
 20
122.7439830555555
 30
0.0
 10
29.11277444444444
 20
122.7439830555555
 30
0.0
 10
30.65300222222222
 20
123.7165913888889
 30
0.0
 10
30.65300222222222
 20
126.3200913888889
 30
0.0
 10
30.65300222222222
 20
130.9767580555556
 30
0.0
 10
33.92325222222222
 20
134.8678969444444
 30
0.0
 10
38.29416888888888
 20
135.8274525
 30
0.0
 10
38.82333555555555
 20
135.9262302777778
 30
0.0
 10
38.38236333333333
 20
133.8201469444444
 30
0.0
 10
38.38236333333333
 20
131.9751191666667
 30
0.0
 10
38.38236333333333
 20
125.0433886111111
 30
0.0
 10
38.4493911111111
 20
119.4373969444444
 30
0.0
 10
38.88366055555555
 20
119.4373969444444
 30
0.0
 10
38.93975222222222
 20
119.4373969444444
 30
0.0
 10
38.98208555555555
 20
118.6542302777778
 30
0.0
 10
38.98208555555555
 20
117.6876191666667
 30
0.0
 10
38.98208555555555
 20
116.7174802777778
 30
0.0
 10
38.88366055555555
 20
116.1107025
 30
0.0
 10
38.88366055555555
 20
115.9343136111111
 30
0.0
 10
38.88366055555555
 20
114.7677950925926
 30
0.0
 10
38.88366055555555
 20
113.6012765740741
 30
0.0
 10
38.88366055555555
 20
112.4347580555556
 30
0.0
 10
39.88319759259259
 20
112.4347580555556
 30
0.0
 10
40.88273462962962
 20
112.4347580555556
 30
0.0
 10
41.88227166666666
 20
112.4347580555556
 30
0.0
 10
41.88227166666666
 20
113.6012765740741
 30
0.0
 10
41.88227166666666
 20
114.7677950925926
 30
0.0
 10
41.88227166666666
 20
115.9343136111111
 30
0.0
 10
41.88227166666666
 20
116.1107025
 30
0.0
 10
41.78314111111111
 20
116.7174802777778
 30
0.0
 10
41.78314111111111
 20
117.6876191666667
 30
0.0
 10
41.78314111111111
 20
118.6542302777778
 30
0.0
 10
41.82900222222222
 20
119.4373969444444
 30
0.0
 10
41.88227166666666
 20
119.4373969444444
 30
0.0
 10
43.91074388888889
 20
119.4373969444444
 30
0.0
 10
43.24858
 20
121.8380497222222
 30
0.0
 10
45.9201661111111
 20
123.2043580555555
 30
0.0
 10
45.9201661111111
 20
123.2043580555555
 30
0.0
 10
45.91840222222221
 20
123.2078858333333
 30
0.0
 10
48.592105
 20
124.5674913888889
 30
0.0
 10
49.89561888888888
 20
125.2307136111111
 30
0.0
 10
52.32131888888888
 20
125.2268330555555
 30
0.0
 10
54.23266888888889
 20
125.2268330555555
 30
0.0
 10
57.11733277777777
 20
125.2268330555555
 30
0.0
 10
56.93177166666666
 20
121.1822358333333
 30
0.0
 10
56.93177166666666
 20
114.7108802777778
 30
0.0
 10
56.93177166666666
 20
113.7033469444444
 30
0.0
 10
56.30664944444444
 20
112.7900052777778
 30
0.0
 10
54.96327166666666
 20
112.1038525
 30
0.0
 10
54.91388277777778
 20
112.0770413888889
 30
0.0
 10
54.51841888888889
 20
112.7561386111111
 30
0.0
 10
54.0767411111111
 20
113.6165636111111
 30
0.0
 10
53.63823833333333
 20
114.4780469444444
 30
0.0
 10
53.44879666666666
 20
115.0643636111111
 30
0.0
 10
53.37118555555555
 20
115.2188802777778
 30
0.0
 10
52.97254666666666
 20
115.9974608333333
 30
0.0
 10
51.77557166666666
 20
118.3370830555556
 30
0.0
 10
51.77557166666666
 20
118.3370830555556
 30
0.0
 10
50.88516055555556
 20
117.8815293518519
 30
0.0
 10
49.99474944444444
 20
117.4259756481481
 30
0.0
 10
49.10433833333333
 20
116.9704219444444
 30
0.0
 10
49.10433833333333
 20
116.9704219444444
 30
0.0
 10
50.30060777777778
 20
114.6346802777778
 30
0.0
 10
50.69995222222222
 20
113.8525719444444
 30
0.0
 10
50.77756333333333
 20
113.6977025
 30
0.0
 10
51.14409944444444
 20
113.2034608333333
 30
0.0
 10
51.58577722222221
 20
112.3426830555556
 30
0.0
 10
52.02498555555555
 20
111.4780247222222
 30
0.0
 10
52.34072166666666
 20
110.7636497222222
 30
0.0
 10
52.29168555555555
 20
110.7371913888889
 30
0.0
 10
49.62045222222223
 20
109.3705302777778
 30
0.0
 10
44.88299944444444
 20
107.9142636111111
 30
0.0
 10
41.73057722222222
 20
105.8787358333333
 30
0.0
 10
40.97316333333332
 20
105.3897858333333
 30
0.0
 10
38.851205
 20
105.4367052777778
 30
0.0
 10
37.80839388888889
 20
105.4367052777778
 30
0.0
 10
33.73381055555556
 20
105.4367052777778
 30
0.0
 10
31.14512722222222
 20
109.3705302777778
 30
0.0
 10
28.47354111111111
 20
110.7368386111111
 30
0.0
 10
28.424505
 20
110.7632969444444
 30
0.0
 10
28.74059388888889
 20
111.4780247222222
 30
0.0
 10
29.18297722222222
 20
112.3419775
 30
0.0
 10
29.62147999999999
 20
113.2031080555556
 30
0.0
 10
29.98801611111111
 20
113.6973497222222
 30
0.0
 10
30.06527444444444
 20
113.8522191666667
 30
0.0
 10
30.46497166666666
 20
114.6343275
 30
0.0
 10
31.66124111111111
 20
116.9700691666667
 30
0.0
 10
31.66124111111111
 20
116.9700691666667
 30
0.0
 10
30.77071240740741
 20
117.4256228703704
 30
0.0
 10
29.8801837037037
 20
117.8811765740741
 30
0.0
 10
28.989655
 20
118.3367302777778
 30
0.0
 10
28.989655
 20
118.3367302777778
 30
0.0
 10
27.79268
 20
115.9974608333333
 30
0.0
 10
27.39404111111111
 20
115.2188802777778
 30
0.0
 10
27.31643
 20
115.0640108333333
 30
0.0
 10
27.12698833333333
 20
114.4776941666667
 30
0.0
 10
26.68883833333333
 20
113.6165636111111
 30
0.0
 10
26.24680777777778
 20
112.7557858333333
 30
0.0
 10
25.85134388888888
 20
112.0766886111111
 30
0.0
 10
25.80230777777777
 20
112.1034997222222
 30
0.0
  0
SPLINE
  5
1F6
330
1F
100
AcDbEntity
  8
DEFAULT
 62
   250
100
AcDbSpline
210
0.0
220
0.0
230
1.0
 70
     8
 71
     3
 72
    17
 73
    13
 74
     0
 42
0.000000001
 43
0.0000000001
 40
0.0
 40
0.0
 40
0.0
 40
0.0
 40
1.0
 40
1.0
 40
1.0
 40
2.0
 40
2.0
 40
2.0
 40
3.0
 40
3.0
 40
3.0
 40
4.0
 40
4.0
 40
4.0
 40
4.0
 10
29.12529805555555
 20
138.4223094444444
 30
0.0
 10
29.18879805555556
 20
138.50874
 30
0.0
 10
29.33767027777778
 20
138.638915
 30
0.0
 10
29.55639249999999
 20
138.7510983333333
 30
0.0
 10
30.06333416666667
 20
139.0110955555555
 30
0.0
 10
30.60908138888889
 20
138.8862122222222
 30
0.0
 10
30.91105916666666
 20
138.2967205555555
 30
0.0
 10
31.19998416666666
 20
137.7336872222222
 30
0.0
 10
31.01371749999999
 20
137.1565427777778
 30
0.0
 10
30.45632861111111
 20
136.8707927777778
 30
0.0
 10
30.23196194444444
 20
136.7557872222222
 30
0.0
 10
30.06615638888888
 20
136.7314455555555
 30
0.0
 10
29.9881925
 20
136.7317983333333
 30
0.0
  0
SPLINE
  5
1F7
330
1F
100
AcDbEntity
  8
DEFAULT
 62
   250
100
AcDbSpline
210
0.0
220
0.0
230
1.0
 70
     8
 71
     3
 72
    17
 73
    13
 74
     0
 42
0.000000001
 43
0.0000000001
 40
0.0
 40
0.0
 40
0.0
 40
0.0
 40
1.0
 40
1.0
 40
1.0
 40
2.0
 40
2.0
 40
2.0
 40
3.0
 40
3.0
 40
3.0
 40
4.0
 40
4.0
 40
4.0
 40
4.0
 10
47.32870194444444
 20
139.1200686111111
 30
0.0
 10
47.43594638888889
 20
139.1190102777778
 30
0.0
 10
47.62856305555555
 20
139.0742075
 30
0.0
 10
47.84728527777777
 20
138.9620241666667
 30
0.0
 10
48.35422694444444
 20
138.7023797222222
 30
0.0
 10
48.57153805555555
 20
138.1862658333333
 30
0.0
 10
48.26956027777777
 20
137.5967741666667
 30
0.0
 10
47.98098805555555
 20
137.0337408333333
 30
0.0
 10
47.40384361111111
 20
136.8478269444444
 30
0.0
 10
46.84610194444444
 20
137.1335769444444
 30
0.0
 10
46.62208805555556
 20
137.2485825
 30
0.0
 10
46.50531861111111
 20
137.3688797222222
 30
0.0
 10
46.46016305555555
 20
137.4323797222222
 30
0.0
  0
POLYLINE
  5
1F8
330
1F
100
AcDbEntity
  8
DEFAULT
 62
   250
100
AcDb2dPolyline
 66
     1
 10
0.0
 20
0.0
 30
0.0
  0
VERTEX
  5
1F9
330
1F8
100
AcDbEntity
  8
DEFAULT
 62
   250
100
AcDbVertex
100
AcDb2dVertex
 10
38.05971277777777
 20
147.8854675
 30
0.0
  0
VERTEX
  5
1FA
330
1F8
100
AcDbEntity
  8
DEFAULT
 62
   250
100
AcDbVertex
100
AcDb2dVertex
 10
38.89755999999999
 20
149.9061786111111
 30
0.0
  0
VERTEX
  5
1FB
330
1F8
100
AcDbEntity
  8
DEFAULT
 62
   250
100
AcDbVertex
100
AcDb2dVertex
 10
39.75057666666667
 20
147.8854675
 30
0.0
  0
SEQEND
  5
1FC
330
1F8
100
AcDbEntity
  8
DEFAULT
 62
   250
  0
SPLINE
  5
1FD
330
1F
100
AcDbEntity
  8
DEFAULT
 62
     1
100
AcDbSpline
210
0.0
220
0.0
230
1.0
 70
    11
 71
     3
 72
   110
 73
   106
 74
     0
 42
0.000000001
 43
0.0000000001
 40
1.0
 40
1.0
 40
1.0
 40
1.0
 40
2.0
 40
2.0
 40
2.0
 40
3.0
 40
3.0
 40
3.0
 40
4.0
 40
4.0
 40
4.0
 40
5.0
 40
5.0
 40
5.0
 40
6.0
 40
6.0
 40
6.0
 40
7.0
 40
7.0
 40
7.0
 40
8.0
 40
8.0
 40
8.0
 40
9.0
 40
9.0
 40
9.0
 40
18.91999999999996
 40
18.91999999999996
 40
18.91999999999996
 40
27.41999999999996
 40
27.41999999999996
 40
27.41999999999996
 40
37.33999999999992
 40
37.33999999999992
 40
37.33999999999992
 40
38.33999999999992
 40
38.33999999999992
 40
38.33999999999992
 40
39.33999999999992
 40
39.33999999999992
 40
39.33999999999992
 40
40.33999999999992
 40
40.33999999999992
 40
40.33999999999992
 40
41.33999999999992
 40
41.33999999999992
 40
41.33999999999992
 40
42.33999999999992
 40
42.33999999999992
 40
42.33999999999992
 40
43.33999999999992
 40
43.33999999999992
 40
43.33999999999992
 40
44.33999999999992
 40
44.33999999999992
 40
44.33999999999992
 40
45.33999999999992
 40
45.33999999999992
 40
45.33999999999992
 40
46.33999999999992
 40
46.33999999999992
 40
46.33999999999992
 40
47.33999999999992
 40
47.33999999999992
 40
47.33999999999992
 40
55.84636261865192
 40
55.84636261865192
 40
55.84636261865192
 40
56.84636261865192
 40
56.84636261865192
 40
56.84636261865192
 40
57.84636261865192
 40
57.84636261865192
 40
57.84636261865192
 40
58.84636261865192
 40
58.84636261865192
 40
58.84636261865192
 40
59.84636261865192
 40
59.84636261865192
 40
59.84636261865192
 40
60.84636261865192
 40
60.84636261865192
 40
60.84636261865192
 40
61.84636261865192
 40
61.84636261865192
 40
61.84636261865192
 40
62.84636261865192
 40
62.84636261865192
 40
62.84636261865192
 40
63.84636261865192
 40
63.84636261865192
 40
63.84636261865192
 40
64.84636261865191
 40
64.84636261865191
 40
64.84636261865191
 40
73.3527252373039
 40
73.3527252373039
 40
73.3527252373039
 40
74.3527252373039
 40
74.3527252373039
 40
74.3527252373039
 40
75.3527252373039
 40
75.3527252373039
 40
75.3527252373039
 40
76.3527252373039
 40
76.3527252373039
 40
76.3527252373039
 40
76.3527252373039
 10
53.4863675
 20
146.1853608333333
 30
0.0
 10
56.65889805555555
 20
144.5622302777778
 30
0.0
 10
56.93406472222222
 20
143.2470747222222
 30
0.0
 10
56.93406472222222
 20
140.3927497222222
 30
0.0
 10
56.93406472222222
 20
136.7725441666666
 30
0.0
 10
55.53988694444444
 20
135.5448775
 30
0.0
 10
52.15745361111111
 20
135.5448775
 30
0.0
 10
50.17625361111111
 20
135.5448775
 30
0.0
 10
48.63567305555555
 20
134.5722691666666
 30
0.0
 10
48.63567305555555
 20
131.9687691666666
 30
0.0
 10
48.63567305555555
 20
127.3121025
 30
0.0
 10
45.36542305555555
 20
123.4209636111111
 30
0.0
 10
40.99450638888889
 20
122.4614080555555
 30
0.0
 10
40.46533972222223
 20
122.3626302777778
 30
0.0
 10
40.90631194444445
 20
124.4687136111111
 30
0.0
 10
40.90631194444445
 20
126.3137413888889
 30
0.0
 10
40.90631194444445
 20
133.2458247222222
 30
0.0
 10
40.83928416666667
 20
138.8514636111111
 30
0.0
 10
40.4053675
 20
138.8514636111111
 30
0.0
 10
40.34892305555555
 20
138.8514636111111
 30
0.0
 10
40.30658972222222
 20
139.6346302777777
 30
0.0
 10
40.30658972222222
 20
140.6012413888889
 30
0.0
 10
40.30658972222222
 20
141.5713802777778
 30
0.0
 10
40.4053675
 20
142.1781580555555
 30
0.0
 10
40.4053675
 20
142.3545469444444
 30
0.0
 10
40.4053675
 20
143.521065462963
 30
0.0
 10
40.4053675
 20
144.6875839814815
 30
0.0
 10
40.4053675
 20
145.8541025
 30
0.0
 10
39.40583046296296
 20
145.8541025
 30
0.0
 10
38.40629342592592
 20
145.8541025
 30
0.0
 10
37.40675638888889
 20
145.8541025
 30
0.0
 10
37.40675638888889
 20
144.6875839814815
 30
0.0
 10
37.40675638888889
 20
143.5210654629629
 30
0.0
 10
37.40675638888889
 20
142.3545469444444
 30
0.0
 10
37.40675638888889
 20
142.1781580555555
 30
0.0
 10
37.50553416666666
 20
141.5713802777778
 30
0.0
 10
37.50553416666666
 20
140.6012413888889
 30
0.0
 10
37.50553416666666
 20
139.6346302777777
 30
0.0
 10
37.45967305555556
 20
138.8514636111111
 30
0.0
 10
37.40675638888889
 20
138.8514636111111
 30
0.0
 10
35.37828416666667
 20
138.8514636111111
 30
0.0
 10
36.04009527777777
 20
136.4508108333333
 30
0.0
 10
33.36850916666666
 20
135.0845025
 30
0.0
 10
33.36850916666666
 20
135.0845025
 30
0.0
 10
33.37027305555556
 20
135.0813275
 30
0.0
 10
30.69657027777778
 20
133.7213691666666
 30
0.0
 10
29.39305638888889
 20
133.0581469444444
 30
0.0
 10
26.96735638888889
 20
133.0620275
 30
0.0
 10
25.05600638888889
 20
133.0620275
 30
0.0
 10
22.1713425
 20
133.0620275
 30
0.0
 10
22.35690361111111
 20
137.1069775
 30
0.0
 10
22.35690361111111
 20
143.5779802777778
 30
0.0
 10
22.35690361111111
 20
144.5855136111111
 30
0.0
 10
22.98202583333333
 20
145.4988552777777
 30
0.0
 10
24.32540361111111
 20
146.1850080555555
 30
0.0
 10
24.3747925
 20
146.2118191666666
 30
0.0
 10
24.77025638888889
 20
145.5327219444444
 30
0.0
 10
25.21193416666667
 20
144.6722969444444
 30
0.0
 10
25.65043694444444
 20
143.8108136111111
 30
0.0
 10
25.83987861111111
 20
143.2244969444444
 30
0.0
 10
25.91748972222222
 20
143.0699802777777
 30
0.0
 10
26.31612861111111
 20
142.2913997222222
 30
0.0
 10
27.51310361111111
 20
139.9517775
 30
0.0
 10
27.51310361111111
 20
139.9517775
 30
0.0
 10
28.40363231481481
 20
140.4073312037036
 30
0.0
 10
29.29416101851852
 20
140.8628849074074
 30
0.0
 10
30.18468972222222
 20
141.3184386111111
 30
0.0
 10
30.18468972222222
 20
141.3184386111111
 30
0.0
 10
28.9880675
 20
143.6545330555555
 30
0.0
 10
28.58872305555556
 20
144.4362886111111
 30
0.0
 10
28.51111194444444
 20
144.5911580555555
 30
0.0
 10
28.14457583333333
 20
145.0853997222222
 30
0.0
 10
27.70289805555555
 20
145.9461775
 30
0.0
 10
27.26368972222222
 20
146.8108358333333
 30
0.0
 10
26.94795361111111
 20
147.5252108333333
 30
0.0
 10
26.99698972222222
 20
147.5516691666666
 30
0.0
 10
29.66822305555555
 20
148.9183302777778
 30
0.0
 10
34.40567583333333
 20
150.3745969444444
 30
0.0
 10
37.55845083333333
 20
152.4101247222222
 30
0.0
 10
38.31551194444445
 20
152.8990747222222
 30
0.0
 10
40.43747027777778
 20
152.8521552777778
 30
0.0
 10
41.48028138888888
 20
152.8521552777778
 30
0.0
 10
45.55486472222222
 20
152.8521552777778
 30
0.0
 10
48.14354805555555
 20
148.9186830555555
 30
0.0
 10
50.81513416666666
 20
147.5520219444444
 30
0.0
 10
50.86417027777778
 20
147.5255636111111
 30
0.0
 10
50.54843416666667
 20
146.8111886111111
 30
0.0
 10
50.10569805555556
 20
145.9468830555555
 30
0.0
 10
49.66719527777778
 20
145.0857525
 30
0.0
 10
49.30065916666666
 20
144.5915108333333
 30
0.0
 10
49.22340083333333
 20
144.4366413888889
 30
0.0
 10
48.82405638888888
 20
143.6545330555555
 30
0.0
 10
47.62743416666666
 20
141.3187913888889
 30
0.0
 10
47.62743416666666
 20
141.3187913888889
 30
0.0
 10
48.51796287037036
 20
140.8632376851851
 30
0.0
 10
49.40849157407407
 20
140.4076839814815
 30
0.0
 10
50.29902027777778
 20
139.9521302777778
 30
0.0
 10
50.29902027777778
 20
139.9521302777778
 30
0.0
 10
51.49599527777778
 20
142.2913997222222
 30
0.0
 10
51.89463416666666
 20
143.0699802777777
 30
0.0
 10
51.97224527777777
 20
143.2248497222222
 30
0.0
 10
52.16168694444444
 20
143.8111663888889
 30
0.0
 10
52.59983694444444
 20
144.6722969444444
 30
0.0
 10
53.0418675
 20
145.5330747222222
 30
0.0
 10
53.43733138888889
 20
146.2121719444444
 30
0.0
 10
53.4863675
 20
146.1853608333333
 30
0.0
  0
SPLINE
  5
1FE
330
1F
100
AcDbEntity
  8
DEFAULT
 62
     1
100
AcDbSpline
210
0.0
220
0.0
230
1.0
 70
     8
 71
     3
 72
     8
 73
     4
 74
     0
 42
0.000000001
 43
0.0000000001
 40
0.0
 40
0.0
 40
0.0
 40
0.0
 40
1.0
 40
1.0
 40
1.0
 40
1.0
 10
27.13122166666666
 20
122.7440536111111
 30
0.0
 10
28.10629944444444
 20
122.7440536111111
 30
0.0
 10
26.73681611111111
 20
133.0620980555555
 30
0.0
 10
25.05583
 20
133.0620980555555
 30
0.0
  0
SPLINE
  5
1FF
330
1F
100
AcDbEntity
  8
DEFAULT
 62
     1
100
AcDbSpline
210
0.0
220
0.0
230
1.0
 70
     8
 71
     3
 72
     8
 73
     4
 74
     0
 42
0.000000001
 43
0.0000000001
 40
0.0
 40
0.0
 40
0.0
 40
0.0
 40
1.0
 40
1.0
 40
1.0
 40
1.0
 10
52.15748888888889
 20
135.5448422222222
 30
0.0
 10
51.18205833333334
 20
135.5448422222222
 30
0.0
 10
52.55189444444444
 20
125.2267977777778
 30
0.0
 10
54.23288055555556
 20
125.2267977777778
 30
0.0
  0
SPLINE
  5
200
330
1F
100
AcDbEntity
  8
DEFAULT
 62
   250
100
AcDbSpline
210
0.0
220
0.0
230
1.0
 70
     8
 71
     3
 72
    17
 73
    13
 74
     0
 42
0.000000001
 43
0.0000000001
 40
0.0
 40
0.0
 40
0.0
 40
0.0
 40
1.0
 40
1.0
 40
1.0
 40
2.0
 40
2.0
 40
2.0
 40
3.0
 40
3.0
 40
3.0
 40
4.0
 40
4.0
 40
4.0
 40
4.0
 10
287.7107388888888
 20
166.6610416666666
 30
0.0
 10
287.6472388888889
 20
166.5746111111111
 30
0.0
 10
287.4983666666666
 20
166.4444361111111
 30
0.0
 10
287.2796444444444
 20
166.3322527777778
 30
0.0
 10
286.7727027777777
 20
166.0722555555556
 30
0.0
 10
286.2269555555555
 20
166.1971388888889
 30
0.0
 10
285.924625
 20
166.7866305555555
 30
0.0
 10
285.6360527777778
 20
167.3496638888889
 30
0.0
 10
285.8223194444444
 20
167.9268083333333
 30
0.0
 10
286.380061111111
 20
168.2125583333333
 30
0.0
 10
286.604075
 20
168.3275638888889
 30
0.0
 10
286.7698805555555
 20
168.3519055555555
 30
0.0
 10
286.8478444444444
 20
168.3515527777778
 30
0.0
  0
SPLINE
  5
201
330
1F
100
AcDbEntity
  8
DEFAULT
 62
   250
100
AcDbSpline
210
0.0
220
0.0
230
1.0
 70
     8
 71
     3
 72
    17
 73
    13
 74
     0
 42
0.000000001
 43
0.0000000001
 40
0.0
 40
0.0
 40
0.0
 40
0.0
 40
1.0
 40
1.0
 40
1.0
 40
2.0
 40
2.0
 40
2.0
 40
3.0
 40
3.0
 40
3.0
 40
4.0
 40
4.0
 40
4.0
 40
4.0
 10
269.507335
 20
165.9632825
 30
0.0
 10
269.4000905555556
 20
165.9643408333333
 30
0.0
 10
269.2074738888888
 20
166.0091436111111
 30
0.0
 10
268.9887516666666
 20
166.1213269444444
 30
0.0
 10
268.48181
 20
166.3809713888889
 30
0.0
 10
268.2644988888889
 20
166.8970852777778
 30
0.0
 10
268.5664766666666
 20
167.4865769444444
 30
0.0
 10
268.8550488888889
 20
168.0496102777778
 30
0.0
 10
269.4321933333333
 20
168.2355241666666
 30
0.0
 10
269.989935
 20
167.9497741666666
 30
0.0
 10
270.2139488888889
 20
167.8347686111111
 30
0.0
 10
270.3307183333333
 20
167.7144713888889
 30
0.0
 10
270.3758738888889
 20
167.6509713888889
 30
0.0
  0
POLYLINE
  5
202
330
1F
100
AcDbEntity
  8
DEFAULT
 62
   250
100
AcDb2dPolyline
 66
     1
 10
0.0
 20
0.0
 30
0.0
  0
VERTEX
  5
203
330
202
100
AcDbEntity
  8
DEFAULT
 62
   250
100
AcDbVertex
100
AcDb2dVertex
 10
278.7762888888889
 20
157.1978836111111
 30
0.0
  0
VERTEX
  5
204
330
202
100
AcDbEntity
  8
DEFAULT
 62
   250
100
AcDbVertex
100
AcDb2dVertex
 10
277.9384416666666
 20
155.1768197222222
 30
0.0
  0
VERTEX
  5
205
330
202
100
AcDbEntity
  8
DEFAULT
 62
   250
100
AcDbVertex
100
AcDb2dVertex
 10
277.0850722222222
 20
157.1978836111111
 30
0.0
  0
SEQEND
  5
206
330
202
100
AcDbEntity
  8
DEFAULT
 62
   250
  0
SPLINE
  5
207
330
1F
100
AcDbEntity
  8
DEFAULT
 62
     1
100
AcDbSpline
210
0.0
220
0.0
230
1.0
 70
    11
 71
     3
 72
   110
 73
   106
 74
     0
 42
0.000000001
 43
0.0000000001
 40
1.0
 40
1.0
 40
1.0
 40
1.0
 40
2.0
 40
2.0
 40
2.0
 40
3.0
 40
3.0
 40
3.0
 40
4.0
 40
4.0
 40
4.0
 40
5.0
 40
5.0
 40
5.0
 40
6.0
 40
6.0
 40
6.0
 40
7.0
 40
7.0
 40
7.0
 40
8.0
 40
8.0
 40
8.0
 40
9.0
 40
9.0
 40
9.0
 40
18.91999999999996
 40
18.91999999999996
 40
18.91999999999996
 40
27.41999999999996
 40
27.41999999999996
 40
27.41999999999996
 40
37.33999999999992
 40
37.33999999999992
 40
37.33999999999992
 40
38.33999999999992
 40
38.33999999999992
 40
38.33999999999992
 40
39.33999999999992
 40
39.33999999999992
 40
39.33999999999992
 40
40.33999999999992
 40
40.33999999999992
 40
40.33999999999992
 40
41.33999999999992
 40
41.33999999999992
 40
41.33999999999992
 40
42.33999999999992
 40
42.33999999999992
 40
42.33999999999992
 40
43.33999999999992
 40
43.33999999999992
 40
43.33999999999992
 40
44.33999999999992
 40
44.33999999999992
 40
44.33999999999992
 40
45.33999999999992
 40
45.33999999999992
 40
45.33999999999992
 40
46.33999999999992
 40
46.33999999999992
 40
46.33999999999992
 40
47.33999999999992
 40
47.33999999999992
 40
47.33999999999992
 40
55.84547235607752
 40
55.84547235607752
 40
55.84547235607752
 40
56.84547235607752
 40
56.84547235607752
 40
56.84547235607752
 40
57.84547235607752
 40
57.84547235607752
 40
57.84547235607752
 40
58.84547235607752
 40
58.84547235607752
 40
58.84547235607752
 40
59.84547235607752
 40
59.84547235607752
 40
59.84547235607752
 40
60.84547235607752
 40
60.84547235607752
 40
60.84547235607752
 40
61.84547235607752
 40
61.84547235607752
 40
61.84547235607752
 40
62.84547235607752
 40
62.84547235607752
 40
62.84547235607752
 40
63.84547235607752
 40
63.84547235607752
 40
63.84547235607752
 40
64.84547235607752
 40
64.84547235607752
 40
64.84547235607752
 40
73.35183497472948
 40
73.35183497472948
 40
73.35183497472948
 40
74.35183497472948
 40
74.35183497472948
 40
74.35183497472948
 40
75.35183497472948
 40
75.35183497472948
 40
75.35183497472948
 40
76.35183497472948
 40
76.35183497472948
 40
76.35183497472948
 40
76.35183497472948
 10
263.3509747222222
 20
158.8979902777778
 30
0.0
 10
260.1780913888888
 20
160.5211208333333
 30
0.0
 10
259.9032775
 20
161.8362763888889
 30
0.0
 10
259.9032775
 20
164.6906013888889
 30
0.0
 10
259.9032775
 20
168.3108069444444
 30
0.0
 10
261.2974552777778
 20
169.5384736111111
 30
0.0
 10
264.6798886111111
 20
169.5384736111111
 30
0.0
 10
266.6614413888889
 20
169.5384736111111
 30
0.0
 10
268.2016691666666
 20
170.5110819444444
 30
0.0
 10
268.2016691666666
 20
173.1145819444444
 30
0.0
 10
268.2016691666666
 20
177.7712486111111
 30
0.0
 10
271.4719191666666
 20
181.6623875
 30
0.0
 10
275.8428358333333
 20
182.6219430555555
 30
0.0
 10
276.3720025
 20
182.7207208333333
 30
0.0
 10
275.9310302777777
 20
180.6149902777778
 30
0.0
 10
275.9310302777777
 20
178.7696097222222
 30
0.0
 10
275.9310302777777
 20
171.8378791666667
 30
0.0
 10
275.9980580555555
 20
166.2318875
 30
0.0
 10
276.4323275
 20
166.2318875
 30
0.0
 10
276.4884191666666
 20
166.2318875
 30
0.0
 10
276.5307525
 20
165.4490736111111
 30
0.0
 10
276.5307525
 20
164.4821097222222
 30
0.0
 10
276.5307525
 20
163.5119708333333
 30
0.0
 10
276.4323275
 20
162.9051930555555
 30
0.0
 10
276.4323275
 20
162.7288041666667
 30
0.0
 10
276.4323275
 20
161.5622856481482
 30
0.0
 10
276.4323275
 20
160.3957671296296
 30
0.0
 10
276.4323275
 20
159.2292486111111
 30
0.0
 10
277.431864537037
 20
159.2292486111111
 30
0.0
 10
278.4314015740741
 20
159.2292486111111
 30
0.0
 10
279.4309386111111
 20
159.2292486111111
 30
0.0
 10
279.4309386111111
 20
160.3957671296296
 30
0.0
 10
279.4309386111111
 20
161.5622856481482
 30
0.0
 10
279.4309386111111
 20
162.7288041666667
 30
0.0
 10
279.4309386111111
 20
162.9051930555555
 30
0.0
 10
279.3318080555555
 20
163.5119708333333
 30
0.0
 10
279.3318080555555
 20
164.4821097222222
 30
0.0
 10
279.3318080555555
 20
165.4490736111111
 30
0.0
 10
279.3776691666666
 20
166.2318875
 30
0.0
 10
279.4309386111111
 20
166.2318875
 30
0.0
 10
281.4594108333333
 20
166.2318875
 30
0.0
 10
280.7972469444444
 20
168.6325402777778
 30
0.0
 10
283.4688330555555
 20
169.9988486111111
 30
0.0
 10
283.4688330555555
 20
169.9988486111111
 30
0.0
 10
283.4670691666666
 20
170.0023763888889
 30
0.0
 10
286.1407719444445
 20
171.3619819444444
 30
0.0
 10
287.4442858333333
 20
172.0252041666667
 30
0.0
 10
289.8699858333333
 20
172.0213236111111
 30
0.0
 10
291.7813358333333
 20
172.0213236111111
 30
0.0
 10
294.6659997222222
 20
172.0213236111111
 30
0.0
 10
294.4804386111111
 20
167.9767263888889
 30
0.0
 10
294.4804386111111
 20
161.5053708333333
 30
0.0
 10
294.4804386111111
 20
160.4978375
 30
0.0
 10
293.8553163888889
 20
159.5844958333333
 30
0.0
 10
292.5119386111111
 20
158.8983430555555
 30
0.0
 10
292.4625497222222
 20
158.8715319444445
 30
0.0
 10
292.0670858333333
 20
159.5506291666667
 30
0.0
 10
291.6254080555556
 20
160.4114069444445
 30
0.0
 10
291.1869052777777
 20
161.2725375
 30
0.0
 10
290.9974636111111
 20
161.8588541666666
 30
0.0
 10
290.9198525
 20
162.0133708333333
 30
0.0
 10
290.5212136111111
 20
162.7923041666667
 30
0.0
 10
289.3242386111111
 20
165.1315736111111
 30
0.0
 10
289.3242386111111
 20
165.1315736111111
 30
0.0
 10
288.4338274999999
 20
164.6760199074074
 30
0.0
 10
287.5434163888888
 20
164.2204662037037
 30
0.0
 10
286.6530052777778
 20
163.7649125
 30
0.0
 10
286.6530052777778
 20
163.7649125
 30
0.0
 10
287.8492747222222
 20
161.4291708333333
 30
0.0
 10
288.2486191666666
 20
160.6470625
 30
0.0
 10
288.3262302777778
 20
160.4921930555556
 30
0.0
 10
288.6927663888889
 20
159.9979513888889
 30
0.0
 10
289.1344441666666
 20
159.1371736111111
 30
0.0
 10
289.5736525
 20
158.2725152777778
 30
0.0
 10
289.8893886111111
 20
157.5581402777778
 30
0.0
 10
289.8403525
 20
157.5316819444444
 30
0.0
 10
287.1691191666666
 20
156.1650208333333
 30
0.0
 10
282.4316663888889
 20
154.7087541666667
 30
0.0
 10
279.2792441666666
 20
152.6732263888889
 30
0.0
 10
278.5218302777778
 20
152.1842763888889
 30
0.0
 10
276.3998719444444
 20
152.2311958333333
 30
0.0
 10
275.3570608333333
 20
152.2311958333333
 30
0.0
 10
271.2824775
 20
152.2311958333333
 30
0.0
 10
268.6937941666666
 20
156.1650208333333
 30
0.0
 10
266.0222080555556
 20
157.5313291666667
 30
0.0
 10
265.9731719444444
 20
157.5577875
 30
0.0
 10
266.2892608333333
 20
158.2725152777778
 30
0.0
 10
266.7316441666666
 20
159.1364680555556
 30
0.0
 10
267.1701469444444
 20
159.9975986111111
 30
0.0
 10
267.5366830555556
 20
160.4918402777778
 30
0.0
 10
267.6139413888889
 20
160.6467097222222
 30
0.0
 10
268.0132858333333
 20
161.4288180555556
 30
0.0
 10
269.2099080555555
 20
163.7645597222222
 30
0.0
 10
269.2099080555555
 20
163.7645597222222
 30
0.0
 10
268.3193793518518
 20
164.2201134259259
 30
0.0
 10
267.4288506481481
 20
164.6756671296296
 30
0.0
 10
266.5383219444444
 20
165.1312208333333
 30
0.0
 10
266.5383219444444
 20
165.1312208333333
 30
0.0
 10
265.3413469444445
 20
162.7919513888889
 30
0.0
 10
264.9427080555555
 20
162.0133708333333
 30
0.0
 10
264.8650969444444
 20
161.8585013888889
 30
0.0
 10
264.6756552777778
 20
161.2721847222222
 30
0.0
 10
264.2375052777778
 20
160.4110541666666
 30
0.0
 10
263.7954747222222
 20
159.5502763888889
 30
0.0
 10
263.4000108333333
 20
158.8711791666666
 30
0.0
 10
263.3509747222222
 20
158.8979902777778
 30
0.0
  0
SPLINE
  5
208
330
1F
100
AcDbEntity
  8
DEFAULT
 62
   250
100
AcDbSpline
210
0.0
220
0.0
230
1.0
 70
     8
 71
     3
 72
    17
 73
    13
 74
     0
 42
0.000000001
 43
0.0000000001
 40
0.0
 40
0.0
 40
0.0
 40
0.0
 40
1.0
 40
1.0
 40
1.0
 40
2.0
 40
2.0
 40
2.0
 40
3.0
 40
3.0
 40
3.0
 40
4.0
 40
4.0
 40
4.0
 40
4.0
 10
266.673965
 20
185.2168
 30
0.0
 10
266.7374649999999
 20
185.3032305555555
 30
0.0
 10
266.8863372222222
 20
185.4334055555555
 30
0.0
 10
267.1050594444444
 20
185.5455888888889
 30
0.0
 10
267.6120011111111
 20
185.8052333333333
 30
0.0
 10
268.1577483333333
 20
185.6807027777778
 30
0.0
 10
268.4597261111111
 20
185.0912111111111
 30
0.0
 10
268.7482983333333
 20
184.5281777777778
 30
0.0
 10
268.5623844444444
 20
183.9510333333333
 30
0.0
 10
268.0046427777777
 20
183.6652833333333
 30
0.0
 10
267.7806288888888
 20
183.5502777777778
 30
0.0
 10
267.6148233333333
 20
183.5259361111111
 30
0.0
 10
267.5368594444444
 20
183.5262888888889
 30
0.0
  0
SPLINE
  5
209
330
1F
100
AcDbEntity
  8
DEFAULT
 62
   250
100
AcDbSpline
210
0.0
220
0.0
230
1.0
 70
     8
 71
     3
 72
    17
 73
    13
 74
     0
 42
0.000000001
 43
0.0000000001
 40
0.0
 40
0.0
 40
0.0
 40
0.0
 40
1.0
 40
1.0
 40
1.0
 40
2.0
 40
2.0
 40
2.0
 40
3.0
 40
3.0
 40
3.0
 40
4.0
 40
4.0
 40
4.0
 40
4.0
 10
284.8773688888888
 20
185.9145944444444
 30
0.0
 10
284.9846133333333
 20
185.9135361111111
 30
0.0
 10
285.17723
 20
185.8687333333333
 30
0.0
 10
285.3959522222222
 20
185.75655
 30
0.0
 10
285.9028938888889
 20
185.4969055555555
 30
0.0
 10
286.120205
 20
184.9807916666666
 30
0.0
 10
285.8182272222222
 20
184.3913
 30
0.0
 10
285.529655
 20
183.8282666666667
 30
0.0
 10
284.9525105555555
 20
183.6423527777777
 30
0.0
 10
284.3947688888888
 20
183.9281027777778
 30
0.0
 10
284.1707549999999
 20
184.0431083333333
 30
0.0
 10
284.0539855555555
 20
184.1634055555555
 30
0.0
 10
284.00883
 20
184.2269055555555
 30
0.0
  0
POLYLINE
  5
20A
330
1F
100
AcDbEntity
  8
DEFAULT
 62
   250
100
AcDb2dPolyline
 66
     1
 10
0.0
 20
0.0
 30
0.0
  0
VERTEX
  5
20B
330
20A
100
AcDbEntity
  8
DEFAULT
 62
   250
100
AcDbVertex
100
AcDb2dVertex
 10
275.6083797222223
 20
194.6799933333333
 30
0.0
  0
VERTEX
  5
20C
330
20A
100
AcDbEntity
  8
DEFAULT
 62
   250
100
AcDbVertex
100
AcDb2dVertex
 10
276.4465797222222
 20
196.7007044444445
 30
0.0
  0
VERTEX
  5
20D
330
20A
100
AcDbEntity
  8
DEFAULT
 62
   250
100
AcDbVertex
100
AcDb2dVertex
 10
277.2995963888889
 20
194.6799933333333
 30
0.0
  0
SEQEND
  5
20E
330
20A
100
AcDbEntity
  8
DEFAULT
 62
   250
  0
SPLINE
  5
20F
330
1F
100
AcDbEntity
  8
DEFAULT
 62
     1
100
AcDbSpline
210
0.0
220
0.0
230
1.0
 70
    11
 71
     3
 72
   110
 73
   106
 74
     0
 42
0.000000001
 43
0.0000000001
 40
1.0
 40
1.0
 40
1.0
 40
1.0
 40
2.0
 40
2.0
 40
2.0
 40
3.0
 40
3.0
 40
3.0
 40
4.0
 40
4.0
 40
4.0
 40
5.0
 40
5.0
 40
5.0
 40
6.0
 40
6.0
 40
6.0
 40
7.0
 40
7.0
 40
7.0
 40
8.0
 40
8.0
 40
8.0
 40
9.0
 40
9.0
 40
9.0
 40
18.92000000000007
 40
18.92000000000007
 40
18.92000000000007
 40
27.42000000000007
 40
27.42000000000007
 40
27.42000000000007
 40
37.34000000000015
 40
37.34000000000015
 40
37.34000000000015
 40
38.34000000000015
 40
38.34000000000015
 40
38.34000000000015
 40
39.34000000000015
 40
39.34000000000015
 40
39.34000000000015
 40
40.34000000000015
 40
40.34000000000015
 40
40.34000000000015
 40
41.34000000000015
 40
41.34000000000015
 40
41.34000000000015
 40
42.34000000000015
 40
42.34000000000015
 40
42.34000000000015
 40
43.34000000000015
 40
43.34000000000015
 40
43.34000000000015
 40
44.34000000000015
 40
44.34000000000015
 40
44.34000000000015
 40
45.34000000000015
 40
45.34000000000015
 40
45.34000000000015
 40
46.34000000000015
 40
46.34000000000015
 40
46.34000000000015
 40
47.34000000000015
 40
47.34000000000015
 40
47.34000000000015
 40
55.84636261865208
 40
55.84636261865208
 40
55.84636261865208
 40
56.84636261865208
 40
56.84636261865208
 40
56.84636261865208
 40
57.84636261865208
 40
57.84636261865208
 40
57.84636261865208
 40
58.84636261865208
 40
58.84636261865208
 40
58.84636261865208
 40
59.84636261865208
 40
59.84636261865208
 40
59.84636261865208
 40
60.84636261865208
 40
60.84636261865208
 40
60.84636261865208
 40
61.84636261865208
 40
61.84636261865208
 40
61.84636261865208
 40
62.84636261865208
 40
62.84636261865208
 40
62.84636261865208
 40
63.84636261865208
 40
63.84636261865208
 40
63.84636261865208
 40
64.84636261865208
 40
64.84636261865208
 40
64.84636261865208
 40
73.35272523730407
 40
73.35272523730407
 40
73.35272523730407
 40
74.35272523730407
 40
74.35272523730407
 40
74.35272523730407
 40
75.35272523730407
 40
75.35272523730407
 40
75.35272523730407
 40
76.35272523730407
 40
76.35272523730407
 40
76.35272523730407
 40
76.35272523730407
 10
291.0350344444444
 20
192.9798866666666
 30
0.0
 10
294.207565
 20
191.3567561111111
 30
0.0
 10
294.4827316666666
 20
190.0416005555555
 30
0.0
 10
294.4827316666666
 20
187.1872755555555
 30
0.0
 10
294.4827316666666
 20
183.56707
 30
0.0
 10
293.0885538888888
 20
182.3394033333333
 30
0.0
 10
289.7061205555555
 20
182.3394033333333
 30
0.0
 10
287.7249205555555
 20
182.3394033333333
 30
0.0
 10
286.18434
 20
181.366795
 30
0.0
 10
286.18434
 20
178.763295
 30
0.0
 10
286.18434
 20
174.1066283333333
 30
0.0
 10
282.91409
 20
170.2154894444444
 30
0.0
 10
278.5431733333333
 20
169.2559338888888
 30
0.0
 10
278.0140066666667
 20
169.1571561111111
 30
0.0
 10
278.4549788888888
 20
171.2632394444444
 30
0.0
 10
278.4549788888888
 20
173.1082672222222
 30
0.0
 10
278.4549788888888
 20
180.0403505555555
 30
0.0
 10
278.3879511111111
 20
185.6459894444444
 30
0.0
 10
277.9540344444444
 20
185.6459894444444
 30
0.0
 10
277.89759
 20
185.6459894444444
 30
0.0
 10
277.8552566666666
 20
186.4291561111111
 30
0.0
 10
277.8552566666666
 20
187.3957672222222
 30
0.0
 10
277.8552566666666
 20
188.3659061111111
 30
0.0
 10
277.9540344444444
 20
188.9726838888888
 30
0.0
 10
277.9540344444444
 20
189.1490727777777
 30
0.0
 10
277.9540344444444
 20
190.3155912962963
 30
0.0
 10
277.9540344444444
 20
191.4821098148148
 30
0.0
 10
277.9540344444444
 20
192.6486283333333
 30
0.0
 10
276.9544974074074
 20
192.6486283333333
 30
0.0
 10
275.9549603703703
 20
192.6486283333333
 30
0.0
 10
274.9554233333333
 20
192.6486283333333
 30
0.0
 10
274.9554233333333
 20
191.4821098148148
 30
0.0
 10
274.9554233333333
 20
190.3155912962963
 30
0.0
 10
274.9554233333333
 20
189.1490727777777
 30
0.0
 10
274.9554233333333
 20
188.9726838888888
 30
0.0
 10
275.0542011111111
 20
188.3659061111111
 30
0.0
 10
275.0542011111111
 20
187.3957672222222
 30
0.0
 10
275.0542011111111
 20
186.4291561111111
 30
0.0
 10
275.00834
 20
185.6459894444444
 30
0.0
 10
274.9554233333333
 20
185.6459894444444
 30
0.0
 10
272.9269511111111
 20
185.6459894444444
 30
0.0
 10
273.5884094444444
 20
183.2453366666666
 30
0.0
 10
270.9171761111111
 20
181.8790283333333
 30
0.0
 10
270.9171761111111
 20
181.8790283333333
 30
0.0
 10
270.91894
 20
181.8755005555555
 30
0.0
 10
268.2452372222222
 20
180.515895
 30
0.0
 10
266.9417233333333
 20
179.8526727777777
 30
0.0
 10
264.5160233333333
 20
179.8565533333333
 30
0.0
 10
262.6043205555555
 20
179.8565533333333
 30
0.0
 10
259.7200094444444
 20
179.8565533333333
 30
0.0
 10
259.9055705555555
 20
183.9015033333333
 30
0.0
 10
259.9055705555555
 20
190.3725061111111
 30
0.0
 10
259.9055705555555
 20
191.3800394444444
 30
0.0
 10
260.5306927777777
 20
192.2933811111111
 30
0.0
 10
261.8740705555555
 20
192.9795338888889
 30
0.0
 10
261.9234594444444
 20
193.006345
 30
0.0
 10
262.3189233333333
 20
192.3272477777777
 30
0.0
 10
262.760601111111
 20
191.4668227777778
 30
0.0
 10
263.1991038888888
 20
190.6053394444444
 30
0.0
 10
263.3885455555555
 20
190.0190227777777
 30
0.0
 10
263.4661566666666
 20
189.8645061111111
 30
0.0
 10
263.8647955555555
 20
189.0859255555555
 30
0.0
 10
265.0617705555555
 20
186.7463033333333
 30
0.0
 10
265.0617705555555
 20
186.7463033333333
 30
0.0
 10
265.9522992592592
 20
187.201857037037
 30
0.0
 10
266.8428279629629
 20
187.6574107407407
 30
0.0
 10
267.7333566666666
 20
188.1129644444444
 30
0.0
 10
267.7333566666666
 20
188.1129644444444
 30
0.0
 10
266.5367344444444
 20
190.4490588888889
 30
0.0
 10
266.1373899999999
 20
191.2308144444444
 30
0.0
 10
266.0597788888888
 20
191.3856838888888
 30
0.0
 10
265.6932427777777
 20
191.8799255555555
 30
0.0
 10
265.251565
 20
192.7407033333333
 30
0.0
 10
264.8123566666666
 20
193.6053616666667
 30
0.0
 10
264.4966205555555
 20
194.3197366666666
 30
0.0
 10
264.5456566666666
 20
194.346195
 30
0.0
 10
267.21689
 20
195.7128561111111
 30
0.0
 10
271.9543427777778
 20
197.1691227777777
 30
0.0
 10
275.106765
 20
199.2046505555555
 30
0.0
 10
275.8641788888888
 20
199.6936005555555
 30
0.0
 10
277.9861372222222
 20
199.6466811111111
 30
0.0
 10
279.0289483333333
 20
199.6466811111111
 30
0.0
 10
283.1035316666666
 20
199.6466811111111
 30
0.0
 10
285.692215
 20
195.7132088888889
 30
0.0
 10
288.3638011111111
 20
194.3465477777777
 30
0.0
 10
288.4128372222222
 20
194.3200894444444
 30
0.0
 10
288.0971011111111
 20
193.6053616666667
 30
0.0
 10
287.654365
 20
192.7414088888888
 30
0.0
 10
287.2158622222221
 20
191.8802783333333
 30
0.0
 10
286.8493261111111
 20
191.3860366666666
 30
0.0
 10
286.7720677777777
 20
191.2311672222222
 30
0.0
 10
286.3727233333333
 20
190.4490588888889
 30
0.0
 10
285.1761011111111
 20
188.1133172222222
 30
0.0
 10
285.1761011111111
 20
188.1133172222222
 30
0.0
 10
286.0666298148148
 20
187.6577635185185
 30
0.0
 10
286.9571585185185
 20
187.2022098148148
 30
0.0
 10
287.8476872222222
 20
186.7466561111111
 30
0.0
 10
287.8476872222222
 20
186.7466561111111
 30
0.0
 10
289.0446622222221
 20
189.0859255555555
 30
0.0
 10
289.4433011111111
 20
189.8645061111111
 30
0.0
 10
289.5209122222222
 20
190.0193755555555
 30
0.0
 10
289.7103538888888
 20
190.6056922222222
 30
0.0
 10
290.1485038888889
 20
191.4668227777778
 30
0.0
 10
290.5905344444444
 20
192.3276005555555
 30
0.0
 10
290.9859983333333
 20
193.0066977777778
 30
0.0
 10
291.0350344444444
 20
192.9798866666666
 30
0.0
  0
SPLINE
  5
210
330
1F
100
AcDbEntity
  8
DEFAULT
 62
     1
100
AcDbSpline
210
0.0
220
0.0
230
1.0
 70
     8
 71
     3
 72
     8
 73
     4
 74
     0
 42
0.000000001
 43
0.0000000001
 40
0.0
 40
0.0
 40
0.0
 40
0.0
 40
1.0
 40
1.0
 40
1.0
 40
1.0
 10
264.6798886111111
 20
169.5385441666667
 30
0.0
 10
265.6549663888889
 20
169.5385441666667
 30
0.0
 10
264.2854830555555
 20
179.8565886111111
 30
0.0
 10
262.6044969444444
 20
179.8565886111111
 30
0.0
  0
SPLINE
  5
211
330
1F
100
AcDbEntity
  8
DEFAULT
 62
     1
100
AcDbSpline
210
0.0
220
0.0
230
1.0
 70
     8
 71
     3
 72
     8
 73
     4
 74
     0
 42
0.000000001
 43
0.0000000001
 40
0.0
 40
0.0
 40
0.0
 40
0.0
 40
1.0
 40
1.0
 40
1.0
 40
1.0
 10
289.7061558333333
 20
182.3393327777777
 30
0.0
 10
288.7307252777778
 20
182.3393327777777
 30
0.0
 10
290.1005613888889
 20
172.0212883333333
 30
0.0
 10
291.7815475
 20
172.0212883333333
 30
0.0
  0
SPLINE
  5
212
330
1F
100
AcDbEntity
  8
DEFAULT
 62
   250
100
AcDbSpline
210
0.0
220
0.0
230
1.0
 70
     8
 71
     3
 72
    17
 73
    13
 74
     0
 42
0.000000001
 43
0.0000000001
 40
0.0
 40
0.0
 40
0.0
 40
0.0
 40
1.0
 40
1.0
 40
1.0
 40
2.0
 40
2.0
 40
2.0
 40
3.0
 40
3.0
 40
3.0
 40
4.0
 40
4.0
 40
4.0
 40
4.0
 10
251.3699005555555
 20
166.6610416666666
 30
0.0
 10
251.3064005555555
 20
166.5746111111111
 30
0.0
 10
251.1575283333333
 20
166.4444361111111
 30
0.0
 10
250.9388061111111
 20
166.3322527777778
 30
0.0
 10
250.4318644444444
 20
166.0722555555556
 30
0.0
 10
249.8861172222222
 20
166.1971388888889
 30
0.0
 10
249.5837866666666
 20
166.7866305555555
 30
0.0
 10
249.2952144444444
 20
167.3496638888889
 30
0.0
 10
249.4814811111111
 20
167.9268083333333
 30
0.0
 10
250.0388699999999
 20
168.2125583333333
 30
0.0
 10
250.2632366666666
 20
168.3275638888889
 30
0.0
 10
250.4290422222222
 20
168.3519055555555
 30
0.0
 10
250.5070061111111
 20
168.3515527777778
 30
0.0
  0
SPLINE
  5
213
330
1F
100
AcDbEntity
  8
DEFAULT
 62
   250
100
AcDbSpline
210
0.0
220
0.0
230
1.0
 70
     8
 71
     3
 72
    17
 73
    13
 74
     0
 42
0.000000001
 43
0.0000000001
 40
0.0
 40
0.0
 40
0.0
 40
0.0
 40
1.0
 40
1.0
 40
1.0
 40
2.0
 40
2.0
 40
2.0
 40
3.0
 40
3.0
 40
3.0
 40
4.0
 40
4.0
 40
4.0
 40
4.0
 10
233.1664966666666
 20
165.9632825
 30
0.0
 10
233.0592522222222
 20
165.9643408333333
 30
0.0
 10
232.8666355555555
 20
166.0091436111111
 30
0.0
 10
232.6479133333333
 20
166.1213269444444
 30
0.0
 10
232.1409716666666
 20
166.3809713888889
 30
0.0
 10
231.9236605555555
 20
166.8970852777778
 30
0.0
 10
232.2256383333333
 20
167.4865769444444
 30
0.0
 10
232.5142105555555
 20
168.0496102777778
 30
0.0
 10
233.091355
 20
168.2355241666666
 30
0.0
 10
233.6490966666667
 20
167.9497741666666
 30
0.0
 10
233.8731105555555
 20
167.8347686111111
 30
0.0
 10
233.9898799999999
 20
167.7144713888889
 30
0.0
 10
234.0350355555555
 20
167.6509713888889
 30
0.0
  0
POLYLINE
  5
214
330
1F
100
AcDbEntity
  8
DEFAULT
 62
   250
100
AcDb2dPolyline
 66
     1
 10
0.0
 20
0.0
 30
0.0
  0
VERTEX
  5
215
330
214
100
AcDbEntity
  8
DEFAULT
 62
   250
100
AcDbVertex
100
AcDb2dVertex
 10
242.4354505555555
 20
157.1978836111111
 30
0.0
  0
VERTEX
  5
216
330
214
100
AcDbEntity
  8
DEFAULT
 62
   250
100
AcDbVertex
100
AcDb2dVertex
 10
241.5976033333333
 20
155.1768197222222
 30
0.0
  0
VERTEX
  5
217
330
214
100
AcDbEntity
  8
DEFAULT
 62
   250
100
AcDbVertex
100
AcDb2dVertex
 10
240.7445866666667
 20
157.1978836111111
 30
0.0
  0
SEQEND
  5
218
330
214
100
AcDbEntity
  8
DEFAULT
 62
   250
  0
SPLINE
  5
219
330
1F
100
AcDbEntity
  8
DEFAULT
 62
     1
100
AcDbSpline
210
0.0
220
0.0
230
1.0
 70
    11
 71
     3
 72
   110
 73
   106
 74
     0
 42
0.000000001
 43
0.0000000001
 40
1.0
 40
1.0
 40
1.0
 40
1.0
 40
2.0
 40
2.0
 40
2.0
 40
3.0
 40
3.0
 40
3.0
 40
4.0
 40
4.0
 40
4.0
 40
5.0
 40
5.0
 40
5.0
 40
6.0
 40
6.0
 40
6.0
 40
7.0
 40
7.0
 40
7.0
 40
8.0
 40
8.0
 40
8.0
 40
9.0
 40
9.0
 40
9.0
 40
18.91999999999996
 40
18.91999999999996
 40
18.91999999999996
 40
27.41999999999996
 40
27.41999999999996
 40
27.41999999999996
 40
37.33999999999992
 40
37.33999999999992
 40
37.33999999999992
 40
38.33999999999992
 40
38.33999999999992
 40
38.33999999999992
 40
39.33999999999992
 40
39.33999999999992
 40
39.33999999999992
 40
40.33999999999992
 40
40.33999999999992
 40
40.33999999999992
 40
41.33999999999992
 40
41.33999999999992
 40
41.33999999999992
 40
42.33999999999992
 40
42.33999999999992
 40
42.33999999999992
 40
43.33999999999992
 40
43.33999999999992
 40
43.33999999999992
 40
44.33999999999992
 40
44.33999999999992
 40
44.33999999999992
 40
45.33999999999992
 40
45.33999999999992
 40
45.33999999999992
 40
46.33999999999992
 40
46.33999999999992
 40
46.33999999999992
 40
47.33999999999992
 40
47.33999999999992
 40
47.33999999999992
 40
55.84547235607752
 40
55.84547235607752
 40
55.84547235607752
 40
56.84547235607752
 40
56.84547235607752
 40
56.84547235607752
 40
57.84547235607752
 40
57.84547235607752
 40
57.84547235607752
 40
58.84547235607752
 40
58.84547235607752
 40
58.84547235607752
 40
59.84547235607752
 40
59.84547235607752
 40
59.84547235607752
 40
60.84547235607752
 40
60.84547235607752
 40
60.84547235607752
 40
61.84547235607752
 40
61.84547235607752
 40
61.84547235607752
 40
62.84547235607752
 40
62.84547235607752
 40
62.84547235607752
 40
63.84547235607752
 40
63.84547235607752
 40
63.84547235607752
 40
64.84547235607752
 40
64.84547235607752
 40
64.84547235607752
 40
73.35183497472948
 40
73.35183497472948
 40
73.35183497472948
 40
74.35183497472948
 40
74.35183497472948
 40
74.35183497472948
 40
75.35183497472948
 40
75.35183497472948
 40
75.35183497472948
 40
76.35183497472948
 40
76.35183497472948
 40
76.35183497472948
 40
76.35183497472948
 10
227.0101363888889
 20
158.8979902777778
 30
0.0
 10
223.8376058333333
 20
160.5211208333333
 30
0.0
 10
223.5624391666666
 20
161.8362763888889
 30
0.0
 10
223.5624391666666
 20
164.6906013888889
 30
0.0
 10
223.5624391666666
 20
168.3108069444444
 30
0.0
 10
224.9566169444444
 20
169.5384736111111
 30
0.0
 10
228.3390502777778
 20
169.5384736111111
 30
0.0
 10
230.3206030555555
 20
169.5384736111111
 30
0.0
 10
231.8608308333333
 20
170.5110819444444
 30
0.0
 10
231.8608308333333
 20
173.1145819444444
 30
0.0
 10
231.8608308333333
 20
177.7712486111111
 30
0.0
 10
235.1310808333333
 20
181.6623875
 30
0.0
 10
239.5019975
 20
182.6219430555555
 30
0.0
 10
240.0311641666666
 20
182.7207208333333
 30
0.0
 10
239.5901919444444
 20
180.6149902777778
 30
0.0
 10
239.5901919444444
 20
178.7696097222222
 30
0.0
 10
239.5901919444444
 20
171.8378791666667
 30
0.0
 10
239.6575725
 20
166.2318875
 30
0.0
 10
240.0914891666666
 20
166.2318875
 30
0.0
 10
240.1475808333333
 20
166.2318875
 30
0.0
 10
240.1899141666667
 20
165.4490736111111
 30
0.0
 10
240.1899141666667
 20
164.4821097222222
 30
0.0
 10
240.1899141666667
 20
163.5119708333333
 30
0.0
 10
240.0914891666666
 20
162.9051930555555
 30
0.0
 10
240.0914891666666
 20
162.7288041666667
 30
0.0
 10
240.0914891666666
 20
161.5622856481482
 30
0.0
 10
240.0914891666666
 20
160.3957671296296
 30
0.0
 10
240.0914891666666
 20
159.2292486111111
 30
0.0
 10
241.0910262037037
 20
159.2292486111111
 30
0.0
 10
242.0905632407407
 20
159.2292486111111
 30
0.0
 10
243.0901002777778
 20
159.2292486111111
 30
0.0
 10
243.0901002777778
 20
160.3957671296296
 30
0.0
 10
243.0901002777778
 20
161.5622856481482
 30
0.0
 10
243.0901002777778
 20
162.7288041666667
 30
0.0
 10
243.0901002777778
 20
162.9051930555555
 30
0.0
 10
242.9909697222222
 20
163.5119708333333
 30
0.0
 10
242.9909697222222
 20
164.4821097222222
 30
0.0
 10
242.9909697222222
 20
165.4490736111111
 30
0.0
 10
243.0368308333333
 20
166.2318875
 30
0.0
 10
243.0901002777778
 20
166.2318875
 30
0.0
 10
245.1185725
 20
166.2318875
 30
0.0
 10
244.4567613888889
 20
168.6325402777778
 30
0.0
 10
247.1279947222222
 20
169.9988486111111
 30
0.0
 10
247.1279947222222
 20
169.9988486111111
 30
0.0
 10
247.1262308333333
 20
170.0023763888889
 30
0.0
 10
249.7999336111111
 20
171.3619819444444
 30
0.0
 10
251.1034475
 20
172.0252041666667
 30
0.0
 10
253.5291475
 20
172.0213236111111
 30
0.0
 10
255.4408502777777
 20
172.0213236111111
 30
0.0
 10
258.3251613888888
 20
172.0213236111111
 30
0.0
 10
258.1396002777777
 20
167.9767263888889
 30
0.0
 10
258.1396002777777
 20
161.5053708333333
 30
0.0
 10
258.1396002777777
 20
160.4978375
 30
0.0
 10
257.5144780555555
 20
159.5844958333333
 30
0.0
 10
256.1711002777777
 20
158.8983430555555
 30
0.0
 10
256.1217113888889
 20
158.8715319444445
 30
0.0
 10
255.7262475
 20
159.5506291666667
 30
0.0
 10
255.2845697222222
 20
160.4114069444445
 30
0.0
 10
254.8460669444444
 20
161.2725375
 30
0.0
 10
254.6566252777778
 20
161.8588541666666
 30
0.0
 10
254.5790141666666
 20
162.0133708333333
 30
0.0
 10
254.1803752777778
 20
162.7923041666667
 30
0.0
 10
252.9834002777777
 20
165.1315736111111
 30
0.0
 10
252.9834002777777
 20
165.1315736111111
 30
0.0
 10
252.0929891666666
 20
164.6760199074074
 30
0.0
 10
251.2025780555556
 20
164.2204662037037
 30
0.0
 10
250.3121669444444
 20
163.7649125
 30
0.0
 10
250.3121669444444
 20
163.7649125
 30
0.0
 10
251.5084363888888
 20
161.4291708333333
 30
0.0
 10
251.9077808333333
 20
160.6470625
 30
0.0
 10
251.9853919444444
 20
160.4921930555556
 30
0.0
 10
252.3519280555555
 20
159.9979513888889
 30
0.0
 10
252.7939586111111
 20
159.1371736111111
 30
0.0
 10
253.2328141666666
 20
158.2725152777778
 30
0.0
 10
253.5485502777777
 20
157.5581402777778
 30
0.0
 10
253.4995141666666
 20
157.5316819444444
 30
0.0
 10
250.8282808333333
 20
156.1650208333333
 30
0.0
 10
246.0908280555555
 20
154.7087541666667
 30
0.0
 10
242.9384058333333
 20
152.6732263888889
 30
0.0
 10
242.1809919444444
 20
152.1842763888889
 30
0.0
 10
240.0590336111111
 20
152.2311958333333
 30
0.0
 10
239.0162225
 20
152.2311958333333
 30
0.0
 10
234.9416391666666
 20
152.2311958333333
 30
0.0
 10
232.3529558333333
 20
156.1650208333333
 30
0.0
 10
229.6813697222222
 20
157.5313291666667
 30
0.0
 10
229.6323336111111
 20
157.5577875
 30
0.0
 10
229.9484225
 20
158.2725152777778
 30
0.0
 10
230.3908058333333
 20
159.1364680555556
 30
0.0
 10
230.8293086111111
 20
159.9975986111111
 30
0.0
 10
231.1958447222222
 20
160.4918402777778
 30
0.0
 10
231.2731030555555
 20
160.6467097222222
 30
0.0
 10
231.6724475
 20
161.4288180555556
 30
0.0
 10
232.8690697222222
 20
163.7645597222222
 30
0.0
 10
232.8690697222222
 20
163.7645597222222
 30
0.0
 10
231.9785410185185
 20
164.2201134259259
 30
0.0
 10
231.0880123148148
 20
164.6756671296296
 30
0.0
 10
230.1974836111111
 20
165.1312208333333
 30
0.0
 10
230.1974836111111
 20
165.1312208333333
 30
0.0
 10
229.0005086111111
 20
162.7919513888889
 30
0.0
 10
228.6018697222222
 20
162.0133708333333
 30
0.0
 10
228.5242586111111
 20
161.8585013888889
 30
0.0
 10
228.3348169444444
 20
161.2721847222222
 30
0.0
 10
227.8966669444444
 20
160.4110541666666
 30
0.0
 10
227.4546363888888
 20
159.5502763888889
 30
0.0
 10
227.0591725
 20
158.8711791666666
 30
0.0
 10
227.0101363888889
 20
158.8979902777778
 30
0.0
  0
SPLINE
  5
21A
330
1F
100
AcDbEntity
  8
DEFAULT
 62
   250
100
AcDbSpline
210
0.0
220
0.0
230
1.0
 70
     8
 71
     3
 72
    17
 73
    13
 74
     0
 42
0.000000001
 43
0.0000000001
 40
0.0
 40
0.0
 40
0.0
 40
0.0
 40
1.0
 40
1.0
 40
1.0
 40
2.0
 40
2.0
 40
2.0
 40
3.0
 40
3.0
 40
3.0
 40
4.0
 40
4.0
 40
4.0
 40
4.0
 10
230.3331266666666
 20
185.2168
 30
0.0
 10
230.3966266666666
 20
185.3032305555555
 30
0.0
 10
230.5454988888888
 20
185.4334055555555
 30
0.0
 10
230.7642211111111
 20
185.5455888888889
 30
0.0
 10
231.2711627777777
 20
185.8052333333333
 30
0.0
 10
231.81691
 20
185.6807027777778
 30
0.0
 10
232.1188877777777
 20
185.0912111111111
 30
0.0
 10
232.40746
 20
184.5281777777778
 30
0.0
 10
232.2215461111111
 20
183.9510333333333
 30
0.0
 10
231.6641572222222
 20
183.6652833333333
 30
0.0
 10
231.4397905555555
 20
183.5502777777778
 30
0.0
 10
231.273985
 20
183.5259361111111
 30
0.0
 10
231.1960211111111
 20
183.5262888888889
 30
0.0
  0
SPLINE
  5
21B
330
1F
100
AcDbEntity
  8
DEFAULT
 62
   250
100
AcDbSpline
210
0.0
220
0.0
230
1.0
 70
     8
 71
     3
 72
    17
 73
    13
 74
     0
 42
0.000000001
 43
0.0000000001
 40
0.0
 40
0.0
 40
0.0
 40
0.0
 40
1.0
 40
1.0
 40
1.0
 40
2.0
 40
2.0
 40
2.0
 40
3.0
 40
3.0
 40
3.0
 40
4.0
 40
4.0
 40
4.0
 40
4.0
 10
248.5365305555555
 20
185.9145944444444
 30
0.0
 10
248.643775
 20
185.9135361111111
 30
0.0
 10
248.8363916666667
 20
185.8687333333333
 30
0.0
 10
249.0551138888889
 20
185.75655
 30
0.0
 10
249.5620555555556
 20
185.4969055555555
 30
0.0
 10
249.7793666666667
 20
184.9807916666666
 30
0.0
 10
249.4773888888889
 20
184.3913
 30
0.0
 10
249.1888166666667
 20
183.8282666666667
 30
0.0
 10
248.6116722222222
 20
183.6423527777777
 30
0.0
 10
248.0539305555555
 20
183.9281027777778
 30
0.0
 10
247.8299166666666
 20
184.0431083333333
 30
0.0
 10
247.7131472222222
 20
184.1634055555555
 30
0.0
 10
247.6679916666667
 20
184.2269055555555
 30
0.0
  0
POLYLINE
  5
21C
330
1F
100
AcDbEntity
  8
DEFAULT
 62
   250
100
AcDb2dPolyline
 66
     1
 10
0.0
 20
0.0
 30
0.0
  0
VERTEX
  5
21D
330
21C
100
AcDbEntity
  8
DEFAULT
 62
   250
100
AcDbVertex
100
AcDb2dVertex
 10
239.2675413888889
 20
194.6799933333333
 30
0.0
  0
VERTEX
  5
21E
330
21C
100
AcDbEntity
  8
DEFAULT
 62
   250
100
AcDbVertex
100
AcDb2dVertex
 10
240.1053886111111
 20
196.7007044444444
 30
0.0
  0
VERTEX
  5
21F
330
21C
100
AcDbEntity
  8
DEFAULT
 62
   250
100
AcDbVertex
100
AcDb2dVertex
 10
240.9587580555555
 20
194.6799933333333
 30
0.0
  0
SEQEND
  5
220
330
21C
100
AcDbEntity
  8
DEFAULT
 62
   250
  0
SPLINE
  5
221
330
1F
100
AcDbEntity
  8
DEFAULT
 62
     1
100
AcDbSpline
210
0.0
220
0.0
230
1.0
 70
    11
 71
     3
 72
   110
 73
   106
 74
     0
 42
0.000000001
 43
0.0000000001
 40
1.0
 40
1.0
 40
1.0
 40
1.0
 40
2.0
 40
2.0
 40
2.0
 40
3.0
 40
3.0
 40
3.0
 40
4.0
 40
4.0
 40
4.0
 40
5.0
 40
5.0
 40
5.0
 40
6.0
 40
6.0
 40
6.0
 40
7.0
 40
7.0
 40
7.0
 40
8.0
 40
8.0
 40
8.0
 40
9.0
 40
9.0
 40
9.0
 40
18.92000000000007
 40
18.92000000000007
 40
18.92000000000007
 40
27.42000000000007
 40
27.42000000000007
 40
27.42000000000007
 40
37.34000000000015
 40
37.34000000000015
 40
37.34000000000015
 40
38.34000000000015
 40
38.34000000000015
 40
38.34000000000015
 40
39.34000000000015
 40
39.34000000000015
 40
39.34000000000015
 40
40.34000000000015
 40
40.34000000000015
 40
40.34000000000015
 40
41.34000000000015
 40
41.34000000000015
 40
41.34000000000015
 40
42.34000000000015
 40
42.34000000000015
 40
42.34000000000015
 40
43.34000000000015
 40
43.34000000000015
 40
43.34000000000015
 40
44.34000000000015
 40
44.34000000000015
 40
44.34000000000015
 40
45.34000000000015
 40
45.34000000000015
 40
45.34000000000015
 40
46.34000000000015
 40
46.34000000000015
 40
46.34000000000015
 40
47.34000000000015
 40
47.34000000000015
 40
47.34000000000015
 40
55.84636261865208
 40
55.84636261865208
 40
55.84636261865208
 40
56.84636261865208
 40
56.84636261865208
 40
56.84636261865208
 40
57.84636261865208
 40
57.84636261865208
 40
57.84636261865208
 40
58.84636261865208
 40
58.84636261865208
 40
58.84636261865208
 40
59.84636261865208
 40
59.84636261865208
 40
59.84636261865208
 40
60.84636261865208
 40
60.84636261865208
 40
60.84636261865208
 40
61.84636261865208
 40
61.84636261865208
 40
61.84636261865208
 40
62.84636261865208
 40
62.84636261865208
 40
62.84636261865208
 40
63.84636261865208
 40
63.84636261865208
 40
63.84636261865208
 40
64.84636261865208
 40
64.84636261865208
 40
64.84636261865208
 40
73.35272523730407
 40
73.35272523730407
 40
73.35272523730407
 40
74.35272523730407
 40
74.35272523730407
 40
74.35272523730407
 40
75.35272523730407
 40
75.35272523730407
 40
75.35272523730407
 40
76.35272523730407
 40
76.35272523730407
 40
76.35272523730407
 40
76.35272523730407
 10
254.6941961111111
 20
192.9798866666666
 30
0.0
 10
257.8670794444444
 20
191.3567561111111
 30
0.0
 10
258.1418933333333
 20
190.0416005555555
 30
0.0
 10
258.1418933333333
 20
187.1872755555555
 30
0.0
 10
258.1418933333333
 20
183.56707
 30
0.0
 10
256.7477155555555
 20
182.3394033333333
 30
0.0
 10
253.3652822222222
 20
182.3394033333333
 30
0.0
 10
251.3840822222222
 20
182.3394033333333
 30
0.0
 10
249.8435016666666
 20
181.366795
 30
0.0
 10
249.8435016666666
 20
178.763295
 30
0.0
 10
249.8435016666666
 20
174.1066283333333
 30
0.0
 10
246.5732516666667
 20
170.2154894444444
 30
0.0
 10
242.202335
 20
169.2559338888888
 30
0.0
 10
241.6731683333333
 20
169.1571561111111
 30
0.0
 10
242.1141405555555
 20
171.2632394444444
 30
0.0
 10
242.1141405555555
 20
173.1082672222222
 30
0.0
 10
242.1141405555555
 20
180.0403505555555
 30
0.0
 10
242.0471127777778
 20
185.6459894444444
 30
0.0
 10
241.6131961111111
 20
185.6459894444444
 30
0.0
 10
241.5567516666667
 20
185.6459894444444
 30
0.0
 10
241.5144183333333
 20
186.4291561111111
 30
0.0
 10
241.5144183333333
 20
187.3957672222222
 30
0.0
 10
241.5144183333333
 20
188.3659061111111
 30
0.0
 10
241.6131961111111
 20
188.9726838888888
 30
0.0
 10
241.6131961111111
 20
189.1490727777777
 30
0.0
 10
241.6131961111111
 20
190.3155912962963
 30
0.0
 10
241.6131961111111
 20
191.4821098148148
 30
0.0
 10
241.6131961111111
 20
192.6486283333333
 30
0.0
 10
240.613659074074
 20
192.6486283333333
 30
0.0
 10
239.614122037037
 20
192.6486283333333
 30
0.0
 10
238.614585
 20
192.6486283333333
 30
0.0
 10
238.6145849999999
 20
191.4821098148148
 30
0.0
 10
238.6145849999999
 20
190.3155912962963
 30
0.0
 10
238.614585
 20
189.1490727777777
 30
0.0
 10
238.614585
 20
188.9726838888888
 30
0.0
 10
238.7133627777778
 20
188.3659061111111
 30
0.0
 10
238.7133627777778
 20
187.3957672222222
 30
0.0
 10
238.7133627777778
 20
186.4291561111111
 30
0.0
 10
238.6675016666667
 20
185.6459894444444
 30
0.0
 10
238.614585
 20
185.6459894444444
 30
0.0
 10
236.5861127777777
 20
185.6459894444444
 30
0.0
 10
237.2479238888889
 20
183.2453366666666
 30
0.0
 10
234.5763377777778
 20
181.8790283333333
 30
0.0
 10
234.5763377777778
 20
181.8790283333333
 30
0.0
 10
234.5781016666666
 20
181.8755005555555
 30
0.0
 10
231.9043988888889
 20
180.515895
 30
0.0
 10
230.600885
 20
179.8526727777777
 30
0.0
 10
228.175185
 20
179.8565533333333
 30
0.0
 10
226.263835
 20
179.8565533333333
 30
0.0
 10
223.3791711111111
 20
179.8565533333333
 30
0.0
 10
223.5647322222222
 20
183.9015033333333
 30
0.0
 10
223.5647322222222
 20
190.3725061111111
 30
0.0
 10
223.5647322222222
 20
191.3800394444444
 30
0.0
 10
224.1898544444444
 20
192.2933811111111
 30
0.0
 10
225.5332322222222
 20
192.9795338888889
 30
0.0
 10
225.5826211111111
 20
193.006345
 30
0.0
 10
225.978085
 20
192.3272477777777
 30
0.0
 10
226.4197627777777
 20
191.4668227777778
 30
0.0
 10
226.8582655555556
 20
190.6053394444444
 30
0.0
 10
227.0477072222222
 20
190.0190227777777
 30
0.0
 10
227.1253183333333
 20
189.8645061111111
 30
0.0
 10
227.5239572222222
 20
189.0859255555555
 30
0.0
 10
228.7209322222222
 20
186.7463033333333
 30
0.0
 10
228.7209322222222
 20
186.7463033333333
 30
0.0
 10
229.6114609259259
 20
187.201857037037
 30
0.0
 10
230.5019896296296
 20
187.6574107407407
 30
0.0
 10
231.3925183333333
 20
188.1129644444444
 30
0.0
 10
231.3925183333333
 20
188.1129644444444
 30
0.0
 10
230.1958961111111
 20
190.4490588888889
 30
0.0
 10
229.7965516666666
 20
191.2308144444444
 30
0.0
 10
229.7189405555555
 20
191.3856838888888
 30
0.0
 10
229.3524044444444
 20
191.8799255555555
 30
0.0
 10
228.9107266666666
 20
192.7407033333333
 30
0.0
 10
228.4715183333333
 20
193.6053616666667
 30
0.0
 10
228.1557822222222
 20
194.3197366666666
 30
0.0
 10
228.2048183333333
 20
194.346195
 30
0.0
 10
230.8760516666667
 20
195.7128561111111
 30
0.0
 10
235.6135044444444
 20
197.1691227777777
 30
0.0
 10
238.7662794444444
 20
199.2046505555555
 30
0.0
 10
239.5233405555555
 20
199.6936005555555
 30
0.0
 10
241.6452988888888
 20
199.6466811111111
 30
0.0
 10
242.68811
 20
199.6466811111111
 30
0.0
 10
246.7626933333333
 20
199.6466811111111
 30
0.0
 10
249.3513766666667
 20
195.7132088888889
 30
0.0
 10
252.0229627777778
 20
194.3465477777777
 30
0.0
 10
252.0719988888889
 20
194.3200894444444
 30
0.0
 10
251.7562627777778
 20
193.6053616666667
 30
0.0
 10
251.3135266666667
 20
192.7414088888888
 30
0.0
 10
250.8750238888889
 20
191.8802783333333
 30
0.0
 10
250.5084877777778
 20
191.3860366666666
 30
0.0
 10
250.4312294444445
 20
191.2311672222222
 30
0.0
 10
250.031885
 20
190.4490588888889
 30
0.0
 10
248.8352627777778
 20
188.1133172222222
 30
0.0
 10
248.8352627777778
 20
188.1133172222222
 30
0.0
 10
249.7257914814815
 20
187.6577635185185
 30
0.0
 10
250.6163201851852
 20
187.2022098148148
 30
0.0
 10
251.5068488888889
 20
186.7466561111111
 30
0.0
 10
251.5068488888889
 20
186.7466561111111
 30
0.0
 10
252.7038238888888
 20
189.0859255555555
 30
0.0
 10
253.1024627777778
 20
189.8645061111111
 30
0.0
 10
253.1800738888889
 20
190.0193755555555
 30
0.0
 10
253.3695155555556
 20
190.6056922222222
 30
0.0
 10
253.8076655555555
 20
191.4668227777778
 30
0.0
 10
254.2496961111111
 20
192.3276005555555
 30
0.0
 10
254.64516
 20
193.0066977777778
 30
0.0
 10
254.6941961111111
 20
192.9798866666666
 30
0.0
  0
SPLINE
  5
222
330
1F
100
AcDbEntity
  8
DEFAULT
 62
     1
100
AcDbSpline
210
0.0
220
0.0
230
1.0
 70
     8
 71
     3
 72
     8
 73
     4
 74
     0
 42
0.000000001
 43
0.0000000001
 40
0.0
 40
0.0
 40
0.0
 40
0.0
 40
1.0
 40
1.0
 40
1.0
 40
1.0
 10
228.3390502777778
 20
169.5385441666667
 30
0.0
 10
229.3141280555556
 20
169.5385441666667
 30
0.0
 10
227.9446447222222
 20
179.8565886111111
 30
0.0
 10
226.2636586111111
 20
179.8565886111111
 30
0.0
  0
SPLINE
  5
223
330
1F
100
AcDbEntity
  8
DEFAULT
 62
     1
100
AcDbSpline
210
0.0
220
0.0
230
1.0
 70
     8
 71
     3
 72
     8
 73
     4
 74
     0
 42
0.000000001
 43
0.0000000001
 40
0.0
 40
0.0
 40
0.0
 40
0.0
 40
1.0
 40
1.0
 40
1.0
 40
1.0
 10
253.3653175
 20
182.3393327777777
 30
0.0
 10
252.3902397222222
 20
182.3393327777777
 30
0.0
 10
253.7597230555556
 20
172.0212883333333
 30
0.0
 10
255.4407091666667
 20
172.0212883333333
 30
0.0
  0
SPLINE
  5
224
330
1F
100
AcDbEntity
  8
DEFAULT
 62
   250
100
AcDbSpline
210
0.0
220
0.0
230
1.0
 70
     8
 71
     3
 72
    17
 73
    13
 74
     0
 42
0.000000001
 43
0.0000000001
 40
0.0
 40
0.0
 40
0.0
 40
0.0
 40
1.0
 40
1.0
 40
1.0
 40
2.0
 40
2.0
 40
2.0
 40
3.0
 40
3.0
 40
3.0
 40
4.0
 40
4.0
 40
4.0
 40
4.0
 10
215.0290269444444
 20
166.6610416666666
 30
0.0
 10
214.9655269444445
 20
166.5746111111111
 30
0.0
 10
214.8166547222222
 20
166.4444361111111
 30
0.0
 10
214.5979325
 20
166.3322527777778
 30
0.0
 10
214.0909908333333
 20
166.0722555555556
 30
0.0
 10
213.5452436111111
 20
166.1971388888889
 30
0.0
 10
213.2429130555556
 20
166.7866305555555
 30
0.0
 10
212.9543408333333
 20
167.3496638888889
 30
0.0
 10
213.1406075
 20
167.9268083333333
 30
0.0
 10
213.6983491666666
 20
168.2125583333333
 30
0.0
 10
213.9223630555556
 20
168.3275638888889
 30
0.0
 10
214.0881686111111
 20
168.3519055555555
 30
0.0
 10
214.1661325
 20
168.3515527777778
 30
0.0
  0
SPLINE
  5
225
330
1F
100
AcDbEntity
  8
DEFAULT
 62
   250
100
AcDbSpline
210
0.0
220
0.0
230
1.0
 70
     8
 71
     3
 72
    17
 73
    13
 74
     0
 42
0.000000001
 43
0.0000000001
 40
0.0
 40
0.0
 40
0.0
 40
0.0
 40
1.0
 40
1.0
 40
1.0
 40
2.0
 40
2.0
 40
2.0
 40
3.0
 40
3.0
 40
3.0
 40
4.0
 40
4.0
 40
4.0
 40
4.0
 10
196.8256230555555
 20
165.9632825
 30
0.0
 10
196.7183786111111
 20
165.9643408333333
 30
0.0
 10
196.5257619444444
 20
166.0091436111111
 30
0.0
 10
196.3070397222222
 20
166.1213269444444
 30
0.0
 10
195.8000980555555
 20
166.3809713888889
 30
0.0
 10
195.5827869444444
 20
166.8970852777778
 30
0.0
 10
195.8847647222222
 20
167.4865769444444
 30
0.0
 10
196.1733369444444
 20
168.0496102777778
 30
0.0
 10
196.7504813888889
 20
168.2355241666666
 30
0.0
 10
197.3082230555555
 20
167.9497741666666
 30
0.0
 10
197.5322369444444
 20
167.8347686111111
 30
0.0
 10
197.6490063888888
 20
167.7144713888889
 30
0.0
 10
197.6941619444444
 20
167.6509713888889
 30
0.0
  0
POLYLINE
  5
226
330
1F
100
AcDbEntity
  8
DEFAULT
 62
   250
100
AcDb2dPolyline
 66
     1
 10
0.0
 20
0.0
 30
0.0
  0
VERTEX
  5
227
330
226
100
AcDbEntity
  8
DEFAULT
 62
   250
100
AcDbVertex
100
AcDb2dVertex
 10
206.0945769444444
 20
157.197883611111
 30
0.0
  0
VERTEX
  5
228
330
226
100
AcDbEntity
  8
DEFAULT
 62
   250
100
AcDbVertex
100
AcDb2dVertex
 10
205.2567297222222
 20
155.1768197222222
 30
0.0
  0
VERTEX
  5
229
330
226
100
AcDbEntity
  8
DEFAULT
 62
   250
100
AcDbVertex
100
AcDb2dVertex
 10
204.4037130555555
 20
157.1978836111111
 30
0.0
  0
SEQEND
  5
22A
330
226
100
AcDbEntity
  8
DEFAULT
 62
   250
  0
SPLINE
  5
22B
330
1F
100
AcDbEntity
  8
DEFAULT
 62
     1
100
AcDbSpline
210
0.0
220
0.0
230
1.0
 70
    11
 71
     3
 72
   110
 73
   106
 74
     0
 42
0.000000001
 43
0.0000000001
 40
1.0
 40
1.0
 40
1.0
 40
1.0
 40
2.0
 40
2.0
 40
2.0
 40
3.0
 40
3.0
 40
3.0
 40
4.0
 40
4.0
 40
4.0
 40
5.0
 40
5.0
 40
5.0
 40
6.0
 40
6.0
 40
6.0
 40
7.0
 40
7.0
 40
7.0
 40
8.0
 40
8.0
 40
8.0
 40
9.0
 40
9.0
 40
9.0
 40
18.91999999999996
 40
18.91999999999996
 40
18.91999999999996
 40
27.41999999999996
 40
27.41999999999996
 40
27.41999999999996
 40
37.33999999999992
 40
37.33999999999992
 40
37.33999999999992
 40
38.33999999999992
 40
38.33999999999992
 40
38.33999999999992
 40
39.33999999999992
 40
39.33999999999992
 40
39.33999999999992
 40
40.33999999999992
 40
40.33999999999992
 40
40.33999999999992
 40
41.33999999999992
 40
41.33999999999992
 40
41.33999999999992
 40
42.33999999999992
 40
42.33999999999992
 40
42.33999999999992
 40
43.33999999999992
 40
43.33999999999992
 40
43.33999999999992
 40
44.33999999999992
 40
44.33999999999992
 40
44.33999999999992
 40
45.33999999999992
 40
45.33999999999992
 40
45.33999999999992
 40
46.33999999999992
 40
46.33999999999992
 40
46.33999999999992
 40
47.33999999999992
 40
47.33999999999992
 40
47.33999999999992
 40
55.84547235607752
 40
55.84547235607752
 40
55.84547235607752
 40
56.84547235607752
 40
56.84547235607752
 40
56.84547235607752
 40
57.84547235607752
 40
57.84547235607752
 40
57.84547235607752
 40
58.84547235607752
 40
58.84547235607752
 40
58.84547235607752
 40
59.84547235607752
 40
59.84547235607752
 40
59.84547235607752
 40
60.84547235607752
 40
60.84547235607752
 40
60.84547235607752
 40
61.84547235607752
 40
61.84547235607752
 40
61.84547235607752
 40
62.84547235607752
 40
62.84547235607752
 40
62.84547235607752
 40
63.84547235607752
 40
63.84547235607752
 40
63.84547235607752
 40
64.84547235607752
 40
64.84547235607752
 40
64.84547235607752
 40
73.35183497472948
 40
73.35183497472948
 40
73.35183497472948
 40
74.35183497472948
 40
74.35183497472948
 40
74.35183497472948
 40
75.35183497472948
 40
75.35183497472948
 40
75.35183497472948
 40
76.35183497472948
 40
76.35183497472948
 40
76.35183497472948
 40
76.35183497472948
 10
190.6692627777777
 20
158.8979902777778
 30
0.0
 10
187.4963794444444
 20
160.5211208333333
 30
0.0
 10
187.2215655555555
 20
161.8362763888889
 30
0.0
 10
187.2215655555555
 20
164.6906013888889
 30
0.0
 10
187.2215655555555
 20
168.3108069444444
 30
0.0
 10
188.6157433333333
 20
169.5384736111111
 30
0.0
 10
191.9981766666667
 20
169.5384736111111
 30
0.0
 10
193.9797294444444
 20
169.5384736111111
 30
0.0
 10
195.5199572222222
 20
170.5110819444444
 30
0.0
 10
195.5199572222222
 20
173.1145819444444
 30
0.0
 10
195.5199572222222
 20
177.7712486111111
 30
0.0
 10
198.7902072222222
 20
181.6623875
 30
0.0
 10
203.1611238888889
 20
182.6219430555555
 30
0.0
 10
203.6902905555555
 20
182.7207208333333
 30
0.0
 10
203.2493183333333
 20
180.6149902777778
 30
0.0
 10
203.2493183333333
 20
178.7696097222222
 30
0.0
 10
203.2493183333333
 20
171.8378791666667
 30
0.0
 10
203.3166988888889
 20
166.2318875
 30
0.0
 10
203.7506155555555
 20
166.2318875
 30
0.0
 10
203.8067072222222
 20
166.2318875
 30
0.0
 10
203.8490405555555
 20
165.4490736111111
 30
0.0
 10
203.8490405555555
 20
164.4821097222222
 30
0.0
 10
203.8490405555555
 20
163.5119708333333
 30
0.0
 10
203.7506155555555
 20
162.9051930555555
 30
0.0
 10
203.7506155555555
 20
162.7288041666667
 30
0.0
 10
203.7506155555555
 20
161.5622856481482
 30
0.0
 10
203.7506155555555
 20
160.3957671296296
 30
0.0
 10
203.7506155555555
 20
159.2292486111111
 30
0.0
 10
204.7501525925926
 20
159.2292486111111
 30
0.0
 10
205.7496896296296
 20
159.2292486111111
 30
0.0
 10
206.7492266666666
 20
159.2292486111111
 30
0.0
 10
206.7492266666667
 20
160.3957671296296
 30
0.0
 10
206.7492266666667
 20
161.5622856481482
 30
0.0
 10
206.7492266666666
 20
162.7288041666667
 30
0.0
 10
206.7492266666666
 20
162.9051930555555
 30
0.0
 10
206.6500961111111
 20
163.5119708333333
 30
0.0
 10
206.6500961111111
 20
164.4821097222222
 30
0.0
 10
206.6500961111111
 20
165.4490736111111
 30
0.0
 10
206.6959572222222
 20
166.2318875
 30
0.0
 10
206.7492266666666
 20
166.2318875
 30
0.0
 10
208.7776988888889
 20
166.2318875
 30
0.0
 10
208.1158877777777
 20
168.6325402777778
 30
0.0
 10
210.7871211111111
 20
169.9988486111111
 30
0.0
 10
210.7871211111111
 20
169.9988486111111
 30
0.0
 10
210.7853572222222
 20
170.0023763888889
 30
0.0
 10
213.45906
 20
171.3619819444444
 30
0.0
 10
214.7625738888889
 20
172.0252041666667
 30
0.0
 10
217.1882738888889
 20
172.0213236111111
 30
0.0
 10
219.0999766666666
 20
172.0213236111111
 30
0.0
 10
221.9842877777777
 20
172.0213236111111
 30
0.0
 10
221.7987266666666
 20
167.9767263888889
 30
0.0
 10
221.7987266666666
 20
161.5053708333333
 30
0.0
 10
221.7987266666666
 20
160.4978375
 30
0.0
 10
221.1736044444444
 20
159.5844958333333
 30
0.0
 10
219.8302266666666
 20
158.8983430555555
 30
0.0
 10
219.7808377777777
 20
158.8715319444445
 30
0.0
 10
219.3853738888888
 20
159.5506291666667
 30
0.0
 10
218.9436961111111
 20
160.4114069444445
 30
0.0
 10
218.5051933333333
 20
161.2725375
 30
0.0
 10
218.3157516666666
 20
161.8588541666666
 30
0.0
 10
218.2381405555555
 20
162.0133708333333
 30
0.0
 10
217.8395016666666
 20
162.7923041666667
 30
0.0
 10
216.6425266666666
 20
165.1315736111111
 30
0.0
 10
216.6425266666666
 20
165.1315736111111
 30
0.0
 10
215.7521155555555
 20
164.6760199074074
 30
0.0
 10
214.8617044444444
 20
164.2204662037037
 30
0.0
 10
213.9712933333333
 20
163.7649125
 30
0.0
 10
213.9712933333333
 20
163.7649125
 30
0.0
 10
215.1675627777777
 20
161.4291708333333
 30
0.0
 10
215.5669072222222
 20
160.6470625
 30
0.0
 10
215.6445183333333
 20
160.4921930555556
 30
0.0
 10
216.0110544444444
 20
159.9979513888889
 30
0.0
 10
216.453085
 20
159.1371736111111
 30
0.0
 10
216.8919405555555
 20
158.2725152777778
 30
0.0
 10
217.2076766666666
 20
157.5581402777778
 30
0.0
 10
217.1586405555555
 20
157.5316819444444
 30
0.0
 10
214.4874072222222
 20
156.1650208333333
 30
0.0
 10
209.7499544444444
 20
154.7087541666667
 30
0.0
 10
206.5975322222222
 20
152.6732263888889
 30
0.0
 10
205.8401183333333
 20
152.1842763888889
 30
0.0
 10
203.71816
 20
152.2311958333333
 30
0.0
 10
202.6753488888889
 20
152.2311958333333
 30
0.0
 10
198.6007655555555
 20
152.2311958333333
 30
0.0
 10
196.0120822222222
 20
156.1650208333333
 30
0.0
 10
193.3404961111111
 20
157.5313291666667
 30
0.0
 10
193.29146
 20
157.5577875
 30
0.0
 10
193.6075488888888
 20
158.2725152777778
 30
0.0
 10
194.0499322222222
 20
159.1364680555556
 30
0.0
 10
194.488435
 20
159.9975986111111
 30
0.0
 10
194.8549711111111
 20
160.4918402777778
 30
0.0
 10
194.9322294444444
 20
160.6467097222222
 30
0.0
 10
195.3315738888889
 20
161.4288180555556
 30
0.0
 10
196.5281961111111
 20
163.7645597222222
 30
0.0
 10
196.5281961111111
 20
163.7645597222222
 30
0.0
 10
195.6376674074073
 20
164.2201134259259
 30
0.0
 10
194.7471387037037
 20
164.6756671296296
 30
0.0
 10
193.85661
 20
165.1312208333333
 30
0.0
 10
193.85661
 20
165.1312208333333
 30
0.0
 10
192.659635
 20
162.7919513888889
 30
0.0
 10
192.2609961111111
 20
162.0133708333333
 30
0.0
 10
192.183385
 20
161.8585013888889
 30
0.0
 10
191.9939433333333
 20
161.2721847222222
 30
0.0
 10
191.5557933333333
 20
160.4110541666666
 30
0.0
 10
191.1137627777777
 20
159.5502763888889
 30
0.0
 10
190.7182988888889
 20
158.8711791666666
 30
0.0
 10
190.6692627777777
 20
158.8979902777778
 30
0.0
  0
SPLINE
  5
22C
330
1F
100
AcDbEntity
  8
DEFAULT
 62
   250
100
AcDbSpline
210
0.0
220
0.0
230
1.0
 70
     8
 71
     3
 72
    17
 73
    13
 74
     0
 42
0.000000001
 43
0.0000000001
 40
0.0
 40
0.0
 40
0.0
 40
0.0
 40
1.0
 40
1.0
 40
1.0
 40
2.0
 40
2.0
 40
2.0
 40
3.0
 40
3.0
 40
3.0
 40
4.0
 40
4.0
 40
4.0
 40
4.0
 10
193.9922530555556
 20
185.2168
 30
0.0
 10
194.0557530555555
 20
185.3032305555555
 30
0.0
 10
194.2046252777778
 20
185.4334055555555
 30
0.0
 10
194.4233475
 20
185.5455888888889
 30
0.0
 10
194.9302891666667
 20
185.8052333333333
 30
0.0
 10
195.4760363888889
 20
185.6807027777778
 30
0.0
 10
195.7780141666667
 20
185.0912111111111
 30
0.0
 10
196.0665863888889
 20
184.5281777777778
 30
0.0
 10
195.8806725
 20
183.9510333333333
 30
0.0
 10
195.3232836111111
 20
183.6652833333333
 30
0.0
 10
195.0989169444444
 20
183.5502777777778
 30
0.0
 10
194.9331113888889
 20
183.5259361111111
 30
0.0
 10
194.8551475
 20
183.5262888888889
 30
0.0
  0
SPLINE
  5
22D
330
1F
100
AcDbEntity
  8
DEFAULT
 62
   250
100
AcDbSpline
210
0.0
220
0.0
230
1.0
 70
     8
 71
     3
 72
    17
 73
    13
 74
     0
 42
0.000000001
 43
0.0000000001
 40
0.0
 40
0.0
 40
0.0
 40
0.0
 40
1.0
 40
1.0
 40
1.0
 40
2.0
 40
2.0
 40
2.0
 40
3.0
 40
3.0
 40
3.0
 40
4.0
 40
4.0
 40
4.0
 40
4.0
 10
212.1956569444444
 20
185.9145944444444
 30
0.0
 10
212.3029013888889
 20
185.9135361111111
 30
0.0
 10
212.4955180555556
 20
185.8687333333333
 30
0.0
 10
212.7142402777778
 20
185.75655
 30
0.0
 10
213.2211819444445
 20
185.4969055555555
 30
0.0
 10
213.4384930555555
 20
184.9807916666666
 30
0.0
 10
213.1365152777778
 20
184.3913
 30
0.0
 10
212.8479430555556
 20
183.8282666666667
 30
0.0
 10
212.2707986111111
 20
183.6423527777777
 30
0.0
 10
211.7130569444444
 20
183.9281027777778
 30
0.0
 10
211.4890430555555
 20
184.0431083333333
 30
0.0
 10
211.3722736111111
 20
184.1634055555555
 30
0.0
 10
211.3271180555555
 20
184.2269055555555
 30
0.0
  0
POLYLINE
  5
22E
330
1F
100
AcDbEntity
  8
DEFAULT
 62
   250
100
AcDb2dPolyline
 66
     1
 10
0.0
 20
0.0
 30
0.0
  0
VERTEX
  5
22F
330
22E
100
AcDbEntity
  8
DEFAULT
 62
   250
100
AcDbVertex
100
AcDb2dVertex
 10
202.9266677777777
 20
194.6799933333333
 30
0.0
  0
VERTEX
  5
230
330
22E
100
AcDbEntity
  8
DEFAULT
 62
   250
100
AcDbVertex
100
AcDb2dVertex
 10
203.764515
 20
196.7007044444445
 30
0.0
  0
VERTEX
  5
231
330
22E
100
AcDbEntity
  8
DEFAULT
 62
   250
100
AcDbVertex
100
AcDb2dVertex
 10
204.6175316666667
 20
194.6799933333333
 30
0.0
  0
SEQEND
  5
232
330
22E
100
AcDbEntity
  8
DEFAULT
 62
   250
  0
SPLINE
  5
233
330
1F
100
AcDbEntity
  8
DEFAULT
 62
     1
100
AcDbSpline
210
0.0
220
0.0
230
1.0
 70
    11
 71
     3
 72
   110
 73
   106
 74
     0
 42
0.000000001
 43
0.0000000001
 40
1.0
 40
1.0
 40
1.0
 40
1.0
 40
2.0
 40
2.0
 40
2.0
 40
3.0
 40
3.0
 40
3.0
 40
4.0
 40
4.0
 40
4.0
 40
5.0
 40
5.0
 40
5.0
 40
6.0
 40
6.0
 40
6.0
 40
7.0
 40
7.0
 40
7.0
 40
8.0
 40
8.0
 40
8.0
 40
9.0
 40
9.0
 40
9.0
 40
18.92000000000007
 40
18.92000000000007
 40
18.92000000000007
 40
27.42000000000007
 40
27.42000000000007
 40
27.42000000000007
 40
37.34000000000015
 40
37.34000000000015
 40
37.34000000000015
 40
38.34000000000015
 40
38.34000000000015
 40
38.34000000000015
 40
39.34000000000015
 40
39.34000000000015
 40
39.34000000000015
 40
40.34000000000015
 40
40.34000000000015
 40
40.34000000000015
 40
41.34000000000015
 40
41.34000000000015
 40
41.34000000000015
 40
42.34000000000015
 40
42.34000000000015
 40
42.34000000000015
 40
43.34000000000015
 40
43.34000000000015
 40
43.34000000000015
 40
44.34000000000015
 40
44.34000000000015
 40
44.34000000000015
 40
45.34000000000015
 40
45.34000000000015
 40
45.34000000000015
 40
46.34000000000015
 40
46.34000000000015
 40
46.34000000000015
 40
47.34000000000015
 40
47.34000000000015
 40
47.34000000000015
 40
55.84636261865208
 40
55.84636261865208
 40
55.84636261865208
 40
56.84636261865208
 40
56.84636261865208
 40
56.84636261865208
 40
57.84636261865208
 40
57.84636261865208
 40
57.84636261865208
 40
58.84636261865208
 40
58.84636261865208
 40
58.84636261865208
 40
59.84636261865208
 40
59.84636261865208
 40
59.84636261865208
 40
60.84636261865208
 40
60.84636261865208
 40
60.84636261865208
 40
61.84636261865208
 40
61.84636261865208
 40
61.84636261865208
 40
62.84636261865208
 40
62.84636261865208
 40
62.84636261865208
 40
63.84636261865208
 40
63.84636261865208
 40
63.84636261865208
 40
64.84636261865208
 40
64.84636261865208
 40
64.84636261865208
 40
73.35272523730407
 40
73.35272523730407
 40
73.35272523730407
 40
74.35272523730407
 40
74.35272523730407
 40
74.35272523730407
 40
75.35272523730407
 40
75.35272523730407
 40
75.35272523730407
 40
76.35272523730407
 40
76.35272523730407
 40
76.35272523730407
 40
76.35272523730407
 10
218.3533225
 20
192.9798866666666
 30
0.0
 10
221.5262058333333
 20
191.3567561111111
 30
0.0
 10
221.8010197222222
 20
190.0416005555555
 30
0.0
 10
221.8010197222222
 20
187.1872755555555
 30
0.0
 10
221.8010197222222
 20
183.56707
 30
0.0
 10
220.4068419444444
 20
182.3394033333333
 30
0.0
 10
217.0244086111111
 20
182.3394033333333
 30
0.0
 10
215.0432086111111
 20
182.3394033333333
 30
0.0
 10
213.5026280555555
 20
181.366795
 30
0.0
 10
213.5026280555555
 20
178.763295
 30
0.0
 10
213.5026280555555
 20
174.1066283333333
 30
0.0
 10
210.2323780555555
 20
170.2154894444444
 30
0.0
 10
205.8614613888889
 20
169.2559338888888
 30
0.0
 10
205.3322947222222
 20
169.1571561111111
 30
0.0
 10
205.7732669444444
 20
171.2632394444444
 30
0.0
 10
205.7732669444444
 20
173.1082672222222
 30
0.0
 10
205.7732669444444
 20
180.0403505555555
 30
0.0
 10
205.7062391666666
 20
185.6459894444444
 30
0.0
 10
205.2723225
 20
185.6459894444444
 30
0.0
 10
205.2158780555555
 20
185.6459894444444
 30
0.0
 10
205.1735447222222
 20
186.4291561111111
 30
0.0
 10
205.1735447222222
 20
187.3957672222222
 30
0.0
 10
205.1735447222222
 20
188.3659061111111
 30
0.0
 10
205.2723225
 20
188.9726838888888
 30
0.0
 10
205.2723225
 20
189.1490727777777
 30
0.0
 10
205.2723225
 20
190.3155912962963
 30
0.0
 10
205.2723225
 20
191.4821098148148
 30
0.0
 10
205.2723225
 20
192.6486283333333
 30
0.0
 10
204.2727854629629
 20
192.6486283333333
 30
0.0
 10
203.2732484259259
 20
192.6486283333333
 30
0.0
 10
202.2737113888888
 20
192.6486283333333
 30
0.0
 10
202.2737113888888
 20
191.4821098148148
 30
0.0
 10
202.2737113888888
 20
190.3155912962963
 30
0.0
 10
202.2737113888888
 20
189.1490727777777
 30
0.0
 10
202.2737113888888
 20
188.9726838888888
 30
0.0
 10
202.3724891666667
 20
188.3659061111111
 30
0.0
 10
202.3724891666667
 20
187.3957672222222
 30
0.0
 10
202.3724891666667
 20
186.4291561111111
 30
0.0
 10
202.3266280555555
 20
185.6459894444444
 30
0.0
 10
202.2737113888888
 20
185.6459894444444
 30
0.0
 10
200.2452391666666
 20
185.6459894444444
 30
0.0
 10
200.9070502777778
 20
183.2453366666666
 30
0.0
 10
198.2354641666666
 20
181.8790283333333
 30
0.0
 10
198.2354641666666
 20
181.8790283333333
 30
0.0
 10
198.2372280555555
 20
181.8755005555555
 30
0.0
 10
195.5635252777778
 20
180.515895
 30
0.0
 10
194.2600113888888
 20
179.8526727777777
 30
0.0
 10
191.8343113888889
 20
179.8565533333333
 30
0.0
 10
189.9226086111111
 20
179.8565533333333
 30
0.0
 10
187.0382975
 20
179.8565533333333
 30
0.0
 10
187.2238586111111
 20
183.9015033333333
 30
0.0
 10
187.2238586111111
 20
190.3725061111111
 30
0.0
 10
187.2238586111111
 20
191.3800394444444
 30
0.0
 10
187.8489808333333
 20
192.2933811111111
 30
0.0
 10
189.1923586111111
 20
192.9795338888889
 30
0.0
 10
189.2417475
 20
193.006345
 30
0.0
 10
189.6372113888889
 20
192.3272477777777
 30
0.0
 10
190.0788891666666
 20
191.4668227777778
 30
0.0
 10
190.5173919444444
 20
190.6053394444444
 30
0.0
 10
190.7068336111111
 20
190.0190227777777
 30
0.0
 10
190.7844447222222
 20
189.8645061111111
 30
0.0
 10
191.1830836111111
 20
189.0859255555555
 30
0.0
 10
192.3800586111111
 20
186.7463033333333
 30
0.0
 10
192.3800586111111
 20
186.7463033333333
 30
0.0
 10
193.2705873148148
 20
187.201857037037
 30
0.0
 10
194.1611160185185
 20
187.6574107407407
 30
0.0
 10
195.0516447222222
 20
188.1129644444444
 30
0.0
 10
195.0516447222222
 20
188.1129644444444
 30
0.0
 10
193.8550225
 20
190.4490588888889
 30
0.0
 10
193.4556780555555
 20
191.2308144444444
 30
0.0
 10
193.3780669444444
 20
191.3856838888888
 30
0.0
 10
193.0115308333333
 20
191.8799255555555
 30
0.0
 10
192.5698530555555
 20
192.7407033333333
 30
0.0
 10
192.1306447222222
 20
193.6053616666667
 30
0.0
 10
191.8149086111111
 20
194.3197366666666
 30
0.0
 10
191.8639447222222
 20
194.346195
 30
0.0
 10
194.5351780555555
 20
195.7128561111111
 30
0.0
 10
199.2726308333333
 20
197.1691227777777
 30
0.0
 10
202.4250530555555
 20
199.2046505555555
 30
0.0
 10
203.1824669444444
 20
199.6936005555555
 30
0.0
 10
205.3044252777777
 20
199.6466811111111
 30
0.0
 10
206.3472363888889
 20
199.6466811111111
 30
0.0
 10
210.4218197222222
 20
199.6466811111111
 30
0.0
 10
213.0105030555555
 20
195.7132088888889
 30
0.0
 10
215.6820891666666
 20
194.3465477777777
 30
0.0
 10
215.7311252777777
 20
194.3200894444444
 30
0.0
 10
215.4153891666666
 20
193.6053616666667
 30
0.0
 10
214.9726530555556
 20
192.7414088888888
 30
0.0
 10
214.5341502777777
 20
191.8802783333333
 30
0.0
 10
214.1676141666667
 20
191.3860366666666
 30
0.0
 10
214.0903558333333
 20
191.2311672222222
 30
0.0
 10
213.6910113888889
 20
190.4490588888889
 30
0.0
 10
212.4943891666667
 20
188.1133172222222
 30
0.0
 10
212.4943891666667
 20
188.1133172222222
 30
0.0
 10
213.3849178703704
 20
187.6577635185185
 30
0.0
 10
214.2754465740741
 20
187.2022098148148
 30
0.0
 10
215.1659752777778
 20
186.7466561111111
 30
0.0
 10
215.1659752777778
 20
186.7466561111111
 30
0.0
 10
216.3629502777777
 20
189.0859255555555
 30
0.0
 10
216.7615891666667
 20
189.8645061111111
 30
0.0
 10
216.8392002777777
 20
190.0193755555555
 30
0.0
 10
217.0286419444444
 20
190.6056922222222
 30
0.0
 10
217.4667919444444
 20
191.4668227777778
 30
0.0
 10
217.9088225
 20
192.3276005555555
 30
0.0
 10
218.3042863888889
 20
193.0066977777778
 30
0.0
 10
218.3533225
 20
192.9798866666666
 30
0.0
  0
SPLINE
  5
234
330
1F
100
AcDbEntity
  8
DEFAULT
 62
     1
100
AcDbSpline
210
0.0
220
0.0
230
1.0
 70
     8
 71
     3
 72
     8
 73
     4
 74
     0
 42
0.000000001
 43
0.0000000001
 40
0.0
 40
0.0
 40
0.0
 40
0.0
 40
1.0
 40
1.0
 40
1.0
 40
1.0
 10
191.9981766666667
 20
169.5385441666667
 30
0.0
 10
192.9732544444444
 20
169.5385441666667
 30
0.0
 10
191.6037711111111
 20
179.8565886111111
 30
0.0
 10
189.922785
 20
179.8565886111111
 30
0.0
  0
SPLINE
  5
235
330
1F
100
AcDbEntity
  8
DEFAULT
 62
     1
100
AcDbSpline
210
0.0
220
0.0
230
1.0
 70
     8
 71
     3
 72
     8
 73
     4
 74
     0
 42
0.000000001
 43
0.0000000001
 40
0.0
 40
0.0
 40
0.0
 40
0.0
 40
1.0
 40
1.0
 40
1.0
 40
1.0
 10
217.0244438888889
 20
182.3393327777777
 30
0.0
 10
216.0493661111111
 20
182.3393327777777
 30
0.0
 10
217.4188494444444
 20
172.0212883333333
 30
0.0
 10
219.0998355555556
 20
172.0212883333333
 30
0.0
  0
SPLINE
  5
236
330
1F
100
AcDbEntity
  8
DEFAULT
 62
   250
100
AcDbSpline
210
0.0
220
0.0
230
1.0
 70
     8
 71
     3
 72
    17
 73
    13
 74
     0
 42
0.000000001
 43
0.0000000001
 40
0.0
 40
0.0
 40
0.0
 40
0.0
 40
1.0
 40
1.0
 40
1.0
 40
2.0
 40
2.0
 40
2.0
 40
3.0
 40
3.0
 40
3.0
 40
4.0
 40
4.0
 40
4.0
 40
4.0
 10
178.6881533333333
 20
166.6610416666666
 30
0.0
 10
178.6246533333333
 20
166.5746111111111
 30
0.0
 10
178.4757811111111
 20
166.4444361111111
 30
0.0
 10
178.2570588888889
 20
166.3322527777778
 30
0.0
 10
177.7501172222222
 20
166.0722555555556
 30
0.0
 10
177.20437
 20
166.1971388888889
 30
0.0
 10
176.9020394444444
 20
166.7866305555555
 30
0.0
 10
176.6134672222222
 20
167.3496638888889
 30
0.0
 10
176.7997338888889
 20
167.9268083333333
 30
0.0
 10
177.3574755555555
 20
168.2125583333333
 30
0.0
 10
177.5814894444444
 20
168.3275638888889
 30
0.0
 10
177.747295
 20
168.3519055555555
 30
0.0
 10
177.8252588888889
 20
168.3515527777778
 30
0.0
  0
SPLINE
  5
237
330
1F
100
AcDbEntity
  8
DEFAULT
 62
   250
100
AcDbSpline
210
0.0
220
0.0
230
1.0
 70
     8
 71
     3
 72
    17
 73
    13
 74
     0
 42
0.000000001
 43
0.0000000001
 40
0.0
 40
0.0
 40
0.0
 40
0.0
 40
1.0
 40
1.0
 40
1.0
 40
2.0
 40
2.0
 40
2.0
 40
3.0
 40
3.0
 40
3.0
 40
4.0
 40
4.0
 40
4.0
 40
4.0
 10
160.4847494444444
 20
165.9632825
 30
0.0
 10
160.377505
 20
165.9643408333333
 30
0.0
 10
160.1848883333333
 20
166.0091436111111
 30
0.0
 10
159.9661661111111
 20
166.1213269444444
 30
0.0
 10
159.4592244444444
 20
166.3809713888889
 30
0.0
 10
159.2419133333333
 20
166.8970852777778
 30
0.0
 10
159.5438911111111
 20
167.4865769444444
 30
0.0
 10
159.8324633333333
 20
168.0496102777778
 30
0.0
 10
160.4096077777778
 20
168.2355241666666
 30
0.0
 10
160.9673494444444
 20
167.9497741666666
 30
0.0
 10
161.1913633333333
 20
167.8347686111111
 30
0.0
 10
161.3081327777778
 20
167.7144713888889
 30
0.0
 10
161.3532883333333
 20
167.6509713888889
 30
0.0
  0
POLYLINE
  5
238
330
1F
100
AcDbEntity
  8
DEFAULT
 62
   250
100
AcDb2dPolyline
 66
     1
 10
0.0
 20
0.0
 30
0.0
  0
VERTEX
  5
239
330
238
100
AcDbEntity
  8
DEFAULT
 62
   250
100
AcDbVertex
100
AcDb2dVertex
 10
169.7537033333333
 20
157.1978836111111
 30
0.0
  0
VERTEX
  5
23A
330
238
100
AcDbEntity
  8
DEFAULT
 62
   250
100
AcDbVertex
100
AcDb2dVertex
 10
168.9158561111111
 20
155.1768197222222
 30
0.0
  0
VERTEX
  5
23B
330
238
100
AcDbEntity
  8
DEFAULT
 62
   250
100
AcDbVertex
100
AcDb2dVertex
 10
168.0628394444444
 20
157.1978836111111
 30
0.0
  0
SEQEND
  5
23C
330
238
100
AcDbEntity
  8
DEFAULT
 62
   250
  0
SPLINE
  5
23D
330
1F
100
AcDbEntity
  8
DEFAULT
 62
     1
100
AcDbSpline
210
0.0
220
0.0
230
1.0
 70
    11
 71
     3
 72
   110
 73
   106
 74
     0
 42
0.000000001
 43
0.0000000001
 40
1.0
 40
1.0
 40
1.0
 40
1.0
 40
2.0
 40
2.0
 40
2.0
 40
3.0
 40
3.0
 40
3.0
 40
4.0
 40
4.0
 40
4.0
 40
5.0
 40
5.0
 40
5.0
 40
6.0
 40
6.0
 40
6.0
 40
7.0
 40
7.0
 40
7.0
 40
8.0
 40
8.0
 40
8.0
 40
9.0
 40
9.0
 40
9.0
 40
18.91999999999996
 40
18.91999999999996
 40
18.91999999999996
 40
27.41999999999996
 40
27.41999999999996
 40
27.41999999999996
 40
37.33999999999992
 40
37.33999999999992
 40
37.33999999999992
 40
38.33999999999992
 40
38.33999999999992
 40
38.33999999999992
 40
39.33999999999992
 40
39.33999999999992
 40
39.33999999999992
 40
40.33999999999992
 40
40.33999999999992
 40
40.33999999999992
 40
41.33999999999992
 40
41.33999999999992
 40
41.33999999999992
 40
42.33999999999992
 40
42.33999999999992
 40
42.33999999999992
 40
43.33999999999992
 40
43.33999999999992
 40
43.33999999999992
 40
44.33999999999992
 40
44.33999999999992
 40
44.33999999999992
 40
45.33999999999992
 40
45.33999999999992
 40
45.33999999999992
 40
46.33999999999992
 40
46.33999999999992
 40
46.33999999999992
 40
47.33999999999992
 40
47.33999999999992
 40
47.33999999999992
 40
55.84547235607752
 40
55.84547235607752
 40
55.84547235607752
 40
56.84547235607752
 40
56.84547235607752
 40
56.84547235607752
 40
57.84547235607752
 40
57.84547235607752
 40
57.84547235607752
 40
58.84547235607752
 40
58.84547235607752
 40
58.84547235607752
 40
59.84547235607752
 40
59.84547235607752
 40
59.84547235607752
 40
60.84547235607752
 40
60.84547235607752
 40
60.84547235607752
 40
61.84547235607752
 40
61.84547235607752
 40
61.84547235607752
 40
62.84547235607752
 40
62.84547235607752
 40
62.84547235607752
 40
63.84547235607752
 40
63.84547235607752
 40
63.84547235607752
 40
64.84547235607752
 40
64.84547235607752
 40
64.84547235607752
 40
73.35183497472948
 40
73.35183497472948
 40
73.35183497472948
 40
74.35183497472948
 40
74.35183497472948
 40
74.35183497472948
 40
75.35183497472948
 40
75.35183497472948
 40
75.35183497472948
 40
76.35183497472948
 40
76.35183497472948
 40
76.35183497472948
 40
76.35183497472948
 10
154.3283891666667
 20
158.8979902777778
 30
0.0
 10
151.1558586111111
 20
160.5211208333333
 30
0.0
 10
150.8806919444444
 20
161.8362763888889
 30
0.0
 10
150.8806919444444
 20
164.6906013888889
 30
0.0
 10
150.8806919444444
 20
168.3108069444444
 30
0.0
 10
152.2748697222222
 20
169.5384736111111
 30
0.0
 10
155.6573030555555
 20
169.5384736111111
 30
0.0
 10
157.6388558333333
 20
169.5384736111111
 30
0.0
 10
159.1790836111111
 20
170.5110819444444
 30
0.0
 10
159.1790836111111
 20
173.1145819444444
 30
0.0
 10
159.1790836111111
 20
177.7712486111111
 30
0.0
 10
162.4493336111111
 20
181.6623875
 30
0.0
 10
166.8202502777778
 20
182.6219430555555
 30
0.0
 10
167.3494169444444
 20
182.7207208333333
 30
0.0
 10
166.9084447222222
 20
180.6149902777778
 30
0.0
 10
166.9084447222222
 20
178.7696097222222
 30
0.0
 10
166.9084447222222
 20
171.8378791666667
 30
0.0
 10
166.9754725
 20
166.2318875
 30
0.0
 10
167.4097419444444
 20
166.2318875
 30
0.0
 10
167.4658336111111
 20
166.2318875
 30
0.0
 10
167.5081669444444
 20
165.4490736111111
 30
0.0
 10
167.5081669444444
 20
164.4821097222222
 30
0.0
 10
167.5081669444444
 20
163.5119708333333
 30
0.0
 10
167.4097419444444
 20
162.9051930555555
 30
0.0
 10
167.4097419444444
 20
162.7288041666667
 30
0.0
 10
167.4097419444444
 20
161.5622856481482
 30
0.0
 10
167.4097419444444
 20
160.3957671296296
 30
0.0
 10
167.4097419444444
 20
159.2292486111111
 30
0.0
 10
168.4092789814815
 20
159.2292486111111
 30
0.0
 10
169.4088160185185
 20
159.2292486111111
 30
0.0
 10
170.4083530555556
 20
159.2292486111111
 30
0.0
 10
170.4083530555556
 20
160.3957671296296
 30
0.0
 10
170.4083530555556
 20
161.5622856481482
 30
0.0
 10
170.4083530555556
 20
162.7288041666667
 30
0.0
 10
170.4083530555556
 20
162.9051930555555
 30
0.0
 10
170.3092225
 20
163.5119708333333
 30
0.0
 10
170.3092225
 20
164.4821097222222
 30
0.0
 10
170.3092225
 20
165.4490736111111
 30
0.0
 10
170.3550836111111
 20
166.2318875
 30
0.0
 10
170.4083530555556
 20
166.2318875
 30
0.0
 10
172.4368252777778
 20
166.2318875
 30
0.0
 10
171.7746613888889
 20
168.6325402777778
 30
0.0
 10
174.4462475
 20
169.9988486111111
 30
0.0
 10
174.4462475
 20
169.9988486111111
 30
0.0
 10
174.4444836111111
 20
170.0023763888889
 30
0.0
 10
177.1181863888889
 20
171.3619819444444
 30
0.0
 10
178.4217002777777
 20
172.0252041666667
 30
0.0
 10
180.8474002777778
 20
172.0213236111111
 30
0.0
 10
182.7587502777778
 20
172.0213236111111
 30
0.0
 10
185.6434141666666
 20
172.0213236111111
 30
0.0
 10
185.4578530555555
 20
167.9767263888889
 30
0.0
 10
185.4578530555555
 20
161.5053708333333
 30
0.0
 10
185.4578530555555
 20
160.4978375
 30
0.0
 10
184.8327308333333
 20
159.5844958333333
 30
0.0
 10
183.4893530555555
 20
158.8983430555555
 30
0.0
 10
183.4403169444444
 20
158.8715319444445
 30
0.0
 10
183.0445002777778
 20
159.5506291666667
 30
0.0
 10
182.6028225
 20
160.4114069444445
 30
0.0
 10
182.1643197222222
 20
161.2725375
 30
0.0
 10
181.9748780555555
 20
161.8588541666666
 30
0.0
 10
181.8972669444444
 20
162.0133708333333
 30
0.0
 10
181.4986280555555
 20
162.7923041666667
 30
0.0
 10
180.3016530555555
 20
165.1315736111111
 30
0.0
 10
180.3016530555555
 20
165.1315736111111
 30
0.0
 10
179.4112419444444
 20
164.6760199074074
 30
0.0
 10
178.5208308333333
 20
164.2204662037037
 30
0.0
 10
177.6304197222222
 20
163.7649125
 30
0.0
 10
177.6304197222222
 20
163.7649125
 30
0.0
 10
178.8266891666667
 20
161.4291708333333
 30
0.0
 10
179.2260336111111
 20
160.6470625
 30
0.0
 10
179.3036447222222
 20
160.4921930555556
 30
0.0
 10
179.6701808333333
 20
159.9979513888889
 30
0.0
 10
180.1118586111111
 20
159.1371736111111
 30
0.0
 10
180.5510669444444
 20
158.2725152777778
 30
0.0
 10
180.8668030555556
 20
157.5581402777778
 30
0.0
 10
180.8177669444444
 20
157.5316819444444
 30
0.0
 10
178.1465336111111
 20
156.1650208333333
 30
0.0
 10
173.4090808333333
 20
154.7087541666667
 30
0.0
 10
170.2566586111111
 20
152.6732263888889
 30
0.0
 10
169.4992447222222
 20
152.1842763888889
 30
0.0
 10
167.3772863888888
 20
152.2311958333333
 30
0.0
 10
166.3344752777778
 20
152.2311958333333
 30
0.0
 10
162.2598919444444
 20
152.2311958333333
 30
0.0
 10
159.6712086111111
 20
156.1650208333333
 30
0.0
 10
156.9996225
 20
157.5313291666667
 30
0.0
 10
156.9505863888889
 20
157.5577875
 30
0.0
 10
157.2666752777778
 20
158.2725152777778
 30
0.0
 10
157.7090586111111
 20
159.1364680555556
 30
0.0
 10
158.1475613888889
 20
159.9975986111111
 30
0.0
 10
158.5140975
 20
160.4918402777778
 30
0.0
 10
158.5913558333333
 20
160.6467097222222
 30
0.0
 10
158.9907002777778
 20
161.4288180555556
 30
0.0
 10
160.1873225
 20
163.7645597222222
 30
0.0
 10
160.1873225
 20
163.7645597222222
 30
0.0
 10
159.2967937962963
 20
164.2201134259259
 30
0.0
 10
158.4062650925926
 20
164.6756671296296
 30
0.0
 10
157.5157363888889
 20
165.1312208333333
 30
0.0
 10
157.5157363888889
 20
165.1312208333333
 30
0.0
 10
156.3187613888889
 20
162.7919513888889
 30
0.0
 10
155.9201225
 20
162.0133708333333
 30
0.0
 10
155.8425113888889
 20
161.8585013888889
 30
0.0
 10
155.6530697222222
 20
161.2721847222222
 30
0.0
 10
155.2149197222222
 20
160.4110541666666
 30
0.0
 10
154.7728891666667
 20
159.5502763888889
 30
0.0
 10
154.3774252777778
 20
158.8711791666666
 30
0.0
 10
154.3283891666667
 20
158.8979902777778
 30
0.0
  0
SPLINE
  5
23E
330
1F
100
AcDbEntity
  8
DEFAULT
 62
   250
100
AcDbSpline
210
0.0
220
0.0
230
1.0
 70
     8
 71
     3
 72
    17
 73
    13
 74
     0
 42
0.000000001
 43
0.0000000001
 40
0.0
 40
0.0
 40
0.0
 40
0.0
 40
1.0
 40
1.0
 40
1.0
 40
2.0
 40
2.0
 40
2.0
 40
3.0
 40
3.0
 40
3.0
 40
4.0
 40
4.0
 40
4.0
 40
4.0
 10
157.6513794444444
 20
185.2168
 30
0.0
 10
157.7148794444444
 20
185.3032305555555
 30
0.0
 10
157.8637516666666
 20
185.4334055555555
 30
0.0
 10
158.0824738888889
 20
185.5455888888889
 30
0.0
 10
158.5894155555555
 20
185.8052333333333
 30
0.0
 10
159.1351627777778
 20
185.6807027777778
 30
0.0
 10
159.4371405555555
 20
185.0912111111111
 30
0.0
 10
159.7257127777778
 20
184.5281777777778
 30
0.0
 10
159.5397988888889
 20
183.9510333333333
 30
0.0
 10
158.9820572222222
 20
183.6652833333333
 30
0.0
 10
158.7580433333333
 20
183.5502777777778
 30
0.0
 10
158.5922377777778
 20
183.5259361111111
 30
0.0
 10
158.5142738888889
 20
183.5262888888889
 30
0.0
  0
SPLINE
  5
23F
330
1F
100
AcDbEntity
  8
DEFAULT
 62
   250
100
AcDbSpline
210
0.0
220
0.0
230
1.0
 70
     8
 71
     3
 72
    17
 73
    13
 74
     0
 42
0.000000001
 43
0.0000000001
 40
0.0
 40
0.0
 40
0.0
 40
0.0
 40
1.0
 40
1.0
 40
1.0
 40
2.0
 40
2.0
 40
2.0
 40
3.0
 40
3.0
 40
3.0
 40
4.0
 40
4.0
 40
4.0
 40
4.0
 10
175.8547833333333
 20
185.9145944444444
 30
0.0
 10
175.9620277777778
 20
185.9135361111111
 30
0.0
 10
176.1546444444444
 20
185.8687333333333
 30
0.0
 10
176.3733666666667
 20
185.75655
 30
0.0
 10
176.8803083333333
 20
185.4969055555555
 30
0.0
 10
177.0976194444444
 20
184.9807916666666
 30
0.0
 10
176.7956416666666
 20
184.3913
 30
0.0
 10
176.5070694444444
 20
183.8282666666667
 30
0.0
 10
175.929925
 20
183.6423527777777
 30
0.0
 10
175.3721833333333
 20
183.9281027777778
 30
0.0
 10
175.1481694444444
 20
184.0431083333333
 30
0.0
 10
175.0314
 20
184.1634055555555
 30
0.0
 10
174.9862444444444
 20
184.2269055555555
 30
0.0
  0
POLYLINE
  5
240
330
1F
100
AcDbEntity
  8
DEFAULT
 62
   250
100
AcDb2dPolyline
 66
     1
 10
0.0
 20
0.0
 30
0.0
  0
VERTEX
  5
241
330
240
100
AcDbEntity
  8
DEFAULT
 62
   250
100
AcDbVertex
100
AcDb2dVertex
 10
166.5857941666667
 20
194.6799933333333
 30
0.0
  0
VERTEX
  5
242
330
240
100
AcDbEntity
  8
DEFAULT
 62
   250
100
AcDbVertex
100
AcDb2dVertex
 10
167.4236413888889
 20
196.7007044444444
 30
0.0
  0
VERTEX
  5
243
330
240
100
AcDbEntity
  8
DEFAULT
 62
   250
100
AcDbVertex
100
AcDb2dVertex
 10
168.2770108333333
 20
194.6799933333333
 30
0.0
  0
SEQEND
  5
244
330
240
100
AcDbEntity
  8
DEFAULT
 62
   250
  0
SPLINE
  5
245
330
1F
100
AcDbEntity
  8
DEFAULT
 62
     1
100
AcDbSpline
210
0.0
220
0.0
230
1.0
 70
    11
 71
     3
 72
   110
 73
   106
 74
     0
 42
0.000000001
 43
0.0000000001
 40
1.0
 40
1.0
 40
1.0
 40
1.0
 40
2.0
 40
2.0
 40
2.0
 40
3.0
 40
3.0
 40
3.0
 40
4.0
 40
4.0
 40
4.0
 40
5.0
 40
5.0
 40
5.0
 40
6.0
 40
6.0
 40
6.0
 40
7.0
 40
7.0
 40
7.0
 40
8.0
 40
8.0
 40
8.0
 40
9.0
 40
9.0
 40
9.0
 40
18.92000000000007
 40
18.92000000000007
 40
18.92000000000007
 40
27.42000000000007
 40
27.42000000000007
 40
27.42000000000007
 40
37.34000000000015
 40
37.34000000000015
 40
37.34000000000015
 40
38.34000000000015
 40
38.34000000000015
 40
38.34000000000015
 40
39.34000000000015
 40
39.34000000000015
 40
39.34000000000015
 40
40.34000000000015
 40
40.34000000000015
 40
40.34000000000015
 40
41.34000000000015
 40
41.34000000000015
 40
41.34000000000015
 40
42.34000000000015
 40
42.34000000000015
 40
42.34000000000015
 40
43.34000000000015
 40
43.34000000000015
 40
43.34000000000015
 40
44.34000000000015
 40
44.34000000000015
 40
44.34000000000015
 40
45.34000000000015
 40
45.34000000000015
 40
45.34000000000015
 40
46.34000000000015
 40
46.34000000000015
 40
46.34000000000015
 40
47.34000000000015
 40
47.34000000000015
 40
47.34000000000015
 40
55.84547235607769
 40
55.84547235607769
 40
55.84547235607769
 40
56.84547235607769
 40
56.84547235607769
 40
56.84547235607769
 40
57.84547235607769
 40
57.84547235607769
 40
57.84547235607769
 40
58.84547235607769
 40
58.84547235607769
 40
58.84547235607769
 40
59.84547235607769
 40
59.84547235607769
 40
59.84547235607769
 40
60.84547235607769
 40
60.84547235607769
 40
60.84547235607769
 40
61.84547235607769
 40
61.84547235607769
 40
61.84547235607769
 40
62.84547235607769
 40
62.84547235607769
 40
62.84547235607769
 40
63.84547235607769
 40
63.84547235607769
 40
63.84547235607769
 40
64.84547235607769
 40
64.84547235607769
 40
64.84547235607769
 40
73.35183497472968
 40
73.35183497472968
 40
73.35183497472968
 40
74.35183497472968
 40
74.35183497472968
 40
74.35183497472968
 40
75.35183497472968
 40
75.35183497472968
 40
75.35183497472968
 40
76.35183497472968
 40
76.35183497472968
 40
76.35183497472968
 40
76.35183497472968
 10
182.0124488888889
 20
192.9798866666666
 30
0.0
 10
185.1849794444444
 20
191.3567561111111
 30
0.0
 10
185.4601461111111
 20
190.0416005555555
 30
0.0
 10
185.4601461111111
 20
187.1872755555555
 30
0.0
 10
185.4601461111111
 20
183.56707
 30
0.0
 10
184.0659683333333
 20
182.3394033333333
 30
0.0
 10
180.6835349999999
 20
182.3394033333333
 30
0.0
 10
178.7019822222222
 20
182.3394033333333
 30
0.0
 10
177.1617544444444
 20
181.366795
 30
0.0
 10
177.1617544444444
 20
178.763295
 30
0.0
 10
177.1617544444444
 20
174.1066283333333
 30
0.0
 10
173.8915044444444
 20
170.2154894444444
 30
0.0
 10
169.5205877777778
 20
169.2559338888888
 30
0.0
 10
168.9914211111111
 20
169.1571561111111
 30
0.0
 10
169.4323933333333
 20
171.2632394444444
 30
0.0
 10
169.4323933333333
 20
173.1082672222222
 30
0.0
 10
169.4323933333333
 20
180.0403505555555
 30
0.0
 10
169.3653655555555
 20
185.6459894444444
 30
0.0
 10
168.9314488888889
 20
185.6459894444444
 30
0.0
 10
168.8750044444444
 20
185.6459894444444
 30
0.0
 10
168.8326711111111
 20
186.4291561111111
 30
0.0
 10
168.8326711111111
 20
187.3957672222222
 30
0.0
 10
168.8326711111111
 20
188.3659061111111
 30
0.0
 10
168.9314488888889
 20
188.9726838888888
 30
0.0
 10
168.9314488888889
 20
189.1490727777777
 30
0.0
 10
168.9314488888889
 20
190.3155912962963
 30
0.0
 10
168.9314488888889
 20
191.4821098148148
 30
0.0
 10
168.9314488888889
 20
192.6486283333333
 30
0.0
 10
167.9319118518519
 20
192.6486283333333
 30
0.0
 10
166.9323748148148
 20
192.6486283333333
 30
0.0
 10
165.9328377777778
 20
192.6486283333333
 30
0.0
 10
165.9328377777778
 20
191.4821098148148
 30
0.0
 10
165.9328377777778
 20
190.3155912962963
 30
0.0
 10
165.9328377777778
 20
189.1490727777777
 30
0.0
 10
165.9328377777778
 20
188.9726838888888
 30
0.0
 10
166.0316155555555
 20
188.3659061111111
 30
0.0
 10
166.0316155555555
 20
187.3957672222222
 30
0.0
 10
166.0316155555555
 20
186.4291561111111
 30
0.0
 10
165.9857544444444
 20
185.6459894444444
 30
0.0
 10
165.9328377777778
 20
185.6459894444444
 30
0.0
 10
163.9043655555555
 20
185.6459894444444
 30
0.0
 10
164.5658238888889
 20
183.2453366666666
 30
0.0
 10
161.8945905555555
 20
181.8790283333333
 30
0.0
 10
161.8945905555555
 20
181.8790283333333
 30
0.0
 10
161.8963544444444
 20
181.8755005555555
 30
0.0
 10
159.2226516666666
 20
180.515895
 30
0.0
 10
157.9191377777778
 20
179.8526727777777
 30
0.0
 10
155.4934377777778
 20
179.8565533333333
 30
0.0
 10
153.581735
 20
179.8565533333333
 30
0.0
 10
150.6974238888889
 20
179.8565533333333
 30
0.0
 10
150.882985
 20
183.9015033333333
 30
0.0
 10
150.882985
 20
190.3725061111111
 30
0.0
 10
150.882985
 20
191.3800394444444
 30
0.0
 10
151.5081072222222
 20
192.2933811111111
 30
0.0
 10
152.851485
 20
192.9795338888889
 30
0.0
 10
152.9005211111111
 20
193.006345
 30
0.0
 10
153.2963377777778
 20
192.3272477777777
 30
0.0
 10
153.7380155555555
 20
191.4668227777778
 30
0.0
 10
154.1765183333333
 20
190.6053394444444
 30
0.0
 10
154.36596
 20
190.0190227777777
 30
0.0
 10
154.4432183333333
 20
189.8645061111111
 30
0.0
 10
154.84221
 20
189.0859255555555
 30
0.0
 10
156.039185
 20
186.7463033333333
 30
0.0
 10
156.039185
 20
186.7463033333333
 30
0.0
 10
156.9295961111111
 20
187.201857037037
 30
0.0
 10
157.8200072222222
 20
187.6574107407407
 30
0.0
 10
158.7104183333333
 20
188.1129644444444
 30
0.0
 10
158.7104183333333
 20
188.1129644444444
 30
0.0
 10
157.5141488888889
 20
190.4490588888889
 30
0.0
 10
157.1148044444444
 20
191.2308144444444
 30
0.0
 10
157.0371933333333
 20
191.3856838888888
 30
0.0
 10
156.6706572222222
 20
191.8799255555555
 30
0.0
 10
156.2289794444444
 20
192.7407033333333
 30
0.0
 10
155.7897711111111
 20
193.6053616666667
 30
0.0
 10
155.474035
 20
194.3197366666666
 30
0.0
 10
155.5230711111111
 20
194.346195
 30
0.0
 10
158.1943044444444
 20
195.7128561111111
 30
0.0
 10
162.9317572222222
 20
197.1691227777777
 30
0.0
 10
166.0841794444444
 20
199.2046505555555
 30
0.0
 10
166.8415933333333
 20
199.6936005555555
 30
0.0
 10
168.9635516666667
 20
199.6466811111111
 30
0.0
 10
170.0063627777778
 20
199.6466811111111
 30
0.0
 10
174.0809461111111
 20
199.6466811111111
 30
0.0
 10
176.6696294444444
 20
195.7132088888889
 30
0.0
 10
179.3412155555555
 20
194.3465477777777
 30
0.0
 10
179.3902516666666
 20
194.3200894444444
 30
0.0
 10
179.0741627777778
 20
193.6053616666667
 30
0.0
 10
178.6317794444444
 20
192.7414088888888
 30
0.0
 10
178.1932766666666
 20
191.8802783333333
 30
0.0
 10
177.8267405555555
 20
191.3860366666666
 30
0.0
 10
177.7494822222222
 20
191.2311672222222
 30
0.0
 10
177.349785
 20
190.4490588888889
 30
0.0
 10
176.1535155555555
 20
188.1133172222222
 30
0.0
 10
176.1535155555555
 20
188.1133172222222
 30
0.0
 10
177.0440442592592
 20
187.6577635185185
 30
0.0
 10
177.934572962963
 20
187.2022098148148
 30
0.0
 10
178.8251016666666
 20
186.7466561111111
 30
0.0
 10
178.8251016666666
 20
186.7466561111111
 30
0.0
 10
180.0220766666666
 20
189.0859255555555
 30
0.0
 10
180.4207155555555
 20
189.8645061111111
 30
0.0
 10
180.4983266666667
 20
190.0193755555555
 30
0.0
 10
180.6877683333333
 20
190.6056922222222
 30
0.0
 10
181.1259183333333
 20
191.4668227777778
 30
0.0
 10
181.5679488888888
 20
192.3276005555555
 30
0.0
 10
181.9634127777777
 20
193.0066977777778
 30
0.0
 10
182.0124488888889
 20
192.9798866666666
 30
0.0
  0
SPLINE
  5
246
330
1F
100
AcDbEntity
  8
DEFAULT
 62
     1
100
AcDbSpline
210
0.0
220
0.0
230
1.0
 70
     8
 71
     3
 72
     8
 73
     4
 74
     0
 42
0.000000001
 43
0.0000000001
 40
0.0
 40
0.0
 40
0.0
 40
0.0
 40
1.0
 40
1.0
 40
1.0
 40
1.0
 10
155.6573030555555
 20
169.5385441666667
 30
0.0
 10
156.6323808333333
 20
169.5385441666667
 30
0.0
 10
155.2628975
 20
179.8565886111111
 30
0.0
 10
153.5819113888889
 20
179.8565886111111
 30
0.0
  0
SPLINE
  5
247
330
1F
100
AcDbEntity
  8
DEFAULT
 62
     1
100
AcDbSpline
210
0.0
220
0.0
230
1.0
 70
     8
 71
     3
 72
     8
 73
     4
 74
     0
 42
0.000000001
 43
0.0000000001
 40
0.0
 40
0.0
 40
0.0
 40
0.0
 40
1.0
 40
1.0
 40
1.0
 40
1.0
 10
180.6835702777778
 20
182.3393327777777
 30
0.0
 10
179.7081397222222
 20
182.3393327777777
 30
0.0
 10
181.0779758333333
 20
172.0212883333333
 30
0.0
 10
182.7589619444445
 20
172.0212883333333
 30
0.0
  0
SPLINE
  5
248
330
1F
100
AcDbEntity
  8
DEFAULT
 62
   250
100
AcDbSpline
210
0.0
220
0.0
230
1.0
 70
     8
 71
     3
 72
    17
 73
    13
 74
     0
 42
0.000000001
 43
0.0000000001
 40
0.0
 40
0.0
 40
0.0
 40
0.0
 40
1.0
 40
1.0
 40
1.0
 40
2.0
 40
2.0
 40
2.0
 40
3.0
 40
3.0
 40
3.0
 40
4.0
 40
4.0
 40
4.0
 40
4.0
 10
142.3472797222222
 20
166.6610416666666
 30
0.0
 10
142.2837797222222
 20
166.5746111111111
 30
0.0
 10
142.1349075
 20
166.4444361111111
 30
0.0
 10
141.9161852777778
 20
166.3322527777778
 30
0.0
 10
141.4092436111111
 20
166.0722555555556
 30
0.0
 10
140.8634963888889
 20
166.1971388888889
 30
0.0
 10
140.5611658333333
 20
166.7866305555555
 30
0.0
 10
140.2725936111111
 20
167.3496638888889
 30
0.0
 10
140.4588602777778
 20
167.9268083333333
 30
0.0
 10
141.0162491666667
 20
168.2125583333333
 30
0.0
 10
141.2406158333333
 20
168.3275638888889
 30
0.0
 10
141.4064213888889
 20
168.3519055555555
 30
0.0
 10
141.4843852777778
 20
168.3515527777778
 30
0.0
  0
SPLINE
  5
249
330
1F
100
AcDbEntity
  8
DEFAULT
 62
   250
100
AcDbSpline
210
0.0
220
0.0
230
1.0
 70
     8
 71
     3
 72
    17
 73
    13
 74
     0
 42
0.000000001
 43
0.0000000001
 40
0.0
 40
0.0
 40
0.0
 40
0.0
 40
1.0
 40
1.0
 40
1.0
 40
2.0
 40
2.0
 40
2.0
 40
3.0
 40
3.0
 40
3.0
 40
4.0
 40
4.0
 40
4.0
 40
4.0
 10
124.1438758333333
 20
165.9632825
 30
0.0
 10
124.0366313888889
 20
165.9643408333333
 30
0.0
 10
123.8440147222222
 20
166.0091436111111
 30
0.0
 10
123.6252925
 20
166.1213269444444
 30
0.0
 10
123.1183508333333
 20
166.3809713888889
 30
0.0
 10
122.9010397222222
 20
166.8970852777778
 30
0.0
 10
123.2030175
 20
167.4865769444444
 30
0.0
 10
123.4915897222222
 20
168.0496102777778
 30
0.0
 10
124.0687341666667
 20
168.2355241666666
 30
0.0
 10
124.6264758333333
 20
167.9497741666666
 30
0.0
 10
124.8504897222222
 20
167.8347686111111
 30
0.0
 10
124.9672591666667
 20
167.7144713888889
 30
0.0
 10
125.0124147222222
 20
167.6509713888889
 30
0.0
  0
POLYLINE
  5
24A
330
1F
100
AcDbEntity
  8
DEFAULT
 62
   250
100
AcDb2dPolyline
 66
     1
 10
0.0
 20
0.0
 30
0.0
  0
VERTEX
  5
24B
330
24A
100
AcDbEntity
  8
DEFAULT
 62
   250
100
AcDbVertex
100
AcDb2dVertex
 10
133.4128297222222
 20
157.1978836111111
 30
0.0
  0
VERTEX
  5
24C
330
24A
100
AcDbEntity
  8
DEFAULT
 62
   250
100
AcDbVertex
100
AcDb2dVertex
 10
132.5749825
 20
155.1768197222222
 30
0.0
  0
VERTEX
  5
24D
330
24A
100
AcDbEntity
  8
DEFAULT
 62
   250
100
AcDbVertex
100
AcDb2dVertex
 10
131.7219658333333
 20
157.1978836111111
 30
0.0
  0
SEQEND
  5
24E
330
24A
100
AcDbEntity
  8
DEFAULT
 62
   250
  0
SPLINE
  5
24F
330
1F
100
AcDbEntity
  8
DEFAULT
 62
     1
100
AcDbSpline
210
0.0
220
0.0
230
1.0
 70
    11
 71
     3
 72
   110
 73
   106
 74
     0
 42
0.000000001
 43
0.0000000001
 40
1.0
 40
1.0
 40
1.0
 40
1.0
 40
2.0
 40
2.0
 40
2.0
 40
3.0
 40
3.0
 40
3.0
 40
4.0
 40
4.0
 40
4.0
 40
5.0
 40
5.0
 40
5.0
 40
6.0
 40
6.0
 40
6.0
 40
7.0
 40
7.0
 40
7.0
 40
8.0
 40
8.0
 40
8.0
 40
9.0
 40
9.0
 40
9.0
 40
18.91999999999996
 40
18.91999999999996
 40
18.91999999999996
 40
27.41999999999996
 40
27.41999999999996
 40
27.41999999999996
 40
37.33999999999992
 40
37.33999999999992
 40
37.33999999999992
 40
38.33999999999992
 40
38.33999999999992
 40
38.33999999999992
 40
39.33999999999992
 40
39.33999999999992
 40
39.33999999999992
 40
40.33999999999992
 40
40.33999999999992
 40
40.33999999999992
 40
41.33999999999992
 40
41.33999999999992
 40
41.33999999999992
 40
42.33999999999992
 40
42.33999999999992
 40
42.33999999999992
 40
43.33999999999992
 40
43.33999999999992
 40
43.33999999999992
 40
44.33999999999992
 40
44.33999999999992
 40
44.33999999999992
 40
45.33999999999992
 40
45.33999999999992
 40
45.33999999999992
 40
46.33999999999992
 40
46.33999999999992
 40
46.33999999999992
 40
47.33999999999992
 40
47.33999999999992
 40
47.33999999999992
 40
55.84547235607752
 40
55.84547235607752
 40
55.84547235607752
 40
56.84547235607752
 40
56.84547235607752
 40
56.84547235607752
 40
57.84547235607752
 40
57.84547235607752
 40
57.84547235607752
 40
58.84547235607752
 40
58.84547235607752
 40
58.84547235607752
 40
59.84547235607752
 40
59.84547235607752
 40
59.84547235607752
 40
60.84547235607752
 40
60.84547235607752
 40
60.84547235607752
 40
61.84547235607752
 40
61.84547235607752
 40
61.84547235607752
 40
62.84547235607752
 40
62.84547235607752
 40
62.84547235607752
 40
63.84547235607752
 40
63.84547235607752
 40
63.84547235607752
 40
64.84547235607752
 40
64.84547235607752
 40
64.84547235607752
 40
73.35183497472948
 40
73.35183497472948
 40
73.35183497472948
 40
74.35183497472948
 40
74.35183497472948
 40
74.35183497472948
 40
75.35183497472948
 40
75.35183497472948
 40
75.35183497472948
 40
76.35183497472948
 40
76.35183497472948
 40
76.35183497472948
 40
76.35183497472948
 10
117.9875155555555
 20
158.8979902777778
 30
0.0
 10
114.814985
 20
160.5211208333333
 30
0.0
 10
114.5398183333333
 20
161.8362763888889
 30
0.0
 10
114.5398183333333
 20
164.6906013888889
 30
0.0
 10
114.5398183333333
 20
168.3108069444444
 30
0.0
 10
115.9339961111111
 20
169.5384736111111
 30
0.0
 10
119.3164294444444
 20
169.5384736111111
 30
0.0
 10
121.2979822222222
 20
169.5384736111111
 30
0.0
 10
122.83821
 20
170.5110819444444
 30
0.0
 10
122.83821
 20
173.1145819444444
 30
0.0
 10
122.83821
 20
177.7712486111111
 30
0.0
 10
126.10846
 20
181.6623875
 30
0.0
 10
130.4793766666666
 20
182.6219430555555
 30
0.0
 10
131.0085433333333
 20
182.7207208333333
 30
0.0
 10
130.5675711111111
 20
180.6149902777778
 30
0.0
 10
130.5675711111111
 20
178.7696097222222
 30
0.0
 10
130.5675711111111
 20
171.8378791666667
 30
0.0
 10
130.6345988888889
 20
166.2318875
 30
0.0
 10
131.0685155555555
 20
166.2318875
 30
0.0
 10
131.12496
 20
166.2318875
 30
0.0
 10
131.1672933333333
 20
165.4490736111111
 30
0.0
 10
131.1672933333333
 20
164.4821097222222
 30
0.0
 10
131.1672933333333
 20
163.5119708333333
 30
0.0
 10
131.0685155555555
 20
162.9051930555555
 30
0.0
 10
131.0685155555555
 20
162.7288041666667
 30
0.0
 10
131.0685155555555
 20
161.5622856481482
 30
0.0
 10
131.0685155555555
 20
160.3957671296296
 30
0.0
 10
131.0685155555555
 20
159.2292486111111
 30
0.0
 10
132.0680525925926
 20
159.2292486111111
 30
0.0
 10
133.0675896296296
 20
159.2292486111111
 30
0.0
 10
134.0671266666667
 20
159.2292486111111
 30
0.0
 10
134.0671266666667
 20
160.3957671296296
 30
0.0
 10
134.0671266666667
 20
161.5622856481482
 30
0.0
 10
134.0671266666667
 20
162.7288041666667
 30
0.0
 10
134.0671266666667
 20
162.9051930555555
 30
0.0
 10
133.9683488888889
 20
163.5119708333333
 30
0.0
 10
133.9683488888889
 20
164.4821097222222
 30
0.0
 10
133.9683488888889
 20
165.4490736111111
 30
0.0
 10
134.01421
 20
166.2318875
 30
0.0
 10
134.0671266666667
 20
166.2318875
 30
0.0
 10
136.0955988888889
 20
166.2318875
 30
0.0
 10
135.4337877777778
 20
168.6325402777778
 30
0.0
 10
138.1053738888889
 20
169.9988486111111
 30
0.0
 10
138.1053738888889
 20
169.9988486111111
 30
0.0
 10
138.10361
 20
170.0023763888889
 30
0.0
 10
140.7773127777778
 20
171.3619819444444
 30
0.0
 10
142.0808266666667
 20
172.0252041666667
 30
0.0
 10
144.5065266666667
 20
172.0213236111111
 30
0.0
 10
146.4178766666667
 20
172.0213236111111
 30
0.0
 10
149.3025405555555
 20
172.0213236111111
 30
0.0
 10
149.1169794444444
 20
167.9767263888889
 30
0.0
 10
149.1169794444444
 20
161.5053708333333
 30
0.0
 10
149.1169794444444
 20
160.4978375
 30
0.0
 10
148.4918572222222
 20
159.5844958333333
 30
0.0
 10
147.1484794444444
 20
158.8983430555555
 30
0.0
 10
147.0990905555556
 20
158.8715319444445
 30
0.0
 10
146.7036266666667
 20
159.5506291666667
 30
0.0
 10
146.2619488888889
 20
160.4114069444445
 30
0.0
 10
145.8234461111111
 20
161.2725375
 30
0.0
 10
145.6340044444444
 20
161.8588541666666
 30
0.0
 10
145.5563933333333
 20
162.0133708333333
 30
0.0
 10
145.1577544444445
 20
162.7923041666667
 30
0.0
 10
143.9607794444444
 20
165.1315736111111
 30
0.0
 10
143.9607794444444
 20
165.1315736111111
 30
0.0
 10
143.0703683333333
 20
164.6760199074074
 30
0.0
 10
142.1799572222222
 20
164.2204662037037
 30
0.0
 10
141.2895461111111
 20
163.7649125
 30
0.0
 10
141.2895461111111
 20
163.7649125
 30
0.0
 10
142.4858155555555
 20
161.4291708333333
 30
0.0
 10
142.88516
 20
160.6470625
 30
0.0
 10
142.9627711111111
 20
160.4921930555556
 30
0.0
 10
143.3293072222222
 20
159.9979513888889
 30
0.0
 10
143.770985
 20
159.1371736111111
 30
0.0
 10
144.2101933333333
 20
158.2725152777778
 30
0.0
 10
144.5259294444444
 20
157.5581402777778
 30
0.0
 10
144.4768933333333
 20
157.5316819444444
 30
0.0
 10
141.80566
 20
156.1650208333333
 30
0.0
 10
137.0682072222222
 20
154.7087541666667
 30
0.0
 10
133.915785
 20
152.6732263888889
 30
0.0
 10
133.1583711111111
 20
152.1842763888889
 30
0.0
 10
131.0364127777778
 20
152.2311958333333
 30
0.0
 10
129.9936016666667
 20
152.2311958333333
 30
0.0
 10
125.9190183333333
 20
152.2311958333333
 30
0.0
 10
123.330335
 20
156.1650208333333
 30
0.0
 10
120.6587488888889
 20
157.5313291666667
 30
0.0
 10
120.6097127777778
 20
157.5577875
 30
0.0
 10
120.9258016666667
 20
158.2725152777778
 30
0.0
 10
121.368185
 20
159.1364680555556
 30
0.0
 10
121.8066877777778
 20
159.9975986111111
 30
0.0
 10
122.1732238888889
 20
160.4918402777778
 30
0.0
 10
122.2504822222222
 20
160.6467097222222
 30
0.0
 10
122.6498266666667
 20
161.4288180555556
 30
0.0
 10
123.8464488888889
 20
163.7645597222222
 30
0.0
 10
123.8464488888889
 20
163.7645597222222
 30
0.0
 10
122.9559201851852
 20
164.2201134259259
 30
0.0
 10
122.0653914814815
 20
164.6756671296296
 30
0.0
 10
121.1748627777778
 20
165.1312208333333
 30
0.0
 10
121.1748627777778
 20
165.1312208333333
 30
0.0
 10
119.9778877777778
 20
162.7919513888889
 30
0.0
 10
119.5792488888889
 20
162.0133708333333
 30
0.0
 10
119.5016377777778
 20
161.8585013888889
 30
0.0
 10
119.3121961111111
 20
161.2721847222222
 30
0.0
 10
118.8740461111111
 20
160.4110541666666
 30
0.0
 10
118.4320155555556
 20
159.5502763888889
 30
0.0
 10
118.0365516666667
 20
158.8711791666666
 30
0.0
 10
117.9875155555555
 20
158.8979902777778
 30
0.0
  0
SPLINE
  5
250
330
1F
100
AcDbEntity
  8
DEFAULT
 62
   250
100
AcDbSpline
210
0.0
220
0.0
230
1.0
 70
     8
 71
     3
 72
    17
 73
    13
 74
     0
 42
0.000000001
 43
0.0000000001
 40
0.0
 40
0.0
 40
0.0
 40
0.0
 40
1.0
 40
1.0
 40
1.0
 40
2.0
 40
2.0
 40
2.0
 40
3.0
 40
3.0
 40
3.0
 40
4.0
 40
4.0
 40
4.0
 40
4.0
 10
121.3105058333333
 20
185.2168
 30
0.0
 10
121.3740058333333
 20
185.3032305555555
 30
0.0
 10
121.5228780555555
 20
185.4334055555555
 30
0.0
 10
121.7416002777778
 20
185.5455888888889
 30
0.0
 10
122.2485419444444
 20
185.8052333333333
 30
0.0
 10
122.7942891666667
 20
185.6807027777778
 30
0.0
 10
123.0962669444444
 20
185.0912111111111
 30
0.0
 10
123.3848391666667
 20
184.5281777777778
 30
0.0
 10
123.1989252777778
 20
183.9510333333333
 30
0.0
 10
122.6411836111111
 20
183.6652833333333
 30
0.0
 10
122.4171697222222
 20
183.5502777777778
 30
0.0
 10
122.2513641666666
 20
183.5259361111111
 30
0.0
 10
122.1734002777778
 20
183.5262888888889
 30
0.0
  0
SPLINE
  5
251
330
1F
100
AcDbEntity
  8
DEFAULT
 62
   250
100
AcDbSpline
210
0.0
220
0.0
230
1.0
 70
     8
 71
     3
 72
    17
 73
    13
 74
     0
 42
0.000000001
 43
0.0000000001
 40
0.0
 40
0.0
 40
0.0
 40
0.0
 40
1.0
 40
1.0
 40
1.0
 40
2.0
 40
2.0
 40
2.0
 40
3.0
 40
3.0
 40
3.0
 40
4.0
 40
4.0
 40
4.0
 40
4.0
 10
139.5139097222222
 20
185.9145944444444
 30
0.0
 10
139.6211541666667
 20
185.9135361111111
 30
0.0
 10
139.8137708333333
 20
185.8687333333333
 30
0.0
 10
140.0324930555556
 20
185.75655
 30
0.0
 10
140.5394347222222
 20
185.4969055555555
 30
0.0
 10
140.7570986111111
 20
184.9807916666666
 30
0.0
 10
140.4547680555555
 20
184.3913
 30
0.0
 10
140.1661958333333
 20
183.8282666666667
 30
0.0
 10
139.5890513888889
 20
183.6423527777777
 30
0.0
 10
139.0313097222222
 20
183.9281027777778
 30
0.0
 10
138.8072958333333
 20
184.0431083333333
 30
0.0
 10
138.6905263888889
 20
184.1634055555555
 30
0.0
 10
138.6453708333333
 20
184.2269055555555
 30
0.0
  0
POLYLINE
  5
252
330
1F
100
AcDbEntity
  8
DEFAULT
 62
   250
100
AcDb2dPolyline
 66
     1
 10
0.0
 20
0.0
 30
0.0
  0
VERTEX
  5
253
330
252
100
AcDbEntity
  8
DEFAULT
 62
   250
100
AcDbVertex
100
AcDb2dVertex
 10
130.2449205555556
 20
194.6799933333333
 30
0.0
  0
VERTEX
  5
254
330
252
100
AcDbEntity
  8
DEFAULT
 62
   250
100
AcDbVertex
100
AcDb2dVertex
 10
131.0827677777778
 20
196.7007044444445
 30
0.0
  0
VERTEX
  5
255
330
252
100
AcDbEntity
  8
DEFAULT
 62
   250
100
AcDbVertex
100
AcDb2dVertex
 10
131.9357844444444
 20
194.6799933333333
 30
0.0
  0
SEQEND
  5
256
330
252
100
AcDbEntity
  8
DEFAULT
 62
   250
  0
SPLINE
  5
257
330
1F
100
AcDbEntity
  8
DEFAULT
 62
     1
100
AcDbSpline
210
0.0
220
0.0
230
1.0
 70
    11
 71
     3
 72
   110
 73
   106
 74
     0
 42
0.000000001
 43
0.0000000001
 40
1.0
 40
1.0
 40
1.0
 40
1.0
 40
2.0
 40
2.0
 40
2.0
 40
3.0
 40
3.0
 40
3.0
 40
4.0
 40
4.0
 40
4.0
 40
5.0
 40
5.0
 40
5.0
 40
6.0
 40
6.0
 40
6.0
 40
7.0
 40
7.0
 40
7.0
 40
8.0
 40
8.0
 40
8.0
 40
9.0
 40
9.0
 40
9.0
 40
18.92000000000007
 40
18.92000000000007
 40
18.92000000000007
 40
27.42000000000007
 40
27.42000000000007
 40
27.42000000000007
 40
37.34000000000015
 40
37.34000000000015
 40
37.34000000000015
 40
38.34000000000015
 40
38.34000000000015
 40
38.34000000000015
 40
39.34000000000015
 40
39.34000000000015
 40
39.34000000000015
 40
40.34000000000015
 40
40.34000000000015
 40
40.34000000000015
 40
41.34000000000015
 40
41.34000000000015
 40
41.34000000000015
 40
42.34000000000015
 40
42.34000000000015
 40
42.34000000000015
 40
43.34000000000015
 40
43.34000000000015
 40
43.34000000000015
 40
44.34000000000015
 40
44.34000000000015
 40
44.34000000000015
 40
45.34000000000015
 40
45.34000000000015
 40
45.34000000000015
 40
46.34000000000015
 40
46.34000000000015
 40
46.34000000000015
 40
47.34000000000015
 40
47.34000000000015
 40
47.34000000000015
 40
55.84636261865208
 40
55.84636261865208
 40
55.84636261865208
 40
56.84636261865208
 40
56.84636261865208
 40
56.84636261865208
 40
57.84636261865208
 40
57.84636261865208
 40
57.84636261865208
 40
58.84636261865208
 40
58.84636261865208
 40
58.84636261865208
 40
59.84636261865208
 40
59.84636261865208
 40
59.84636261865208
 40
60.84636261865208
 40
60.84636261865208
 40
60.84636261865208
 40
61.84636261865208
 40
61.84636261865208
 40
61.84636261865208
 40
62.84636261865208
 40
62.84636261865208
 40
62.84636261865208
 40
63.84636261865208
 40
63.84636261865208
 40
63.84636261865208
 40
64.84636261865208
 40
64.84636261865208
 40
64.84636261865208
 40
73.35272523730407
 40
73.35272523730407
 40
73.35272523730407
 40
74.35272523730407
 40
74.35272523730407
 40
74.35272523730407
 40
75.35272523730407
 40
75.35272523730407
 40
75.35272523730407
 40
76.35272523730407
 40
76.35272523730407
 40
76.35272523730407
 40
76.35272523730407
 10
145.6715752777778
 20
192.9798866666666
 30
0.0
 10
148.8441058333333
 20
191.3567561111111
 30
0.0
 10
149.1192725
 20
190.0416005555555
 30
0.0
 10
149.1192725
 20
187.1872755555555
 30
0.0
 10
149.1192725
 20
183.56707
 30
0.0
 10
147.7250947222222
 20
182.3394033333333
 30
0.0
 10
144.3426613888889
 20
182.3394033333333
 30
0.0
 10
142.3611086111111
 20
182.3394033333333
 30
0.0
 10
140.8208808333333
 20
181.366795
 30
0.0
 10
140.8208808333333
 20
178.763295
 30
0.0
 10
140.8208808333333
 20
174.1066283333333
 30
0.0
 10
137.5506308333333
 20
170.2154894444444
 30
0.0
 10
133.1797141666667
 20
169.2559338888888
 30
0.0
 10
132.6505475
 20
169.1571561111111
 30
0.0
 10
133.0915197222222
 20
171.2632394444444
 30
0.0
 10
133.0915197222222
 20
173.1082672222222
 30
0.0
 10
133.0915197222222
 20
180.0403505555555
 30
0.0
 10
133.0244919444444
 20
185.6459894444444
 30
0.0
 10
132.5905752777778
 20
185.6459894444444
 30
0.0
 10
132.5341308333333
 20
185.6459894444444
 30
0.0
 10
132.4917975
 20
186.4291561111111
 30
0.0
 10
132.4917975
 20
187.3957672222222
 30
0.0
 10
132.4917975
 20
188.3659061111111
 30
0.0
 10
132.5905752777778
 20
188.9726838888888
 30
0.0
 10
132.5905752777778
 20
189.1490727777777
 30
0.0
 10
132.5905752777778
 20
190.3155912962963
 30
0.0
 10
132.5905752777778
 20
191.4821098148148
 30
0.0
 10
132.5905752777778
 20
192.6486283333333
 30
0.0
 10
131.5910382407407
 20
192.6486283333333
 30
0.0
 10
130.5915012037037
 20
192.6486283333333
 30
0.0
 10
129.5919641666667
 20
192.6486283333333
 30
0.0
 10
129.5919641666667
 20
191.4821098148148
 30
0.0
 10
129.5919641666667
 20
190.3155912962963
 30
0.0
 10
129.5919641666667
 20
189.1490727777777
 30
0.0
 10
129.5919641666667
 20
188.9726838888888
 30
0.0
 10
129.6907419444444
 20
188.3659061111111
 30
0.0
 10
129.6907419444444
 20
187.3957672222222
 30
0.0
 10
129.6907419444444
 20
186.4291561111111
 30
0.0
 10
129.6448808333333
 20
185.6459894444444
 30
0.0
 10
129.5919641666667
 20
185.6459894444444
 30
0.0
 10
127.5634919444444
 20
185.6459894444444
 30
0.0
 10
128.2253030555555
 20
183.2453366666666
 30
0.0
 10
125.5537169444444
 20
181.8790283333333
 30
0.0
 10
125.5537169444444
 20
181.8790283333333
 30
0.0
 10
125.5554808333333
 20
181.8755005555555
 30
0.0
 10
122.8817780555555
 20
180.515895
 30
0.0
 10
121.5782641666667
 20
179.8526727777777
 30
0.0
 10
119.1525641666667
 20
179.8565533333333
 30
0.0
 10
117.2408613888889
 20
179.8565533333333
 30
0.0
 10
114.3565502777778
 20
179.8565533333333
 30
0.0
 10
114.5421113888889
 20
183.9015033333333
 30
0.0
 10
114.5421113888889
 20
190.3725061111111
 30
0.0
 10
114.5421113888889
 20
191.3800394444444
 30
0.0
 10
115.1672336111111
 20
192.2933811111111
 30
0.0
 10
116.5106113888889
 20
192.9795338888889
 30
0.0
 10
116.5596475
 20
193.006345
 30
0.0
 10
116.9554641666666
 20
192.3272477777777
 30
0.0
 10
117.3971419444444
 20
191.4668227777778
 30
0.0
 10
117.8356447222222
 20
190.6053394444444
 30
0.0
 10
118.0250863888889
 20
190.0190227777777
 30
0.0
 10
118.1026975
 20
189.8645061111111
 30
0.0
 10
118.5013363888889
 20
189.0859255555555
 30
0.0
 10
119.6983113888889
 20
186.7463033333333
 30
0.0
 10
119.6983113888889
 20
186.7463033333333
 30
0.0
 10
120.5888400925926
 20
187.201857037037
 30
0.0
 10
121.4793687962963
 20
187.6574107407407
 30
0.0
 10
122.3698975
 20
188.1129644444444
 30
0.0
 10
122.3698975
 20
188.1129644444444
 30
0.0
 10
121.1732752777778
 20
190.4490588888889
 30
0.0
 10
120.7739308333333
 20
191.2308144444444
 30
0.0
 10
120.6963197222222
 20
191.3856838888888
 30
0.0
 10
120.3297836111111
 20
191.8799255555555
 30
0.0
 10
119.8881058333333
 20
192.7407033333333
 30
0.0
 10
119.4488975
 20
193.6053616666667
 30
0.0
 10
119.1331613888889
 20
194.3197366666666
 30
0.0
 10
119.1821975
 20
194.346195
 30
0.0
 10
121.8534308333333
 20
195.7128561111111
 30
0.0
 10
126.5908836111111
 20
197.1691227777777
 30
0.0
 10
129.7433058333333
 20
199.2046505555555
 30
0.0
 10
130.5007197222222
 20
199.6936005555555
 30
0.0
 10
132.6226780555556
 20
199.6466811111111
 30
0.0
 10
133.6654891666666
 20
199.6466811111111
 30
0.0
 10
137.7400725
 20
199.6466811111111
 30
0.0
 10
140.3287558333333
 20
195.7132088888889
 30
0.0
 10
143.0003419444444
 20
194.3465477777777
 30
0.0
 10
143.0493780555555
 20
194.3200894444444
 30
0.0
 10
142.7336419444444
 20
193.6053616666667
 30
0.0
 10
142.2909058333333
 20
192.7414088888888
 30
0.0
 10
141.8524030555555
 20
191.8802783333333
 30
0.0
 10
141.4858669444444
 20
191.3860366666666
 30
0.0
 10
141.4086086111111
 20
191.2311672222222
 30
0.0
 10
141.0092641666666
 20
190.4490588888889
 30
0.0
 10
139.8126419444444
 20
188.1133172222222
 30
0.0
 10
139.8126419444444
 20
188.1133172222222
 30
0.0
 10
140.7031706481481
 20
187.6577635185185
 30
0.0
 10
141.5936993518519
 20
187.2022098148148
 30
0.0
 10
142.4842280555555
 20
186.7466561111111
 30
0.0
 10
142.4842280555555
 20
186.7466561111111
 30
0.0
 10
143.6812030555556
 20
189.0859255555555
 30
0.0
 10
144.0798419444444
 20
189.8645061111111
 30
0.0
 10
144.1574530555555
 20
190.0193755555555
 30
0.0
 10
144.3468947222222
 20
190.6056922222222
 30
0.0
 10
144.7850447222222
 20
191.4668227777778
 30
0.0
 10
145.2270752777778
 20
192.3276005555555
 30
0.0
 10
145.6225391666667
 20
193.0066977777778
 30
0.0
 10
145.6715752777778
 20
192.9798866666666
 30
0.0
  0
SPLINE
  5
258
330
1F
100
AcDbEntity
  8
DEFAULT
 62
     1
100
AcDbSpline
210
0.0
220
0.0
230
1.0
 70
     8
 71
     3
 72
     8
 73
     4
 74
     0
 42
0.000000001
 43
0.0000000001
 40
0.0
 40
0.0
 40
0.0
 40
0.0
 40
1.0
 40
1.0
 40
1.0
 40
1.0
 10
119.3164294444444
 20
169.5385441666667
 30
0.0
 10
120.2915072222222
 20
169.5385441666667
 30
0.0
 10
118.9220238888889
 20
179.8565886111111
 30
0.0
 10
117.2410377777778
 20
179.8565886111111
 30
0.0
  0
SPLINE
  5
259
330
1F
100
AcDbEntity
  8
DEFAULT
 62
     1
100
AcDbSpline
210
0.0
220
0.0
230
1.0
 70
     8
 71
     3
 72
     8
 73
     4
 74
     0
 42
0.000000001
 43
0.0000000001
 40
0.0
 40
0.0
 40
0.0
 40
0.0
 40
1.0
 40
1.0
 40
1.0
 40
1.0
 10
144.3426966666667
 20
182.3393327777777
 30
0.0
 10
143.3676188888889
 20
182.3393327777777
 30
0.0
 10
144.7371022222222
 20
172.0212883333333
 30
0.0
 10
146.4180883333333
 20
172.0212883333333
 30
0.0
  0
SPLINE
  5
25A
330
1F
100
AcDbEntity
  8
DEFAULT
 62
   250
100
AcDbSpline
210
0.0
220
0.0
230
1.0
 70
     8
 71
     3
 72
    17
 73
    13
 74
     0
 42
0.000000001
 43
0.0000000001
 40
0.0
 40
0.0
 40
0.0
 40
0.0
 40
1.0
 40
1.0
 40
1.0
 40
2.0
 40
2.0
 40
2.0
 40
3.0
 40
3.0
 40
3.0
 40
4.0
 40
4.0
 40
4.0
 40
4.0
 10
106.0064061111111
 20
166.6610416666666
 30
0.0
 10
105.9429061111111
 20
166.5746111111111
 30
0.0
 10
105.7940338888889
 20
166.4444361111111
 30
0.0
 10
105.5753116666667
 20
166.3322527777778
 30
0.0
 10
105.06837
 20
166.0722555555556
 30
0.0
 10
104.5226227777778
 20
166.1971388888889
 30
0.0
 10
104.2202922222222
 20
166.7866305555555
 30
0.0
 10
103.93172
 20
167.3496638888889
 30
0.0
 10
104.1179866666666
 20
167.9268083333333
 30
0.0
 10
104.6757283333333
 20
168.2125583333333
 30
0.0
 10
104.8997422222222
 20
168.3275638888889
 30
0.0
 10
105.0655477777778
 20
168.3519055555555
 30
0.0
 10
105.1435116666666
 20
168.3515527777778
 30
0.0
  0
SPLINE
  5
25B
330
1F
100
AcDbEntity
  8
DEFAULT
 62
   250
100
AcDbSpline
210
0.0
220
0.0
230
1.0
 70
     8
 71
     3
 72
    17
 73
    13
 74
     0
 42
0.000000001
 43
0.0000000001
 40
0.0
 40
0.0
 40
0.0
 40
0.0
 40
1.0
 40
1.0
 40
1.0
 40
2.0
 40
2.0
 40
2.0
 40
3.0
 40
3.0
 40
3.0
 40
4.0
 40
4.0
 40
4.0
 40
4.0
 10
87.80300222222222
 20
165.9632825
 30
0.0
 10
87.69575777777777
 20
165.9643408333333
 30
0.0
 10
87.5031411111111
 20
166.0091436111111
 30
0.0
 10
87.28441888888888
 20
166.1213269444444
 30
0.0
 10
86.77747722222222
 20
166.3809713888889
 30
0.0
 10
86.5601661111111
 20
166.8970852777778
 30
0.0
 10
86.86214388888888
 20
167.4865769444444
 30
0.0
 10
87.15071611111111
 20
168.0496102777778
 30
0.0
 10
87.72786055555555
 20
168.2355241666666
 30
0.0
 10
88.28560222222221
 20
167.9497741666666
 30
0.0
 10
88.5096161111111
 20
167.8347686111111
 30
0.0
 10
88.62638555555554
 20
167.7144713888889
 30
0.0
 10
88.6715411111111
 20
167.6509713888889
 30
0.0
  0
POLYLINE
  5
25C
330
1F
100
AcDbEntity
  8
DEFAULT
 62
   250
100
AcDb2dPolyline
 66
     1
 10
0.0
 20
0.0
 30
0.0
  0
VERTEX
  5
25D
330
25C
100
AcDbEntity
  8
DEFAULT
 62
   250
100
AcDbVertex
100
AcDb2dVertex
 10
97.0719561111111
 20
157.1978836111111
 30
0.0
  0
VERTEX
  5
25E
330
25C
100
AcDbEntity
  8
DEFAULT
 62
   250
100
AcDbVertex
100
AcDb2dVertex
 10
96.23410888888888
 20
155.1768197222222
 30
0.0
  0
VERTEX
  5
25F
330
25C
100
AcDbEntity
  8
DEFAULT
 62
   250
100
AcDbVertex
100
AcDb2dVertex
 10
95.38073944444444
 20
157.1978836111111
 30
0.0
  0
SEQEND
  5
260
330
25C
100
AcDbEntity
  8
DEFAULT
 62
   250
  0
SPLINE
  5
261
330
1F
100
AcDbEntity
  8
DEFAULT
 62
     1
100
AcDbSpline
210
0.0
220
0.0
230
1.0
 70
    11
 71
     3
 72
   110
 73
   106
 74
     0
 42
0.000000001
 43
0.0000000001
 40
1.0
 40
1.0
 40
1.0
 40
1.0
 40
2.0
 40
2.0
 40
2.0
 40
3.0
 40
3.0
 40
3.0
 40
4.0
 40
4.0
 40
4.0
 40
5.0
 40
5.0
 40
5.0
 40
6.0
 40
6.0
 40
6.0
 40
7.0
 40
7.0
 40
7.0
 40
8.0
 40
8.0
 40
8.0
 40
9.0
 40
9.0
 40
9.0
 40
18.91999999999996
 40
18.91999999999996
 40
18.91999999999996
 40
27.41999999999996
 40
27.41999999999996
 40
27.41999999999996
 40
37.33999999999992
 40
37.33999999999992
 40
37.33999999999992
 40
38.33999999999992
 40
38.33999999999992
 40
38.33999999999992
 40
39.33999999999992
 40
39.33999999999992
 40
39.33999999999992
 40
40.33999999999992
 40
40.33999999999992
 40
40.33999999999992
 40
41.33999999999992
 40
41.33999999999992
 40
41.33999999999992
 40
42.33999999999992
 40
42.33999999999992
 40
42.33999999999992
 40
43.33999999999992
 40
43.33999999999992
 40
43.33999999999992
 40
44.33999999999992
 40
44.33999999999992
 40
44.33999999999992
 40
45.33999999999992
 40
45.33999999999992
 40
45.33999999999992
 40
46.33999999999992
 40
46.33999999999992
 40
46.33999999999992
 40
47.33999999999992
 40
47.33999999999992
 40
47.33999999999992
 40
55.84547235607752
 40
55.84547235607752
 40
55.84547235607752
 40
56.84547235607752
 40
56.84547235607752
 40
56.84547235607752
 40
57.84547235607752
 40
57.84547235607752
 40
57.84547235607752
 40
58.84547235607752
 40
58.84547235607752
 40
58.84547235607752
 40
59.84547235607752
 40
59.84547235607752
 40
59.84547235607752
 40
60.84547235607752
 40
60.84547235607752
 40
60.84547235607752
 40
61.84547235607752
 40
61.84547235607752
 40
61.84547235607752
 40
62.84547235607752
 40
62.84547235607752
 40
62.84547235607752
 40
63.84547235607752
 40
63.84547235607752
 40
63.84547235607752
 40
64.84547235607752
 40
64.84547235607752
 40
64.84547235607752
 40
73.35183497472951
 40
73.35183497472951
 40
73.35183497472951
 40
74.35183497472951
 40
74.35183497472951
 40
74.35183497472951
 40
75.35183497472951
 40
75.35183497472951
 40
75.35183497472951
 40
76.35183497472951
 40
76.35183497472951
 40
76.35183497472951
 40
76.35183497472951
 10
81.64664194444444
 20
158.8979902777778
 30
0.0
 10
78.47411138888889
 20
160.5211208333333
 30
0.0
 10
78.19894472222222
 20
161.8362763888889
 30
0.0
 10
78.19894472222222
 20
164.6906013888889
 30
0.0
 10
78.19894472222222
 20
168.3108069444444
 30
0.0
 10
79.59312249999999
 20
169.5384736111111
 30
0.0
 10
82.97555583333333
 20
169.5384736111111
 30
0.0
 10
84.95710861111111
 20
169.5384736111111
 30
0.0
 10
86.49733638888888
 20
170.5110819444444
 30
0.0
 10
86.49733638888888
 20
173.1145819444444
 30
0.0
 10
86.49733638888888
 20
177.7712486111111
 30
0.0
 10
89.76758638888889
 20
181.6623875
 30
0.0
 10
94.13850305555553
 20
182.6219430555555
 30
0.0
 10
94.6676697222222
 20
182.7207208333333
 30
0.0
 10
94.22669749999999
 20
180.6149902777778
 30
0.0
 10
94.22669749999999
 20
178.7696097222222
 30
0.0
 10
94.22669749999999
 20
171.8378791666667
 30
0.0
 10
94.29372527777778
 20
166.2318875
 30
0.0
 10
94.72764194444443
 20
166.2318875
 30
0.0
 10
94.78408638888888
 20
166.2318875
 30
0.0
 10
94.82641972222223
 20
165.4490736111111
 30
0.0
 10
94.82641972222223
 20
164.4821097222222
 30
0.0
 10
94.82641972222223
 20
163.5119708333333
 30
0.0
 10
94.72764194444443
 20
162.9051930555555
 30
0.0
 10
94.72764194444443
 20
162.7288041666667
 30
0.0
 10
94.72764194444443
 20
161.5622856481482
 30
0.0
 10
94.72764194444443
 20
160.3957671296296
 30
0.0
 10
94.72764194444443
 20
159.2292486111111
 30
0.0
 10
95.72717898148147
 20
159.2292486111111
 30
0.0
 10
96.72671601851852
 20
159.2292486111111
 30
0.0
 10
97.72625305555555
 20
159.2292486111111
 30
0.0
 10
97.72625305555555
 20
160.3957671296296
 30
0.0
 10
97.72625305555555
 20
161.5622856481482
 30
0.0
 10
97.72625305555555
 20
162.7288041666667
 30
0.0
 10
97.72625305555555
 20
162.9051930555555
 30
0.0
 10
97.62747527777778
 20
163.5119708333333
 30
0.0
 10
97.62747527777778
 20
164.4821097222222
 30
0.0
 10
97.62747527777778
 20
165.4490736111111
 30
0.0
 10
97.67333638888888
 20
166.2318875
 30
0.0
 10
97.72625305555555
 20
166.2318875
 30
0.0
 10
99.75472527777777
 20
166.2318875
 30
0.0
 10
99.09291416666666
 20
168.6325402777778
 30
0.0
 10
101.7645002777778
 20
169.9988486111111
 30
0.0
 10
101.7645002777778
 20
169.9988486111111
 30
0.0
 10
101.7627363888889
 20
170.0023763888889
 30
0.0
 10
104.4364391666667
 20
171.3619819444444
 30
0.0
 10
105.7399530555555
 20
172.0252041666667
 30
0.0
 10
108.1656530555556
 20
172.0213236111111
 30
0.0
 10
110.0770030555556
 20
172.0213236111111
 30
0.0
 10
112.9616669444444
 20
172.0213236111111
 30
0.0
 10
112.7761058333333
 20
167.9767263888889
 30
0.0
 10
112.7761058333333
 20
161.5053708333333
 30
0.0
 10
112.7761058333333
 20
160.4978375
 30
0.0
 10
112.1509836111111
 20
159.5844958333333
 30
0.0
 10
110.8076058333333
 20
158.8983430555555
 30
0.0
 10
110.7582169444444
 20
158.8715319444445
 30
0.0
 10
110.3627530555555
 20
159.5506291666667
 30
0.0
 10
109.9210752777778
 20
160.4114069444445
 30
0.0
 10
109.4825725
 20
161.2725375
 30
0.0
 10
109.2931308333333
 20
161.8588541666666
 30
0.0
 10
109.2155197222222
 20
162.0133708333333
 30
0.0
 10
108.8168808333333
 20
162.7923041666667
 30
0.0
 10
107.6199058333333
 20
165.1315736111111
 30
0.0
 10
107.6199058333333
 20
165.1315736111111
 30
0.0
 10
106.7294947222222
 20
164.6760199074074
 30
0.0
 10
105.8390836111111
 20
164.2204662037037
 30
0.0
 10
104.9486725
 20
163.7649125
 30
0.0
 10
104.9486725
 20
163.7649125
 30
0.0
 10
106.1449419444444
 20
161.4291708333333
 30
0.0
 10
106.5442863888889
 20
160.6470625
 30
0.0
 10
106.6218975
 20
160.4921930555556
 30
0.0
 10
106.9884336111111
 20
159.9979513888889
 30
0.0
 10
107.4301113888889
 20
159.1371736111111
 30
0.0
 10
107.8693197222222
 20
158.2725152777778
 30
0.0
 10
108.1850558333333
 20
157.5581402777778
 30
0.0
 10
108.1360197222222
 20
157.5316819444444
 30
0.0
 10
105.4647863888889
 20
156.1650208333333
 30
0.0
 10
100.7273336111111
 20
154.7087541666667
 30
0.0
 10
97.57491138888888
 20
152.6732263888889
 30
0.0
 10
96.8174975
 20
152.1842763888889
 30
0.0
 10
94.69553916666665
 20
152.2311958333333
 30
0.0
 10
93.65272805555556
 20
152.2311958333333
 30
0.0
 10
89.57814472222222
 20
152.2311958333333
 30
0.0
 10
86.98946138888888
 20
156.1650208333333
 30
0.0
 10
84.31787527777777
 20
157.5313291666667
 30
0.0
 10
84.26883916666665
 20
157.5577875
 30
0.0
 10
84.58492805555555
 20
158.2725152777778
 30
0.0
 10
85.02731138888888
 20
159.1364680555556
 30
0.0
 10
85.46581416666666
 20
159.9975986111111
 30
0.0
 10
85.83235027777778
 20
160.4918402777778
 30
0.0
 10
85.90960861111111
 20
160.6467097222222
 30
0.0
 10
86.30895305555555
 20
161.4288180555556
 30
0.0
 10
87.50557527777777
 20
163.7645597222222
 30
0.0
 10
87.50557527777777
 20
163.7645597222222
 30
0.0
 10
86.61504657407407
 20
164.2201134259259
 30
0.0
 10
85.72451787037035
 20
164.6756671296296
 30
0.0
 10
84.83398916666665
 20
165.1312208333333
 30
0.0
 10
84.83398916666665
 20
165.1312208333333
 30
0.0
 10
83.63701416666666
 20
162.7919513888889
 30
0.0
 10
83.23837527777778
 20
162.0133708333333
 30
0.0
 10
83.16076416666667
 20
161.8585013888889
 30
0.0
 10
82.97132249999999
 20
161.2721847222222
 30
0.0
 10
82.53317249999999
 20
160.4110541666666
 30
0.0
 10
82.09114194444443
 20
159.5502763888889
 30
0.0
 10
81.69567805555555
 20
158.8711791666666
 30
0.0
 10
81.64664194444444
 20
158.8979902777778
 30
0.0
  0
SPLINE
  5
262
330
1F
100
AcDbEntity
  8
DEFAULT
 62
   250
100
AcDbSpline
210
0.0
220
0.0
230
1.0
 70
     8
 71
     3
 72
    17
 73
    13
 74
     0
 42
0.000000001
 43
0.0000000001
 40
0.0
 40
0.0
 40
0.0
 40
0.0
 40
1.0
 40
1.0
 40
1.0
 40
2.0
 40
2.0
 40
2.0
 40
3.0
 40
3.0
 40
3.0
 40
4.0
 40
4.0
 40
4.0
 40
4.0
 10
84.96963222222222
 20
185.2168
 30
0.0
 10
85.03313222222222
 20
185.3032305555555
 30
0.0
 10
85.18200444444444
 20
185.4334055555555
 30
0.0
 10
85.40072666666666
 20
185.5455888888889
 30
0.0
 10
85.90766833333332
 20
185.8052333333333
 30
0.0
 10
86.45341555555555
 20
185.6807027777778
 30
0.0
 10
86.75539333333333
 20
185.0912111111111
 30
0.0
 10
87.04396555555554
 20
184.5281777777778
 30
0.0
 10
86.85805166666667
 20
183.9510333333333
 30
0.0
 10
86.30031
 20
183.6652833333333
 30
0.0
 10
86.0762961111111
 20
183.5502777777778
 30
0.0
 10
85.91049055555555
 20
183.5259361111111
 30
0.0
 10
85.83252666666665
 20
183.5262888888889
 30
0.0
  0
SPLINE
  5
263
330
1F
100
AcDbEntity
  8
DEFAULT
 62
   250
100
AcDbSpline
210
0.0
220
0.0
230
1.0
 70
     8
 71
     3
 72
    17
 73
    13
 74
     0
 42
0.000000001
 43
0.0000000001
 40
0.0
 40
0.0
 40
0.0
 40
0.0
 40
1.0
 40
1.0
 40
1.0
 40
2.0
 40
2.0
 40
2.0
 40
3.0
 40
3.0
 40
3.0
 40
4.0
 40
4.0
 40
4.0
 40
4.0
 10
103.1730361111111
 20
185.9145944444444
 30
0.0
 10
103.2802805555555
 20
185.9135361111111
 30
0.0
 10
103.4728972222222
 20
185.8687333333333
 30
0.0
 10
103.6916194444444
 20
185.75655
 30
0.0
 10
104.1985611111111
 20
185.4969055555555
 30
0.0
 10
104.4158722222222
 20
184.9807916666666
 30
0.0
 10
104.1138944444444
 20
184.3913
 30
0.0
 10
103.8253222222222
 20
183.8282666666667
 30
0.0
 10
103.2481777777778
 20
183.6423527777777
 30
0.0
 10
102.6904361111111
 20
183.9281027777778
 30
0.0
 10
102.4664222222222
 20
184.0431083333333
 30
0.0
 10
102.3496527777778
 20
184.1634055555555
 30
0.0
 10
102.3044972222222
 20
184.2269055555555
 30
0.0
  0
POLYLINE
  5
264
330
1F
100
AcDbEntity
  8
DEFAULT
 62
   250
100
AcDb2dPolyline
 66
     1
 10
0.0
 20
0.0
 30
0.0
  0
VERTEX
  5
265
330
264
100
AcDbEntity
  8
DEFAULT
 62
   250
100
AcDbVertex
100
AcDb2dVertex
 10
93.90404694444445
 20
194.6799933333333
 30
0.0
  0
VERTEX
  5
266
330
264
100
AcDbEntity
  8
DEFAULT
 62
   250
100
AcDbVertex
100
AcDb2dVertex
 10
94.74189416666668
 20
196.7007044444445
 30
0.0
  0
VERTEX
  5
267
330
264
100
AcDbEntity
  8
DEFAULT
 62
   250
100
AcDbVertex
100
AcDb2dVertex
 10
95.59491083333333
 20
194.6799933333333
 30
0.0
  0
SEQEND
  5
268
330
264
100
AcDbEntity
  8
DEFAULT
 62
   250
  0
SPLINE
  5
269
330
1F
100
AcDbEntity
  8
DEFAULT
 62
     1
100
AcDbSpline
210
0.0
220
0.0
230
1.0
 70
    11
 71
     3
 72
   110
 73
   106
 74
     0
 42
0.000000001
 43
0.0000000001
 40
1.0
 40
1.0
 40
1.0
 40
1.0
 40
2.0
 40
2.0
 40
2.0
 40
3.0
 40
3.0
 40
3.0
 40
4.0
 40
4.0
 40
4.0
 40
5.0
 40
5.0
 40
5.0
 40
6.0
 40
6.0
 40
6.0
 40
7.0
 40
7.0
 40
7.0
 40
8.0
 40
8.0
 40
8.0
 40
9.0
 40
9.0
 40
9.0
 40
18.92000000000007
 40
18.92000000000007
 40
18.92000000000007
 40
27.42000000000007
 40
27.42000000000007
 40
27.42000000000007
 40
37.34000000000015
 40
37.34000000000015
 40
37.34000000000015
 40
38.34000000000015
 40
38.34000000000015
 40
38.34000000000015
 40
39.34000000000015
 40
39.34000000000015
 40
39.34000000000015
 40
40.34000000000015
 40
40.34000000000015
 40
40.34000000000015
 40
41.34000000000015
 40
41.34000000000015
 40
41.34000000000015
 40
42.34000000000015
 40
42.34000000000015
 40
42.34000000000015
 40
43.34000000000015
 40
43.34000000000015
 40
43.34000000000015
 40
44.34000000000015
 40
44.34000000000015
 40
44.34000000000015
 40
45.34000000000015
 40
45.34000000000015
 40
45.34000000000015
 40
46.34000000000015
 40
46.34000000000015
 40
46.34000000000015
 40
47.34000000000015
 40
47.34000000000015
 40
47.34000000000015
 40
55.84547235607769
 40
55.84547235607769
 40
55.84547235607769
 40
56.84547235607769
 40
56.84547235607769
 40
56.84547235607769
 40
57.84547235607769
 40
57.84547235607769
 40
57.84547235607769
 40
58.84547235607769
 40
58.84547235607769
 40
58.84547235607769
 40
59.84547235607769
 40
59.84547235607769
 40
59.84547235607769
 40
60.84547235607769
 40
60.84547235607769
 40
60.84547235607769
 40
61.84547235607769
 40
61.84547235607769
 40
61.84547235607769
 40
62.84547235607769
 40
62.84547235607769
 40
62.84547235607769
 40
63.84547235607769
 40
63.84547235607769
 40
63.84547235607769
 40
64.84547235607769
 40
64.84547235607769
 40
64.84547235607769
 40
73.35183497472968
 40
73.35183497472968
 40
73.35183497472968
 40
74.35183497472968
 40
74.35183497472968
 40
74.35183497472968
 40
75.35183497472968
 40
75.35183497472968
 40
75.35183497472968
 40
76.35183497472968
 40
76.35183497472968
 40
76.35183497472968
 40
76.35183497472968
 10
109.3307016666667
 20
192.9798866666666
 30
0.0
 10
112.5032322222222
 20
191.3567561111111
 30
0.0
 10
112.7783988888889
 20
190.0416005555555
 30
0.0
 10
112.7783988888889
 20
187.1872755555555
 30
0.0
 10
112.7783988888889
 20
183.56707
 30
0.0
 10
111.3842211111111
 20
182.3394033333333
 30
0.0
 10
108.0017877777778
 20
182.3394033333333
 30
0.0
 10
106.020235
 20
182.3394033333333
 30
0.0
 10
104.4800072222222
 20
181.366795
 30
0.0
 10
104.4800072222222
 20
178.763295
 30
0.0
 10
104.4800072222222
 20
174.1066283333333
 30
0.0
 10
101.2097572222222
 20
170.2154894444444
 30
0.0
 10
96.83884055555554
 20
169.2559338888888
 30
0.0
 10
96.30967388888887
 20
169.1571561111111
 30
0.0
 10
96.75064611111108
 20
171.2632394444444
 30
0.0
 10
96.75064611111108
 20
173.1082672222222
 30
0.0
 10
96.75064611111108
 20
180.0403505555555
 30
0.0
 10
96.68361833333331
 20
185.6459894444444
 30
0.0
 10
96.24970166666665
 20
185.6459894444444
 30
0.0
 10
96.1932572222222
 20
185.6459894444444
 30
0.0
 10
96.15092388888887
 20
186.4291561111111
 30
0.0
 10
96.15092388888887
 20
187.3957672222222
 30
0.0
 10
96.15092388888887
 20
188.3659061111111
 30
0.0
 10
96.24970166666665
 20
188.9726838888888
 30
0.0
 10
96.24970166666665
 20
189.1490727777777
 30
0.0
 10
96.24970166666667
 20
190.3155912962963
 30
0.0
 10
96.24970166666667
 20
191.4821098148148
 30
0.0
 10
96.24970166666665
 20
192.6486283333333
 30
0.0
 10
95.25016462962962
 20
192.6486283333333
 30
0.0
 10
94.2506275925926
 20
192.6486283333333
 30
0.0
 10
93.25109055555555
 20
192.6486283333333
 30
0.0
 10
93.25109055555555
 20
191.4821098148148
 30
0.0
 10
93.25109055555555
 20
190.3155912962963
 30
0.0
 10
93.25109055555555
 20
189.1490727777777
 30
0.0
 10
93.25109055555555
 20
188.9726838888888
 30
0.0
 10
93.34986833333332
 20
188.3659061111111
 30
0.0
 10
93.34986833333332
 20
187.3957672222222
 30
0.0
 10
93.34986833333332
 20
186.4291561111111
 30
0.0
 10
93.30400722222221
 20
185.6459894444444
 30
0.0
 10
93.25109055555555
 20
185.6459894444444
 30
0.0
 10
91.22261833333333
 20
185.6459894444444
 30
0.0
 10
91.88442944444442
 20
183.2453366666666
 30
0.0
 10
89.21284333333332
 20
181.8790283333333
 30
0.0
 10
89.21284333333332
 20
181.8790283333333
 30
0.0
 10
89.21460722222221
 20
181.8755005555555
 30
0.0
 10
86.54090444444444
 20
180.515895
 30
0.0
 10
85.23739055555555
 20
179.8526727777777
 30
0.0
 10
82.81169055555554
 20
179.8565533333333
 30
0.0
 10
80.89998777777777
 20
179.8565533333333
 30
0.0
 10
78.01567666666665
 20
179.8565533333333
 30
0.0
 10
78.20123777777776
 20
183.9015033333333
 30
0.0
 10
78.20123777777776
 20
190.3725061111111
 30
0.0
 10
78.20123777777776
 20
191.3800394444444
 30
0.0
 10
78.82636
 20
192.2933811111111
 30
0.0
 10
80.16973777777777
 20
192.9795338888889
 30
0.0
 10
80.21877388888888
 20
193.006345
 30
0.0
 10
80.61459055555554
 20
192.3272477777777
 30
0.0
 10
81.05626833333332
 20
191.4668227777778
 30
0.0
 10
81.49477111111109
 20
190.6053394444444
 30
0.0
 10
81.68421277777776
 20
190.0190227777777
 30
0.0
 10
81.76147111111109
 20
189.8645061111111
 30
0.0
 10
82.16046277777777
 20
189.0859255555555
 30
0.0
 10
83.35743777777776
 20
186.7463033333333
 30
0.0
 10
83.35743777777776
 20
186.7463033333333
 30
0.0
 10
84.24784888888887
 20
187.201857037037
 30
0.0
 10
85.13825999999999
 20
187.6574107407407
 30
0.0
 10
86.0286711111111
 20
188.1129644444444
 30
0.0
 10
86.0286711111111
 20
188.1129644444444
 30
0.0
 10
84.83240166666664
 20
190.4490588888889
 30
0.0
 10
84.4330572222222
 20
191.2308144444444
 30
0.0
 10
84.35544611111109
 20
191.3856838888888
 30
0.0
 10
83.98890999999999
 20
191.8799255555555
 30
0.0
 10
83.5472322222222
 20
192.7407033333333
 30
0.0
 10
83.10802388888888
 20
193.6053616666667
 30
0.0
 10
82.79228777777776
 20
194.3197366666666
 30
0.0
 10
82.84132388888888
 20
194.346195
 30
0.0
 10
85.5125572222222
 20
195.7128561111111
 30
0.0
 10
90.25000999999999
 20
197.1691227777777
 30
0.0
 10
93.4024322222222
 20
199.2046505555555
 30
0.0
 10
94.1598461111111
 20
199.6936005555555
 30
0.0
 10
96.28180444444443
 20
199.6466811111111
 30
0.0
 10
97.32461555555554
 20
199.6466811111111
 30
0.0
 10
101.3991988888889
 20
199.6466811111111
 30
0.0
 10
103.9878822222222
 20
195.7132088888889
 30
0.0
 10
106.6594683333333
 20
194.3465477777777
 30
0.0
 10
106.7085044444444
 20
194.3200894444444
 30
0.0
 10
106.3924155555555
 20
193.6053616666667
 30
0.0
 10
105.9500322222222
 20
192.7414088888888
 30
0.0
 10
105.5115294444444
 20
191.8802783333333
 30
0.0
 10
105.1449933333333
 20
191.3860366666666
 30
0.0
 10
105.067735
 20
191.2311672222222
 30
0.0
 10
104.6680377777778
 20
190.4490588888889
 30
0.0
 10
103.4717683333333
 20
188.1133172222222
 30
0.0
 10
103.4717683333333
 20
188.1133172222222
 30
0.0
 10
104.362297037037
 20
187.6577635185185
 30
0.0
 10
105.2528257407407
 20
187.2022098148148
 30
0.0
 10
106.1433544444444
 20
186.7466561111111
 30
0.0
 10
106.1433544444444
 20
186.7466561111111
 30
0.0
 10
107.3403294444444
 20
189.0859255555555
 30
0.0
 10
107.7389683333333
 20
189.8645061111111
 30
0.0
 10
107.8165794444444
 20
190.0193755555555
 30
0.0
 10
108.0060211111111
 20
190.6056922222222
 30
0.0
 10
108.4441711111111
 20
191.4668227777778
 30
0.0
 10
108.8862016666667
 20
192.3276005555555
 30
0.0
 10
109.2816655555555
 20
193.0066977777778
 30
0.0
 10
109.3307016666667
 20
192.9798866666666
 30
0.0
  0
SPLINE
  5
26A
330
1F
100
AcDbEntity
  8
DEFAULT
 62
     1
100
AcDbSpline
210
0.0
220
0.0
230
1.0
 70
     8
 71
     3
 72
     8
 73
     4
 74
     0
 42
0.000000001
 43
0.0000000001
 40
0.0
 40
0.0
 40
0.0
 40
0.0
 40
1.0
 40
1.0
 40
1.0
 40
1.0
 10
82.97555583333333
 20
169.5385441666667
 30
0.0
 10
83.9506336111111
 20
169.5385441666667
 30
0.0
 10
82.58115027777777
 20
179.8565886111111
 30
0.0
 10
80.90016416666666
 20
179.8565886111111
 30
0.0
  0
SPLINE
  5
26B
330
1F
100
AcDbEntity
  8
DEFAULT
 62
     1
100
AcDbSpline
210
0.0
220
0.0
230
1.0
 70
     8
 71
     3
 72
     8
 73
     4
 74
     0
 42
0.000000001
 43
0.0000000001
 40
0.0
 40
0.0
 40
0.0
 40
0.0
 40
1.0
 40
1.0
 40
1.0
 40
1.0
 10
108.0018230555555
 20
182.3393327777777
 30
0.0
 10
107.0267452777778
 20
182.3393327777777
 30
0.0
 10
108.3962286111111
 20
172.0212883333333
 30
0.0
 10
110.0772147222222
 20
172.0212883333333
 30
0.0
  0
SPLINE
  5
26C
330
1F
100
AcDbEntity
  8
DEFAULT
 62
   250
100
AcDbSpline
210
0.0
220
0.0
230
1.0
 70
     8
 71
     3
 72
    17
 73
    13
 74
     0
 42
0.000000001
 43
0.0000000001
 40
0.0
 40
0.0
 40
0.0
 40
0.0
 40
1.0
 40
1.0
 40
1.0
 40
2.0
 40
2.0
 40
2.0
 40
3.0
 40
3.0
 40
3.0
 40
4.0
 40
4.0
 40
4.0
 40
4.0
 10
69.66556777777778
 20
166.6610416666666
 30
0.0
 10
69.60206777777778
 20
166.5746111111111
 30
0.0
 10
69.45319555555555
 20
166.4444361111111
 30
0.0
 10
69.23447333333333
 20
166.3322527777778
 30
0.0
 10
68.72753166666666
 20
166.0722555555556
 30
0.0
 10
68.18178444444445
 20
166.1971388888889
 30
0.0
 10
67.87945388888889
 20
166.7866305555555
 30
0.0
 10
67.59088166666666
 20
167.3496638888889
 30
0.0
 10
67.77714833333333
 20
167.9268083333333
 30
0.0
 10
68.33489
 20
168.2125583333333
 30
0.0
 10
68.55890388888889
 20
168.3275638888889
 30
0.0
 10
68.72470944444444
 20
168.3519055555555
 30
0.0
 10
68.80267333333333
 20
168.3515527777778
 30
0.0
  0
SPLINE
  5
26D
330
1F
100
AcDbEntity
  8
DEFAULT
 62
   250
100
AcDbSpline
210
0.0
220
0.0
230
1.0
 70
     8
 71
     3
 72
    17
 73
    13
 74
     0
 42
0.000000001
 43
0.0000000001
 40
0.0
 40
0.0
 40
0.0
 40
0.0
 40
1.0
 40
1.0
 40
1.0
 40
2.0
 40
2.0
 40
2.0
 40
3.0
 40
3.0
 40
3.0
 40
4.0
 40
4.0
 40
4.0
 40
4.0
 10
51.46216388888889
 20
165.9632825
 30
0.0
 10
51.35491944444444
 20
165.9643408333333
 30
0.0
 10
51.16230277777778
 20
166.0091436111111
 30
0.0
 10
50.94358055555556
 20
166.1213269444444
 30
0.0
 10
50.43663888888889
 20
166.3809713888889
 30
0.0
 10
50.218975
 20
166.8970852777778
 30
0.0
 10
50.52130555555556
 20
167.4865769444444
 30
0.0
 10
50.80987777777778
 20
168.0496102777778
 30
0.0
 10
51.38702222222222
 20
168.2355241666666
 30
0.0
 10
51.94476388888889
 20
167.9497741666666
 30
0.0
 10
52.16877777777777
 20
167.8347686111111
 30
0.0
 10
52.28554722222222
 20
167.7144713888889
 30
0.0
 10
52.33070277777777
 20
167.6509713888889
 30
0.0
  0
POLYLINE
  5
26E
330
1F
100
AcDbEntity
  8
DEFAULT
 62
   250
100
AcDb2dPolyline
 66
     1
 10
0.0
 20
0.0
 30
0.0
  0
VERTEX
  5
26F
330
26E
100
AcDbEntity
  8
DEFAULT
 62
   250
100
AcDbVertex
100
AcDb2dVertex
 10
60.73111777777777
 20
157.1978836111111
 30
0.0
  0
VERTEX
  5
270
330
26E
100
AcDbEntity
  8
DEFAULT
 62
   250
100
AcDbVertex
100
AcDb2dVertex
 10
59.89291777777775
 20
155.1768197222222
 30
0.0
  0
VERTEX
  5
271
330
26E
100
AcDbEntity
  8
DEFAULT
 62
   250
100
AcDbVertex
100
AcDb2dVertex
 10
59.0399011111111
 20
157.1978836111111
 30
0.0
  0
SEQEND
  5
272
330
26E
100
AcDbEntity
  8
DEFAULT
 62
   250
  0
SPLINE
  5
273
330
1F
100
AcDbEntity
  8
DEFAULT
 62
     1
100
AcDbSpline
210
0.0
220
0.0
230
1.0
 70
    11
 71
     3
 72
   110
 73
   106
 74
     0
 42
0.000000001
 43
0.0000000001
 40
1.0
 40
1.0
 40
1.0
 40
1.0
 40
2.0
 40
2.0
 40
2.0
 40
3.0
 40
3.0
 40
3.0
 40
4.0
 40
4.0
 40
4.0
 40
5.0
 40
5.0
 40
5.0
 40
6.0
 40
6.0
 40
6.0
 40
7.0
 40
7.0
 40
7.0
 40
8.0
 40
8.0
 40
8.0
 40
9.0
 40
9.0
 40
9.0
 40
18.91999999999996
 40
18.91999999999996
 40
18.91999999999996
 40
27.41999999999996
 40
27.41999999999996
 40
27.41999999999996
 40
37.33999999999992
 40
37.33999999999992
 40
37.33999999999992
 40
38.33999999999992
 40
38.33999999999992
 40
38.33999999999992
 40
39.33999999999992
 40
39.33999999999992
 40
39.33999999999992
 40
40.33999999999992
 40
40.33999999999992
 40
40.33999999999992
 40
41.33999999999992
 40
41.33999999999992
 40
41.33999999999992
 40
42.33999999999992
 40
42.33999999999992
 40
42.33999999999992
 40
43.33999999999992
 40
43.33999999999992
 40
43.33999999999992
 40
44.33999999999992
 40
44.33999999999992
 40
44.33999999999992
 40
45.33999999999992
 40
45.33999999999992
 40
45.33999999999992
 40
46.33999999999992
 40
46.33999999999992
 40
46.33999999999992
 40
47.33999999999992
 40
47.33999999999992
 40
47.33999999999992
 40
55.84547235607752
 40
55.84547235607752
 40
55.84547235607752
 40
56.84547235607752
 40
56.84547235607752
 40
56.84547235607752
 40
57.84547235607752
 40
57.84547235607752
 40
57.84547235607752
 40
58.84547235607752
 40
58.84547235607752
 40
58.84547235607752
 40
59.84547235607752
 40
59.84547235607752
 40
59.84547235607752
 40
60.84547235607752
 40
60.84547235607752
 40
60.84547235607752
 40
61.84547235607752
 40
61.84547235607752
 40
61.84547235607752
 40
62.84547235607752
 40
62.84547235607752
 40
62.84547235607752
 40
63.84547235607752
 40
63.84547235607752
 40
63.84547235607752
 40
64.84547235607752
 40
64.84547235607752
 40
64.84547235607752
 40
73.35183497472951
 40
73.35183497472951
 40
73.35183497472951
 40
74.35183497472951
 40
74.35183497472951
 40
74.35183497472951
 40
75.35183497472951
 40
75.35183497472951
 40
75.35183497472951
 40
76.35183497472951
 40
76.35183497472951
 40
76.35183497472951
 40
76.35183497472951
 10
45.30580361111111
 20
158.8979902777778
 30
0.0
 10
42.13327305555556
 20
160.5211208333333
 30
0.0
 10
41.85810638888889
 20
161.8362763888889
 30
0.0
 10
41.85810638888889
 20
164.6906013888889
 30
0.0
 10
41.85810638888889
 20
168.3108069444444
 30
0.0
 10
43.25228416666667
 20
169.5384736111111
 30
0.0
 10
46.6347175
 20
169.5384736111111
 30
0.0
 10
48.61627027777778
 20
169.5384736111111
 30
0.0
 10
50.15649805555555
 20
170.5110819444444
 30
0.0
 10
50.15649805555555
 20
173.1145819444444
 30
0.0
 10
50.15649805555555
 20
177.7712486111111
 30
0.0
 10
53.42674805555556
 20
181.6623875
 30
0.0
 10
57.79766472222222
 20
182.6219430555555
 30
0.0
 10
58.32683138888888
 20
182.7207208333333
 30
0.0
 10
57.88585916666666
 20
180.6149902777778
 30
0.0
 10
57.88585916666666
 20
178.7696097222222
 30
0.0
 10
57.88585916666666
 20
171.8378791666667
 30
0.0
 10
57.95288694444444
 20
166.2318875
 30
0.0
 10
58.38680361111111
 20
166.2318875
 30
0.0
 10
58.44324805555556
 20
166.2318875
 30
0.0
 10
58.4855813888889
 20
165.4490736111111
 30
0.0
 10
58.4855813888889
 20
164.4821097222222
 30
0.0
 10
58.4855813888889
 20
163.5119708333333
 30
0.0
 10
58.38680361111111
 20
162.9051930555555
 30
0.0
 10
58.38680361111111
 20
162.7288041666667
 30
0.0
 10
58.38680361111111
 20
161.5622856481482
 30
0.0
 10
58.38680361111111
 20
160.3957671296296
 30
0.0
 10
58.38680361111111
 20
159.2292486111111
 30
0.0
 10
59.38634064814814
 20
159.2292486111111
 30
0.0
 10
60.38587768518519
 20
159.2292486111111
 30
0.0
 10
61.38541472222222
 20
159.2292486111111
 30
0.0
 10
61.38541472222222
 20
160.3957671296296
 30
0.0
 10
61.38541472222222
 20
161.5622856481482
 30
0.0
 10
61.38541472222222
 20
162.7288041666667
 30
0.0
 10
61.38541472222222
 20
162.9051930555555
 30
0.0
 10
61.28663694444445
 20
163.5119708333333
 30
0.0
 10
61.28663694444445
 20
164.4821097222222
 30
0.0
 10
61.28663694444445
 20
165.4490736111111
 30
0.0
 10
61.33249805555555
 20
166.2318875
 30
0.0
 10
61.38541472222222
 20
166.2318875
 30
0.0
 10
63.41388694444444
 20
166.2318875
 30
0.0
 10
62.75207583333334
 20
168.6325402777778
 30
0.0
 10
65.42366194444443
 20
169.9988486111111
 30
0.0
 10
65.42366194444443
 20
169.9988486111111
 30
0.0
 10
65.42189805555554
 20
170.0023763888889
 30
0.0
 10
68.09560083333334
 20
171.3619819444444
 30
0.0
 10
69.39911472222222
 20
172.0252041666667
 30
0.0
 10
71.82481472222221
 20
172.0213236111111
 30
0.0
 10
73.73616472222223
 20
172.0213236111111
 30
0.0
 10
76.62082861111111
 20
172.0213236111111
 30
0.0
 10
76.4352675
 20
167.9767263888889
 30
0.0
 10
76.4352675
 20
161.5053708333333
 30
0.0
 10
76.4352675
 20
160.4978375
 30
0.0
 10
75.81014527777778
 20
159.5844958333333
 30
0.0
 10
74.4667675
 20
158.8983430555555
 30
0.0
 10
74.41737861111112
 20
158.8715319444445
 30
0.0
 10
74.02191472222222
 20
159.5506291666667
 30
0.0
 10
73.58023694444444
 20
160.4114069444445
 30
0.0
 10
73.14173416666667
 20
161.2725375
 30
0.0
 10
72.9522925
 20
161.8588541666666
 30
0.0
 10
72.87468138888889
 20
162.0133708333333
 30
0.0
 10
72.47604249999999
 20
162.7923041666667
 30
0.0
 10
71.2790675
 20
165.1315736111111
 30
0.0
 10
71.2790675
 20
165.1315736111111
 30
0.0
 10
70.38865638888889
 20
164.6760199074074
 30
0.0
 10
69.49824527777777
 20
164.2204662037037
 30
0.0
 10
68.60783416666666
 20
163.7649125
 30
0.0
 10
68.60783416666666
 20
163.7649125
 30
0.0
 10
69.80410361111112
 20
161.4291708333333
 30
0.0
 10
70.20344805555555
 20
160.6470625
 30
0.0
 10
70.28105916666667
 20
160.4921930555556
 30
0.0
 10
70.64759527777777
 20
159.9979513888889
 30
0.0
 10
71.08927305555555
 20
159.1371736111111
 30
0.0
 10
71.52848138888888
 20
158.2725152777778
 30
0.0
 10
71.8442175
 20
157.5581402777778
 30
0.0
 10
71.79518138888888
 20
157.5316819444444
 30
0.0
 10
69.12394805555556
 20
156.1650208333333
 30
0.0
 10
64.38649527777777
 20
154.7087541666667
 30
0.0
 10
61.23407305555556
 20
152.6732263888889
 30
0.0
 10
60.47665916666666
 20
152.1842763888889
 30
0.0
 10
58.35470083333333
 20
152.2311958333333
 30
0.0
 10
57.31188972222223
 20
152.2311958333333
 30
0.0
 10
53.23730638888889
 20
152.2311958333333
 30
0.0
 10
50.64862305555556
 20
156.1650208333333
 30
0.0
 10
47.97703694444444
 20
157.5313291666667
 30
0.0
 10
47.92800083333333
 20
157.5577875
 30
0.0
 10
48.24408972222223
 20
158.2725152777778
 30
0.0
 10
48.68647305555555
 20
159.1364680555556
 30
0.0
 10
49.12497583333333
 20
159.9975986111111
 30
0.0
 10
49.49151194444445
 20
160.4918402777778
 30
0.0
 10
49.56877027777778
 20
160.6467097222222
 30
0.0
 10
49.96811472222223
 20
161.4288180555556
 30
0.0
 10
51.16473694444445
 20
163.7645597222222
 30
0.0
 10
51.16473694444445
 20
163.7645597222222
 30
0.0
 10
50.27420824074074
 20
164.2201134259259
 30
0.0
 10
49.38367953703704
 20
164.6756671296296
 30
0.0
 10
48.49315083333333
 20
165.1312208333333
 30
0.0
 10
48.49315083333333
 20
165.1312208333333
 30
0.0
 10
47.29617583333333
 20
162.7919513888889
 30
0.0
 10
46.89753694444445
 20
162.0133708333333
 30
0.0
 10
46.81992583333334
 20
161.8585013888889
 30
0.0
 10
46.63048416666666
 20
161.2721847222222
 30
0.0
 10
46.19233416666667
 20
160.4110541666666
 30
0.0
 10
45.75030361111111
 20
159.5502763888889
 30
0.0
 10
45.35483972222222
 20
158.8711791666666
 30
0.0
 10
45.30580361111111
 20
158.8979902777778
 30
0.0
  0
SPLINE
  5
274
330
1F
100
AcDbEntity
  8
DEFAULT
 62
   250
100
AcDbSpline
210
0.0
220
0.0
230
1.0
 70
     8
 71
     3
 72
    17
 73
    13
 74
     0
 42
0.000000001
 43
0.0000000001
 40
0.0
 40
0.0
 40
0.0
 40
0.0
 40
1.0
 40
1.0
 40
1.0
 40
2.0
 40
2.0
 40
2.0
 40
3.0
 40
3.0
 40
3.0
 40
4.0
 40
4.0
 40
4.0
 40
4.0
 10
48.62879388888889
 20
185.2168
 30
0.0
 10
48.69229388888889
 20
185.3032305555555
 30
0.0
 10
48.84116611111111
 20
185.4334055555555
 30
0.0
 10
49.05988833333333
 20
185.5455888888889
 30
0.0
 10
49.56683
 20
185.8052333333333
 30
0.0
 10
50.11257722222222
 20
185.6807027777778
 30
0.0
 10
50.41455500000001
 20
185.0912111111111
 30
0.0
 10
50.70312722222222
 20
184.5281777777778
 30
0.0
 10
50.51721333333334
 20
183.9510333333333
 30
0.0
 10
49.95947166666667
 20
183.6652833333333
 30
0.0
 10
49.73545777777777
 20
183.5502777777778
 30
0.0
 10
49.56965222222222
 20
183.5259361111111
 30
0.0
 10
49.49168833333334
 20
183.5262888888889
 30
0.0
  0
SPLINE
  5
275
330
1F
100
AcDbEntity
  8
DEFAULT
 62
   250
100
AcDbSpline
210
0.0
220
0.0
230
1.0
 70
     8
 71
     3
 72
    17
 73
    13
 74
     0
 42
0.000000001
 43
0.0000000001
 40
0.0
 40
0.0
 40
0.0
 40
0.0
 40
1.0
 40
1.0
 40
1.0
 40
2.0
 40
2.0
 40
2.0
 40
3.0
 40
3.0
 40
3.0
 40
4.0
 40
4.0
 40
4.0
 40
4.0
 10
66.83219777777778
 20
185.9145944444444
 30
0.0
 10
66.93944222222223
 20
185.9135361111111
 30
0.0
 10
67.13205888888889
 20
185.8687333333333
 30
0.0
 10
67.3507811111111
 20
185.75655
 30
0.0
 10
67.85772277777778
 20
185.4969055555555
 30
0.0
 10
68.07503388888888
 20
184.9807916666666
 30
0.0
 10
67.77305611111112
 20
184.3913
 30
0.0
 10
67.48448388888889
 20
183.8282666666667
 30
0.0
 10
66.90733944444445
 20
183.6423527777777
 30
0.0
 10
66.34959777777777
 20
183.9281027777778
 30
0.0
 10
66.1255838888889
 20
184.0431083333333
 30
0.0
 10
66.00881444444444
 20
184.1634055555555
 30
0.0
 10
65.96365888888889
 20
184.2269055555555
 30
0.0
  0
POLYLINE
  5
276
330
1F
100
AcDbEntity
  8
DEFAULT
 62
   250
100
AcDb2dPolyline
 66
     1
 10
0.0
 20
0.0
 30
0.0
  0
VERTEX
  5
277
330
276
100
AcDbEntity
  8
DEFAULT
 62
   250
100
AcDbVertex
100
AcDb2dVertex
 10
57.56320861111111
 20
194.6799933333333
 30
0.0
  0
VERTEX
  5
278
330
276
100
AcDbEntity
  8
DEFAULT
 62
   250
100
AcDbVertex
100
AcDb2dVertex
 10
58.40140861111112
 20
196.7007044444444
 30
0.0
  0
VERTEX
  5
279
330
276
100
AcDbEntity
  8
DEFAULT
 62
   250
100
AcDbVertex
100
AcDb2dVertex
 10
59.25442527777778
 20
194.6799933333333
 30
0.0
  0
SEQEND
  5
27A
330
276
100
AcDbEntity
  8
DEFAULT
 62
   250
  0
SPLINE
  5
27B
330
1F
100
AcDbEntity
  8
DEFAULT
 62
     1
100
AcDbSpline
210
0.0
220
0.0
230
1.0
 70
    11
 71
     3
 72
   110
 73
   106
 74
     0
 42
0.000000001
 43
0.0000000001
 40
1.0
 40
1.0
 40
1.0
 40
1.0
 40
2.0
 40
2.0
 40
2.0
 40
3.0
 40
3.0
 40
3.0
 40
4.0
 40
4.0
 40
4.0
 40
5.0
 40
5.0
 40
5.0
 40
6.0
 40
6.0
 40
6.0
 40
7.0
 40
7.0
 40
7.0
 40
8.0
 40
8.0
 40
8.0
 40
9.0
 40
9.0
 40
9.0
 40
18.92000000000007
 40
18.92000000000007
 40
18.92000000000007
 40
27.42000000000007
 40
27.42000000000007
 40
27.42000000000007
 40
37.34000000000015
 40
37.34000000000015
 40
37.34000000000015
 40
38.34000000000015
 40
38.34000000000015
 40
38.34000000000015
 40
39.34000000000015
 40
39.34000000000015
 40
39.34000000000015
 40
40.34000000000015
 40
40.34000000000015
 40
40.34000000000015
 40
41.34000000000015
 40
41.34000000000015
 40
41.34000000000015
 40
42.34000000000015
 40
42.34000000000015
 40
42.34000000000015
 40
43.34000000000015
 40
43.34000000000015
 40
43.34000000000015
 40
44.34000000000015
 40
44.34000000000015
 40
44.34000000000015
 40
45.34000000000015
 40
45.34000000000015
 40
45.34000000000015
 40
46.34000000000015
 40
46.34000000000015
 40
46.34000000000015
 40
47.34000000000015
 40
47.34000000000015
 40
47.34000000000015
 40
55.84636261865208
 40
55.84636261865208
 40
55.84636261865208
 40
56.84636261865208
 40
56.84636261865208
 40
56.84636261865208
 40
57.84636261865208
 40
57.84636261865208
 40
57.84636261865208
 40
58.84636261865208
 40
58.84636261865208
 40
58.84636261865208
 40
59.84636261865208
 40
59.84636261865208
 40
59.84636261865208
 40
60.84636261865208
 40
60.84636261865208
 40
60.84636261865208
 40
61.84636261865208
 40
61.84636261865208
 40
61.84636261865208
 40
62.84636261865208
 40
62.84636261865208
 40
62.84636261865208
 40
63.84636261865208
 40
63.84636261865208
 40
63.84636261865208
 40
64.84636261865208
 40
64.84636261865208
 40
64.84636261865208
 40
73.35272523730409
 40
73.35272523730409
 40
73.35272523730409
 40
74.35272523730409
 40
74.35272523730409
 40
74.35272523730409
 40
75.35272523730409
 40
75.35272523730409
 40
75.35272523730409
 40
76.35272523730409
 40
76.35272523730409
 40
76.35272523730409
 40
76.35272523730409
 10
72.98986333333332
 20
192.9798866666666
 30
0.0
 10
76.16239388888887
 20
191.3567561111111
 30
0.0
 10
76.43756055555555
 20
190.0416005555555
 30
0.0
 10
76.43756055555555
 20
187.1872755555555
 30
0.0
 10
76.43756055555555
 20
183.56707
 30
0.0
 10
75.04338277777777
 20
182.3394033333333
 30
0.0
 10
71.66094944444444
 20
182.3394033333333
 30
0.0
 10
69.67974944444443
 20
182.3394033333333
 30
0.0
 10
68.13916888888888
 20
181.366795
 30
0.0
 10
68.13916888888888
 20
178.763295
 30
0.0
 10
68.13916888888888
 20
174.1066283333333
 30
0.0
 10
64.86891888888887
 20
170.2154894444444
 30
0.0
 10
60.49800222222221
 20
169.2559338888888
 30
0.0
 10
59.96883555555555
 20
169.1571561111111
 30
0.0
 10
60.40980777777777
 20
171.2632394444444
 30
0.0
 10
60.40980777777777
 20
173.1082672222222
 30
0.0
 10
60.40980777777777
 20
180.0403505555555
 30
0.0
 10
60.34277999999999
 20
185.6459894444444
 30
0.0
 10
59.90886333333333
 20
185.6459894444444
 30
0.0
 10
59.85241888888888
 20
185.6459894444444
 30
0.0
 10
59.81008555555555
 20
186.4291561111111
 30
0.0
 10
59.81008555555555
 20
187.3957672222222
 30
0.0
 10
59.81008555555555
 20
188.3659061111111
 30
0.0
 10
59.90886333333333
 20
188.9726838888888
 30
0.0
 10
59.90886333333333
 20
189.1490727777777
 30
0.0
 10
59.90886333333333
 20
190.3155912962963
 30
0.0
 10
59.90886333333333
 20
191.4821098148148
 30
0.0
 10
59.90886333333333
 20
192.6486283333333
 30
0.0
 10
58.90932629629629
 20
192.6486283333333
 30
0.0
 10
57.90978925925926
 20
192.6486283333333
 30
0.0
 10
56.91025222222222
 20
192.6486283333333
 30
0.0
 10
56.91025222222222
 20
191.4821098148148
 30
0.0
 10
56.91025222222222
 20
190.3155912962963
 30
0.0
 10
56.91025222222222
 20
189.1490727777777
 30
0.0
 10
56.91025222222222
 20
188.9726838888888
 30
0.0
 10
57.00902999999999
 20
188.3659061111111
 30
0.0
 10
57.00902999999999
 20
187.3957672222222
 30
0.0
 10
57.00902999999999
 20
186.4291561111111
 30
0.0
 10
56.96316888888888
 20
185.6459894444444
 30
0.0
 10
56.91025222222222
 20
185.6459894444444
 30
0.0
 10
54.88178
 20
185.6459894444444
 30
0.0
 10
55.5435911111111
 20
183.2453366666666
 30
0.0
 10
52.87200499999999
 20
181.8790283333333
 30
0.0
 10
52.87200499999999
 20
181.8790283333333
 30
0.0
 10
52.87376888888888
 20
181.8755005555555
 30
0.0
 10
50.20006611111111
 20
180.515895
 30
0.0
 10
48.89655222222222
 20
179.8526727777777
 30
0.0
 10
46.47085222222221
 20
179.8565533333333
 30
0.0
 10
44.55950222222221
 20
179.8565533333333
 30
0.0
 10
41.67483833333333
 20
179.8565533333333
 30
0.0
 10
41.86039944444444
 20
183.9015033333333
 30
0.0
 10
41.86039944444444
 20
190.3725061111111
 30
0.0
 10
41.86039944444444
 20
191.3800394444444
 30
0.0
 10
42.48552166666666
 20
192.2933811111111
 30
0.0
 10
43.82889944444444
 20
192.9795338888889
 30
0.0
 10
43.87828833333332
 20
193.006345
 30
0.0
 10
44.27375222222221
 20
192.3272477777777
 30
0.0
 10
44.71542999999999
 20
191.4668227777778
 30
0.0
 10
45.15393277777777
 20
190.6053394444444
 30
0.0
 10
45.34337444444444
 20
190.0190227777777
 30
0.0
 10
45.42098555555555
 20
189.8645061111111
 30
0.0
 10
45.81962444444444
 20
189.0859255555555
 30
0.0
 10
47.01659944444444
 20
186.7463033333333
 30
0.0
 10
47.01659944444444
 20
186.7463033333333
 30
0.0
 10
47.90712814814814
 20
187.201857037037
 30
0.0
 10
48.79765685185183
 20
187.6574107407407
 30
0.0
 10
49.68818555555554
 20
188.1129644444444
 30
0.0
 10
49.68818555555554
 20
188.1129644444444
 30
0.0
 10
48.49156333333332
 20
190.4490588888889
 30
0.0
 10
48.09221888888889
 20
191.2308144444444
 30
0.0
 10
48.01460777777778
 20
191.3856838888888
 30
0.0
 10
47.64807166666667
 20
191.8799255555555
 30
0.0
 10
47.20639388888888
 20
192.7407033333333
 30
0.0
 10
46.76718555555555
 20
193.6053616666667
 30
0.0
 10
46.45144944444444
 20
194.3197366666666
 30
0.0
 10
46.50048555555555
 20
194.346195
 30
0.0
 10
49.17171888888888
 20
195.7128561111111
 30
0.0
 10
53.90917166666667
 20
197.1691227777777
 30
0.0
 10
57.06194666666666
 20
199.2046505555555
 30
0.0
 10
57.81900777777777
 20
199.6936005555555
 30
0.0
 10
59.9409661111111
 20
199.6466811111111
 30
0.0
 10
60.98377722222221
 20
199.6466811111111
 30
0.0
 10
65.05836055555554
 20
199.6466811111111
 30
0.0
 10
67.64704388888887
 20
195.7132088888889
 30
0.0
 10
70.31862999999998
 20
194.3465477777777
 30
0.0
 10
70.3676661111111
 20
194.3200894444444
 30
0.0
 10
70.05192999999998
 20
193.6053616666667
 30
0.0
 10
69.60919388888888
 20
192.7414088888888
 30
0.0
 10
69.1706911111111
 20
191.8802783333333
 30
0.0
 10
68.80415499999998
 20
191.3860366666666
 30
0.0
 10
68.72689666666666
 20
191.2311672222222
 30
0.0
 10
68.32755222222221
 20
190.4490588888889
 30
0.0
 10
67.13092999999999
 20
188.1133172222222
 30
0.0
 10
67.13092999999999
 20
188.1133172222222
 30
0.0
 10
68.02145870370369
 20
187.6577635185185
 30
0.0
 10
68.9119874074074
 20
187.2022098148148
 30
0.0
 10
69.8025161111111
 20
186.7466561111111
 30
0.0
 10
69.8025161111111
 20
186.7466561111111
 30
0.0
 10
70.9994911111111
 20
189.0859255555555
 30
0.0
 10
71.39813
 20
189.8645061111111
 30
0.0
 10
71.4757411111111
 20
190.0193755555555
 30
0.0
 10
71.66518277777777
 20
190.6056922222222
 30
0.0
 10
72.10333277777777
 20
191.4668227777778
 30
0.0
 10
72.54536333333333
 20
192.3276005555555
 30
0.0
 10
72.94082722222221
 20
193.0066977777778
 30
0.0
 10
72.98986333333332
 20
192.9798866666666
 30
0.0
  0
SPLINE
  5
27C
330
1F
100
AcDbEntity
  8
DEFAULT
 62
     1
100
AcDbSpline
210
0.0
220
0.0
230
1.0
 70
     8
 71
     3
 72
     8
 73
     4
 74
     0
 42
0.000000001
 43
0.0000000001
 40
0.0
 40
0.0
 40
0.0
 40
0.0
 40
1.0
 40
1.0
 40
1.0
 40
1.0
 10
46.6347175
 20
169.5385441666667
 30
0.0
 10
47.60979527777778
 20
169.5385441666667
 30
0.0
 10
46.24031194444444
 20
179.8565886111111
 30
0.0
 10
44.55932583333333
 20
179.8565886111111
 30
0.0
  0
SPLINE
  5
27D
330
1F
100
AcDbEntity
  8
DEFAULT
 62
     1
100
AcDbSpline
210
0.0
220
0.0
230
1.0
 70
     8
 71
     3
 72
     8
 73
     4
 74
     0
 42
0.000000001
 43
0.0000000001
 40
0.0
 40
0.0
 40
0.0
 40
0.0
 40
1.0
 40
1.0
 40
1.0
 40
1.0
 10
71.66098472222221
 20
182.3393327777777
 30
0.0
 10
70.68590694444444
 20
182.3393327777777
 30
0.0
 10
72.05539027777778
 20
172.0212883333333
 30
0.0
 10
73.73637638888889
 20
172.0212883333333
 30
0.0
  0
SPLINE
  5
27E
330
1F
100
AcDbEntity
  8
DEFAULT
 62
   250
100
AcDbSpline
210
0.0
220
0.0
230
1.0
 70
     8
 71
     3
 72
    17
 73
    13
 74
     0
 42
0.000000001
 43
0.0000000001
 40
0.0
 40
0.0
 40
0.0
 40
0.0
 40
1.0
 40
1.0
 40
1.0
 40
2.0
 40
2.0
 40
2.0
 40
3.0
 40
3.0
 40
3.0
 40
4.0
 40
4.0
 40
4.0
 40
4.0
 10
33.32469416666667
 20
166.6610416666666
 30
0.0
 10
33.26119416666666
 20
166.5746111111111
 30
0.0
 10
33.11232194444444
 20
166.4444361111111
 30
0.0
 10
32.89359972222222
 20
166.3322527777778
 30
0.0
 10
32.38665805555555
 20
166.0722555555556
 30
0.0
 10
31.84091083333333
 20
166.1971388888889
 30
0.0
 10
31.53858027777778
 20
166.7866305555555
 30
0.0
 10
31.25000805555555
 20
167.3496638888889
 30
0.0
 10
31.43627472222222
 20
167.9268083333333
 30
0.0
 10
31.99401638888888
 20
168.2125583333333
 30
0.0
 10
32.21803027777778
 20
168.3275638888889
 30
0.0
 10
32.38383583333333
 20
168.3519055555555
 30
0.0
 10
32.46179972222222
 20
168.3515527777778
 30
0.0
  0
SPLINE
  5
27F
330
1F
100
AcDbEntity
  8
DEFAULT
 62
   250
100
AcDbSpline
210
0.0
220
0.0
230
1.0
 70
     8
 71
     3
 72
    17
 73
    13
 74
     0
 42
0.000000001
 43
0.0000000001
 40
0.0
 40
0.0
 40
0.0
 40
0.0
 40
1.0
 40
1.0
 40
1.0
 40
2.0
 40
2.0
 40
2.0
 40
3.0
 40
3.0
 40
3.0
 40
4.0
 40
4.0
 40
4.0
 40
4.0
 10
15.12129027777778
 20
165.9632825
 30
0.0
 10
15.01404583333333
 20
165.9643408333333
 30
0.0
 10
14.82142916666666
 20
166.0091436111111
 30
0.0
 10
14.60270694444444
 20
166.1213269444444
 30
0.0
 10
14.09576527777778
 20
166.3809713888889
 30
0.0
 10
13.87845416666666
 20
166.8970852777778
 30
0.0
 10
14.18043194444444
 20
167.4865769444444
 30
0.0
 10
14.46900416666667
 20
168.0496102777778
 30
0.0
 10
15.04614861111111
 20
168.2355241666666
 30
0.0
 10
15.60389027777778
 20
167.9497741666666
 30
0.0
 10
15.82790416666667
 20
167.8347686111111
 30
0.0
 10
15.94467361111111
 20
167.7144713888889
 30
0.0
 10
15.98982916666667
 20
167.6509713888889
 30
0.0
  0
POLYLINE
  5
280
330
1F
100
AcDbEntity
  8
DEFAULT
 62
   250
100
AcDb2dPolyline
 66
     1
 10
0.0
 20
0.0
 30
0.0
  0
VERTEX
  5
281
330
280
100
AcDbEntity
  8
DEFAULT
 62
   250
100
AcDbVertex
100
AcDb2dVertex
 10
24.39024416666666
 20
157.1978836111111
 30
0.0
  0
VERTEX
  5
282
330
280
100
AcDbEntity
  8
DEFAULT
 62
   250
100
AcDbVertex
100
AcDb2dVertex
 10
23.55239694444445
 20
155.1768197222222
 30
0.0
  0
VERTEX
  5
283
330
280
100
AcDbEntity
  8
DEFAULT
 62
   250
100
AcDbVertex
100
AcDb2dVertex
 10
22.69938027777777
 20
157.1978836111111
 30
0.0
  0
SEQEND
  5
284
330
280
100
AcDbEntity
  8
DEFAULT
 62
   250
  0
SPLINE
  5
285
330
1F
100
AcDbEntity
  8
DEFAULT
 62
     1
100
AcDbSpline
210
0.0
220
0.0
230
1.0
 70
    11
 71
     3
 72
   110
 73
   106
 74
     0
 42
0.000000001
 43
0.0000000001
 40
1.0
 40
1.0
 40
1.0
 40
1.0
 40
2.0
 40
2.0
 40
2.0
 40
3.0
 40
3.0
 40
3.0
 40
4.0
 40
4.0
 40
4.0
 40
5.0
 40
5.0
 40
5.0
 40
6.0
 40
6.0
 40
6.0
 40
7.0
 40
7.0
 40
7.0
 40
8.0
 40
8.0
 40
8.0
 40
9.0
 40
9.0
 40
9.0
 40
18.91999999999996
 40
18.91999999999996
 40
18.91999999999996
 40
27.41999999999996
 40
27.41999999999996
 40
27.41999999999996
 40
37.33999999999992
 40
37.33999999999992
 40
37.33999999999992
 40
38.33999999999992
 40
38.33999999999992
 40
38.33999999999992
 40
39.33999999999992
 40
39.33999999999992
 40
39.33999999999992
 40
40.33999999999992
 40
40.33999999999992
 40
40.33999999999992
 40
41.33999999999992
 40
41.33999999999992
 40
41.33999999999992
 40
42.33999999999992
 40
42.33999999999992
 40
42.33999999999992
 40
43.33999999999992
 40
43.33999999999992
 40
43.33999999999992
 40
44.33999999999992
 40
44.33999999999992
 40
44.33999999999992
 40
45.33999999999992
 40
45.33999999999992
 40
45.33999999999992
 40
46.33999999999992
 40
46.33999999999992
 40
46.33999999999992
 40
47.33999999999992
 40
47.33999999999992
 40
47.33999999999992
 40
55.84547235607752
 40
55.84547235607752
 40
55.84547235607752
 40
56.84547235607752
 40
56.84547235607752
 40
56.84547235607752
 40
57.84547235607752
 40
57.84547235607752
 40
57.84547235607752
 40
58.84547235607752
 40
58.84547235607752
 40
58.84547235607752
 40
59.84547235607752
 40
59.84547235607752
 40
59.84547235607752
 40
60.84547235607752
 40
60.84547235607752
 40
60.84547235607752
 40
61.84547235607752
 40
61.84547235607752
 40
61.84547235607752
 40
62.84547235607752
 40
62.84547235607752
 40
62.84547235607752
 40
63.84547235607752
 40
63.84547235607752
 40
63.84547235607752
 40
64.84547235607752
 40
64.84547235607752
 40
64.84547235607752
 40
73.3518349747295
 40
73.3518349747295
 40
73.3518349747295
 40
74.3518349747295
 40
74.3518349747295
 40
74.3518349747295
 40
75.3518349747295
 40
75.3518349747295
 40
75.3518349747295
 40
76.3518349747295
 40
76.3518349747295
 40
76.3518349747295
 40
76.3518349747295
 10
8.964929999999999
 20
158.8979902777778
 30
0.0
 10
5.792399444444445
 20
160.5211208333333
 30
0.0
 10
5.517232777777778
 20
161.8362763888889
 30
0.0
 10
5.517232777777778
 20
164.6906013888889
 30
0.0
 10
5.517232777777778
 20
168.3108069444444
 30
0.0
 10
6.911410555555555
 20
169.5384736111111
 30
0.0
 10
10.29384388888889
 20
169.5384736111111
 30
0.0
 10
12.27539666666667
 20
169.5384736111111
 30
0.0
 10
13.81562444444445
 20
170.5110819444444
 30
0.0
 10
13.81562444444445
 20
173.1145819444444
 30
0.0
 10
13.81562444444445
 20
177.7712486111111
 30
0.0
 10
17.08587444444444
 20
181.6623875
 30
0.0
 10
21.45679111111111
 20
182.6219430555555
 30
0.0
 10
21.98595777777778
 20
182.7207208333333
 30
0.0
 10
21.54498555555556
 20
180.6149902777778
 30
0.0
 10
21.54498555555556
 20
178.7696097222222
 30
0.0
 10
21.54498555555556
 20
171.8378791666667
 30
0.0
 10
21.61201333333333
 20
166.2318875
 30
0.0
 10
22.04628277777778
 20
166.2318875
 30
0.0
 10
22.10237444444444
 20
166.2318875
 30
0.0
 10
22.14470777777778
 20
165.4490736111111
 30
0.0
 10
22.14470777777778
 20
164.4821097222222
 30
0.0
 10
22.14470777777778
 20
163.5119708333333
 30
0.0
 10
22.04628277777778
 20
162.9051930555555
 30
0.0
 10
22.04628277777778
 20
162.7288041666667
 30
0.0
 10
22.04628277777778
 20
161.5622856481482
 30
0.0
 10
22.04628277777778
 20
160.3957671296296
 30
0.0
 10
22.04628277777778
 20
159.2292486111111
 30
0.0
 10
23.04581981481482
 20
159.2292486111111
 30
0.0
 10
24.04535685185185
 20
159.2292486111111
 30
0.0
 10
25.04489388888889
 20
159.2292486111111
 30
0.0
 10
25.04489388888889
 20
160.3957671296296
 30
0.0
 10
25.04489388888889
 20
161.5622856481482
 30
0.0
 10
25.04489388888889
 20
162.7288041666667
 30
0.0
 10
25.04489388888889
 20
162.9051930555555
 30
0.0
 10
24.94576333333333
 20
163.5119708333333
 30
0.0
 10
24.94576333333333
 20
164.4821097222222
 30
0.0
 10
24.94576333333333
 20
165.4490736111111
 30
0.0
 10
24.99162444444444
 20
166.2318875
 30
0.0
 10
25.04489388888889
 20
166.2318875
 30
0.0
 10
27.07336611111111
 20
166.2318875
 30
0.0
 10
26.41120222222222
 20
168.6325402777778
 30
0.0
 10
29.08278833333333
 20
169.9988486111111
 30
0.0
 10
29.08278833333333
 20
169.9988486111111
 30
0.0
 10
29.08102444444444
 20
170.0023763888889
 30
0.0
 10
31.75472722222222
 20
171.3619819444444
 30
0.0
 10
33.05824111111112
 20
172.0252041666667
 30
0.0
 10
35.48394111111111
 20
172.0213236111111
 30
0.0
 10
37.39529111111111
 20
172.0213236111111
 30
0.0
 10
40.27995499999999
 20
172.0213236111111
 30
0.0
 10
40.09439388888889
 20
167.9767263888889
 30
0.0
 10
40.09439388888889
 20
161.5053708333333
 30
0.0
 10
40.09439388888889
 20
160.4978375
 30
0.0
 10
39.46927166666666
 20
159.5844958333333
 30
0.0
 10
38.12589388888889
 20
158.8983430555555
 30
0.0
 10
38.076505
 20
158.8715319444445
 30
0.0
 10
37.68104111111111
 20
159.5506291666667
 30
0.0
 10
37.23936333333333
 20
160.4114069444445
 30
0.0
 10
36.80086055555555
 20
161.2725375
 30
0.0
 10
36.61141888888888
 20
161.8588541666666
 30
0.0
 10
36.53380777777777
 20
162.0133708333333
 30
0.0
 10
36.13516888888888
 20
162.7923041666667
 30
0.0
 10
34.93819388888889
 20
165.1315736111111
 30
0.0
 10
34.93819388888889
 20
165.1315736111111
 30
0.0
 10
34.04778277777778
 20
164.6760199074074
 30
0.0
 10
33.15737166666667
 20
164.2204662037037
 30
0.0
 10
32.26696055555556
 20
163.7649125
 30
0.0
 10
32.26696055555556
 20
163.7649125
 30
0.0
 10
33.46323
 20
161.4291708333333
 30
0.0
 10
33.86257444444444
 20
160.6470625
 30
0.0
 10
33.94018555555556
 20
160.4921930555556
 30
0.0
 10
34.30672166666666
 20
159.9979513888889
 30
0.0
 10
34.74875222222222
 20
159.1371736111111
 30
0.0
 10
35.18760777777777
 20
158.2725152777778
 30
0.0
 10
35.50334388888889
 20
157.5581402777778
 30
0.0
 10
35.45430777777777
 20
157.5316819444444
 30
0.0
 10
32.78307444444444
 20
156.1650208333333
 30
0.0
 10
28.04562166666667
 20
154.7087541666667
 30
0.0
 10
24.89319944444444
 20
152.6732263888889
 30
0.0
 10
24.13578555555555
 20
152.1842763888889
 30
0.0
 10
22.01382722222222
 20
152.2311958333333
 30
0.0
 10
20.97101611111111
 20
152.2311958333333
 30
0.0
 10
16.89643277777778
 20
152.2311958333333
 30
0.0
 10
14.30774944444444
 20
156.1650208333333
 30
0.0
 10
11.63616333333333
 20
157.5313291666667
 30
0.0
 10
11.58712722222222
 20
157.5577875
 30
0.0
 10
11.90321611111111
 20
158.2725152777778
 30
0.0
 10
12.34559944444444
 20
159.1364680555556
 30
0.0
 10
12.78410222222222
 20
159.9975986111111
 30
0.0
 10
13.15063833333333
 20
160.4918402777778
 30
0.0
 10
13.22789666666667
 20
160.6467097222222
 30
0.0
 10
13.62759388888889
 20
161.4288180555556
 30
0.0
 10
14.82386333333333
 20
163.7645597222222
 30
0.0
 10
14.82386333333333
 20
163.7645597222222
 30
0.0
 10
13.93333462962963
 20
164.2201134259259
 30
0.0
 10
13.04280592592593
 20
164.6756671296296
 30
0.0
 10
12.15227722222222
 20
165.1312208333333
 30
0.0
 10
12.15227722222222
 20
165.1312208333333
 30
0.0
 10
10.95530222222222
 20
162.7919513888889
 30
0.0
 10
10.55666333333333
 20
162.0133708333333
 30
0.0
 10
10.47905222222222
 20
161.8585013888889
 30
0.0
 10
10.28996333333333
 20
161.2721847222222
 30
0.0
 10
9.851460555555557
 20
160.4110541666666
 30
0.0
 10
9.40943
 20
159.5502763888889
 30
0.0
 10
9.013966111111111
 20
158.8711791666666
 30
0.0
 10
8.964929999999999
 20
158.8979902777778
 30
0.0
  0
SPLINE
  5
286
330
1F
100
AcDbEntity
  8
DEFAULT
 62
   250
100
AcDbSpline
210
0.0
220
0.0
230
1.0
 70
     8
 71
     3
 72
    17
 73
    13
 74
     0
 42
0.000000001
 43
0.0000000001
 40
0.0
 40
0.0
 40
0.0
 40
0.0
 40
1.0
 40
1.0
 40
1.0
 40
2.0
 40
2.0
 40
2.0
 40
3.0
 40
3.0
 40
3.0
 40
4.0
 40
4.0
 40
4.0
 40
4.0
 10
12.28792027777778
 20
185.2168
 30
0.0
 10
12.35142027777778
 20
185.3032305555555
 30
0.0
 10
12.5002925
 20
185.4334055555555
 30
0.0
 10
12.71901472222222
 20
185.5455888888889
 30
0.0
 10
13.22595638888889
 20
185.8052333333333
 30
0.0
 10
13.77170361111111
 20
185.6807027777778
 30
0.0
 10
14.07368138888889
 20
185.0912111111111
 30
0.0
 10
14.36260638888889
 20
184.5281777777778
 30
0.0
 10
14.17633972222222
 20
183.9510333333333
 30
0.0
 10
13.61895083333333
 20
183.6652833333333
 30
0.0
 10
13.39458416666666
 20
183.5502777777778
 30
0.0
 10
13.22877861111111
 20
183.5259361111111
 30
0.0
 10
13.15081472222222
 20
183.5262888888889
 30
0.0
  0
SPLINE
  5
287
330
1F
100
AcDbEntity
  8
DEFAULT
 62
   250
100
AcDbSpline
210
0.0
220
0.0
230
1.0
 70
     8
 71
     3
 72
    17
 73
    13
 74
     0
 42
0.000000001
 43
0.0000000001
 40
0.0
 40
0.0
 40
0.0
 40
0.0
 40
1.0
 40
1.0
 40
1.0
 40
2.0
 40
2.0
 40
2.0
 40
3.0
 40
3.0
 40
3.0
 40
4.0
 40
4.0
 40
4.0
 40
4.0
 10
30.49132416666667
 20
185.9145944444444
 30
0.0
 10
30.59856861111111
 20
185.9135361111111
 30
0.0
 10
30.79118527777777
 20
185.8687333333333
 30
0.0
 10
31.0099075
 20
185.75655
 30
0.0
 10
31.51684916666666
 20
185.4969055555555
 30
0.0
 10
31.73416027777778
 20
184.9807916666666
 30
0.0
 10
31.4321825
 20
184.3913
 30
0.0
 10
31.14361027777778
 20
183.8282666666667
 30
0.0
 10
30.56646583333333
 20
183.6423527777777
 30
0.0
 10
30.00872416666667
 20
183.9281027777778
 30
0.0
 10
29.78471027777778
 20
184.0431083333333
 30
0.0
 10
29.66794083333333
 20
184.1634055555555
 30
0.0
 10
29.62278527777778
 20
184.2269055555555
 30
0.0
  0
POLYLINE
  5
288
330
1F
100
AcDbEntity
  8
DEFAULT
 62
   250
100
AcDb2dPolyline
 66
     1
 10
0.0
 20
0.0
 30
0.0
  0
VERTEX
  5
289
330
288
100
AcDbEntity
  8
DEFAULT
 62
   250
100
AcDbVertex
100
AcDb2dVertex
 10
21.22233499999999
 20
194.6799933333333
 30
0.0
  0
VERTEX
  5
28A
330
288
100
AcDbEntity
  8
DEFAULT
 62
   250
100
AcDbVertex
100
AcDb2dVertex
 10
22.06018222222222
 20
196.7007044444445
 30
0.0
  0
VERTEX
  5
28B
330
288
100
AcDbEntity
  8
DEFAULT
 62
   250
100
AcDbVertex
100
AcDb2dVertex
 10
22.91355166666667
 20
194.6799933333333
 30
0.0
  0
SEQEND
  5
28C
330
288
100
AcDbEntity
  8
DEFAULT
 62
   250
  0
SPLINE
  5
28D
330
1F
100
AcDbEntity
  8
DEFAULT
 62
     1
100
AcDbSpline
210
0.0
220
0.0
230
1.0
 70
    11
 71
     3
 72
   110
 73
   106
 74
     0
 42
0.000000001
 43
0.0000000001
 40
1.0
 40
1.0
 40
1.0
 40
1.0
 40
2.0
 40
2.0
 40
2.0
 40
3.0
 40
3.0
 40
3.0
 40
4.0
 40
4.0
 40
4.0
 40
5.0
 40
5.0
 40
5.0
 40
6.0
 40
6.0
 40
6.0
 40
7.0
 40
7.0
 40
7.0
 40
8.0
 40
8.0
 40
8.0
 40
9.0
 40
9.0
 40
9.0
 40
18.92000000000007
 40
18.92000000000007
 40
18.92000000000007
 40
27.42000000000007
 40
27.42000000000007
 40
27.42000000000007
 40
37.34000000000015
 40
37.34000000000015
 40
37.34000000000015
 40
38.34000000000015
 40
38.34000000000015
 40
38.34000000000015
 40
39.34000000000015
 40
39.34000000000015
 40
39.34000000000015
 40
40.34000000000015
 40
40.34000000000015
 40
40.34000000000015
 40
41.34000000000015
 40
41.34000000000015
 40
41.34000000000015
 40
42.34000000000015
 40
42.34000000000015
 40
42.34000000000015
 40
43.34000000000015
 40
43.34000000000015
 40
43.34000000000015
 40
44.34000000000015
 40
44.34000000000015
 40
44.34000000000015
 40
45.34000000000015
 40
45.34000000000015
 40
45.34000000000015
 40
46.34000000000015
 40
46.34000000000015
 40
46.34000000000015
 40
47.34000000000015
 40
47.34000000000015
 40
47.34000000000015
 40
55.84547235607769
 40
55.84547235607769
 40
55.84547235607769
 40
56.84547235607769
 40
56.84547235607769
 40
56.84547235607769
 40
57.84547235607769
 40
57.84547235607769
 40
57.84547235607769
 40
58.84547235607769
 40
58.84547235607769
 40
58.84547235607769
 40
59.84547235607769
 40
59.84547235607769
 40
59.84547235607769
 40
60.84547235607769
 40
60.84547235607769
 40
60.84547235607769
 40
61.84547235607769
 40
61.84547235607769
 40
61.84547235607769
 40
62.84547235607769
 40
62.84547235607769
 40
62.84547235607769
 40
63.84547235607769
 40
63.84547235607769
 40
63.84547235607769
 40
64.84547235607769
 40
64.84547235607769
 40
64.84547235607769
 40
73.3518349747297
 40
73.3518349747297
 40
73.3518349747297
 40
74.3518349747297
 40
74.3518349747297
 40
74.3518349747297
 40
75.3518349747297
 40
75.3518349747297
 40
75.3518349747297
 40
76.3518349747297
 40
76.3518349747297
 40
76.3518349747297
 40
76.3518349747297
 10
36.64898972222222
 20
192.9798866666666
 30
0.0
 10
39.82152027777777
 20
191.3567561111111
 30
0.0
 10
40.09668694444444
 20
190.0416005555555
 30
0.0
 10
40.09668694444444
 20
187.1872755555555
 30
0.0
 10
40.09668694444444
 20
183.56707
 30
0.0
 10
38.70250916666666
 20
182.3394033333333
 30
0.0
 10
35.32007583333333
 20
182.3394033333333
 30
0.0
 10
33.33887583333333
 20
182.3394033333333
 30
0.0
 10
31.79829527777778
 20
181.366795
 30
0.0
 10
31.79829527777778
 20
178.763295
 30
0.0
 10
31.79829527777778
 20
174.1066283333333
 30
0.0
 10
28.52804527777777
 20
170.2154894444444
 30
0.0
 10
24.15712861111111
 20
169.2559338888888
 30
0.0
 10
23.62796194444444
 20
169.1571561111111
 30
0.0
 10
24.06893416666666
 20
171.2632394444444
 30
0.0
 10
24.06893416666666
 20
173.1082672222222
 30
0.0
 10
24.06893416666666
 20
180.0403505555555
 30
0.0
 10
24.00190638888889
 20
185.6459894444444
 30
0.0
 10
23.56798972222222
 20
185.6459894444444
 30
0.0
 10
23.51154527777777
 20
185.6459894444444
 30
0.0
 10
23.46921194444444
 20
186.4291561111111
 30
0.0
 10
23.46921194444444
 20
187.3957672222222
 30
0.0
 10
23.46921194444444
 20
188.3659061111111
 30
0.0
 10
23.56798972222222
 20
188.9726838888888
 30
0.0
 10
23.56798972222222
 20
189.1490727777777
 30
0.0
 10
23.56798972222222
 20
190.3155912962963
 30
0.0
 10
23.56798972222222
 20
191.4821098148148
 30
0.0
 10
23.56798972222222
 20
192.6486283333333
 30
0.0
 10
22.56845268518518
 20
192.6486283333333
 30
0.0
 10
21.56891564814815
 20
192.6486283333333
 30
0.0
 10
20.56937861111111
 20
192.6486283333333
 30
0.0
 10
20.56937861111111
 20
191.4821098148148
 30
0.0
 10
20.56937861111111
 20
190.3155912962963
 30
0.0
 10
20.56937861111111
 20
189.1490727777777
 30
0.0
 10
20.56937861111111
 20
188.9726838888888
 30
0.0
 10
20.66815638888889
 20
188.3659061111111
 30
0.0
 10
20.66815638888889
 20
187.3957672222222
 30
0.0
 10
20.66815638888889
 20
186.4291561111111
 30
0.0
 10
20.62229527777777
 20
185.6459894444444
 30
0.0
 10
20.56937861111111
 20
185.6459894444444
 30
0.0
 10
18.54090638888889
 20
185.6459894444444
 30
0.0
 10
19.2027175
 20
183.2453366666666
 30
0.0
 10
16.53113138888889
 20
181.8790283333333
 30
0.0
 10
16.53113138888889
 20
181.8790283333333
 30
0.0
 10
16.53289527777778
 20
181.8755005555555
 30
0.0
 10
13.8591925
 20
180.515895
 30
0.0
 10
12.55567861111111
 20
179.8526727777777
 30
0.0
 10
10.12997861111111
 20
179.8565533333333
 30
0.0
 10
8.218628611111107
 20
179.8565533333333
 30
0.0
 10
5.333964722222222
 20
179.8565533333333
 30
0.0
 10
5.519525833333332
 20
183.9015033333333
 30
0.0
 10
5.519525833333332
 20
190.3725061111111
 30
0.0
 10
5.519525833333332
 20
191.3800394444444
 30
0.0
 10
6.144648055555556
 20
192.2933811111111
 30
0.0
 10
7.488025833333332
 20
192.9795338888889
 30
0.0
 10
7.53741472222222
 20
193.006345
 30
0.0
 10
7.932878611111107
 20
192.3272477777777
 30
0.0
 10
8.37455638888889
 20
191.4668227777778
 30
0.0
 10
8.813059166666665
 20
190.6053394444444
 30
0.0
 10
9.002500833333333
 20
190.0190227777777
 30
0.0
 10
9.080111944444443
 20
189.8645061111111
 30
0.0
 10
9.478750833333331
 20
189.0859255555555
 30
0.0
 10
10.67572583333333
 20
186.7463033333333
 30
0.0
 10
10.67572583333333
 20
186.7463033333333
 30
0.0
 10
11.56613694444444
 20
187.201857037037
 30
0.0
 10
12.45654805555555
 20
187.6574107407407
 30
0.0
 10
13.34695916666667
 20
188.1129644444444
 30
0.0
 10
13.34695916666667
 20
188.1129644444444
 30
0.0
 10
12.15068972222222
 20
190.4490588888889
 30
0.0
 10
11.75134527777778
 20
191.2308144444444
 30
0.0
 10
11.67373416666666
 20
191.3856838888888
 30
0.0
 10
11.30719805555556
 20
191.8799255555555
 30
0.0
 10
10.86552027777777
 20
192.7407033333333
 30
0.0
 10
10.42631194444444
 20
193.6053616666667
 30
0.0
 10
10.11057583333333
 20
194.3197366666666
 30
0.0
 10
10.15961194444444
 20
194.346195
 30
0.0
 10
12.83084527777777
 20
195.7128561111111
 30
0.0
 10
17.56829805555555
 20
197.1691227777777
 30
0.0
 10
20.72107305555555
 20
199.2046505555555
 30
0.0
 10
21.47813416666666
 20
199.6936005555555
 30
0.0
 10
23.6000925
 20
199.6466811111111
 30
0.0
 10
24.64290361111111
 20
199.6466811111111
 30
0.0
 10
28.71748694444444
 20
199.6466811111111
 30
0.0
 10
31.30617027777777
 20
195.7132088888889
 30
0.0
 10
33.97775638888888
 20
194.3465477777777
 30
0.0
 10
34.0267925
 20
194.3200894444444
 30
0.0
 10
33.71070361111111
 20
193.6053616666667
 30
0.0
 10
33.26832027777778
 20
192.7414088888888
 30
0.0
 10
32.8298175
 20
191.8802783333333
 30
0.0
 10
32.46328138888889
 20
191.3860366666666
 30
0.0
 10
32.38602305555555
 20
191.2311672222222
 30
0.0
 10
31.98632583333333
 20
190.4490588888889
 30
0.0
 10
30.79005638888889
 20
188.1133172222222
 30
0.0
 10
30.79005638888889
 20
188.1133172222222
 30
0.0
 10
31.68058509259259
 20
187.6577635185185
 30
0.0
 10
32.5711137962963
 20
187.2022098148148
 30
0.0
 10
33.4616425
 20
186.7466561111111
 30
0.0
 10
33.4616425
 20
186.7466561111111
 30
0.0
 10
34.6586175
 20
189.0859255555555
 30
0.0
 10
35.05725638888889
 20
189.8645061111111
 30
0.0
 10
35.1348675
 20
190.0193755555555
 30
0.0
 10
35.32430916666667
 20
190.6056922222222
 30
0.0
 10
35.76245916666666
 20
191.4668227777778
 30
0.0
 10
36.20448972222221
 20
192.3276005555555
 30
0.0
 10
36.59995361111111
 20
193.0066977777778
 30
0.0
 10
36.64898972222222
 20
192.9798866666666
 30
0.0
  0
SPLINE
  5
28E
330
1F
100
AcDbEntity
  8
DEFAULT
 62
     1
100
AcDbSpline
210
0.0
220
0.0
230
1.0
 70
     8
 71
     3
 72
     8
 73
     4
 74
     0
 42
0.000000001
 43
0.0000000001
 40
0.0
 40
0.0
 40
0.0
 40
0.0
 40
1.0
 40
1.0
 40
1.0
 40
1.0
 10
10.29384388888889
 20
169.5385441666667
 30
0.0
 10
11.26892166666667
 20
169.5385441666667
 30
0.0
 10
9.899438333333332
 20
179.8565886111111
 30
0.0
 10
8.218452222222222
 20
179.8565886111111
 30
0.0
  0
SPLINE
  5
28F
330
1F
100
AcDbEntity
  8
DEFAULT
 62
     1
100
AcDbSpline
210
0.0
220
0.0
230
1.0
 70
     8
 71
     3
 72
     8
 73
     4
 74
     0
 42
0.000000001
 43
0.0000000001
 40
0.0
 40
0.0
 40
0.0
 40
0.0
 40
1.0
 40
1.0
 40
1.0
 40
1.0
 10
35.32011111111111
 20
182.3393327777777
 30
0.0
 10
34.34468055555556
 20
182.3393327777777
 30
0.0
 10
35.71451666666666
 20
172.0212883333333
 30
0.0
 10
37.39550277777777
 20
172.0212883333333
 30
0.0
  0
SPLINE
  5
290
330
1F
100
AcDbEntity
  8
DEFAULT
 62
   250
100
AcDbSpline
210
0.0
220
0.0
230
1.0
 70
     8
 71
     3
 72
    17
 73
    13
 74
     0
 42
0.000000001
 43
0.0000000001
 40
0.0
 40
0.0
 40
0.0
 40
0.0
 40
1.0
 40
1.0
 40
1.0
 40
2.0
 40
2.0
 40
2.0
 40
3.0
 40
3.0
 40
3.0
 40
4.0
 40
4.0
 40
4.0
 40
4.0
 10
268.2072783333333
 20
213.4555675
 30
0.0
 10
268.1437783333333
 20
213.3691369444444
 30
0.0
 10
267.9949061111111
 20
213.2389619444444
 30
0.0
 10
267.7761838888889
 20
213.1267786111111
 30
0.0
 10
267.2692422222222
 20
212.8667813888889
 30
0.0
 10
266.723495
 20
212.9916647222222
 30
0.0
 10
266.4211644444444
 20
213.5811563888889
 30
0.0
 10
266.1325922222222
 20
214.1441897222222
 30
0.0
 10
266.3188588888889
 20
214.7213341666667
 30
0.0
 10
266.8762477777777
 20
215.0070841666667
 30
0.0
 10
267.1006144444444
 20
215.1220897222222
 30
0.0
 10
267.26642
 20
215.1464313888889
 30
0.0
 10
267.3443838888888
 20
215.1460786111111
 30
0.0
  0
SPLINE
  5
291
330
1F
100
AcDbEntity
  8
DEFAULT
 62
   250
100
AcDbSpline
210
0.0
220
0.0
230
1.0
 70
     8
 71
     3
 72
    17
 73
    13
 74
     0
 42
0.000000001
 43
0.0000000001
 40
0.0
 40
0.0
 40
0.0
 40
0.0
 40
1.0
 40
1.0
 40
1.0
 40
2.0
 40
2.0
 40
2.0
 40
3.0
 40
3.0
 40
3.0
 40
4.0
 40
4.0
 40
4.0
 40
4.0
 10
250.0038744444444
 20
212.7578083333333
 30
0.0
 10
249.89663
 20
212.7588666666666
 30
0.0
 10
249.7040133333333
 20
212.8036694444444
 30
0.0
 10
249.4852911111111
 20
212.9158527777777
 30
0.0
 10
248.9783494444444
 20
213.1754972222222
 30
0.0
 10
248.7610383333333
 20
213.6916111111111
 30
0.0
 10
249.0630161111111
 20
214.2811027777777
 30
0.0
 10
249.3515883333333
 20
214.8441361111111
 30
0.0
 10
249.9287327777778
 20
215.03005
 30
0.0
 10
250.4864744444444
 20
214.7443
 30
0.0
 10
250.7104883333333
 20
214.6292944444444
 30
0.0
 10
250.8272577777778
 20
214.5089972222222
 30
0.0
 10
250.8724133333333
 20
214.4454972222222
 30
0.0
  0
POLYLINE
  5
292
330
1F
100
AcDbEntity
  8
DEFAULT
 62
   250
100
AcDb2dPolyline
 66
     1
 10
0.0
 20
0.0
 30
0.0
  0
VERTEX
  5
293
330
292
100
AcDbEntity
  8
DEFAULT
 62
   250
100
AcDbVertex
100
AcDb2dVertex
 10
259.2728283333334
 20
203.9924094444445
 30
0.0
  0
VERTEX
  5
294
330
292
100
AcDbEntity
  8
DEFAULT
 62
   250
100
AcDbVertex
100
AcDb2dVertex
 10
258.4349811111111
 20
201.9713455555556
 30
0.0
  0
VERTEX
  5
295
330
292
100
AcDbEntity
  8
DEFAULT
 62
   250
100
AcDbVertex
100
AcDb2dVertex
 10
257.5816116666666
 20
203.9924094444444
 30
0.0
  0
SEQEND
  5
296
330
292
100
AcDbEntity
  8
DEFAULT
 62
   250
  0
SPLINE
  5
297
330
1F
100
AcDbEntity
  8
DEFAULT
 62
     1
100
AcDbSpline
210
0.0
220
0.0
230
1.0
 70
    11
 71
     3
 72
   110
 73
   106
 74
     0
 42
0.000000001
 43
0.0000000001
 40
1.0
 40
1.0
 40
1.0
 40
1.0
 40
2.0
 40
2.0
 40
2.0
 40
3.0
 40
3.0
 40
3.0
 40
4.0
 40
4.0
 40
4.0
 40
5.0
 40
5.0
 40
5.0
 40
6.0
 40
6.0
 40
6.0
 40
7.0
 40
7.0
 40
7.0
 40
8.0
 40
8.0
 40
8.0
 40
9.0
 40
9.0
 40
9.0
 40
18.92000000000007
 40
18.92000000000007
 40
18.92000000000007
 40
27.42000000000007
 40
27.42000000000007
 40
27.42000000000007
 40
37.34000000000015
 40
37.34000000000015
 40
37.34000000000015
 40
38.34000000000015
 40
38.34000000000015
 40
38.34000000000015
 40
39.34000000000015
 40
39.34000000000015
 40
39.34000000000015
 40
40.34000000000015
 40
40.34000000000015
 40
40.34000000000015
 40
41.34000000000015
 40
41.34000000000015
 40
41.34000000000015
 40
42.34000000000015
 40
42.34000000000015
 40
42.34000000000015
 40
43.34000000000015
 40
43.34000000000015
 40
43.34000000000015
 40
44.34000000000015
 40
44.34000000000015
 40
44.34000000000015
 40
45.34000000000015
 40
45.34000000000015
 40
45.34000000000015
 40
46.34000000000015
 40
46.34000000000015
 40
46.34000000000015
 40
47.34000000000015
 40
47.34000000000015
 40
47.34000000000015
 40
55.84547235607769
 40
55.84547235607769
 40
55.84547235607769
 40
56.84547235607769
 40
56.84547235607769
 40
56.84547235607769
 40
57.84547235607769
 40
57.84547235607769
 40
57.84547235607769
 40
58.84547235607769
 40
58.84547235607769
 40
58.84547235607769
 40
59.84547235607769
 40
59.84547235607769
 40
59.84547235607769
 40
60.84547235607769
 40
60.84547235607769
 40
60.84547235607769
 40
61.84547235607769
 40
61.84547235607769
 40
61.84547235607769
 40
62.84547235607769
 40
62.84547235607769
 40
62.84547235607769
 40
63.84547235607769
 40
63.84547235607769
 40
63.84547235607769
 40
64.84547235607769
 40
64.84547235607769
 40
64.84547235607769
 40
73.35183497472968
 40
73.35183497472968
 40
73.35183497472968
 40
74.35183497472968
 40
74.35183497472968
 40
74.35183497472968
 40
75.35183497472968
 40
75.35183497472968
 40
75.35183497472968
 40
76.35183497472968
 40
76.35183497472968
 40
76.35183497472968
 40
76.35183497472968
 10
243.8475141666667
 20
205.6925161111111
 30
0.0
 10
240.6746308333333
 20
207.3156466666666
 30
0.0
 10
240.3998169444444
 20
208.6308022222222
 30
0.0
 10
240.3998169444444
 20
211.4851272222222
 30
0.0
 10
240.3998169444444
 20
215.1053327777778
 30
0.0
 10
241.7939947222222
 20
216.3329994444444
 30
0.0
 10
245.1764280555556
 20
216.3329994444444
 30
0.0
 10
247.1579808333333
 20
216.3329994444444
 30
0.0
 10
248.6982086111111
 20
217.3056077777777
 30
0.0
 10
248.6982086111111
 20
219.9091077777777
 30
0.0
 10
248.6982086111111
 20
224.5657744444444
 30
0.0
 10
251.9684586111111
 20
228.4569133333333
 30
0.0
 10
256.3393752777778
 20
229.4164688888889
 30
0.0
 10
256.8685419444444
 20
229.5152466666666
 30
0.0
 10
256.4275697222222
 20
227.4091633333333
 30
0.0
 10
256.4275697222222
 20
225.5641355555555
 30
0.0
 10
256.4275697222222
 20
218.6324049999999
 30
0.0
 10
256.4945975
 20
213.0264133333333
 30
0.0
 10
256.9288669444445
 20
213.0264133333333
 30
0.0
 10
256.9849586111111
 20
213.0264133333333
 30
0.0
 10
257.0272919444444
 20
212.2432466666666
 30
0.0
 10
257.0272919444444
 20
211.2766355555555
 30
0.0
 10
257.0272919444444
 20
210.3064966666666
 30
0.0
 10
256.9288669444445
 20
209.6997188888889
 30
0.0
 10
256.9288669444445
 20
209.52333
 30
0.0
 10
256.9288669444445
 20
208.3568114814815
 30
0.0
 10
256.9288669444445
 20
207.1902929629629
 30
0.0
 10
256.9288669444445
 20
206.0237744444444
 30
0.0
 10
257.9284039814815
 20
206.0237744444444
 30
0.0
 10
258.9279410185185
 20
206.0237744444444
 30
0.0
 10
259.9274780555555
 20
206.0237744444444
 30
0.0
 10
259.9274780555555
 20
207.1902929629629
 30
0.0
 10
259.9274780555555
 20
208.3568114814815
 30
0.0
 10
259.9274780555555
 20
209.52333
 30
0.0
 10
259.9274780555555
 20
209.6997188888889
 30
0.0
 10
259.8283474999999
 20
210.3064966666666
 30
0.0
 10
259.8283474999999
 20
211.2766355555555
 30
0.0
 10
259.8283474999999
 20
212.2432466666666
 30
0.0
 10
259.8742086111111
 20
213.0264133333333
 30
0.0
 10
259.9274780555555
 20
213.0264133333333
 30
0.0
 10
261.9559502777778
 20
213.0264133333333
 30
0.0
 10
261.2937863888889
 20
215.4270661111111
 30
0.0
 10
263.9653725
 20
216.7933744444444
 30
0.0
 10
263.9653725
 20
216.7933744444444
 30
0.0
 10
263.9636086111111
 20
216.7969022222222
 30
0.0
 10
266.6373113888889
 20
218.1565077777778
 30
0.0
 10
267.9408252777778
 20
218.81973
 30
0.0
 10
270.3665252777778
 20
218.8158494444444
 30
0.0
 10
272.2778752777778
 20
218.8158494444444
 30
0.0
 10
275.1625391666666
 20
218.8158494444444
 30
0.0
 10
274.9769780555555
 20
214.7712522222222
 30
0.0
 10
274.9769780555555
 20
208.2998966666666
 30
0.0
 10
274.9769780555555
 20
207.2923633333333
 30
0.0
 10
274.3518558333333
 20
206.3790216666666
 30
0.0
 10
273.0084780555555
 20
205.6928688888889
 30
0.0
 10
272.9590891666666
 20
205.6660577777777
 30
0.0
 10
272.5636252777778
 20
206.345155
 30
0.0
 10
272.1219475
 20
207.20558
 30
0.0
 10
271.6834447222222
 20
208.0670633333333
 30
0.0
 10
271.4940030555555
 20
208.65338
 30
0.0
 10
271.4163919444445
 20
208.8078966666666
 30
0.0
 10
271.0177530555555
 20
209.5864772222222
 30
0.0
 10
269.8207780555555
 20
211.9260994444444
 30
0.0
 10
269.8207780555555
 20
211.9260994444444
 30
0.0
 10
268.9303669444444
 20
211.4705457407407
 30
0.0
 10
268.0399558333333
 20
211.014992037037
 30
0.0
 10
267.1495447222222
 20
210.5594383333333
 30
0.0
 10
267.1495447222222
 20
210.5594383333333
 30
0.0
 10
268.3458141666666
 20
208.2236966666666
 30
0.0
 10
268.7451586111111
 20
207.4415883333333
 30
0.0
 10
268.8227697222222
 20
207.2867188888889
 30
0.0
 10
269.1893058333333
 20
206.7924772222222
 30
0.0
 10
269.6309836111111
 20
205.9316994444444
 30
0.0
 10
270.0701919444444
 20
205.0670411111111
 30
0.0
 10
270.3859280555556
 20
204.3526661111111
 30
0.0
 10
270.3368919444444
 20
204.3262077777777
 30
0.0
 10
267.6656586111111
 20
202.9595466666667
 30
0.0
 10
262.9282058333333
 20
201.50328
 30
0.0
 10
259.7757836111111
 20
199.4677522222222
 30
0.0
 10
259.0183697222222
 20
198.9788022222222
 30
0.0
 10
256.8964113888889
 20
199.0257216666666
 30
0.0
 10
255.8536002777778
 20
199.0257216666666
 30
0.0
 10
251.7790169444444
 20
199.0257216666666
 30
0.0
 10
249.1903336111111
 20
202.9591938888888
 30
0.0
 10
246.5187475
 20
204.325855
 30
0.0
 10
246.4697113888889
 20
204.3523133333333
 30
0.0
 10
246.7858002777778
 20
205.0670411111111
 30
0.0
 10
247.2281836111111
 20
205.9309938888889
 30
0.0
 10
247.6666863888889
 20
206.7921244444444
 30
0.0
 10
248.0332225
 20
207.2863661111111
 30
0.0
 10
248.1104808333333
 20
207.4412355555555
 30
0.0
 10
248.5098252777778
 20
208.2233438888888
 30
0.0
 10
249.7064475
 20
210.5590855555555
 30
0.0
 10
249.7064475
 20
210.5590855555555
 30
0.0
 10
248.8159187962963
 20
211.0146392592592
 30
0.0
 10
247.9253900925926
 20
211.4701929629629
 30
0.0
 10
247.0348613888889
 20
211.9257466666666
 30
0.0
 10
247.0348613888889
 20
211.9257466666666
 30
0.0
 10
245.8378863888889
 20
209.5864772222222
 30
0.0
 10
245.4392475
 20
208.8078966666666
 30
0.0
 10
245.3616363888889
 20
208.6530272222222
 30
0.0
 10
245.1721947222222
 20
208.0667105555555
 30
0.0
 10
244.7340447222222
 20
207.20558
 30
0.0
 10
244.2920141666667
 20
206.3448022222222
 30
0.0
 10
243.8965502777778
 20
205.6657049999999
 30
0.0
 10
243.8475141666667
 20
205.6925161111111
 30
0.0
  0
SPLINE
  5
298
330
1F
100
AcDbEntity
  8
DEFAULT
 62
   250
100
AcDbSpline
210
0.0
220
0.0
230
1.0
 70
     8
 71
     3
 72
    17
 73
    13
 74
     0
 42
0.000000001
 43
0.0000000001
 40
0.0
 40
0.0
 40
0.0
 40
0.0
 40
1.0
 40
1.0
 40
1.0
 40
2.0
 40
2.0
 40
2.0
 40
3.0
 40
3.0
 40
3.0
 40
4.0
 40
4.0
 40
4.0
 40
4.0
 10
247.1705044444444
 20
232.0113258333333
 30
0.0
 10
247.2340044444444
 20
232.0977563888889
 30
0.0
 10
247.3828766666666
 20
232.2279313888889
 30
0.0
 10
247.6015988888889
 20
232.3401147222222
 30
0.0
 10
248.1085405555555
 20
232.6001119444444
 30
0.0
 10
248.6542877777778
 20
232.4752286111111
 30
0.0
 10
248.9562655555555
 20
231.8857369444444
 30
0.0
 10
249.2448377777777
 20
231.3227036111111
 30
0.0
 10
249.0589238888888
 20
230.7455591666667
 30
0.0
 10
248.5011822222222
 20
230.4598091666666
 30
0.0
 10
248.2771683333333
 20
230.3448036111111
 30
0.0
 10
248.1113627777778
 20
230.3204619444444
 30
0.0
 10
248.0333988888889
 20
230.3208147222222
 30
0.0
  0
SPLINE
  5
299
330
1F
100
AcDbEntity
  8
DEFAULT
 62
   250
100
AcDbSpline
210
0.0
220
0.0
230
1.0
 70
     8
 71
     3
 72
    17
 73
    13
 74
     0
 42
0.000000001
 43
0.0000000001
 40
0.0
 40
0.0
 40
0.0
 40
0.0
 40
1.0
 40
1.0
 40
1.0
 40
2.0
 40
2.0
 40
2.0
 40
3.0
 40
3.0
 40
3.0
 40
4.0
 40
4.0
 40
4.0
 40
4.0
 10
265.3739083333333
 20
232.709085
 30
0.0
 10
265.4811527777778
 20
232.7080266666666
 30
0.0
 10
265.6737694444444
 20
232.6632238888889
 30
0.0
 10
265.8924916666667
 20
232.5510405555555
 30
0.0
 10
266.3994333333333
 20
232.2913961111111
 30
0.0
 10
266.6167444444444
 20
231.7752822222222
 30
0.0
 10
266.3147666666666
 20
231.1857905555555
 30
0.0
 10
266.0261944444445
 20
230.6227572222222
 30
0.0
 10
265.4490499999999
 20
230.4368433333333
 30
0.0
 10
264.8913083333333
 20
230.7225933333333
 30
0.0
 10
264.6672944444444
 20
230.8375988888889
 30
0.0
 10
264.550525
 20
230.9578961111111
 30
0.0
 10
264.5053694444444
 20
231.0213961111111
 30
0.0
  0
POLYLINE
  5
29A
330
1F
100
AcDbEntity
  8
DEFAULT
 62
   250
100
AcDb2dPolyline
 66
     1
 10
0.0
 20
0.0
 30
0.0
  0
VERTEX
  5
29B
330
29A
100
AcDbEntity
  8
DEFAULT
 62
   250
100
AcDbVertex
100
AcDb2dVertex
 10
256.1049191666667
 20
241.4744486111111
 30
0.0
  0
VERTEX
  5
29C
330
29A
100
AcDbEntity
  8
DEFAULT
 62
   250
100
AcDbVertex
100
AcDb2dVertex
 10
256.9427663888889
 20
243.4955125
 30
0.0
  0
VERTEX
  5
29D
330
29A
100
AcDbEntity
  8
DEFAULT
 62
   250
100
AcDbVertex
100
AcDb2dVertex
 10
257.7961358333333
 20
241.4744486111111
 30
0.0
  0
SEQEND
  5
29E
330
29A
100
AcDbEntity
  8
DEFAULT
 62
   250
  0
SPLINE
  5
29F
330
1F
100
AcDbEntity
  8
DEFAULT
 62
     1
100
AcDbSpline
210
0.0
220
0.0
230
1.0
 70
    11
 71
     3
 72
   110
 73
   106
 74
     0
 42
0.000000001
 43
0.0000000001
 40
1.0
 40
1.0
 40
1.0
 40
1.0
 40
2.0
 40
2.0
 40
2.0
 40
3.0
 40
3.0
 40
3.0
 40
4.0
 40
4.0
 40
4.0
 40
5.0
 40
5.0
 40
5.0
 40
6.0
 40
6.0
 40
6.0
 40
7.0
 40
7.0
 40
7.0
 40
8.0
 40
8.0
 40
8.0
 40
9.0
 40
9.0
 40
9.0
 40
18.92000000000007
 40
18.92000000000007
 40
18.92000000000007
 40
27.42000000000007
 40
27.42000000000007
 40
27.42000000000007
 40
37.34000000000015
 40
37.34000000000015
 40
37.34000000000015
 40
38.34000000000015
 40
38.34000000000015
 40
38.34000000000015
 40
39.34000000000015
 40
39.34000000000015
 40
39.34000000000015
 40
40.34000000000015
 40
40.34000000000015
 40
40.34000000000015
 40
41.34000000000015
 40
41.34000000000015
 40
41.34000000000015
 40
42.34000000000015
 40
42.34000000000015
 40
42.34000000000015
 40
43.34000000000015
 40
43.34000000000015
 40
43.34000000000015
 40
44.34000000000015
 40
44.34000000000015
 40
44.34000000000015
 40
45.34000000000015
 40
45.34000000000015
 40
45.34000000000015
 40
46.34000000000015
 40
46.34000000000015
 40
46.34000000000015
 40
47.34000000000015
 40
47.34000000000015
 40
47.34000000000015
 40
55.84636261865208
 40
55.84636261865208
 40
55.84636261865208
 40
56.84636261865208
 40
56.84636261865208
 40
56.84636261865208
 40
57.84636261865208
 40
57.84636261865208
 40
57.84636261865208
 40
58.84636261865208
 40
58.84636261865208
 40
58.84636261865208
 40
59.84636261865208
 40
59.84636261865208
 40
59.84636261865208
 40
60.84636261865208
 40
60.84636261865208
 40
60.84636261865208
 40
61.84636261865208
 40
61.84636261865208
 40
61.84636261865208
 40
62.84636261865208
 40
62.84636261865208
 40
62.84636261865208
 40
63.84636261865208
 40
63.84636261865208
 40
63.84636261865208
 40
64.84636261865208
 40
64.84636261865208
 40
64.84636261865208
 40
73.35272523730407
 40
73.35272523730407
 40
73.35272523730407
 40
74.35272523730407
 40
74.35272523730407
 40
74.35272523730407
 40
75.35272523730407
 40
75.35272523730407
 40
75.35272523730407
 40
76.35272523730407
 40
76.35272523730407
 40
76.35272523730407
 40
76.35272523730407
 10
271.5315738888888
 20
239.7743772222222
 30
0.0
 10
274.7041044444444
 20
238.1512466666666
 30
0.0
 10
274.9792711111111
 20
236.8360911111111
 30
0.0
 10
274.9792711111111
 20
233.9817661111111
 30
0.0
 10
274.9792711111111
 20
230.3615605555555
 30
0.0
 10
273.5850933333333
 20
229.1338938888888
 30
0.0
 10
270.2026599999999
 20
229.1338938888888
 30
0.0
 10
268.2214599999999
 20
229.1338938888888
 30
0.0
 10
266.6808794444444
 20
228.1612855555555
 30
0.0
 10
266.6808794444444
 20
225.5577855555555
 30
0.0
 10
266.6808794444444
 20
220.9011188888888
 30
0.0
 10
263.4106294444444
 20
217.00998
 30
0.0
 10
259.0397127777778
 20
216.0504244444444
 30
0.0
 10
258.5105461111111
 20
215.9516466666666
 30
0.0
 10
258.9515183333333
 20
218.05773
 30
0.0
 10
258.9515183333333
 20
219.9027577777778
 30
0.0
 10
258.9515183333333
 20
226.8348411111111
 30
0.0
 10
258.8844905555555
 20
232.44048
 30
0.0
 10
258.4505738888888
 20
232.44048
 30
0.0
 10
258.3941294444444
 20
232.44048
 30
0.0
 10
258.3517961111111
 20
233.2236466666666
 30
0.0
 10
258.3517961111111
 20
234.1902577777778
 30
0.0
 10
258.3517961111111
 20
235.1603966666667
 30
0.0
 10
258.4505738888888
 20
235.7671744444444
 30
0.0
 10
258.4505738888888
 20
235.9435633333333
 30
0.0
 10
258.4505738888888
 20
237.1100818518518
 30
0.0
 10
258.4505738888888
 20
238.2766003703703
 30
0.0
 10
258.4505738888888
 20
239.4431188888889
 30
0.0
 10
257.4510368518518
 20
239.4431188888889
 30
0.0
 10
256.4514998148147
 20
239.4431188888889
 30
0.0
 10
255.4519627777777
 20
239.4431188888889
 30
0.0
 10
255.4519627777778
 20
238.2766003703703
 30
0.0
 10
255.4519627777778
 20
237.1100818518518
 30
0.0
 10
255.4519627777777
 20
235.9435633333333
 30
0.0
 10
255.4519627777777
 20
235.7671744444444
 30
0.0
 10
255.5507405555555
 20
235.1603966666667
 30
0.0
 10
255.5507405555555
 20
234.1902577777778
 30
0.0
 10
255.5507405555555
 20
233.2236466666666
 30
0.0
 10
255.5048794444444
 20
232.44048
 30
0.0
 10
255.4519627777777
 20
232.44048
 30
0.0
 10
253.4234905555555
 20
232.44048
 30
0.0
 10
254.0849488888888
 20
230.0398272222222
 30
0.0
 10
251.4137155555555
 20
228.6735188888889
 30
0.0
 10
251.4137155555555
 20
228.6735188888889
 30
0.0
 10
251.4154794444444
 20
228.6703438888889
 30
0.0
 10
248.7417766666666
 20
227.3103855555555
 30
0.0
 10
247.4382627777777
 20
226.6471633333333
 30
0.0
 10
245.0125627777777
 20
226.6510438888888
 30
0.0
 10
243.10086
 20
226.6510438888888
 30
0.0
 10
240.2165488888888
 20
226.6510438888888
 30
0.0
 10
240.40211
 20
230.6959938888888
 30
0.0
 10
240.40211
 20
237.1669966666666
 30
0.0
 10
240.40211
 20
238.17453
 30
0.0
 10
241.0272322222222
 20
239.0878716666666
 30
0.0
 10
242.3706099999999
 20
239.7740244444444
 30
0.0
 10
242.4199988888889
 20
239.8008355555556
 30
0.0
 10
242.8154627777778
 20
239.1217383333333
 30
0.0
 10
243.2571405555555
 20
238.2613133333333
 30
0.0
 10
243.6956433333333
 20
237.39983
 30
0.0
 10
243.885085
 20
236.8135133333333
 30
0.0
 10
243.9626961111111
 20
236.6589966666666
 30
0.0
 10
244.361335
 20
235.8804161111111
 30
0.0
 10
245.55831
 20
233.5407938888889
 30
0.0
 10
245.55831
 20
233.5407938888889
 30
0.0
 10
246.4488387037037
 20
233.9963475925925
 30
0.0
 10
247.3393674074074
 20
234.4519012962962
 30
0.0
 10
248.2298961111111
 20
234.9074549999999
 30
0.0
 10
248.2298961111111
 20
234.9074549999999
 30
0.0
 10
247.0332738888889
 20
237.2435494444444
 30
0.0
 10
246.6339294444444
 20
238.025305
 30
0.0
 10
246.5563183333333
 20
238.1801744444444
 30
0.0
 10
246.1897822222222
 20
238.6744161111111
 30
0.0
 10
245.7481044444444
 20
239.5351938888889
 30
0.0
 10
245.3088961111111
 20
240.3998522222222
 30
0.0
 10
244.99316
 20
241.1142272222222
 30
0.0
 10
245.0421961111111
 20
241.1406855555555
 30
0.0
 10
247.7134294444444
 20
242.5073466666666
 30
0.0
 10
252.4508822222222
 20
243.9636133333333
 30
0.0
 10
255.6033044444444
 20
245.9991411111111
 30
0.0
 10
256.3607183333333
 20
246.4880911111111
 30
0.0
 10
258.4826766666666
 20
246.4411716666666
 30
0.0
 10
259.5254877777778
 20
246.4411716666666
 30
0.0
 10
263.6000711111111
 20
246.4411716666666
 30
0.0
 10
266.1887544444444
 20
242.5076994444444
 30
0.0
 10
268.8603405555555
 20
241.1410383333333
 30
0.0
 10
268.9093766666666
 20
241.11458
 30
0.0
 10
268.5936405555555
 20
240.400205
 30
0.0
 10
268.1509044444444
 20
239.5358994444444
 30
0.0
 10
267.7124016666666
 20
238.6747688888889
 30
0.0
 10
267.3458655555555
 20
238.1805272222222
 30
0.0
 10
267.2686072222222
 20
238.0256577777778
 30
0.0
 10
266.8692627777777
 20
237.2435494444444
 30
0.0
 10
265.6726405555555
 20
234.9078077777777
 30
0.0
 10
265.6726405555555
 20
234.9078077777777
 30
0.0
 10
266.5631692592592
 20
234.4522540740741
 30
0.0
 10
267.4536979629629
 20
233.9967003703703
 30
0.0
 10
268.3442266666667
 20
233.5411466666666
 30
0.0
 10
268.3442266666667
 20
233.5411466666666
 30
0.0
 10
269.5412016666666
 20
235.8804161111111
 30
0.0
 10
269.9398405555555
 20
236.6589966666666
 30
0.0
 10
270.0174516666666
 20
236.8138661111111
 30
0.0
 10
270.2068933333333
 20
237.4001827777777
 30
0.0
 10
270.6450433333333
 20
238.2613133333333
 30
0.0
 10
271.0870738888889
 20
239.1220911111111
 30
0.0
 10
271.4825377777777
 20
239.8011883333333
 30
0.0
 10
271.5315738888888
 20
239.7743772222222
 30
0.0
  0
SPLINE
  5
2A0
330
1F
100
AcDbEntity
  8
DEFAULT
 62
     1
100
AcDbSpline
210
0.0
220
0.0
230
1.0
 70
     8
 71
     3
 72
     8
 73
     4
 74
     0
 42
0.000000001
 43
0.0000000001
 40
0.0
 40
0.0
 40
0.0
 40
0.0
 40
1.0
 40
1.0
 40
1.0
 40
1.0
 10
245.1764280555555
 20
216.3330347222222
 30
0.0
 10
246.1515058333333
 20
216.3330347222222
 30
0.0
 10
244.7820225
 20
226.6510791666666
 30
0.0
 10
243.1010363888888
 20
226.6510791666666
 30
0.0
  0
SPLINE
  5
2A1
330
1F
100
AcDbEntity
  8
DEFAULT
 62
     1
100
AcDbSpline
210
0.0
220
0.0
230
1.0
 70
     8
 71
     3
 72
     8
 73
     4
 74
     0
 42
0.000000001
 43
0.0000000001
 40
0.0
 40
0.0
 40
0.0
 40
0.0
 40
1.0
 40
1.0
 40
1.0
 40
1.0
 10
270.2026952777778
 20
229.1338233333333
 30
0.0
 10
269.2272647222222
 20
229.1338233333333
 30
0.0
 10
270.5971008333333
 20
218.8157788888888
 30
0.0
 10
272.2780869444445
 20
218.8157788888888
 30
0.0
  0
SPLINE
  5
2A2
330
1F
100
AcDbEntity
  8
DEFAULT
 62
   250
100
AcDbSpline
210
0.0
220
0.0
230
1.0
 70
     8
 71
     3
 72
    17
 73
    13
 74
     0
 42
0.000000001
 43
0.0000000001
 40
0.0
 40
0.0
 40
0.0
 40
0.0
 40
1.0
 40
1.0
 40
1.0
 40
2.0
 40
2.0
 40
2.0
 40
3.0
 40
3.0
 40
3.0
 40
4.0
 40
4.0
 40
4.0
 40
4.0
 10
231.8664047222222
 20
213.4555675
 30
0.0
 10
231.8029047222222
 20
213.3691369444444
 30
0.0
 10
231.6540325
 20
213.2389619444444
 30
0.0
 10
231.4353102777778
 20
213.1267786111111
 30
0.0
 10
230.9283686111111
 20
212.8667813888889
 30
0.0
 10
230.3826213888889
 20
212.9916647222222
 30
0.0
 10
230.0802908333333
 20
213.5811563888889
 30
0.0
 10
229.7917186111111
 20
214.1441897222222
 30
0.0
 10
229.9779852777778
 20
214.7213341666667
 30
0.0
 10
230.5353741666666
 20
215.0070841666667
 30
0.0
 10
230.7597408333333
 20
215.1220897222222
 30
0.0
 10
230.9255463888888
 20
215.1464313888889
 30
0.0
 10
231.0035102777777
 20
215.1460786111111
 30
0.0
  0
SPLINE
  5
2A3
330
1F
100
AcDbEntity
  8
DEFAULT
 62
   250
100
AcDbSpline
210
0.0
220
0.0
230
1.0
 70
     8
 71
     3
 72
    17
 73
    13
 74
     0
 42
0.000000001
 43
0.0000000001
 40
0.0
 40
0.0
 40
0.0
 40
0.0
 40
1.0
 40
1.0
 40
1.0
 40
2.0
 40
2.0
 40
2.0
 40
3.0
 40
3.0
 40
3.0
 40
4.0
 40
4.0
 40
4.0
 40
4.0
 10
213.6630008333333
 20
212.7578083333333
 30
0.0
 10
213.5557563888889
 20
212.7588666666666
 30
0.0
 10
213.3631397222222
 20
212.8036694444444
 30
0.0
 10
213.1444175
 20
212.9158527777777
 30
0.0
 10
212.6374758333333
 20
213.1754972222222
 30
0.0
 10
212.4201647222222
 20
213.6916111111111
 30
0.0
 10
212.7221425
 20
214.2811027777777
 30
0.0
 10
213.0107147222222
 20
214.8441361111111
 30
0.0
 10
213.5878591666667
 20
215.03005
 30
0.0
 10
214.1456008333333
 20
214.7443
 30
0.0
 10
214.3696147222222
 20
214.6292944444444
 30
0.0
 10
214.4863841666666
 20
214.5089972222222
 30
0.0
 10
214.5315397222222
 20
214.4454972222222
 30
0.0
  0
POLYLINE
  5
2A4
330
1F
100
AcDbEntity
  8
DEFAULT
 62
   250
100
AcDb2dPolyline
 66
     1
 10
0.0
 20
0.0
 30
0.0
  0
VERTEX
  5
2A5
330
2A4
100
AcDbEntity
  8
DEFAULT
 62
   250
100
AcDbVertex
100
AcDb2dVertex
 10
222.9319547222222
 20
203.9924094444445
 30
0.0
  0
VERTEX
  5
2A6
330
2A4
100
AcDbEntity
  8
DEFAULT
 62
   250
100
AcDbVertex
100
AcDb2dVertex
 10
222.0941075
 20
201.9713455555556
 30
0.0
  0
VERTEX
  5
2A7
330
2A4
100
AcDbEntity
  8
DEFAULT
 62
   250
100
AcDbVertex
100
AcDb2dVertex
 10
221.2407380555555
 20
203.9924094444444
 30
0.0
  0
SEQEND
  5
2A8
330
2A4
100
AcDbEntity
  8
DEFAULT
 62
   250
  0
SPLINE
  5
2A9
330
1F
100
AcDbEntity
  8
DEFAULT
 62
     1
100
AcDbSpline
210
0.0
220
0.0
230
1.0
 70
    11
 71
     3
 72
   110
 73
   106
 74
     0
 42
0.000000001
 43
0.0000000001
 40
1.0
 40
1.0
 40
1.0
 40
1.0
 40
2.0
 40
2.0
 40
2.0
 40
3.0
 40
3.0
 40
3.0
 40
4.0
 40
4.0
 40
4.0
 40
5.0
 40
5.0
 40
5.0
 40
6.0
 40
6.0
 40
6.0
 40
7.0
 40
7.0
 40
7.0
 40
8.0
 40
8.0
 40
8.0
 40
9.0
 40
9.0
 40
9.0
 40
18.92000000000007
 40
18.92000000000007
 40
18.92000000000007
 40
27.42000000000007
 40
27.42000000000007
 40
27.42000000000007
 40
37.34000000000015
 40
37.34000000000015
 40
37.34000000000015
 40
38.34000000000015
 40
38.34000000000015
 40
38.34000000000015
 40
39.34000000000015
 40
39.34000000000015
 40
39.34000000000015
 40
40.34000000000015
 40
40.34000000000015
 40
40.34000000000015
 40
41.34000000000015
 40
41.34000000000015
 40
41.34000000000015
 40
42.34000000000015
 40
42.34000000000015
 40
42.34000000000015
 40
43.34000000000015
 40
43.34000000000015
 40
43.34000000000015
 40
44.34000000000015
 40
44.34000000000015
 40
44.34000000000015
 40
45.34000000000015
 40
45.34000000000015
 40
45.34000000000015
 40
46.34000000000015
 40
46.34000000000015
 40
46.34000000000015
 40
47.34000000000015
 40
47.34000000000015
 40
47.34000000000015
 40
55.84547235607769
 40
55.84547235607769
 40
55.84547235607769
 40
56.84547235607769
 40
56.84547235607769
 40
56.84547235607769
 40
57.84547235607769
 40
57.84547235607769
 40
57.84547235607769
 40
58.84547235607769
 40
58.84547235607769
 40
58.84547235607769
 40
59.84547235607769
 40
59.84547235607769
 40
59.84547235607769
 40
60.84547235607769
 40
60.84547235607769
 40
60.84547235607769
 40
61.84547235607769
 40
61.84547235607769
 40
61.84547235607769
 40
62.84547235607769
 40
62.84547235607769
 40
62.84547235607769
 40
63.84547235607769
 40
63.84547235607769
 40
63.84547235607769
 40
64.84547235607769
 40
64.84547235607769
 40
64.84547235607769
 40
73.35183497472968
 40
73.35183497472968
 40
73.35183497472968
 40
74.35183497472968
 40
74.35183497472968
 40
74.35183497472968
 40
75.35183497472968
 40
75.35183497472968
 40
75.35183497472968
 40
76.35183497472968
 40
76.35183497472968
 40
76.35183497472968
 40
76.35183497472968
 10
207.5066405555555
 20
205.6925161111111
 30
0.0
 10
204.33411
 20
207.3156466666666
 30
0.0
 10
204.0589433333333
 20
208.6308022222222
 30
0.0
 10
204.0589433333333
 20
211.4851272222222
 30
0.0
 10
204.0589433333333
 20
215.1053327777778
 30
0.0
 10
205.4531211111111
 20
216.3329994444444
 30
0.0
 10
208.8355544444445
 20
216.3329994444444
 30
0.0
 10
210.8171072222222
 20
216.3329994444444
 30
0.0
 10
212.357335
 20
217.3056077777777
 30
0.0
 10
212.357335
 20
219.9091077777777
 30
0.0
 10
212.357335
 20
224.5657744444444
 30
0.0
 10
215.627585
 20
228.4569133333333
 30
0.0
 10
219.9985016666666
 20
229.4164688888889
 30
0.0
 10
220.5276683333333
 20
229.5152466666666
 30
0.0
 10
220.0866961111111
 20
227.4091633333333
 30
0.0
 10
220.0866961111111
 20
225.5641355555555
 30
0.0
 10
220.0866961111111
 20
218.6324049999999
 30
0.0
 10
220.1540766666666
 20
213.0264133333333
 30
0.0
 10
220.5879933333333
 20
213.0264133333333
 30
0.0
 10
220.644085
 20
213.0264133333333
 30
0.0
 10
220.6864183333333
 20
212.2432466666666
 30
0.0
 10
220.6864183333333
 20
211.2766355555555
 30
0.0
 10
220.6864183333333
 20
210.3064966666666
 30
0.0
 10
220.5879933333333
 20
209.6997188888889
 30
0.0
 10
220.5879933333333
 20
209.52333
 30
0.0
 10
220.5879933333333
 20
208.3568114814815
 30
0.0
 10
220.5879933333333
 20
207.1902929629629
 30
0.0
 10
220.5879933333333
 20
206.0237744444444
 30
0.0
 10
221.5875303703704
 20
206.0237744444444
 30
0.0
 10
222.5870674074074
 20
206.0237744444444
 30
0.0
 10
223.5866044444444
 20
206.0237744444444
 30
0.0
 10
223.5866044444444
 20
207.1902929629629
 30
0.0
 10
223.5866044444444
 20
208.3568114814815
 30
0.0
 10
223.5866044444444
 20
209.52333
 30
0.0
 10
223.5866044444444
 20
209.6997188888889
 30
0.0
 10
223.4874738888889
 20
210.3064966666666
 30
0.0
 10
223.4874738888889
 20
211.2766355555555
 30
0.0
 10
223.4874738888889
 20
212.2432466666666
 30
0.0
 10
223.533335
 20
213.0264133333333
 30
0.0
 10
223.5866044444444
 20
213.0264133333333
 30
0.0
 10
225.6150766666667
 20
213.0264133333333
 30
0.0
 10
224.9532655555556
 20
215.4270661111111
 30
0.0
 10
227.6244988888889
 20
216.7933744444444
 30
0.0
 10
227.6244988888889
 20
216.7933744444444
 30
0.0
 10
227.622735
 20
216.7969022222222
 30
0.0
 10
230.2964377777778
 20
218.1565077777778
 30
0.0
 10
231.5999516666667
 20
218.81973
 30
0.0
 10
234.0256516666667
 20
218.8158494444444
 30
0.0
 10
235.9373544444444
 20
218.8158494444444
 30
0.0
 10
238.8216655555555
 20
218.8158494444444
 30
0.0
 10
238.6361044444444
 20
214.7712522222222
 30
0.0
 10
238.6361044444444
 20
208.2998966666666
 30
0.0
 10
238.6361044444444
 20
207.2923633333333
 30
0.0
 10
238.0109822222222
 20
206.3790216666666
 30
0.0
 10
236.6676044444444
 20
205.6928688888889
 30
0.0
 10
236.6185683333333
 20
205.6660577777777
 30
0.0
 10
236.2227516666667
 20
206.345155
 30
0.0
 10
235.7810738888889
 20
207.20558
 30
0.0
 10
235.3425711111111
 20
208.0670633333333
 30
0.0
 10
235.1531294444445
 20
208.65338
 30
0.0
 10
235.0755183333333
 20
208.8078966666666
 30
0.0
 10
234.6768794444444
 20
209.5864772222222
 30
0.0
 10
233.4799044444444
 20
211.9260994444444
 30
0.0
 10
233.4799044444444
 20
211.9260994444444
 30
0.0
 10
232.5894933333333
 20
211.4705457407407
 30
0.0
 10
231.6990822222222
 20
211.014992037037
 30
0.0
 10
230.8086711111111
 20
210.5594383333333
 30
0.0
 10
230.8086711111111
 20
210.5594383333333
 30
0.0
 10
232.0049405555555
 20
208.2236966666666
 30
0.0
 10
232.404285
 20
207.4415883333333
 30
0.0
 10
232.4818961111111
 20
207.2867188888889
 30
0.0
 10
232.8484322222222
 20
206.7924772222222
 30
0.0
 10
233.2904627777777
 20
205.9316994444444
 30
0.0
 10
233.7293183333333
 20
205.0670411111111
 30
0.0
 10
234.0450544444444
 20
204.3526661111111
 30
0.0
 10
233.9960183333333
 20
204.3262077777777
 30
0.0
 10
231.324785
 20
202.9595466666667
 30
0.0
 10
226.5873322222222
 20
201.50328
 30
0.0
 10
223.43491
 20
199.4677522222222
 30
0.0
 10
222.6774961111111
 20
198.9788022222222
 30
0.0
 10
220.5555377777778
 20
199.0257216666666
 30
0.0
 10
219.5127266666667
 20
199.0257216666666
 30
0.0
 10
215.4381433333333
 20
199.0257216666666
 30
0.0
 10
212.84946
 20
202.9591938888888
 30
0.0
 10
210.1778738888889
 20
204.325855
 30
0.0
 10
210.1288377777778
 20
204.3523133333333
 30
0.0
 10
210.4449266666666
 20
205.0670411111111
 30
0.0
 10
210.88731
 20
205.9309938888889
 30
0.0
 10
211.3258127777778
 20
206.7921244444444
 30
0.0
 10
211.6923488888889
 20
207.2863661111111
 30
0.0
 10
211.7696072222222
 20
207.4412355555555
 30
0.0
 10
212.1693044444444
 20
208.2233438888888
 30
0.0
 10
213.3655738888889
 20
210.5590855555555
 30
0.0
 10
213.3655738888889
 20
210.5590855555555
 30
0.0
 10
212.4750451851852
 20
211.0146392592592
 30
0.0
 10
211.5845164814815
 20
211.4701929629629
 30
0.0
 10
210.6939877777777
 20
211.9257466666666
 30
0.0
 10
210.6939877777777
 20
211.9257466666666
 30
0.0
 10
209.4970127777778
 20
209.5864772222222
 30
0.0
 10
209.0983738888889
 20
208.8078966666666
 30
0.0
 10
209.0207627777778
 20
208.6530272222222
 30
0.0
 10
208.8313211111111
 20
208.0667105555555
 30
0.0
 10
208.3931711111111
 20
207.20558
 30
0.0
 10
207.9511405555556
 20
206.3448022222222
 30
0.0
 10
207.5556766666667
 20
205.6657049999999
 30
0.0
 10
207.5066405555555
 20
205.6925161111111
 30
0.0
  0
SPLINE
  5
2AA
330
1F
100
AcDbEntity
  8
DEFAULT
 62
   250
100
AcDbSpline
210
0.0
220
0.0
230
1.0
 70
     8
 71
     3
 72
    17
 73
    13
 74
     0
 42
0.000000001
 43
0.0000000001
 40
0.0
 40
0.0
 40
0.0
 40
0.0
 40
1.0
 40
1.0
 40
1.0
 40
2.0
 40
2.0
 40
2.0
 40
3.0
 40
3.0
 40
3.0
 40
4.0
 40
4.0
 40
4.0
 40
4.0
 10
210.8296308333333
 20
232.0113258333333
 30
0.0
 10
210.8931308333333
 20
232.0977563888889
 30
0.0
 10
211.0420030555555
 20
232.2279313888889
 30
0.0
 10
211.2607252777777
 20
232.3401147222222
 30
0.0
 10
211.7676669444444
 20
232.6001119444444
 30
0.0
 10
212.3134141666667
 20
232.4752286111111
 30
0.0
 10
212.6157447222222
 20
231.8857369444444
 30
0.0
 10
212.9043169444444
 20
231.3227036111111
 30
0.0
 10
212.7180502777777
 20
230.7455591666667
 30
0.0
 10
212.1606613888889
 20
230.4598091666666
 30
0.0
 10
211.9362947222222
 20
230.3448036111111
 30
0.0
 10
211.7704891666667
 20
230.3204619444444
 30
0.0
 10
211.6925252777778
 20
230.3208147222222
 30
0.0
  0
SPLINE
  5
2AB
330
1F
100
AcDbEntity
  8
DEFAULT
 62
   250
100
AcDbSpline
210
0.0
220
0.0
230
1.0
 70
     8
 71
     3
 72
    17
 73
    13
 74
     0
 42
0.000000001
 43
0.0000000001
 40
0.0
 40
0.0
 40
0.0
 40
0.0
 40
1.0
 40
1.0
 40
1.0
 40
2.0
 40
2.0
 40
2.0
 40
3.0
 40
3.0
 40
3.0
 40
4.0
 40
4.0
 40
4.0
 40
4.0
 10
229.0330347222222
 20
232.709085
 30
0.0
 10
229.1402791666666
 20
232.7080266666666
 30
0.0
 10
229.3328958333333
 20
232.6632238888889
 30
0.0
 10
229.5516180555555
 20
232.5510405555555
 30
0.0
 10
230.0585597222222
 20
232.2913961111111
 30
0.0
 10
230.2758708333333
 20
231.7752822222222
 30
0.0
 10
229.9738930555555
 20
231.1857905555555
 30
0.0
 10
229.6853208333333
 20
230.6227572222222
 30
0.0
 10
229.1081763888888
 20
230.4368433333333
 30
0.0
 10
228.5504347222222
 20
230.7225933333333
 30
0.0
 10
228.3264208333333
 20
230.8375988888889
 30
0.0
 10
228.2096513888889
 20
230.9578961111111
 30
0.0
 10
228.1644958333333
 20
231.0213961111111
 30
0.0
  0
POLYLINE
  5
2AC
330
1F
100
AcDbEntity
  8
DEFAULT
 62
   250
100
AcDb2dPolyline
 66
     1
 10
0.0
 20
0.0
 30
0.0
  0
VERTEX
  5
2AD
330
2AC
100
AcDbEntity
  8
DEFAULT
 62
   250
100
AcDbVertex
100
AcDb2dVertex
 10
219.7640455555556
 20
241.4744486111111
 30
0.0
  0
VERTEX
  5
2AE
330
2AC
100
AcDbEntity
  8
DEFAULT
 62
   250
100
AcDbVertex
100
AcDb2dVertex
 10
220.6018927777778
 20
243.4955125
 30
0.0
  0
VERTEX
  5
2AF
330
2AC
100
AcDbEntity
  8
DEFAULT
 62
   250
100
AcDbVertex
100
AcDb2dVertex
 10
221.4552622222222
 20
241.4744486111111
 30
0.0
  0
SEQEND
  5
2B0
330
2AC
100
AcDbEntity
  8
DEFAULT
 62
   250
  0
SPLINE
  5
2B1
330
1F
100
AcDbEntity
  8
DEFAULT
 62
     1
100
AcDbSpline
210
0.0
220
0.0
230
1.0
 70
    11
 71
     3
 72
   110
 73
   106
 74
     0
 42
0.000000001
 43
0.0000000001
 40
1.0
 40
1.0
 40
1.0
 40
1.0
 40
2.0
 40
2.0
 40
2.0
 40
3.0
 40
3.0
 40
3.0
 40
4.0
 40
4.0
 40
4.0
 40
5.0
 40
5.0
 40
5.0
 40
6.0
 40
6.0
 40
6.0
 40
7.0
 40
7.0
 40
7.0
 40
8.0
 40
8.0
 40
8.0
 40
9.0
 40
9.0
 40
9.0
 40
18.92000000000007
 40
18.92000000000007
 40
18.92000000000007
 40
27.42000000000007
 40
27.42000000000007
 40
27.42000000000007
 40
37.34000000000015
 40
37.34000000000015
 40
37.34000000000015
 40
38.34000000000015
 40
38.34000000000015
 40
38.34000000000015
 40
39.34000000000015
 40
39.34000000000015
 40
39.34000000000015
 40
40.34000000000015
 40
40.34000000000015
 40
40.34000000000015
 40
41.34000000000015
 40
41.34000000000015
 40
41.34000000000015
 40
42.34000000000015
 40
42.34000000000015
 40
42.34000000000015
 40
43.34000000000015
 40
43.34000000000015
 40
43.34000000000015
 40
44.34000000000015
 40
44.34000000000015
 40
44.34000000000015
 40
45.34000000000015
 40
45.34000000000015
 40
45.34000000000015
 40
46.34000000000015
 40
46.34000000000015
 40
46.34000000000015
 40
47.34000000000015
 40
47.34000000000015
 40
47.34000000000015
 40
55.84547235607769
 40
55.84547235607769
 40
55.84547235607769
 40
56.84547235607769
 40
56.84547235607769
 40
56.84547235607769
 40
57.84547235607769
 40
57.84547235607769
 40
57.84547235607769
 40
58.84547235607769
 40
58.84547235607769
 40
58.84547235607769
 40
59.84547235607769
 40
59.84547235607769
 40
59.84547235607769
 40
60.84547235607769
 40
60.84547235607769
 40
60.84547235607769
 40
61.84547235607769
 40
61.84547235607769
 40
61.84547235607769
 40
62.84547235607769
 40
62.84547235607769
 40
62.84547235607769
 40
63.84547235607769
 40
63.84547235607769
 40
63.84547235607769
 40
64.84547235607769
 40
64.84547235607769
 40
64.84547235607769
 40
73.35183497472968
 40
73.35183497472968
 40
73.35183497472968
 40
74.35183497472968
 40
74.35183497472968
 40
74.35183497472968
 40
75.35183497472968
 40
75.35183497472968
 40
75.35183497472968
 40
76.35183497472968
 40
76.35183497472968
 40
76.35183497472968
 40
76.35183497472968
 10
235.1907002777778
 20
239.7743772222222
 30
0.0
 10
238.3632308333333
 20
238.1512466666666
 30
0.0
 10
238.6383975
 20
236.8360911111111
 30
0.0
 10
238.6383975
 20
233.9817661111111
 30
0.0
 10
238.6383975
 20
230.3615605555555
 30
0.0
 10
237.2442197222222
 20
229.1338938888888
 30
0.0
 10
233.8617863888889
 20
229.1338938888888
 30
0.0
 10
231.8802336111111
 20
229.1338938888888
 30
0.0
 10
230.3400058333333
 20
228.1612855555555
 30
0.0
 10
230.3400058333333
 20
225.5577855555555
 30
0.0
 10
230.3400058333333
 20
220.9011188888888
 30
0.0
 10
227.0697558333333
 20
217.00998
 30
0.0
 10
222.6988391666667
 20
216.0504244444444
 30
0.0
 10
222.1696725
 20
215.9516466666666
 30
0.0
 10
222.6106447222222
 20
218.05773
 30
0.0
 10
222.6106447222222
 20
219.9027577777778
 30
0.0
 10
222.6106447222222
 20
226.8348411111111
 30
0.0
 10
222.5436169444444
 20
232.44048
 30
0.0
 10
222.1097002777778
 20
232.44048
 30
0.0
 10
222.0532558333333
 20
232.44048
 30
0.0
 10
222.0109225
 20
233.2236466666666
 30
0.0
 10
222.0109225
 20
234.1902577777778
 30
0.0
 10
222.0109225
 20
235.1603966666667
 30
0.0
 10
222.1097002777778
 20
235.7671744444444
 30
0.0
 10
222.1097002777778
 20
235.9435633333333
 30
0.0
 10
222.1097002777778
 20
237.1100818518518
 30
0.0
 10
222.1097002777778
 20
238.2766003703703
 30
0.0
 10
222.1097002777778
 20
239.4431188888889
 30
0.0
 10
221.1101632407407
 20
239.4431188888889
 30
0.0
 10
220.1106262037037
 20
239.4431188888889
 30
0.0
 10
219.1110891666667
 20
239.4431188888889
 30
0.0
 10
219.1110891666666
 20
238.2766003703703
 30
0.0
 10
219.1110891666666
 20
237.1100818518518
 30
0.0
 10
219.1110891666667
 20
235.9435633333333
 30
0.0
 10
219.1110891666667
 20
235.7671744444444
 30
0.0
 10
219.2098669444445
 20
235.1603966666667
 30
0.0
 10
219.2098669444445
 20
234.1902577777778
 30
0.0
 10
219.2098669444445
 20
233.2236466666666
 30
0.0
 10
219.1640058333334
 20
232.44048
 30
0.0
 10
219.1110891666667
 20
232.44048
 30
0.0
 10
217.0826169444444
 20
232.44048
 30
0.0
 10
217.7440752777778
 20
230.0398272222222
 30
0.0
 10
215.0728419444444
 20
228.6735188888889
 30
0.0
 10
215.0728419444444
 20
228.6735188888889
 30
0.0
 10
215.0746058333333
 20
228.6703438888889
 30
0.0
 10
212.4009030555555
 20
227.3103855555555
 30
0.0
 10
211.0973891666667
 20
226.6471633333333
 30
0.0
 10
208.6716891666667
 20
226.6510438888888
 30
0.0
 10
206.7599863888889
 20
226.6510438888888
 30
0.0
 10
203.8756752777778
 20
226.6510438888888
 30
0.0
 10
204.0612363888889
 20
230.6959938888888
 30
0.0
 10
204.0612363888889
 20
237.1669966666666
 30
0.0
 10
204.0612363888889
 20
238.17453
 30
0.0
 10
204.6863586111111
 20
239.0878716666666
 30
0.0
 10
206.0297363888889
 20
239.7740244444444
 30
0.0
 10
206.0787725
 20
239.8008355555556
 30
0.0
 10
206.4745891666667
 20
239.1217383333333
 30
0.0
 10
206.9162669444444
 20
238.2613133333333
 30
0.0
 10
207.3547697222222
 20
237.39983
 30
0.0
 10
207.5442113888889
 20
236.8135133333333
 30
0.0
 10
207.6214697222222
 20
236.6589966666666
 30
0.0
 10
208.0204613888889
 20
235.8804161111111
 30
0.0
 10
209.2174363888889
 20
233.5407938888889
 30
0.0
 10
209.2174363888889
 20
233.5407938888889
 30
0.0
 10
210.1078475
 20
233.9963475925925
 30
0.0
 10
210.9982586111111
 20
234.4519012962962
 30
0.0
 10
211.8886697222222
 20
234.9074549999999
 30
0.0
 10
211.8886697222222
 20
234.9074549999999
 30
0.0
 10
210.6924002777778
 20
237.2435494444444
 30
0.0
 10
210.2930558333333
 20
238.025305
 30
0.0
 10
210.2154447222222
 20
238.1801744444444
 30
0.0
 10
209.8489086111111
 20
238.6744161111111
 30
0.0
 10
209.4072308333333
 20
239.5351938888889
 30
0.0
 10
208.9680225
 20
240.3998522222222
 30
0.0
 10
208.6522863888889
 20
241.1142272222222
 30
0.0
 10
208.7013225
 20
241.1406855555555
 30
0.0
 10
211.3725558333333
 20
242.5073466666666
 30
0.0
 10
216.1100086111111
 20
243.9636133333333
 30
0.0
 10
219.2624308333334
 20
245.9991411111111
 30
0.0
 10
220.0198447222222
 20
246.4880911111111
 30
0.0
 10
222.1418030555556
 20
246.4411716666666
 30
0.0
 10
223.1846141666666
 20
246.4411716666666
 30
0.0
 10
227.2591975
 20
246.4411716666666
 30
0.0
 10
229.8478808333333
 20
242.5076994444444
 30
0.0
 10
232.5194669444444
 20
241.1410383333333
 30
0.0
 10
232.5685030555556
 20
241.11458
 30
0.0
 10
232.2524141666667
 20
240.400205
 30
0.0
 10
231.8100308333333
 20
239.5358994444444
 30
0.0
 10
231.3715280555556
 20
238.6747688888889
 30
0.0
 10
231.0049919444444
 20
238.1805272222222
 30
0.0
 10
230.9277336111111
 20
238.0256577777778
 30
0.0
 10
230.5280363888889
 20
237.2435494444444
 30
0.0
 10
229.3317669444445
 20
234.9078077777777
 30
0.0
 10
229.3317669444445
 20
234.9078077777777
 30
0.0
 10
230.2222956481482
 20
234.4522540740741
 30
0.0
 10
231.1128243518519
 20
233.9967003703703
 30
0.0
 10
232.0033530555556
 20
233.5411466666666
 30
0.0
 10
232.0033530555556
 20
233.5411466666666
 30
0.0
 10
233.2003280555555
 20
235.8804161111111
 30
0.0
 10
233.5989669444445
 20
236.6589966666666
 30
0.0
 10
233.6765780555556
 20
236.8138661111111
 30
0.0
 10
233.8660197222222
 20
237.4001827777777
 30
0.0
 10
234.3041697222222
 20
238.2613133333333
 30
0.0
 10
234.7462002777778
 20
239.1220911111111
 30
0.0
 10
235.1416641666667
 20
239.8011883333333
 30
0.0
 10
235.1907002777778
 20
239.7743772222222
 30
0.0
  0
SPLINE
  5
2B2
330
1F
100
AcDbEntity
  8
DEFAULT
 62
     1
100
AcDbSpline
210
0.0
220
0.0
230
1.0
 70
     8
 71
     3
 72
     8
 73
     4
 74
     0
 42
0.000000001
 43
0.0000000001
 40
0.0
 40
0.0
 40
0.0
 40
0.0
 40
1.0
 40
1.0
 40
1.0
 40
1.0
 10
208.8355544444444
 20
216.3330347222222
 30
0.0
 10
209.8106322222222
 20
216.3330347222222
 30
0.0
 10
208.4411488888888
 20
226.6510791666666
 30
0.0
 10
206.7601627777777
 20
226.6510791666666
 30
0.0
  0
SPLINE
  5
2B3
330
1F
100
AcDbEntity
  8
DEFAULT
 62
     1
100
AcDbSpline
210
0.0
220
0.0
230
1.0
 70
     8
 71
     3
 72
     8
 73
     4
 74
     0
 42
0.000000001
 43
0.0000000001
 40
0.0
 40
0.0
 40
0.0
 40
0.0
 40
1.0
 40
1.0
 40
1.0
 40
1.0
 10
233.8618216666666
 20
229.1338233333333
 30
0.0
 10
232.8863911111111
 20
229.1338233333333
 30
0.0
 10
234.2562272222222
 20
218.8157788888888
 30
0.0
 10
235.9372133333333
 20
218.8157788888888
 30
0.0
  0
SPLINE
  5
2B4
330
1F
100
AcDbEntity
  8
DEFAULT
 62
   250
100
AcDbSpline
210
0.0
220
0.0
230
1.0
 70
     8
 71
     3
 72
    17
 73
    13
 74
     0
 42
0.000000001
 43
0.0000000001
 40
0.0
 40
0.0
 40
0.0
 40
0.0
 40
1.0
 40
1.0
 40
1.0
 40
2.0
 40
2.0
 40
2.0
 40
3.0
 40
3.0
 40
3.0
 40
4.0
 40
4.0
 40
4.0
 40
4.0
 10
195.5254958333333
 20
213.4555675
 30
0.0
 10
195.4619958333333
 20
213.3691369444444
 30
0.0
 10
195.3131236111111
 20
213.2389619444444
 30
0.0
 10
195.0944013888889
 20
213.1267786111111
 30
0.0
 10
194.5874597222222
 20
212.8667813888889
 30
0.0
 10
194.0417125
 20
212.9916647222222
 30
0.0
 10
193.7393819444444
 20
213.5811563888889
 30
0.0
 10
193.4508097222222
 20
214.1441897222222
 30
0.0
 10
193.6370763888889
 20
214.7213341666667
 30
0.0
 10
194.1948180555555
 20
215.0070841666667
 30
0.0
 10
194.4188319444444
 20
215.1220897222222
 30
0.0
 10
194.5846375
 20
215.1464313888889
 30
0.0
 10
194.6626013888888
 20
215.1460786111111
 30
0.0
  0
SPLINE
  5
2B5
330
1F
100
AcDbEntity
  8
DEFAULT
 62
   250
100
AcDbSpline
210
0.0
220
0.0
230
1.0
 70
     8
 71
     3
 72
    17
 73
    13
 74
     0
 42
0.000000001
 43
0.0000000001
 40
0.0
 40
0.0
 40
0.0
 40
0.0
 40
1.0
 40
1.0
 40
1.0
 40
2.0
 40
2.0
 40
2.0
 40
3.0
 40
3.0
 40
3.0
 40
4.0
 40
4.0
 40
4.0
 40
4.0
 10
177.3221272222222
 20
212.7578083333333
 30
0.0
 10
177.2148827777778
 20
212.7588666666666
 30
0.0
 10
177.0222661111111
 20
212.8036694444444
 30
0.0
 10
176.8035438888889
 20
212.9158527777777
 30
0.0
 10
176.2966022222222
 20
213.1754972222222
 30
0.0
 10
176.0792911111111
 20
213.6916111111111
 30
0.0
 10
176.3812688888889
 20
214.2811027777777
 30
0.0
 10
176.6698411111111
 20
214.8441361111111
 30
0.0
 10
177.2469855555555
 20
215.03005
 30
0.0
 10
177.8047272222222
 20
214.7443
 30
0.0
 10
178.0287411111111
 20
214.6292944444444
 30
0.0
 10
178.1455105555555
 20
214.5089972222222
 30
0.0
 10
178.1906661111111
 20
214.4454972222222
 30
0.0
  0
POLYLINE
  5
2B6
330
1F
100
AcDbEntity
  8
DEFAULT
 62
   250
100
AcDb2dPolyline
 66
     1
 10
0.0
 20
0.0
 30
0.0
  0
VERTEX
  5
2B7
330
2B6
100
AcDbEntity
  8
DEFAULT
 62
   250
100
AcDbVertex
100
AcDb2dVertex
 10
186.5910811111111
 20
203.9924094444444
 30
0.0
  0
VERTEX
  5
2B8
330
2B6
100
AcDbEntity
  8
DEFAULT
 62
   250
100
AcDbVertex
100
AcDb2dVertex
 10
185.7532338888889
 20
201.9713455555555
 30
0.0
  0
VERTEX
  5
2B9
330
2B6
100
AcDbEntity
  8
DEFAULT
 62
   250
100
AcDbVertex
100
AcDb2dVertex
 10
184.8998644444444
 20
203.9924094444444
 30
0.0
  0
SEQEND
  5
2BA
330
2B6
100
AcDbEntity
  8
DEFAULT
 62
   250
  0
SPLINE
  5
2BB
330
1F
100
AcDbEntity
  8
DEFAULT
 62
     1
100
AcDbSpline
210
0.0
220
0.0
230
1.0
 70
    11
 71
     3
 72
   110
 73
   106
 74
     0
 42
0.000000001
 43
0.0000000001
 40
1.0
 40
1.0
 40
1.0
 40
1.0
 40
2.0
 40
2.0
 40
2.0
 40
3.0
 40
3.0
 40
3.0
 40
4.0
 40
4.0
 40
4.0
 40
5.0
 40
5.0
 40
5.0
 40
6.0
 40
6.0
 40
6.0
 40
7.0
 40
7.0
 40
7.0
 40
8.0
 40
8.0
 40
8.0
 40
9.0
 40
9.0
 40
9.0
 40
18.92000000000007
 40
18.92000000000007
 40
18.92000000000007
 40
27.42000000000007
 40
27.42000000000007
 40
27.42000000000007
 40
37.34000000000015
 40
37.34000000000015
 40
37.34000000000015
 40
38.34000000000015
 40
38.34000000000015
 40
38.34000000000015
 40
39.34000000000015
 40
39.34000000000015
 40
39.34000000000015
 40
40.34000000000015
 40
40.34000000000015
 40
40.34000000000015
 40
41.34000000000015
 40
41.34000000000015
 40
41.34000000000015
 40
42.34000000000015
 40
42.34000000000015
 40
42.34000000000015
 40
43.34000000000015
 40
43.34000000000015
 40
43.34000000000015
 40
44.34000000000015
 40
44.34000000000015
 40
44.34000000000015
 40
45.34000000000015
 40
45.34000000000015
 40
45.34000000000015
 40
46.34000000000015
 40
46.34000000000015
 40
46.34000000000015
 40
47.34000000000015
 40
47.34000000000015
 40
47.34000000000015
 40
55.84547235607769
 40
55.84547235607769
 40
55.84547235607769
 40
56.84547235607769
 40
56.84547235607769
 40
56.84547235607769
 40
57.84547235607769
 40
57.84547235607769
 40
57.84547235607769
 40
58.84547235607769
 40
58.84547235607769
 40
58.84547235607769
 40
59.84547235607769
 40
59.84547235607769
 40
59.84547235607769
 40
60.84547235607769
 40
60.84547235607769
 40
60.84547235607769
 40
61.84547235607769
 40
61.84547235607769
 40
61.84547235607769
 40
62.84547235607769
 40
62.84547235607769
 40
62.84547235607769
 40
63.84547235607769
 40
63.84547235607769
 40
63.84547235607769
 40
64.84547235607769
 40
64.84547235607769
 40
64.84547235607769
 40
73.35183497472968
 40
73.35183497472968
 40
73.35183497472968
 40
74.35183497472968
 40
74.35183497472968
 40
74.35183497472968
 40
75.35183497472968
 40
75.35183497472968
 40
75.35183497472968
 40
76.35183497472968
 40
76.35183497472968
 40
76.35183497472968
 40
76.35183497472968
 10
171.1657669444444
 20
205.6925161111111
 30
0.0
 10
167.9932363888889
 20
207.3156466666666
 30
0.0
 10
167.7180697222222
 20
208.6308022222222
 30
0.0
 10
167.7180697222222
 20
211.4851272222222
 30
0.0
 10
167.7180697222222
 20
215.1053327777778
 30
0.0
 10
169.1122475
 20
216.3329994444444
 30
0.0
 10
172.4946808333333
 20
216.3329994444444
 30
0.0
 10
174.4762336111111
 20
216.3329994444444
 30
0.0
 10
176.0164613888889
 20
217.3056077777777
 30
0.0
 10
176.0164613888889
 20
219.9091077777777
 30
0.0
 10
176.0164613888889
 20
224.5657744444444
 30
0.0
 10
179.2867113888889
 20
228.4569133333333
 30
0.0
 10
183.6576280555555
 20
229.4164688888889
 30
0.0
 10
184.1867947222222
 20
229.5152466666666
 30
0.0
 10
183.7458225
 20
227.4091633333333
 30
0.0
 10
183.7458225
 20
225.5641355555555
 30
0.0
 10
183.7458225
 20
218.6324049999999
 30
0.0
 10
183.8128502777778
 20
213.0264133333333
 30
0.0
 10
184.2471197222222
 20
213.0264133333333
 30
0.0
 10
184.3032113888889
 20
213.0264133333333
 30
0.0
 10
184.3455447222222
 20
212.2432466666666
 30
0.0
 10
184.3455447222222
 20
211.2766355555555
 30
0.0
 10
184.3455447222222
 20
210.3064966666666
 30
0.0
 10
184.2471197222222
 20
209.6997188888889
 30
0.0
 10
184.2471197222222
 20
209.52333
 30
0.0
 10
184.2471197222222
 20
208.3568114814815
 30
0.0
 10
184.2471197222222
 20
207.1902929629629
 30
0.0
 10
184.2471197222222
 20
206.0237744444444
 30
0.0
 10
185.2466567592593
 20
206.0237744444444
 30
0.0
 10
186.2461937962963
 20
206.0237744444444
 30
0.0
 10
187.2457308333333
 20
206.0237744444444
 30
0.0
 10
187.2457308333333
 20
207.1902929629629
 30
0.0
 10
187.2457308333333
 20
208.3568114814815
 30
0.0
 10
187.2457308333333
 20
209.52333
 30
0.0
 10
187.2457308333333
 20
209.6997188888889
 30
0.0
 10
187.1466002777777
 20
210.3064966666666
 30
0.0
 10
187.1466002777777
 20
211.2766355555555
 30
0.0
 10
187.1466002777777
 20
212.2432466666666
 30
0.0
 10
187.1924613888889
 20
213.0264133333333
 30
0.0
 10
187.2457308333333
 20
213.0264133333333
 30
0.0
 10
189.2742030555555
 20
213.0264133333333
 30
0.0
 10
188.6120391666666
 20
215.4270661111111
 30
0.0
 10
191.2836252777778
 20
216.7933744444444
 30
0.0
 10
191.2836252777778
 20
216.7933744444444
 30
0.0
 10
191.2818613888889
 20
216.7969022222222
 30
0.0
 10
193.9555641666666
 20
218.1565077777778
 30
0.0
 10
195.2590780555556
 20
218.81973
 30
0.0
 10
197.6847780555555
 20
218.8158494444444
 30
0.0
 10
199.5964808333333
 20
218.8158494444444
 30
0.0
 10
202.4807919444444
 20
218.8158494444444
 30
0.0
 10
202.2952308333333
 20
214.7712522222222
 30
0.0
 10
202.2952308333333
 20
208.2998966666666
 30
0.0
 10
202.2952308333333
 20
207.2923633333333
 30
0.0
 10
201.6701086111111
 20
206.3790216666666
 30
0.0
 10
200.3267308333333
 20
205.6928688888889
 30
0.0
 10
200.2773419444444
 20
205.6660577777777
 30
0.0
 10
199.8818780555555
 20
206.345155
 30
0.0
 10
199.4402002777778
 20
207.20558
 30
0.0
 10
199.0016975
 20
208.0670633333333
 30
0.0
 10
198.8122558333333
 20
208.65338
 30
0.0
 10
198.7346447222222
 20
208.8078966666666
 30
0.0
 10
198.3360058333333
 20
209.5864772222222
 30
0.0
 10
197.1390308333333
 20
211.9260994444444
 30
0.0
 10
197.1390308333333
 20
211.9260994444444
 30
0.0
 10
196.2486197222222
 20
211.4705457407407
 30
0.0
 10
195.3582086111111
 20
211.014992037037
 30
0.0
 10
194.4677975
 20
210.5594383333333
 30
0.0
 10
194.4677975
 20
210.5594383333333
 30
0.0
 10
195.6640669444444
 20
208.2236966666666
 30
0.0
 10
196.0634113888889
 20
207.4415883333333
 30
0.0
 10
196.1410225
 20
207.2867188888889
 30
0.0
 10
196.5075586111111
 20
206.7924772222222
 30
0.0
 10
196.9492363888889
 20
205.9316994444444
 30
0.0
 10
197.3884447222222
 20
205.0670411111111
 30
0.0
 10
197.7041808333333
 20
204.3526661111111
 30
0.0
 10
197.6551447222222
 20
204.3262077777777
 30
0.0
 10
194.9839113888889
 20
202.9595466666667
 30
0.0
 10
190.2464586111111
 20
201.50328
 30
0.0
 10
187.0940363888889
 20
199.4677522222222
 30
0.0
 10
186.3366225
 20
198.9788022222222
 30
0.0
 10
184.2146641666667
 20
199.0257216666666
 30
0.0
 10
183.1718530555555
 20
199.0257216666666
 30
0.0
 10
179.0972697222222
 20
199.0257216666666
 30
0.0
 10
176.5085863888889
 20
202.9591938888888
 30
0.0
 10
173.8370002777778
 20
204.325855
 30
0.0
 10
173.7879641666667
 20
204.3523133333333
 30
0.0
 10
174.1040530555555
 20
205.0670411111111
 30
0.0
 10
174.5464363888889
 20
205.9309938888889
 30
0.0
 10
174.9849391666667
 20
206.7921244444444
 30
0.0
 10
175.3514752777778
 20
207.2863661111111
 30
0.0
 10
175.4287336111111
 20
207.4412355555555
 30
0.0
 10
175.8280780555556
 20
208.2233438888888
 30
0.0
 10
177.0247002777778
 20
210.5590855555555
 30
0.0
 10
177.0247002777778
 20
210.5590855555555
 30
0.0
 10
176.134171574074
 20
211.0146392592592
 30
0.0
 10
175.2436428703703
 20
211.4701929629629
 30
0.0
 10
174.3531141666667
 20
211.9257466666666
 30
0.0
 10
174.3531141666667
 20
211.9257466666666
 30
0.0
 10
173.1561391666667
 20
209.5864772222222
 30
0.0
 10
172.7575002777778
 20
208.8078966666666
 30
0.0
 10
172.6798891666666
 20
208.6530272222222
 30
0.0
 10
172.4904475
 20
208.0667105555555
 30
0.0
 10
172.0522975
 20
207.20558
 30
0.0
 10
171.6102669444444
 20
206.3448022222222
 30
0.0
 10
171.2148030555555
 20
205.6657049999999
 30
0.0
 10
171.1657669444444
 20
205.6925161111111
 30
0.0
  0
SPLINE
  5
2BC
330
1F
100
AcDbEntity
  8
DEFAULT
 62
   250
100
AcDbSpline
210
0.0
220
0.0
230
1.0
 70
     8
 71
     3
 72
    17
 73
    13
 74
     0
 42
0.000000001
 43
0.0000000001
 40
0.0
 40
0.0
 40
0.0
 40
0.0
 40
1.0
 40
1.0
 40
1.0
 40
2.0
 40
2.0
 40
2.0
 40
3.0
 40
3.0
 40
3.0
 40
4.0
 40
4.0
 40
4.0
 40
4.0
 10
174.4887572222222
 20
232.0113258333333
 30
0.0
 10
174.5522572222222
 20
232.0977563888889
 30
0.0
 10
174.7011294444444
 20
232.2279313888889
 30
0.0
 10
174.9198516666667
 20
232.3401147222222
 30
0.0
 10
175.4267933333333
 20
232.6001119444444
 30
0.0
 10
175.9725405555556
 20
232.4752286111111
 30
0.0
 10
176.2745183333333
 20
231.8857369444444
 30
0.0
 10
176.5630905555555
 20
231.3227036111111
 30
0.0
 10
176.3771766666667
 20
230.7455591666667
 30
0.0
 10
175.819435
 20
230.4598091666666
 30
0.0
 10
175.5954211111111
 20
230.3448036111111
 30
0.0
 10
175.4296155555555
 20
230.3204619444444
 30
0.0
 10
175.3516516666667
 20
230.3208147222222
 30
0.0
  0
SPLINE
  5
2BD
330
1F
100
AcDbEntity
  8
DEFAULT
 62
   250
100
AcDbSpline
210
0.0
220
0.0
230
1.0
 70
     8
 71
     3
 72
    17
 73
    13
 74
     0
 42
0.000000001
 43
0.0000000001
 40
0.0
 40
0.0
 40
0.0
 40
0.0
 40
1.0
 40
1.0
 40
1.0
 40
2.0
 40
2.0
 40
2.0
 40
3.0
 40
3.0
 40
3.0
 40
4.0
 40
4.0
 40
4.0
 40
4.0
 10
192.6921611111111
 20
232.709085
 30
0.0
 10
192.7994055555556
 20
232.7080266666666
 30
0.0
 10
192.9920222222222
 20
232.6632238888889
 30
0.0
 10
193.2107444444445
 20
232.5510405555555
 30
0.0
 10
193.7176861111111
 20
232.2913961111111
 30
0.0
 10
193.9349972222222
 20
231.7752822222222
 30
0.0
 10
193.6330194444444
 20
231.1857905555555
 30
0.0
 10
193.3444472222222
 20
230.6227572222222
 30
0.0
 10
192.7673027777778
 20
230.4368433333333
 30
0.0
 10
192.2095611111111
 20
230.7225933333333
 30
0.0
 10
191.9855472222222
 20
230.8375988888889
 30
0.0
 10
191.8687777777778
 20
230.9578961111111
 30
0.0
 10
191.8236222222222
 20
231.0213961111111
 30
0.0
  0
POLYLINE
  5
2BE
330
1F
100
AcDbEntity
  8
DEFAULT
 62
   250
100
AcDb2dPolyline
 66
     1
 10
0.0
 20
0.0
 30
0.0
  0
VERTEX
  5
2BF
330
2BE
100
AcDbEntity
  8
DEFAULT
 62
   250
100
AcDbVertex
100
AcDb2dVertex
 10
183.4231366666667
 20
241.4744486111111
 30
0.0
  0
VERTEX
  5
2C0
330
2BE
100
AcDbEntity
  8
DEFAULT
 62
   250
100
AcDbVertex
100
AcDb2dVertex
 10
184.2613366666667
 20
243.4955125
 30
0.0
  0
VERTEX
  5
2C1
330
2BE
100
AcDbEntity
  8
DEFAULT
 62
   250
100
AcDbVertex
100
AcDb2dVertex
 10
185.1143533333333
 20
241.4744486111111
 30
0.0
  0
SEQEND
  5
2C2
330
2BE
100
AcDbEntity
  8
DEFAULT
 62
   250
  0
SPLINE
  5
2C3
330
1F
100
AcDbEntity
  8
DEFAULT
 62
     1
100
AcDbSpline
210
0.0
220
0.0
230
1.0
 70
    11
 71
     3
 72
   110
 73
   106
 74
     0
 42
0.000000001
 43
0.0000000001
 40
1.0
 40
1.0
 40
1.0
 40
1.0
 40
2.0
 40
2.0
 40
2.0
 40
3.0
 40
3.0
 40
3.0
 40
4.0
 40
4.0
 40
4.0
 40
5.0
 40
5.0
 40
5.0
 40
6.0
 40
6.0
 40
6.0
 40
7.0
 40
7.0
 40
7.0
 40
8.0
 40
8.0
 40
8.0
 40
9.0
 40
9.0
 40
9.0
 40
18.92000000000007
 40
18.92000000000007
 40
18.92000000000007
 40
27.42000000000007
 40
27.42000000000007
 40
27.42000000000007
 40
37.34000000000015
 40
37.34000000000015
 40
37.34000000000015
 40
38.34000000000015
 40
38.34000000000015
 40
38.34000000000015
 40
39.34000000000015
 40
39.34000000000015
 40
39.34000000000015
 40
40.34000000000015
 40
40.34000000000015
 40
40.34000000000015
 40
41.34000000000015
 40
41.34000000000015
 40
41.34000000000015
 40
42.34000000000015
 40
42.34000000000015
 40
42.34000000000015
 40
43.34000000000015
 40
43.34000000000015
 40
43.34000000000015
 40
44.34000000000015
 40
44.34000000000015
 40
44.34000000000015
 40
45.34000000000015
 40
45.34000000000015
 40
45.34000000000015
 40
46.34000000000015
 40
46.34000000000015
 40
46.34000000000015
 40
47.34000000000015
 40
47.34000000000015
 40
47.34000000000015
 40
55.84636261865208
 40
55.84636261865208
 40
55.84636261865208
 40
56.84636261865208
 40
56.84636261865208
 40
56.84636261865208
 40
57.84636261865208
 40
57.84636261865208
 40
57.84636261865208
 40
58.84636261865208
 40
58.84636261865208
 40
58.84636261865208
 40
59.84636261865208
 40
59.84636261865208
 40
59.84636261865208
 40
60.84636261865208
 40
60.84636261865208
 40
60.84636261865208
 40
61.84636261865208
 40
61.84636261865208
 40
61.84636261865208
 40
62.84636261865208
 40
62.84636261865208
 40
62.84636261865208
 40
63.84636261865208
 40
63.84636261865208
 40
63.84636261865208
 40
64.84636261865208
 40
64.84636261865208
 40
64.84636261865208
 40
73.35272523730407
 40
73.35272523730407
 40
73.35272523730407
 40
74.35272523730407
 40
74.35272523730407
 40
74.35272523730407
 40
75.35272523730407
 40
75.35272523730407
 40
75.35272523730407
 40
76.35272523730407
 40
76.35272523730407
 40
76.35272523730407
 40
76.35272523730407
 10
198.8498266666667
 20
239.7743772222222
 30
0.0
 10
202.02271
 20
238.1512466666666
 30
0.0
 10
202.2975238888889
 20
236.8360911111111
 30
0.0
 10
202.2975238888889
 20
233.9817661111111
 30
0.0
 10
202.2975238888889
 20
230.3615605555555
 30
0.0
 10
200.9033461111111
 20
229.1338938888888
 30
0.0
 10
197.5209127777778
 20
229.1338938888888
 30
0.0
 10
195.5397127777778
 20
229.1338938888888
 30
0.0
 10
193.9991322222222
 20
228.1612855555555
 30
0.0
 10
193.9991322222222
 20
225.5577855555555
 30
0.0
 10
193.9991322222222
 20
220.9011188888888
 30
0.0
 10
190.7288822222222
 20
217.00998
 30
0.0
 10
186.3579655555556
 20
216.0504244444444
 30
0.0
 10
185.8287988888889
 20
215.9516466666666
 30
0.0
 10
186.2697711111111
 20
218.05773
 30
0.0
 10
186.2697711111111
 20
219.9027577777778
 30
0.0
 10
186.2697711111111
 20
226.8348411111111
 30
0.0
 10
186.2027433333333
 20
232.44048
 30
0.0
 10
185.7688266666667
 20
232.44048
 30
0.0
 10
185.7123822222222
 20
232.44048
 30
0.0
 10
185.6700488888889
 20
233.2236466666666
 30
0.0
 10
185.6700488888889
 20
234.1902577777778
 30
0.0
 10
185.6700488888889
 20
235.1603966666667
 30
0.0
 10
185.7688266666667
 20
235.7671744444444
 30
0.0
 10
185.7688266666667
 20
235.9435633333333
 30
0.0
 10
185.7688266666667
 20
237.1100818518518
 30
0.0
 10
185.7688266666667
 20
238.2766003703703
 30
0.0
 10
185.7688266666667
 20
239.4431188888889
 30
0.0
 10
184.7692896296296
 20
239.4431188888889
 30
0.0
 10
183.7697525925926
 20
239.4431188888889
 30
0.0
 10
182.7702155555555
 20
239.4431188888889
 30
0.0
 10
182.7702155555555
 20
238.2766003703703
 30
0.0
 10
182.7702155555555
 20
237.1100818518518
 30
0.0
 10
182.7702155555555
 20
235.9435633333333
 30
0.0
 10
182.7702155555555
 20
235.7671744444444
 30
0.0
 10
182.8689933333333
 20
235.1603966666667
 30
0.0
 10
182.8689933333333
 20
234.1902577777778
 30
0.0
 10
182.8689933333333
 20
233.2236466666666
 30
0.0
 10
182.8231322222222
 20
232.44048
 30
0.0
 10
182.7702155555555
 20
232.44048
 30
0.0
 10
180.7417433333333
 20
232.44048
 30
0.0
 10
181.4035544444445
 20
230.0398272222222
 30
0.0
 10
178.7319683333333
 20
228.6735188888889
 30
0.0
 10
178.7319683333333
 20
228.6735188888889
 30
0.0
 10
178.7337322222222
 20
228.6703438888889
 30
0.0
 10
176.0600294444444
 20
227.3103855555555
 30
0.0
 10
174.7565155555556
 20
226.6471633333333
 30
0.0
 10
172.3308155555555
 20
226.6510438888888
 30
0.0
 10
170.4194655555555
 20
226.6510438888888
 30
0.0
 10
167.5348016666667
 20
226.6510438888888
 30
0.0
 10
167.7203627777778
 20
230.6959938888888
 30
0.0
 10
167.7203627777778
 20
237.1669966666666
 30
0.0
 10
167.7203627777778
 20
238.17453
 30
0.0
 10
168.345485
 20
239.0878716666666
 30
0.0
 10
169.6888627777778
 20
239.7740244444444
 30
0.0
 10
169.7382516666667
 20
239.8008355555556
 30
0.0
 10
170.1337155555556
 20
239.1217383333333
 30
0.0
 10
170.5753933333333
 20
238.2613133333333
 30
0.0
 10
171.0138961111111
 20
237.39983
 30
0.0
 10
171.2033377777778
 20
236.8135133333333
 30
0.0
 10
171.2809488888889
 20
236.6589966666666
 30
0.0
 10
171.6795877777778
 20
235.8804161111111
 30
0.0
 10
172.8765627777778
 20
233.5407938888889
 30
0.0
 10
172.8765627777778
 20
233.5407938888889
 30
0.0
 10
173.7670914814815
 20
233.9963475925925
 30
0.0
 10
174.6576201851852
 20
234.4519012962962
 30
0.0
 10
175.5481488888889
 20
234.9074549999999
 30
0.0
 10
175.5481488888889
 20
234.9074549999999
 30
0.0
 10
174.3515266666666
 20
237.2435494444444
 30
0.0
 10
173.9521822222222
 20
238.025305
 30
0.0
 10
173.8745711111111
 20
238.1801744444444
 30
0.0
 10
173.508035
 20
238.6744161111111
 30
0.0
 10
173.0663572222222
 20
239.5351938888889
 30
0.0
 10
172.6271488888889
 20
240.3998522222222
 30
0.0
 10
172.3114127777778
 20
241.1142272222222
 30
0.0
 10
172.3604488888889
 20
241.1406855555555
 30
0.0
 10
175.0316822222222
 20
242.5073466666666
 30
0.0
 10
179.769135
 20
243.9636133333333
 30
0.0
 10
182.9215572222222
 20
245.9991411111111
 30
0.0
 10
183.6789711111111
 20
246.4880911111111
 30
0.0
 10
185.8009294444444
 20
246.4411716666666
 30
0.0
 10
186.8437405555555
 20
246.4411716666666
 30
0.0
 10
190.9183238888889
 20
246.4411716666666
 30
0.0
 10
193.5070072222222
 20
242.5076994444444
 30
0.0
 10
196.1785933333333
 20
241.1410383333333
 30
0.0
 10
196.2276294444444
 20
241.11458
 30
0.0
 10
195.9118933333333
 20
240.400205
 30
0.0
 10
195.4691572222222
 20
239.5358994444444
 30
0.0
 10
195.0306544444444
 20
238.6747688888889
 30
0.0
 10
194.6641183333333
 20
238.1805272222222
 30
0.0
 10
194.58686
 20
238.0256577777778
 30
0.0
 10
194.1875155555555
 20
237.2435494444444
 30
0.0
 10
192.9908933333333
 20
234.9078077777777
 30
0.0
 10
192.9908933333333
 20
234.9078077777777
 30
0.0
 10
193.8814220370371
 20
234.4522540740741
 30
0.0
 10
194.7719507407407
 20
233.9967003703703
 30
0.0
 10
195.6624794444444
 20
233.5411466666666
 30
0.0
 10
195.6624794444444
 20
233.5411466666666
 30
0.0
 10
196.8594544444444
 20
235.8804161111111
 30
0.0
 10
197.2580933333333
 20
236.6589966666666
 30
0.0
 10
197.3357044444444
 20
236.8138661111111
 30
0.0
 10
197.5251461111111
 20
237.4001827777777
 30
0.0
 10
197.9632961111111
 20
238.2613133333333
 30
0.0
 10
198.4053266666667
 20
239.1220911111111
 30
0.0
 10
198.8007905555556
 20
239.8011883333333
 30
0.0
 10
198.8498266666667
 20
239.7743772222222
 30
0.0
  0
SPLINE
  5
2C4
330
1F
100
AcDbEntity
  8
DEFAULT
 62
     1
100
AcDbSpline
210
0.0
220
0.0
230
1.0
 70
     8
 71
     3
 72
     8
 73
     4
 74
     0
 42
0.000000001
 43
0.0000000001
 40
0.0
 40
0.0
 40
0.0
 40
0.0
 40
1.0
 40
1.0
 40
1.0
 40
1.0
 10
172.4946808333333
 20
216.3330347222222
 30
0.0
 10
173.4697586111111
 20
216.3330347222222
 30
0.0
 10
172.1002752777778
 20
226.6510791666666
 30
0.0
 10
170.4192891666667
 20
226.6510791666666
 30
0.0
  0
SPLINE
  5
2C5
330
1F
100
AcDbEntity
  8
DEFAULT
 62
     1
100
AcDbSpline
210
0.0
220
0.0
230
1.0
 70
     8
 71
     3
 72
     8
 73
     4
 74
     0
 42
0.000000001
 43
0.0000000001
 40
0.0
 40
0.0
 40
0.0
 40
0.0
 40
1.0
 40
1.0
 40
1.0
 40
1.0
 10
197.5209480555555
 20
229.1338233333333
 30
0.0
 10
196.5458702777777
 20
229.1338233333333
 30
0.0
 10
197.9153536111111
 20
218.8157788888888
 30
0.0
 10
199.5963397222222
 20
218.8157788888888
 30
0.0
  0
SPLINE
  5
2C6
330
1F
100
AcDbEntity
  8
DEFAULT
 62
   250
100
AcDbSpline
210
0.0
220
0.0
230
1.0
 70
     8
 71
     3
 72
    17
 73
    13
 74
     0
 42
0.000000001
 43
0.0000000001
 40
0.0
 40
0.0
 40
0.0
 40
0.0
 40
1.0
 40
1.0
 40
1.0
 40
2.0
 40
2.0
 40
2.0
 40
3.0
 40
3.0
 40
3.0
 40
4.0
 40
4.0
 40
4.0
 40
4.0
 10
159.1846575
 20
213.4555675
 30
0.0
 10
159.1211575
 20
213.3691369444444
 30
0.0
 10
158.9722852777778
 20
213.2389619444444
 30
0.0
 10
158.7535630555556
 20
213.1267786111111
 30
0.0
 10
158.2466213888889
 20
212.8667813888889
 30
0.0
 10
157.7008741666666
 20
212.9916647222222
 30
0.0
 10
157.3985436111111
 20
213.5811563888889
 30
0.0
 10
157.1099713888889
 20
214.1441897222222
 30
0.0
 10
157.2962380555555
 20
214.7213341666667
 30
0.0
 10
157.8539797222222
 20
215.0070841666667
 30
0.0
 10
158.0779936111111
 20
215.1220897222222
 30
0.0
 10
158.2437991666667
 20
215.1464313888889
 30
0.0
 10
158.3217630555555
 20
215.1460786111111
 30
0.0
  0
SPLINE
  5
2C7
330
1F
100
AcDbEntity
  8
DEFAULT
 62
   250
100
AcDbSpline
210
0.0
220
0.0
230
1.0
 70
     8
 71
     3
 72
    17
 73
    13
 74
     0
 42
0.000000001
 43
0.0000000001
 40
0.0
 40
0.0
 40
0.0
 40
0.0
 40
1.0
 40
1.0
 40
1.0
 40
2.0
 40
2.0
 40
2.0
 40
3.0
 40
3.0
 40
3.0
 40
4.0
 40
4.0
 40
4.0
 40
4.0
 10
140.9812536111111
 20
212.7578083333333
 30
0.0
 10
140.8740091666667
 20
212.7588666666666
 30
0.0
 10
140.6813925
 20
212.8036694444444
 30
0.0
 10
140.4626702777777
 20
212.9158527777777
 30
0.0
 10
139.9557286111111
 20
213.1754972222222
 30
0.0
 10
139.7384175
 20
213.6916111111111
 30
0.0
 10
140.0403952777778
 20
214.2811027777777
 30
0.0
 10
140.3289675
 20
214.8441361111111
 30
0.0
 10
140.9061119444444
 20
215.03005
 30
0.0
 10
141.4638536111111
 20
214.7443
 30
0.0
 10
141.6878675
 20
214.6292944444444
 30
0.0
 10
141.8046369444444
 20
214.5089972222222
 30
0.0
 10
141.8497925
 20
214.4454972222222
 30
0.0
  0
POLYLINE
  5
2C8
330
1F
100
AcDbEntity
  8
DEFAULT
 62
   250
100
AcDb2dPolyline
 66
     1
 10
0.0
 20
0.0
 30
0.0
  0
VERTEX
  5
2C9
330
2C8
100
AcDbEntity
  8
DEFAULT
 62
   250
100
AcDbVertex
100
AcDb2dVertex
 10
150.2502075
 20
203.9924094444445
 30
0.0
  0
VERTEX
  5
2CA
330
2C8
100
AcDbEntity
  8
DEFAULT
 62
   250
100
AcDbVertex
100
AcDb2dVertex
 10
149.4123602777778
 20
201.9713455555556
 30
0.0
  0
VERTEX
  5
2CB
330
2C8
100
AcDbEntity
  8
DEFAULT
 62
   250
100
AcDbVertex
100
AcDb2dVertex
 10
148.5593436111111
 20
203.9924094444444
 30
0.0
  0
SEQEND
  5
2CC
330
2C8
100
AcDbEntity
  8
DEFAULT
 62
   250
  0
SPLINE
  5
2CD
330
1F
100
AcDbEntity
  8
DEFAULT
 62
     1
100
AcDbSpline
210
0.0
220
0.0
230
1.0
 70
    11
 71
     3
 72
   110
 73
   106
 74
     0
 42
0.000000001
 43
0.0000000001
 40
1.0
 40
1.0
 40
1.0
 40
1.0
 40
2.0
 40
2.0
 40
2.0
 40
3.0
 40
3.0
 40
3.0
 40
4.0
 40
4.0
 40
4.0
 40
5.0
 40
5.0
 40
5.0
 40
6.0
 40
6.0
 40
6.0
 40
7.0
 40
7.0
 40
7.0
 40
8.0
 40
8.0
 40
8.0
 40
9.0
 40
9.0
 40
9.0
 40
18.92000000000007
 40
18.92000000000007
 40
18.92000000000007
 40
27.42000000000007
 40
27.42000000000007
 40
27.42000000000007
 40
37.34000000000015
 40
37.34000000000015
 40
37.34000000000015
 40
38.34000000000015
 40
38.34000000000015
 40
38.34000000000015
 40
39.34000000000015
 40
39.34000000000015
 40
39.34000000000015
 40
40.34000000000015
 40
40.34000000000015
 40
40.34000000000015
 40
41.34000000000015
 40
41.34000000000015
 40
41.34000000000015
 40
42.34000000000015
 40
42.34000000000015
 40
42.34000000000015
 40
43.34000000000015
 40
43.34000000000015
 40
43.34000000000015
 40
44.34000000000015
 40
44.34000000000015
 40
44.34000000000015
 40
45.34000000000015
 40
45.34000000000015
 40
45.34000000000015
 40
46.34000000000015
 40
46.34000000000015
 40
46.34000000000015
 40
47.34000000000015
 40
47.34000000000015
 40
47.34000000000015
 40
55.84547235607769
 40
55.84547235607769
 40
55.84547235607769
 40
56.84547235607769
 40
56.84547235607769
 40
56.84547235607769
 40
57.84547235607769
 40
57.84547235607769
 40
57.84547235607769
 40
58.84547235607769
 40
58.84547235607769
 40
58.84547235607769
 40
59.84547235607769
 40
59.84547235607769
 40
59.84547235607769
 40
60.84547235607769
 40
60.84547235607769
 40
60.84547235607769
 40
61.84547235607769
 40
61.84547235607769
 40
61.84547235607769
 40
62.84547235607769
 40
62.84547235607769
 40
62.84547235607769
 40
63.84547235607769
 40
63.84547235607769
 40
63.84547235607769
 40
64.84547235607769
 40
64.84547235607769
 40
64.84547235607769
 40
73.35183497472968
 40
73.35183497472968
 40
73.35183497472968
 40
74.35183497472968
 40
74.35183497472968
 40
74.35183497472968
 40
75.35183497472968
 40
75.35183497472968
 40
75.35183497472968
 40
76.35183497472968
 40
76.35183497472968
 40
76.35183497472968
 40
76.35183497472968
 10
134.8248933333333
 20
205.6925161111111
 30
0.0
 10
131.6523627777778
 20
207.3156466666666
 30
0.0
 10
131.3771961111111
 20
208.6308022222222
 30
0.0
 10
131.3771961111111
 20
211.4851272222222
 30
0.0
 10
131.3771961111111
 20
215.1053327777778
 30
0.0
 10
132.7713738888889
 20
216.3329994444444
 30
0.0
 10
136.1538072222222
 20
216.3329994444444
 30
0.0
 10
138.13536
 20
216.3329994444444
 30
0.0
 10
139.6755877777778
 20
217.3056077777777
 30
0.0
 10
139.6755877777778
 20
219.9091077777777
 30
0.0
 10
139.6755877777778
 20
224.5657744444444
 30
0.0
 10
142.9458377777777
 20
228.4569133333333
 30
0.0
 10
147.3167544444444
 20
229.4164688888889
 30
0.0
 10
147.8459211111111
 20
229.5152466666666
 30
0.0
 10
147.4049488888889
 20
227.4091633333333
 30
0.0
 10
147.4049488888889
 20
225.5641355555555
 30
0.0
 10
147.4049488888889
 20
218.6324049999999
 30
0.0
 10
147.4723294444444
 20
213.0264133333333
 30
0.0
 10
147.9062461111111
 20
213.0264133333333
 30
0.0
 10
147.9623377777777
 20
213.0264133333333
 30
0.0
 10
148.0046711111111
 20
212.2432466666666
 30
0.0
 10
148.0046711111111
 20
211.2766355555555
 30
0.0
 10
148.0046711111111
 20
210.3064966666666
 30
0.0
 10
147.9062461111111
 20
209.6997188888889
 30
0.0
 10
147.9062461111111
 20
209.52333
 30
0.0
 10
147.9062461111111
 20
208.3568114814815
 30
0.0
 10
147.9062461111111
 20
207.1902929629629
 30
0.0
 10
147.9062461111111
 20
206.0237744444444
 30
0.0
 10
148.9057831481481
 20
206.0237744444444
 30
0.0
 10
149.9053201851852
 20
206.0237744444444
 30
0.0
 10
150.9048572222222
 20
206.0237744444444
 30
0.0
 10
150.9048572222222
 20
207.1902929629629
 30
0.0
 10
150.9048572222222
 20
208.3568114814815
 30
0.0
 10
150.9048572222222
 20
209.52333
 30
0.0
 10
150.9048572222222
 20
209.6997188888889
 30
0.0
 10
150.8057266666667
 20
210.3064966666666
 30
0.0
 10
150.8057266666667
 20
211.2766355555555
 30
0.0
 10
150.8057266666667
 20
212.2432466666666
 30
0.0
 10
150.8515877777778
 20
213.0264133333333
 30
0.0
 10
150.9048572222222
 20
213.0264133333333
 30
0.0
 10
152.9333294444444
 20
213.0264133333333
 30
0.0
 10
152.2711655555555
 20
215.4270661111111
 30
0.0
 10
154.9427516666667
 20
216.7933744444444
 30
0.0
 10
154.9427516666667
 20
216.7933744444444
 30
0.0
 10
154.9409877777778
 20
216.7969022222222
 30
0.0
 10
157.6146905555555
 20
218.1565077777778
 30
0.0
 10
158.9182044444444
 20
218.81973
 30
0.0
 10
161.3439044444444
 20
218.8158494444444
 30
0.0
 10
163.2556072222222
 20
218.8158494444444
 30
0.0
 10
166.1399183333333
 20
218.8158494444444
 30
0.0
 10
165.9543572222222
 20
214.7712522222222
 30
0.0
 10
165.9543572222222
 20
208.2998966666666
 30
0.0
 10
165.9543572222222
 20
207.2923633333333
 30
0.0
 10
165.329235
 20
206.3790216666666
 30
0.0
 10
163.9858572222222
 20
205.6928688888889
 30
0.0
 10
163.9368211111111
 20
205.6660577777777
 30
0.0
 10
163.5410044444444
 20
206.345155
 30
0.0
 10
163.0993266666667
 20
207.20558
 30
0.0
 10
162.6608238888888
 20
208.0670633333333
 30
0.0
 10
162.4713822222222
 20
208.65338
 30
0.0
 10
162.3937711111111
 20
208.8078966666666
 30
0.0
 10
161.9951322222222
 20
209.5864772222222
 30
0.0
 10
160.7981572222222
 20
211.9260994444444
 30
0.0
 10
160.7981572222222
 20
211.9260994444444
 30
0.0
 10
159.9077461111111
 20
211.4705457407407
 30
0.0
 10
159.017335
 20
211.014992037037
 30
0.0
 10
158.1269238888889
 20
210.5594383333333
 30
0.0
 10
158.1269238888889
 20
210.5594383333333
 30
0.0
 10
159.3231933333333
 20
208.2236966666666
 30
0.0
 10
159.7225377777778
 20
207.4415883333333
 30
0.0
 10
159.8001488888889
 20
207.2867188888889
 30
0.0
 10
160.166685
 20
206.7924772222222
 30
0.0
 10
160.6087155555555
 20
205.9316994444444
 30
0.0
 10
161.0475711111111
 20
205.0670411111111
 30
0.0
 10
161.3633072222222
 20
204.3526661111111
 30
0.0
 10
161.3142711111111
 20
204.3262077777777
 30
0.0
 10
158.6430377777777
 20
202.9595466666667
 30
0.0
 10
153.905585
 20
201.50328
 30
0.0
 10
150.7531627777778
 20
199.4677522222222
 30
0.0
 10
149.9957488888889
 20
198.9788022222222
 30
0.0
 10
147.8737905555555
 20
199.0257216666666
 30
0.0
 10
146.8309794444444
 20
199.0257216666666
 30
0.0
 10
142.7563961111111
 20
199.0257216666666
 30
0.0
 10
140.1677127777778
 20
202.9591938888888
 30
0.0
 10
137.4961266666666
 20
204.325855
 30
0.0
 10
137.4470905555555
 20
204.3523133333333
 30
0.0
 10
137.7631794444444
 20
205.0670411111111
 30
0.0
 10
138.2055627777778
 20
205.9309938888889
 30
0.0
 10
138.6440655555556
 20
206.7921244444444
 30
0.0
 10
139.0106016666666
 20
207.2863661111111
 30
0.0
 10
139.08786
 20
207.4412355555555
 30
0.0
 10
139.4875572222222
 20
208.2233438888888
 30
0.0
 10
140.6838266666666
 20
210.5590855555555
 30
0.0
 10
140.6838266666666
 20
210.5590855555555
 30
0.0
 10
139.7932979629629
 20
211.0146392592592
 30
0.0
 10
138.9027692592592
 20
211.4701929629629
 30
0.0
 10
138.0122405555555
 20
211.9257466666666
 30
0.0
 10
138.0122405555555
 20
211.9257466666666
 30
0.0
 10
136.8152655555555
 20
209.5864772222222
 30
0.0
 10
136.4166266666666
 20
208.8078966666666
 30
0.0
 10
136.3393683333333
 20
208.6530272222222
 30
0.0
 10
136.1499266666666
 20
208.0667105555555
 30
0.0
 10
135.7114238888889
 20
207.20558
 30
0.0
 10
135.2693933333333
 20
206.3448022222222
 30
0.0
 10
134.8739294444444
 20
205.6657049999999
 30
0.0
 10
134.8248933333333
 20
205.6925161111111
 30
0.0
  0
SPLINE
  5
2CE
330
1F
100
AcDbEntity
  8
DEFAULT
 62
   250
100
AcDbSpline
210
0.0
220
0.0
230
1.0
 70
     8
 71
     3
 72
    17
 73
    13
 74
     0
 42
0.000000001
 43
0.0000000001
 40
0.0
 40
0.0
 40
0.0
 40
0.0
 40
1.0
 40
1.0
 40
1.0
 40
2.0
 40
2.0
 40
2.0
 40
3.0
 40
3.0
 40
3.0
 40
4.0
 40
4.0
 40
4.0
 40
4.0
 10
138.1478836111111
 20
232.0113258333333
 30
0.0
 10
138.2113836111111
 20
232.0977563888889
 30
0.0
 10
138.3602558333333
 20
232.2279313888889
 30
0.0
 10
138.5789780555555
 20
232.3401147222222
 30
0.0
 10
139.0859197222222
 20
232.6001119444444
 30
0.0
 10
139.6316669444444
 20
232.4752286111111
 30
0.0
 10
139.9336447222222
 20
231.8857369444444
 30
0.0
 10
140.2222169444444
 20
231.3227036111111
 30
0.0
 10
140.0363030555555
 20
230.7455591666667
 30
0.0
 10
139.4785613888889
 20
230.4598091666666
 30
0.0
 10
139.2545475
 20
230.3448036111111
 30
0.0
 10
139.0887419444444
 20
230.3204619444444
 30
0.0
 10
139.0107780555556
 20
230.3208147222222
 30
0.0
  0
SPLINE
  5
2CF
330
1F
100
AcDbEntity
  8
DEFAULT
 62
   250
100
AcDbSpline
210
0.0
220
0.0
230
1.0
 70
     8
 71
     3
 72
    17
 73
    13
 74
     0
 42
0.000000001
 43
0.0000000001
 40
0.0
 40
0.0
 40
0.0
 40
0.0
 40
1.0
 40
1.0
 40
1.0
 40
2.0
 40
2.0
 40
2.0
 40
3.0
 40
3.0
 40
3.0
 40
4.0
 40
4.0
 40
4.0
 40
4.0
 10
156.3512875
 20
232.709085
 30
0.0
 10
156.4585319444444
 20
232.7080266666666
 30
0.0
 10
156.6511486111111
 20
232.6632238888889
 30
0.0
 10
156.8698708333333
 20
232.5510405555555
 30
0.0
 10
157.3768125
 20
232.2913961111111
 30
0.0
 10
157.5944763888889
 20
231.7752822222222
 30
0.0
 10
157.2921458333333
 20
231.1857905555555
 30
0.0
 10
157.0035736111111
 20
230.6227572222222
 30
0.0
 10
156.4264291666667
 20
230.4368433333333
 30
0.0
 10
155.8686875
 20
230.7225933333333
 30
0.0
 10
155.6446736111111
 20
230.8375988888889
 30
0.0
 10
155.5279041666666
 20
230.9578961111111
 30
0.0
 10
155.4827486111111
 20
231.0213961111111
 30
0.0
  0
POLYLINE
  5
2D0
330
1F
100
AcDbEntity
  8
DEFAULT
 62
   250
100
AcDb2dPolyline
 66
     1
 10
0.0
 20
0.0
 30
0.0
  0
VERTEX
  5
2D1
330
2D0
100
AcDbEntity
  8
DEFAULT
 62
   250
100
AcDbVertex
100
AcDb2dVertex
 10
147.0822983333333
 20
241.4744486111111
 30
0.0
  0
VERTEX
  5
2D2
330
2D0
100
AcDbEntity
  8
DEFAULT
 62
   250
100
AcDbVertex
100
AcDb2dVertex
 10
147.9201455555556
 20
243.4955125
 30
0.0
  0
VERTEX
  5
2D3
330
2D0
100
AcDbEntity
  8
DEFAULT
 62
   250
100
AcDbVertex
100
AcDb2dVertex
 10
148.7731622222222
 20
241.4744486111111
 30
0.0
  0
SEQEND
  5
2D4
330
2D0
100
AcDbEntity
  8
DEFAULT
 62
   250
  0
SPLINE
  5
2D5
330
1F
100
AcDbEntity
  8
DEFAULT
 62
     1
100
AcDbSpline
210
0.0
220
0.0
230
1.0
 70
    11
 71
     3
 72
   110
 73
   106
 74
     0
 42
0.000000001
 43
0.0000000001
 40
1.0
 40
1.0
 40
1.0
 40
1.0
 40
2.0
 40
2.0
 40
2.0
 40
3.0
 40
3.0
 40
3.0
 40
4.0
 40
4.0
 40
4.0
 40
5.0
 40
5.0
 40
5.0
 40
6.0
 40
6.0
 40
6.0
 40
7.0
 40
7.0
 40
7.0
 40
8.0
 40
8.0
 40
8.0
 40
9.0
 40
9.0
 40
9.0
 40
18.92000000000007
 40
18.92000000000007
 40
18.92000000000007
 40
27.42000000000007
 40
27.42000000000007
 40
27.42000000000007
 40
37.34000000000015
 40
37.34000000000015
 40
37.34000000000015
 40
38.34000000000015
 40
38.34000000000015
 40
38.34000000000015
 40
39.34000000000015
 40
39.34000000000015
 40
39.34000000000015
 40
40.34000000000015
 40
40.34000000000015
 40
40.34000000000015
 40
41.34000000000015
 40
41.34000000000015
 40
41.34000000000015
 40
42.34000000000015
 40
42.34000000000015
 40
42.34000000000015
 40
43.34000000000015
 40
43.34000000000015
 40
43.34000000000015
 40
44.34000000000015
 40
44.34000000000015
 40
44.34000000000015
 40
45.34000000000015
 40
45.34000000000015
 40
45.34000000000015
 40
46.34000000000015
 40
46.34000000000015
 40
46.34000000000015
 40
47.34000000000015
 40
47.34000000000015
 40
47.34000000000015
 40
55.84636261865208
 40
55.84636261865208
 40
55.84636261865208
 40
56.84636261865208
 40
56.84636261865208
 40
56.84636261865208
 40
57.84636261865208
 40
57.84636261865208
 40
57.84636261865208
 40
58.84636261865208
 40
58.84636261865208
 40
58.84636261865208
 40
59.84636261865208
 40
59.84636261865208
 40
59.84636261865208
 40
60.84636261865208
 40
60.84636261865208
 40
60.84636261865208
 40
61.84636261865208
 40
61.84636261865208
 40
61.84636261865208
 40
62.84636261865208
 40
62.84636261865208
 40
62.84636261865208
 40
63.84636261865208
 40
63.84636261865208
 40
63.84636261865208
 40
64.84636261865208
 40
64.84636261865208
 40
64.84636261865208
 40
73.35272523730407
 40
73.35272523730407
 40
73.35272523730407
 40
74.35272523730407
 40
74.35272523730407
 40
74.35272523730407
 40
75.35272523730407
 40
75.35272523730407
 40
75.35272523730407
 40
76.35272523730407
 40
76.35272523730407
 40
76.35272523730407
 40
76.35272523730407
 10
162.5089530555555
 20
239.7743772222222
 30
0.0
 10
165.6814836111111
 20
238.1512466666666
 30
0.0
 10
165.9566502777778
 20
236.8360911111111
 30
0.0
 10
165.9566502777778
 20
233.9817661111111
 30
0.0
 10
165.9566502777778
 20
230.3615605555555
 30
0.0
 10
164.5624725
 20
229.1338938888888
 30
0.0
 10
161.1800391666667
 20
229.1338938888888
 30
0.0
 10
159.1984863888889
 20
229.1338938888888
 30
0.0
 10
157.6582586111111
 20
228.1612855555555
 30
0.0
 10
157.6582586111111
 20
225.5577855555555
 30
0.0
 10
157.6582586111111
 20
220.9011188888888
 30
0.0
 10
154.3880086111111
 20
217.00998
 30
0.0
 10
150.0170919444444
 20
216.0504244444444
 30
0.0
 10
149.4879252777778
 20
215.9516466666666
 30
0.0
 10
149.9288975
 20
218.05773
 30
0.0
 10
149.9288975
 20
219.9027577777778
 30
0.0
 10
149.9288975
 20
226.8348411111111
 30
0.0
 10
149.8618697222222
 20
232.44048
 30
0.0
 10
149.4279530555555
 20
232.44048
 30
0.0
 10
149.3715086111111
 20
232.44048
 30
0.0
 10
149.3291752777778
 20
233.2236466666666
 30
0.0
 10
149.3291752777778
 20
234.1902577777778
 30
0.0
 10
149.3291752777778
 20
235.1603966666667
 30
0.0
 10
149.4279530555555
 20
235.7671744444444
 30
0.0
 10
149.4279530555555
 20
235.9435633333333
 30
0.0
 10
149.4279530555555
 20
237.1100818518518
 30
0.0
 10
149.4279530555555
 20
238.2766003703703
 30
0.0
 10
149.4279530555555
 20
239.4431188888889
 30
0.0
 10
148.4284160185185
 20
239.4431188888889
 30
0.0
 10
147.4288789814815
 20
239.4431188888889
 30
0.0
 10
146.4293419444444
 20
239.4431188888889
 30
0.0
 10
146.4293419444444
 20
238.2766003703703
 30
0.0
 10
146.4293419444444
 20
237.1100818518518
 30
0.0
 10
146.4293419444444
 20
235.9435633333333
 30
0.0
 10
146.4293419444444
 20
235.7671744444444
 30
0.0
 10
146.5281197222222
 20
235.1603966666667
 30
0.0
 10
146.5281197222222
 20
234.1902577777778
 30
0.0
 10
146.5281197222222
 20
233.2236466666666
 30
0.0
 10
146.4822586111111
 20
232.44048
 30
0.0
 10
146.4293419444444
 20
232.44048
 30
0.0
 10
144.4008697222222
 20
232.44048
 30
0.0
 10
145.0626808333333
 20
230.0398272222222
 30
0.0
 10
142.3910947222222
 20
228.6735188888889
 30
0.0
 10
142.3910947222222
 20
228.6735188888889
 30
0.0
 10
142.3928586111111
 20
228.6703438888889
 30
0.0
 10
139.7191558333333
 20
227.3103855555555
 30
0.0
 10
138.4156419444444
 20
226.6471633333333
 30
0.0
 10
135.9899419444444
 20
226.6510438888888
 30
0.0
 10
134.0782391666667
 20
226.6510438888888
 30
0.0
 10
131.1939280555555
 20
226.6510438888888
 30
0.0
 10
131.3794891666667
 20
230.6959938888888
 30
0.0
 10
131.3794891666667
 20
237.1669966666666
 30
0.0
 10
131.3794891666667
 20
238.17453
 30
0.0
 10
132.0046113888889
 20
239.0878716666666
 30
0.0
 10
133.3479891666667
 20
239.7740244444444
 30
0.0
 10
133.3970252777778
 20
239.8008355555556
 30
0.0
 10
133.7928419444444
 20
239.1217383333333
 30
0.0
 10
134.2345197222222
 20
238.2613133333333
 30
0.0
 10
134.6730225
 20
237.39983
 30
0.0
 10
134.8624641666667
 20
236.8135133333333
 30
0.0
 10
134.9400752777778
 20
236.6589966666666
 30
0.0
 10
135.3387141666666
 20
235.8804161111111
 30
0.0
 10
136.5356891666667
 20
233.5407938888889
 30
0.0
 10
136.5356891666667
 20
233.5407938888889
 30
0.0
 10
137.4262178703704
 20
233.9963475925925
 30
0.0
 10
138.316746574074
 20
234.4519012962962
 30
0.0
 10
139.2072752777778
 20
234.9074549999999
 30
0.0
 10
139.2072752777778
 20
234.9074549999999
 30
0.0
 10
138.0106530555555
 20
237.2435494444444
 30
0.0
 10
137.6113086111111
 20
238.025305
 30
0.0
 10
137.5336975
 20
238.1801744444444
 30
0.0
 10
137.1671613888889
 20
238.6744161111111
 30
0.0
 10
136.7254836111111
 20
239.5351938888889
 30
0.0
 10
136.2862752777778
 20
240.3998522222222
 30
0.0
 10
135.9705391666667
 20
241.1142272222222
 30
0.0
 10
136.0195752777778
 20
241.1406855555555
 30
0.0
 10
138.6908086111111
 20
242.5073466666666
 30
0.0
 10
143.4282613888889
 20
243.9636133333333
 30
0.0
 10
146.5806836111111
 20
245.9991411111111
 30
0.0
 10
147.3380975
 20
246.4880911111111
 30
0.0
 10
149.4600558333333
 20
246.4411716666666
 30
0.0
 10
150.5028669444444
 20
246.4411716666666
 30
0.0
 10
154.5774502777778
 20
246.4411716666666
 30
0.0
 10
157.1661336111111
 20
242.5076994444444
 30
0.0
 10
159.8377197222222
 20
241.1410383333333
 30
0.0
 10
159.8867558333333
 20
241.11458
 30
0.0
 10
159.5710197222222
 20
240.400205
 30
0.0
 10
159.1282836111111
 20
239.5358994444444
 30
0.0
 10
158.6897808333333
 20
238.6747688888889
 30
0.0
 10
158.3232447222222
 20
238.1805272222222
 30
0.0
 10
158.2459863888889
 20
238.0256577777778
 30
0.0
 10
157.8466419444444
 20
237.2435494444444
 30
0.0
 10
156.6500197222222
 20
234.9078077777777
 30
0.0
 10
156.6500197222222
 20
234.9078077777777
 30
0.0
 10
157.5405484259259
 20
234.4522540740741
 30
0.0
 10
158.4310771296296
 20
233.9967003703703
 30
0.0
 10
159.3216058333333
 20
233.5411466666666
 30
0.0
 10
159.3216058333333
 20
233.5411466666666
 30
0.0
 10
160.5185808333333
 20
235.8804161111111
 30
0.0
 10
160.9172197222222
 20
236.6589966666666
 30
0.0
 10
160.9948308333333
 20
236.8138661111111
 30
0.0
 10
161.1842725
 20
237.4001827777777
 30
0.0
 10
161.6224225
 20
238.2613133333333
 30
0.0
 10
162.0644530555556
 20
239.1220911111111
 30
0.0
 10
162.4599169444444
 20
239.8011883333333
 30
0.0
 10
162.5089530555555
 20
239.7743772222222
 30
0.0
  0
SPLINE
  5
2D6
330
1F
100
AcDbEntity
  8
DEFAULT
 62
     1
100
AcDbSpline
210
0.0
220
0.0
230
1.0
 70
     8
 71
     3
 72
     8
 73
     4
 74
     0
 42
0.000000001
 43
0.0000000001
 40
0.0
 40
0.0
 40
0.0
 40
0.0
 40
1.0
 40
1.0
 40
1.0
 40
1.0
 10
136.1538072222222
 20
216.3330347222222
 30
0.0
 10
137.128885
 20
216.3330347222222
 30
0.0
 10
135.7594016666666
 20
226.6510791666666
 30
0.0
 10
134.0784155555556
 20
226.6510791666666
 30
0.0
  0
SPLINE
  5
2D7
330
1F
100
AcDbEntity
  8
DEFAULT
 62
     1
100
AcDbSpline
210
0.0
220
0.0
230
1.0
 70
     8
 71
     3
 72
     8
 73
     4
 74
     0
 42
0.000000001
 43
0.0000000001
 40
0.0
 40
0.0
 40
0.0
 40
0.0
 40
1.0
 40
1.0
 40
1.0
 40
1.0
 10
161.1800744444444
 20
229.1338233333333
 30
0.0
 10
160.2049966666667
 20
229.1338233333333
 30
0.0
 10
161.57448
 20
218.8157788888888
 30
0.0
 10
163.2554661111111
 20
218.8157788888888
 30
0.0
  0
SPLINE
  5
2D8
330
1F
100
AcDbEntity
  8
DEFAULT
 62
   250
100
AcDbSpline
210
0.0
220
0.0
230
1.0
 70
     8
 71
     3
 72
    17
 73
    13
 74
     0
 42
0.000000001
 43
0.0000000001
 40
0.0
 40
0.0
 40
0.0
 40
0.0
 40
1.0
 40
1.0
 40
1.0
 40
2.0
 40
2.0
 40
2.0
 40
3.0
 40
3.0
 40
3.0
 40
4.0
 40
4.0
 40
4.0
 40
4.0
 10
122.8437838888889
 20
213.4555675
 30
0.0
 10
122.7802838888889
 20
213.3691369444444
 30
0.0
 10
122.6314116666667
 20
213.2389619444444
 30
0.0
 10
122.4126894444444
 20
213.1267786111111
 30
0.0
 10
121.9057477777778
 20
212.8667813888889
 30
0.0
 10
121.3600005555555
 20
212.9916647222222
 30
0.0
 10
121.05767
 20
213.5811563888889
 30
0.0
 10
120.7690977777777
 20
214.1441897222222
 30
0.0
 10
120.9553644444444
 20
214.7213341666667
 30
0.0
 10
121.5131061111111
 20
215.0070841666667
 30
0.0
 10
121.73712
 20
215.1220897222222
 30
0.0
 10
121.9029255555555
 20
215.1464313888889
 30
0.0
 10
121.9808894444444
 20
215.1460786111111
 30
0.0
  0
SPLINE
  5
2D9
330
1F
100
AcDbEntity
  8
DEFAULT
 62
   250
100
AcDbSpline
210
0.0
220
0.0
230
1.0
 70
     8
 71
     3
 72
    17
 73
    13
 74
     0
 42
0.000000001
 43
0.0000000001
 40
0.0
 40
0.0
 40
0.0
 40
0.0
 40
1.0
 40
1.0
 40
1.0
 40
2.0
 40
2.0
 40
2.0
 40
3.0
 40
3.0
 40
3.0
 40
4.0
 40
4.0
 40
4.0
 40
4.0
 10
104.64038
 20
212.7578083333333
 30
0.0
 10
104.5331355555556
 20
212.7588666666666
 30
0.0
 10
104.3405188888889
 20
212.8036694444444
 30
0.0
 10
104.1217966666667
 20
212.9158527777777
 30
0.0
 10
103.614855
 20
213.1754972222222
 30
0.0
 10
103.3975438888889
 20
213.6916111111111
 30
0.0
 10
103.6995216666667
 20
214.2811027777777
 30
0.0
 10
103.9880938888889
 20
214.8441361111111
 30
0.0
 10
104.5652383333333
 20
215.03005
 30
0.0
 10
105.12298
 20
214.7443
 30
0.0
 10
105.3469938888889
 20
214.6292944444444
 30
0.0
 10
105.4637633333333
 20
214.5089972222222
 30
0.0
 10
105.5089188888889
 20
214.4454972222222
 30
0.0
  0
POLYLINE
  5
2DA
330
1F
100
AcDbEntity
  8
DEFAULT
 62
   250
100
AcDb2dPolyline
 66
     1
 10
0.0
 20
0.0
 30
0.0
  0
VERTEX
  5
2DB
330
2DA
100
AcDbEntity
  8
DEFAULT
 62
   250
100
AcDbVertex
100
AcDb2dVertex
 10
113.9093338888889
 20
203.9924094444445
 30
0.0
  0
VERTEX
  5
2DC
330
2DA
100
AcDbEntity
  8
DEFAULT
 62
   250
100
AcDbVertex
100
AcDb2dVertex
 10
113.0711338888889
 20
201.9713455555556
 30
0.0
  0
VERTEX
  5
2DD
330
2DA
100
AcDbEntity
  8
DEFAULT
 62
   250
100
AcDbVertex
100
AcDb2dVertex
 10
112.2181172222222
 20
203.9924094444444
 30
0.0
  0
SEQEND
  5
2DE
330
2DA
100
AcDbEntity
  8
DEFAULT
 62
   250
  0
SPLINE
  5
2DF
330
1F
100
AcDbEntity
  8
DEFAULT
 62
     1
100
AcDbSpline
210
0.0
220
0.0
230
1.0
 70
    11
 71
     3
 72
   110
 73
   106
 74
     0
 42
0.000000001
 43
0.0000000001
 40
1.0
 40
1.0
 40
1.0
 40
1.0
 40
2.0
 40
2.0
 40
2.0
 40
3.0
 40
3.0
 40
3.0
 40
4.0
 40
4.0
 40
4.0
 40
5.0
 40
5.0
 40
5.0
 40
6.0
 40
6.0
 40
6.0
 40
7.0
 40
7.0
 40
7.0
 40
8.0
 40
8.0
 40
8.0
 40
9.0
 40
9.0
 40
9.0
 40
18.92000000000007
 40
18.92000000000007
 40
18.92000000000007
 40
27.42000000000007
 40
27.42000000000007
 40
27.42000000000007
 40
37.34000000000015
 40
37.34000000000015
 40
37.34000000000015
 40
38.34000000000015
 40
38.34000000000015
 40
38.34000000000015
 40
39.34000000000015
 40
39.34000000000015
 40
39.34000000000015
 40
40.34000000000015
 40
40.34000000000015
 40
40.34000000000015
 40
41.34000000000015
 40
41.34000000000015
 40
41.34000000000015
 40
42.34000000000015
 40
42.34000000000015
 40
42.34000000000015
 40
43.34000000000015
 40
43.34000000000015
 40
43.34000000000015
 40
44.34000000000015
 40
44.34000000000015
 40
44.34000000000015
 40
45.34000000000015
 40
45.34000000000015
 40
45.34000000000015
 40
46.34000000000015
 40
46.34000000000015
 40
46.34000000000015
 40
47.34000000000015
 40
47.34000000000015
 40
47.34000000000015
 40
55.84547235607769
 40
55.84547235607769
 40
55.84547235607769
 40
56.84547235607769
 40
56.84547235607769
 40
56.84547235607769
 40
57.84547235607769
 40
57.84547235607769
 40
57.84547235607769
 40
58.84547235607769
 40
58.84547235607769
 40
58.84547235607769
 40
59.84547235607769
 40
59.84547235607769
 40
59.84547235607769
 40
60.84547235607769
 40
60.84547235607769
 40
60.84547235607769
 40
61.84547235607769
 40
61.84547235607769
 40
61.84547235607769
 40
62.84547235607769
 40
62.84547235607769
 40
62.84547235607769
 40
63.84547235607769
 40
63.84547235607769
 40
63.84547235607769
 40
64.84547235607769
 40
64.84547235607769
 40
64.84547235607769
 40
73.35183497472968
 40
73.35183497472968
 40
73.35183497472968
 40
74.35183497472968
 40
74.35183497472968
 40
74.35183497472968
 40
75.35183497472968
 40
75.35183497472968
 40
75.35183497472968
 40
76.35183497472968
 40
76.35183497472968
 40
76.35183497472968
 40
76.35183497472968
 10
98.48401972222221
 20
205.6925161111111
 30
0.0
 10
95.31148916666666
 20
207.3156466666666
 30
0.0
 10
95.03632249999998
 20
208.6308022222222
 30
0.0
 10
95.03632249999998
 20
211.4851272222222
 30
0.0
 10
95.03632249999998
 20
215.1053327777778
 30
0.0
 10
96.43050027777777
 20
216.3329994444444
 30
0.0
 10
99.8129336111111
 20
216.3329994444444
 30
0.0
 10
101.7944863888889
 20
216.3329994444444
 30
0.0
 10
103.3347141666667
 20
217.3056077777777
 30
0.0
 10
103.3347141666667
 20
219.9091077777777
 30
0.0
 10
103.3347141666667
 20
224.5657744444444
 30
0.0
 10
106.6049641666667
 20
228.4569133333333
 30
0.0
 10
110.9758808333333
 20
229.4164688888889
 30
0.0
 10
111.5050475
 20
229.5152466666666
 30
0.0
 10
111.0640752777778
 20
227.4091633333333
 30
0.0
 10
111.0640752777778
 20
225.5641355555555
 30
0.0
 10
111.0640752777778
 20
218.6324049999999
 30
0.0
 10
111.1311030555556
 20
213.0264133333333
 30
0.0
 10
111.5653725
 20
213.0264133333333
 30
0.0
 10
111.6214641666667
 20
213.0264133333333
 30
0.0
 10
111.6637975
 20
212.2432466666666
 30
0.0
 10
111.6637975
 20
211.2766355555555
 30
0.0
 10
111.6637975
 20
210.3064966666666
 30
0.0
 10
111.5653725
 20
209.6997188888889
 30
0.0
 10
111.5653725
 20
209.52333
 30
0.0
 10
111.5653725
 20
208.3568114814815
 30
0.0
 10
111.5653725
 20
207.1902929629629
 30
0.0
 10
111.5653725
 20
206.0237744444444
 30
0.0
 10
112.5649095370371
 20
206.0237744444444
 30
0.0
 10
113.5644465740741
 20
206.0237744444444
 30
0.0
 10
114.5639836111111
 20
206.0237744444444
 30
0.0
 10
114.5639836111111
 20
207.1902929629629
 30
0.0
 10
114.5639836111111
 20
208.3568114814815
 30
0.0
 10
114.5639836111111
 20
209.52333
 30
0.0
 10
114.5639836111111
 20
209.6997188888889
 30
0.0
 10
114.4648530555556
 20
210.3064966666666
 30
0.0
 10
114.4648530555556
 20
211.2766355555555
 30
0.0
 10
114.4648530555556
 20
212.2432466666666
 30
0.0
 10
114.5107141666667
 20
213.0264133333333
 30
0.0
 10
114.5639836111111
 20
213.0264133333333
 30
0.0
 10
116.5924558333333
 20
213.0264133333333
 30
0.0
 10
115.9302919444444
 20
215.4270661111111
 30
0.0
 10
118.6018780555555
 20
216.7933744444444
 30
0.0
 10
118.6018780555555
 20
216.7933744444444
 30
0.0
 10
118.6001141666667
 20
216.7969022222222
 30
0.0
 10
121.2738169444444
 20
218.1565077777778
 30
0.0
 10
122.5773308333333
 20
218.81973
 30
0.0
 10
125.0030308333333
 20
218.8158494444444
 30
0.0
 10
126.9147336111111
 20
218.8158494444444
 30
0.0
 10
129.7990447222222
 20
218.8158494444444
 30
0.0
 10
129.6134836111111
 20
214.7712522222222
 30
0.0
 10
129.6134836111111
 20
208.2998966666666
 30
0.0
 10
129.6134836111111
 20
207.2923633333333
 30
0.0
 10
128.9883613888889
 20
206.3790216666666
 30
0.0
 10
127.6449836111111
 20
205.6928688888889
 30
0.0
 10
127.5959475
 20
205.6660577777777
 30
0.0
 10
127.2001308333333
 20
206.345155
 30
0.0
 10
126.7584530555555
 20
207.20558
 30
0.0
 10
126.3199502777778
 20
208.0670633333333
 30
0.0
 10
126.1305086111111
 20
208.65338
 30
0.0
 10
126.0528975
 20
208.8078966666666
 30
0.0
 10
125.6542586111111
 20
209.5864772222222
 30
0.0
 10
124.4572836111111
 20
211.9260994444444
 30
0.0
 10
124.4572836111111
 20
211.9260994444444
 30
0.0
 10
123.5668725
 20
211.4705457407407
 30
0.0
 10
122.6764613888889
 20
211.014992037037
 30
0.0
 10
121.7860502777778
 20
210.5594383333333
 30
0.0
 10
121.7860502777778
 20
210.5594383333333
 30
0.0
 10
122.9823197222222
 20
208.2236966666666
 30
0.0
 10
123.3816641666667
 20
207.4415883333333
 30
0.0
 10
123.4592752777778
 20
207.2867188888889
 30
0.0
 10
123.8258113888889
 20
206.7924772222222
 30
0.0
 10
124.2674891666666
 20
205.9316994444444
 30
0.0
 10
124.7066975
 20
205.0670411111111
 30
0.0
 10
125.0224336111111
 20
204.3526661111111
 30
0.0
 10
124.9733975
 20
204.3262077777777
 30
0.0
 10
122.3021641666667
 20
202.9595466666667
 30
0.0
 10
117.5647113888889
 20
201.50328
 30
0.0
 10
114.4122891666667
 20
199.4677522222222
 30
0.0
 10
113.6548752777778
 20
198.9788022222222
 30
0.0
 10
111.5329169444444
 20
199.0257216666666
 30
0.0
 10
110.4901058333333
 20
199.0257216666666
 30
0.0
 10
106.4155225
 20
199.0257216666666
 30
0.0
 10
103.8268391666667
 20
202.9591938888888
 30
0.0
 10
101.1552530555555
 20
204.325855
 30
0.0
 10
101.1062169444444
 20
204.3523133333333
 30
0.0
 10
101.4223058333333
 20
205.0670411111111
 30
0.0
 10
101.8646891666667
 20
205.9309938888889
 30
0.0
 10
102.3031919444444
 20
206.7921244444444
 30
0.0
 10
102.6697280555556
 20
207.2863661111111
 30
0.0
 10
102.7469863888889
 20
207.4412355555555
 30
0.0
 10
103.1463308333333
 20
208.2233438888888
 30
0.0
 10
104.3429530555556
 20
210.5590855555555
 30
0.0
 10
104.3429530555556
 20
210.5590855555555
 30
0.0
 10
103.4524243518518
 20
211.0146392592592
 30
0.0
 10
102.5618956481482
 20
211.4701929629629
 30
0.0
 10
101.6713669444444
 20
211.9257466666666
 30
0.0
 10
101.6713669444444
 20
211.9257466666666
 30
0.0
 10
100.4743919444444
 20
209.5864772222222
 30
0.0
 10
100.0757530555556
 20
208.8078966666666
 30
0.0
 10
99.99849472222222
 20
208.6530272222222
 30
0.0
 10
99.80870027777777
 20
208.0667105555555
 30
0.0
 10
99.37055027777777
 20
207.20558
 30
0.0
 10
98.92851972222222
 20
206.3448022222222
 30
0.0
 10
98.53305583333334
 20
205.6657049999999
 30
0.0
 10
98.48401972222221
 20
205.6925161111111
 30
0.0
  0
SPLINE
  5
2E0
330
1F
100
AcDbEntity
  8
DEFAULT
 62
   250
100
AcDbSpline
210
0.0
220
0.0
230
1.0
 70
     8
 71
     3
 72
    17
 73
    13
 74
     0
 42
0.000000001
 43
0.0000000001
 40
0.0
 40
0.0
 40
0.0
 40
0.0
 40
1.0
 40
1.0
 40
1.0
 40
2.0
 40
2.0
 40
2.0
 40
3.0
 40
3.0
 40
3.0
 40
4.0
 40
4.0
 40
4.0
 40
4.0
 10
101.80701
 20
232.0113258333333
 30
0.0
 10
101.87051
 20
232.0977563888889
 30
0.0
 10
102.0193822222222
 20
232.2279313888889
 30
0.0
 10
102.2381044444444
 20
232.3401147222222
 30
0.0
 10
102.7450461111111
 20
232.6001119444444
 30
0.0
 10
103.2907933333333
 20
232.4752286111111
 30
0.0
 10
103.5927711111111
 20
231.8857369444444
 30
0.0
 10
103.8816961111111
 20
231.3227036111111
 30
0.0
 10
103.6954294444444
 20
230.7455591666667
 30
0.0
 10
103.1380405555555
 20
230.4598091666666
 30
0.0
 10
102.9136738888889
 20
230.3448036111111
 30
0.0
 10
102.7478683333333
 20
230.3204619444444
 30
0.0
 10
102.6699044444444
 20
230.3208147222222
 30
0.0
  0
SPLINE
  5
2E1
330
1F
100
AcDbEntity
  8
DEFAULT
 62
   250
100
AcDbSpline
210
0.0
220
0.0
230
1.0
 70
     8
 71
     3
 72
    17
 73
    13
 74
     0
 42
0.000000001
 43
0.0000000001
 40
0.0
 40
0.0
 40
0.0
 40
0.0
 40
1.0
 40
1.0
 40
1.0
 40
2.0
 40
2.0
 40
2.0
 40
3.0
 40
3.0
 40
3.0
 40
4.0
 40
4.0
 40
4.0
 40
4.0
 10
120.0104138888889
 20
232.709085
 30
0.0
 10
120.1176583333333
 20
232.7080266666666
 30
0.0
 10
120.310275
 20
232.6632238888889
 30
0.0
 10
120.5289972222222
 20
232.5510405555555
 30
0.0
 10
121.0359388888889
 20
232.2913961111111
 30
0.0
 10
121.25325
 20
231.7752822222222
 30
0.0
 10
120.9512722222222
 20
231.1857905555555
 30
0.0
 10
120.6627
 20
230.6227572222222
 30
0.0
 10
120.0855555555556
 20
230.4368433333333
 30
0.0
 10
119.5278138888889
 20
230.7225933333333
 30
0.0
 10
119.3038
 20
230.8375988888889
 30
0.0
 10
119.1870305555556
 20
230.9578961111111
 30
0.0
 10
119.141875
 20
231.0213961111111
 30
0.0
  0
POLYLINE
  5
2E2
330
1F
100
AcDbEntity
  8
DEFAULT
 62
   250
100
AcDb2dPolyline
 66
     1
 10
0.0
 20
0.0
 30
0.0
  0
VERTEX
  5
2E3
330
2E2
100
AcDbEntity
  8
DEFAULT
 62
   250
100
AcDbVertex
100
AcDb2dVertex
 10
110.7414247222222
 20
241.4744486111111
 30
0.0
  0
VERTEX
  5
2E4
330
2E2
100
AcDbEntity
  8
DEFAULT
 62
   250
100
AcDbVertex
100
AcDb2dVertex
 10
111.5796247222222
 20
243.4955125
 30
0.0
  0
VERTEX
  5
2E5
330
2E2
100
AcDbEntity
  8
DEFAULT
 62
   250
100
AcDbVertex
100
AcDb2dVertex
 10
112.4326413888889
 20
241.4744486111111
 30
0.0
  0
SEQEND
  5
2E6
330
2E2
100
AcDbEntity
  8
DEFAULT
 62
   250
  0
SPLINE
  5
2E7
330
1F
100
AcDbEntity
  8
DEFAULT
 62
     1
100
AcDbSpline
210
0.0
220
0.0
230
1.0
 70
    11
 71
     3
 72
   110
 73
   106
 74
     0
 42
0.000000001
 43
0.0000000001
 40
1.0
 40
1.0
 40
1.0
 40
1.0
 40
2.0
 40
2.0
 40
2.0
 40
3.0
 40
3.0
 40
3.0
 40
4.0
 40
4.0
 40
4.0
 40
5.0
 40
5.0
 40
5.0
 40
6.0
 40
6.0
 40
6.0
 40
7.0
 40
7.0
 40
7.0
 40
8.0
 40
8.0
 40
8.0
 40
9.0
 40
9.0
 40
9.0
 40
18.92000000000007
 40
18.92000000000007
 40
18.92000000000007
 40
27.42000000000007
 40
27.42000000000007
 40
27.42000000000007
 40
37.34000000000015
 40
37.34000000000015
 40
37.34000000000015
 40
38.34000000000015
 40
38.34000000000015
 40
38.34000000000015
 40
39.34000000000015
 40
39.34000000000015
 40
39.34000000000015
 40
40.34000000000015
 40
40.34000000000015
 40
40.34000000000015
 40
41.34000000000015
 40
41.34000000000015
 40
41.34000000000015
 40
42.34000000000015
 40
42.34000000000015
 40
42.34000000000015
 40
43.34000000000015
 40
43.34000000000015
 40
43.34000000000015
 40
44.34000000000015
 40
44.34000000000015
 40
44.34000000000015
 40
45.34000000000015
 40
45.34000000000015
 40
45.34000000000015
 40
46.34000000000015
 40
46.34000000000015
 40
46.34000000000015
 40
47.34000000000015
 40
47.34000000000015
 40
47.34000000000015
 40
55.84547235607769
 40
55.84547235607769
 40
55.84547235607769
 40
56.84547235607769
 40
56.84547235607769
 40
56.84547235607769
 40
57.84547235607769
 40
57.84547235607769
 40
57.84547235607769
 40
58.84547235607769
 40
58.84547235607769
 40
58.84547235607769
 40
59.84547235607769
 40
59.84547235607769
 40
59.84547235607769
 40
60.84547235607769
 40
60.84547235607769
 40
60.84547235607769
 40
61.84547235607769
 40
61.84547235607769
 40
61.84547235607769
 40
62.84547235607769
 40
62.84547235607769
 40
62.84547235607769
 40
63.84547235607769
 40
63.84547235607769
 40
63.84547235607769
 40
64.84547235607769
 40
64.84547235607769
 40
64.84547235607769
 40
73.35183497472968
 40
73.35183497472968
 40
73.35183497472968
 40
74.35183497472968
 40
74.35183497472968
 40
74.35183497472968
 40
75.35183497472968
 40
75.35183497472968
 40
75.35183497472968
 40
76.35183497472968
 40
76.35183497472968
 40
76.35183497472968
 40
76.35183497472968
 10
126.1680794444444
 20
239.7743772222222
 30
0.0
 10
129.34061
 20
238.1512466666666
 30
0.0
 10
129.6157766666666
 20
236.8360911111111
 30
0.0
 10
129.6157766666666
 20
233.9817661111111
 30
0.0
 10
129.6157766666666
 20
230.3615605555555
 30
0.0
 10
128.2215988888889
 20
229.1338938888888
 30
0.0
 10
124.8391655555555
 20
229.1338938888888
 30
0.0
 10
122.8576127777778
 20
229.1338938888888
 30
0.0
 10
121.317385
 20
228.1612855555555
 30
0.0
 10
121.317385
 20
225.5577855555555
 30
0.0
 10
121.317385
 20
220.9011188888888
 30
0.0
 10
118.047135
 20
217.00998
 30
0.0
 10
113.6762183333333
 20
216.0504244444444
 30
0.0
 10
113.1470516666667
 20
215.9516466666666
 30
0.0
 10
113.5880238888889
 20
218.05773
 30
0.0
 10
113.5880238888889
 20
219.9027577777778
 30
0.0
 10
113.5880238888889
 20
226.8348411111111
 30
0.0
 10
113.5209961111111
 20
232.44048
 30
0.0
 10
113.0870794444444
 20
232.44048
 30
0.0
 10
113.030635
 20
232.44048
 30
0.0
 10
112.9883016666666
 20
233.2236466666666
 30
0.0
 10
112.9883016666666
 20
234.1902577777778
 30
0.0
 10
112.9883016666666
 20
235.1603966666667
 30
0.0
 10
113.0870794444444
 20
235.7671744444444
 30
0.0
 10
113.0870794444444
 20
235.9435633333333
 30
0.0
 10
113.0870794444444
 20
237.1100818518518
 30
0.0
 10
113.0870794444444
 20
238.2766003703703
 30
0.0
 10
113.0870794444444
 20
239.4431188888889
 30
0.0
 10
112.0875424074074
 20
239.4431188888889
 30
0.0
 10
111.0880053703704
 20
239.4431188888889
 30
0.0
 10
110.0884683333333
 20
239.4431188888889
 30
0.0
 10
110.0884683333333
 20
238.2766003703703
 30
0.0
 10
110.0884683333333
 20
237.1100818518518
 30
0.0
 10
110.0884683333333
 20
235.9435633333333
 30
0.0
 10
110.0884683333333
 20
235.7671744444444
 30
0.0
 10
110.1872461111111
 20
235.1603966666667
 30
0.0
 10
110.1872461111111
 20
234.1902577777778
 30
0.0
 10
110.1872461111111
 20
233.2236466666666
 30
0.0
 10
110.141385
 20
232.44048
 30
0.0
 10
110.0884683333333
 20
232.44048
 30
0.0
 10
108.0599961111111
 20
232.44048
 30
0.0
 10
108.7218072222222
 20
230.0398272222222
 30
0.0
 10
106.0502211111111
 20
228.6735188888889
 30
0.0
 10
106.0502211111111
 20
228.6735188888889
 30
0.0
 10
106.051985
 20
228.6703438888889
 30
0.0
 10
103.3782822222222
 20
227.3103855555555
 30
0.0
 10
102.0747683333333
 20
226.6471633333333
 30
0.0
 10
99.64906833333332
 20
226.6510438888888
 30
0.0
 10
97.73736555555554
 20
226.6510438888888
 30
0.0
 10
94.85305444444444
 20
226.6510438888888
 30
0.0
 10
95.03861555555555
 20
230.6959938888888
 30
0.0
 10
95.03861555555555
 20
237.1669966666666
 30
0.0
 10
95.03861555555555
 20
238.17453
 30
0.0
 10
95.66373777777777
 20
239.0878716666666
 30
0.0
 10
97.00711555555554
 20
239.7740244444444
 30
0.0
 10
97.05615166666665
 20
239.8008355555556
 30
0.0
 10
97.45196833333333
 20
239.1217383333333
 30
0.0
 10
97.8936461111111
 20
238.2613133333333
 30
0.0
 10
98.33214888888888
 20
237.39983
 30
0.0
 10
98.52159055555555
 20
236.8135133333333
 30
0.0
 10
98.59920166666664
 20
236.6589966666666
 30
0.0
 10
98.99784055555553
 20
235.8804161111111
 30
0.0
 10
100.1948155555555
 20
233.5407938888889
 30
0.0
 10
100.1948155555555
 20
233.5407938888889
 30
0.0
 10
101.0852266666666
 20
233.9963475925925
 30
0.0
 10
101.9756377777778
 20
234.4519012962962
 30
0.0
 10
102.8660488888889
 20
234.9074549999999
 30
0.0
 10
102.8660488888889
 20
234.9074549999999
 30
0.0
 10
101.6697794444444
 20
237.2435494444444
 30
0.0
 10
101.270435
 20
238.025305
 30
0.0
 10
101.1928238888889
 20
238.1801744444444
 30
0.0
 10
100.8262877777778
 20
238.6744161111111
 30
0.0
 10
100.38461
 20
239.5351938888889
 30
0.0
 10
99.94540166666665
 20
240.3998522222222
 30
0.0
 10
99.62966555555555
 20
241.1142272222222
 30
0.0
 10
99.67870166666667
 20
241.1406855555555
 30
0.0
 10
102.349935
 20
242.5073466666666
 30
0.0
 10
107.0873877777778
 20
243.9636133333333
 30
0.0
 10
110.23981
 20
245.9991411111111
 30
0.0
 10
110.9972238888889
 20
246.4880911111111
 30
0.0
 10
113.1191822222222
 20
246.4411716666666
 30
0.0
 10
114.1619933333333
 20
246.4411716666666
 30
0.0
 10
118.2365766666667
 20
246.4411716666666
 30
0.0
 10
120.82526
 20
242.5076994444444
 30
0.0
 10
123.4968461111111
 20
241.1410383333333
 30
0.0
 10
123.5458822222222
 20
241.11458
 30
0.0
 10
123.2297933333333
 20
240.400205
 30
0.0
 10
122.78741
 20
239.5358994444444
 30
0.0
 10
122.3489072222222
 20
238.6747688888889
 30
0.0
 10
121.9823711111111
 20
238.1805272222222
 30
0.0
 10
121.9051127777778
 20
238.0256577777778
 30
0.0
 10
121.5054155555555
 20
237.2435494444444
 30
0.0
 10
120.3091461111111
 20
234.9078077777777
 30
0.0
 10
120.3091461111111
 20
234.9078077777777
 30
0.0
 10
121.1996748148148
 20
234.4522540740741
 30
0.0
 10
122.0902035185185
 20
233.9967003703703
 30
0.0
 10
122.9807322222222
 20
233.5411466666666
 30
0.0
 10
122.9807322222222
 20
233.5411466666666
 30
0.0
 10
124.1777072222222
 20
235.8804161111111
 30
0.0
 10
124.5763461111111
 20
236.6589966666666
 30
0.0
 10
124.6539572222222
 20
236.8138661111111
 30
0.0
 10
124.8433988888889
 20
237.4001827777777
 30
0.0
 10
125.2815488888889
 20
238.2613133333333
 30
0.0
 10
125.7235794444444
 20
239.1220911111111
 30
0.0
 10
126.1190433333333
 20
239.8011883333333
 30
0.0
 10
126.1680794444444
 20
239.7743772222222
 30
0.0
  0
SPLINE
  5
2E8
330
1F
100
AcDbEntity
  8
DEFAULT
 62
     1
100
AcDbSpline
210
0.0
220
0.0
230
1.0
 70
     8
 71
     3
 72
     8
 73
     4
 74
     0
 42
0.000000001
 43
0.0000000001
 40
0.0
 40
0.0
 40
0.0
 40
0.0
 40
1.0
 40
1.0
 40
1.0
 40
1.0
 10
99.8129336111111
 20
216.3330347222222
 30
0.0
 10
100.7880113888889
 20
216.3330347222222
 30
0.0
 10
99.41852805555556
 20
226.6510791666666
 30
0.0
 10
97.73754194444444
 20
226.6510791666666
 30
0.0
  0
SPLINE
  5
2E9
330
1F
100
AcDbEntity
  8
DEFAULT
 62
     1
100
AcDbSpline
210
0.0
220
0.0
230
1.0
 70
     8
 71
     3
 72
     8
 73
     4
 74
     0
 42
0.000000001
 43
0.0000000001
 40
0.0
 40
0.0
 40
0.0
 40
0.0
 40
1.0
 40
1.0
 40
1.0
 40
1.0
 10
124.8392008333333
 20
229.1338233333333
 30
0.0
 10
123.8641230555556
 20
229.1338233333333
 30
0.0
 10
125.2336063888889
 20
218.8157788888888
 30
0.0
 10
126.9145925
 20
218.8157788888888
 30
0.0
  0
SPLINE
  5
2EA
330
1F
100
AcDbEntity
  8
DEFAULT
 62
   250
100
AcDbSpline
210
0.0
220
0.0
230
1.0
 70
     8
 71
     3
 72
    17
 73
    13
 74
     0
 42
0.000000001
 43
0.0000000001
 40
0.0
 40
0.0
 40
0.0
 40
0.0
 40
1.0
 40
1.0
 40
1.0
 40
2.0
 40
2.0
 40
2.0
 40
3.0
 40
3.0
 40
3.0
 40
4.0
 40
4.0
 40
4.0
 40
4.0
 10
86.50294555555554
 20
213.4555675
 30
0.0
 10
86.43944555555554
 20
213.3691369444444
 30
0.0
 10
86.29057333333333
 20
213.2389619444444
 30
0.0
 10
86.0718511111111
 20
213.1267786111111
 30
0.0
 10
85.56490944444444
 20
212.8667813888889
 30
0.0
 10
85.01916222222222
 20
212.9916647222222
 30
0.0
 10
84.71683166666666
 20
213.5811563888889
 30
0.0
 10
84.42825944444444
 20
214.1441897222222
 30
0.0
 10
84.6145261111111
 20
214.7213341666667
 30
0.0
 10
85.17226777777778
 20
215.0070841666667
 30
0.0
 10
85.39628166666665
 20
215.1220897222222
 30
0.0
 10
85.56208722222222
 20
215.1464313888889
 30
0.0
 10
85.6400511111111
 20
215.1460786111111
 30
0.0
  0
SPLINE
  5
2EB
330
1F
100
AcDbEntity
  8
DEFAULT
 62
   250
100
AcDbSpline
210
0.0
220
0.0
230
1.0
 70
     8
 71
     3
 72
    17
 73
    13
 74
     0
 42
0.000000001
 43
0.0000000001
 40
0.0
 40
0.0
 40
0.0
 40
0.0
 40
1.0
 40
1.0
 40
1.0
 40
2.0
 40
2.0
 40
2.0
 40
3.0
 40
3.0
 40
3.0
 40
4.0
 40
4.0
 40
4.0
 40
4.0
 10
68.29954166666666
 20
212.7578083333333
 30
0.0
 10
68.19229722222221
 20
212.7588666666666
 30
0.0
 10
67.99968055555554
 20
212.8036694444444
 30
0.0
 10
67.78095833333333
 20
212.9158527777777
 30
0.0
 10
67.27401666666665
 20
213.1754972222222
 30
0.0
 10
67.05635277777776
 20
213.6916111111111
 30
0.0
 10
67.35868333333332
 20
214.2811027777777
 30
0.0
 10
67.64725555555555
 20
214.8441361111111
 30
0.0
 10
68.22439999999999
 20
215.03005
 30
0.0
 10
68.78214166666666
 20
214.7443
 30
0.0
 10
69.00615555555555
 20
214.6292944444444
 30
0.0
 10
69.122925
 20
214.5089972222222
 30
0.0
 10
69.16808055555555
 20
214.4454972222222
 30
0.0
  0
POLYLINE
  5
2EC
330
1F
100
AcDbEntity
  8
DEFAULT
 62
   250
100
AcDb2dPolyline
 66
     1
 10
0.0
 20
0.0
 30
0.0
  0
VERTEX
  5
2ED
330
2EC
100
AcDbEntity
  8
DEFAULT
 62
   250
100
AcDbVertex
100
AcDb2dVertex
 10
77.56849555555557
 20
203.9924094444445
 30
0.0
  0
VERTEX
  5
2EE
330
2EC
100
AcDbEntity
  8
DEFAULT
 62
   250
100
AcDbVertex
100
AcDb2dVertex
 10
76.73029555555557
 20
201.9713455555556
 30
0.0
  0
VERTEX
  5
2EF
330
2EC
100
AcDbEntity
  8
DEFAULT
 62
   250
100
AcDbVertex
100
AcDb2dVertex
 10
75.87727888888888
 20
203.9924094444444
 30
0.0
  0
SEQEND
  5
2F0
330
2EC
100
AcDbEntity
  8
DEFAULT
 62
   250
  0
SPLINE
  5
2F1
330
1F
100
AcDbEntity
  8
DEFAULT
 62
     1
100
AcDbSpline
210
0.0
220
0.0
230
1.0
 70
    11
 71
     3
 72
   110
 73
   106
 74
     0
 42
0.000000001
 43
0.0000000001
 40
1.0
 40
1.0
 40
1.0
 40
1.0
 40
2.0
 40
2.0
 40
2.0
 40
3.0
 40
3.0
 40
3.0
 40
4.0
 40
4.0
 40
4.0
 40
5.0
 40
5.0
 40
5.0
 40
6.0
 40
6.0
 40
6.0
 40
7.0
 40
7.0
 40
7.0
 40
8.0
 40
8.0
 40
8.0
 40
9.0
 40
9.0
 40
9.0
 40
18.92000000000007
 40
18.92000000000007
 40
18.92000000000007
 40
27.42000000000007
 40
27.42000000000007
 40
27.42000000000007
 40
37.34000000000015
 40
37.34000000000015
 40
37.34000000000015
 40
38.34000000000015
 40
38.34000000000015
 40
38.34000000000015
 40
39.34000000000015
 40
39.34000000000015
 40
39.34000000000015
 40
40.34000000000015
 40
40.34000000000015
 40
40.34000000000015
 40
41.34000000000015
 40
41.34000000000015
 40
41.34000000000015
 40
42.34000000000015
 40
42.34000000000015
 40
42.34000000000015
 40
43.34000000000015
 40
43.34000000000015
 40
43.34000000000015
 40
44.34000000000015
 40
44.34000000000015
 40
44.34000000000015
 40
45.34000000000015
 40
45.34000000000015
 40
45.34000000000015
 40
46.34000000000015
 40
46.34000000000015
 40
46.34000000000015
 40
47.34000000000015
 40
47.34000000000015
 40
47.34000000000015
 40
55.84547235607769
 40
55.84547235607769
 40
55.84547235607769
 40
56.84547235607769
 40
56.84547235607769
 40
56.84547235607769
 40
57.84547235607769
 40
57.84547235607769
 40
57.84547235607769
 40
58.84547235607769
 40
58.84547235607769
 40
58.84547235607769
 40
59.84547235607769
 40
59.84547235607769
 40
59.84547235607769
 40
60.84547235607769
 40
60.84547235607769
 40
60.84547235607769
 40
61.84547235607769
 40
61.84547235607769
 40
61.84547235607769
 40
62.84547235607769
 40
62.84547235607769
 40
62.84547235607769
 40
63.84547235607769
 40
63.84547235607769
 40
63.84547235607769
 40
64.84547235607769
 40
64.84547235607769
 40
64.84547235607769
 40
73.3518349747297
 40
73.3518349747297
 40
73.3518349747297
 40
74.3518349747297
 40
74.3518349747297
 40
74.3518349747297
 40
75.3518349747297
 40
75.3518349747297
 40
75.3518349747297
 40
76.3518349747297
 40
76.3518349747297
 40
76.3518349747297
 40
76.3518349747297
 10
62.14318138888888
 20
205.6925161111111
 30
0.0
 10
58.97065083333333
 20
207.3156466666666
 30
0.0
 10
58.69548416666666
 20
208.6308022222222
 30
0.0
 10
58.69548416666666
 20
211.4851272222222
 30
0.0
 10
58.69548416666666
 20
215.1053327777778
 30
0.0
 10
60.08966194444444
 20
216.3329994444444
 30
0.0
 10
63.47209527777777
 20
216.3329994444444
 30
0.0
 10
65.45364805555555
 20
216.3329994444444
 30
0.0
 10
66.99387583333332
 20
217.3056077777777
 30
0.0
 10
66.99387583333332
 20
219.9091077777777
 30
0.0
 10
66.99387583333332
 20
224.5657744444444
 30
0.0
 10
70.26412583333332
 20
228.4569133333333
 30
0.0
 10
74.63504249999998
 20
229.4164688888889
 30
0.0
 10
75.16420916666665
 20
229.5152466666666
 30
0.0
 10
74.72323694444444
 20
227.4091633333333
 30
0.0
 10
74.72323694444444
 20
225.5641355555555
 30
0.0
 10
74.72323694444444
 20
218.6324049999999
 30
0.0
 10
74.7906175
 20
213.0264133333333
 30
0.0
 10
75.22453416666666
 20
213.0264133333333
 30
0.0
 10
75.28062583333333
 20
213.0264133333333
 30
0.0
 10
75.32295916666665
 20
212.2432466666666
 30
0.0
 10
75.32295916666665
 20
211.2766355555555
 30
0.0
 10
75.32295916666665
 20
210.3064966666666
 30
0.0
 10
75.22453416666666
 20
209.6997188888889
 30
0.0
 10
75.22453416666666
 20
209.52333
 30
0.0
 10
75.22453416666666
 20
208.3568114814815
 30
0.0
 10
75.22453416666666
 20
207.1902929629629
 30
0.0
 10
75.22453416666666
 20
206.0237744444444
 30
0.0
 10
76.2240712037037
 20
206.0237744444444
 30
0.0
 10
77.22360824074073
 20
206.0237744444444
 30
0.0
 10
78.22314527777776
 20
206.0237744444444
 30
0.0
 10
78.22314527777776
 20
207.1902929629629
 30
0.0
 10
78.22314527777776
 20
208.3568114814815
 30
0.0
 10
78.22314527777776
 20
209.52333
 30
0.0
 10
78.22314527777776
 20
209.6997188888889
 30
0.0
 10
78.12401472222221
 20
210.3064966666666
 30
0.0
 10
78.12401472222221
 20
211.2766355555555
 30
0.0
 10
78.12401472222221
 20
212.2432466666666
 30
0.0
 10
78.16987583333332
 20
213.0264133333333
 30
0.0
 10
78.22314527777776
 20
213.0264133333333
 30
0.0
 10
80.25161749999998
 20
213.0264133333333
 30
0.0
 10
79.58945361111111
 20
215.4270661111111
 30
0.0
 10
82.26103972222222
 20
216.7933744444444
 30
0.0
 10
82.26103972222222
 20
216.7933744444444
 30
0.0
 10
82.25927583333332
 20
216.7969022222222
 30
0.0
 10
84.9329786111111
 20
218.1565077777778
 30
0.0
 10
86.2364925
 20
218.81973
 30
0.0
 10
88.66219249999999
 20
218.8158494444444
 30
0.0
 10
90.57389527777777
 20
218.8158494444444
 30
0.0
 10
93.45820638888887
 20
218.8158494444444
 30
0.0
 10
93.27264527777777
 20
214.7712522222222
 30
0.0
 10
93.27264527777777
 20
208.2998966666666
 30
0.0
 10
93.27264527777777
 20
207.2923633333333
 30
0.0
 10
92.64752305555554
 20
206.3790216666666
 30
0.0
 10
91.30414527777776
 20
205.6928688888889
 30
0.0
 10
91.25510916666666
 20
205.6660577777777
 30
0.0
 10
90.8592925
 20
206.345155
 30
0.0
 10
90.41761472222221
 20
207.20558
 30
0.0
 10
89.97911194444444
 20
208.0670633333333
 30
0.0
 10
89.78967027777776
 20
208.65338
 30
0.0
 10
89.71205916666665
 20
208.8078966666666
 30
0.0
 10
89.31342027777777
 20
209.5864772222222
 30
0.0
 10
88.11644527777777
 20
211.9260994444444
 30
0.0
 10
88.11644527777777
 20
211.9260994444444
 30
0.0
 10
87.22603416666665
 20
211.4705457407407
 30
0.0
 10
86.33562305555556
 20
211.014992037037
 30
0.0
 10
85.44521194444444
 20
210.5594383333333
 30
0.0
 10
85.44521194444444
 20
210.5594383333333
 30
0.0
 10
86.64148138888888
 20
208.2236966666666
 30
0.0
 10
87.04082583333332
 20
207.4415883333333
 30
0.0
 10
87.11843694444444
 20
207.2867188888889
 30
0.0
 10
87.48497305555554
 20
206.7924772222222
 30
0.0
 10
87.9270036111111
 20
205.9316994444444
 30
0.0
 10
88.36585916666665
 20
205.0670411111111
 30
0.0
 10
88.68159527777777
 20
204.3526661111111
 30
0.0
 10
88.63255916666665
 20
204.3262077777777
 30
0.0
 10
85.96132583333332
 20
202.9595466666667
 30
0.0
 10
81.22387305555556
 20
201.50328
 30
0.0
 10
78.07145083333333
 20
199.4677522222222
 30
0.0
 10
77.31403694444442
 20
198.9788022222222
 30
0.0
 10
75.1920786111111
 20
199.0257216666666
 30
0.0
 10
74.14926749999998
 20
199.0257216666666
 30
0.0
 10
70.07468416666666
 20
199.0257216666666
 30
0.0
 10
67.48600083333334
 20
202.9591938888888
 30
0.0
 10
64.81441472222221
 20
204.325855
 30
0.0
 10
64.7653786111111
 20
204.3523133333333
 30
0.0
 10
65.08146749999999
 20
205.0670411111111
 30
0.0
 10
65.52385083333333
 20
205.9309938888889
 30
0.0
 10
65.9623536111111
 20
206.7921244444444
 30
0.0
 10
66.32888972222221
 20
207.2863661111111
 30
0.0
 10
66.40614805555555
 20
207.4412355555555
 30
0.0
 10
66.80584527777778
 20
208.2233438888888
 30
0.0
 10
68.00211472222222
 20
210.5590855555555
 30
0.0
 10
68.00211472222222
 20
210.5590855555555
 30
0.0
 10
67.11158601851851
 20
211.0146392592592
 30
0.0
 10
66.2210573148148
 20
211.4701929629629
 30
0.0
 10
65.3305286111111
 20
211.9257466666666
 30
0.0
 10
65.3305286111111
 20
211.9257466666666
 30
0.0
 10
64.1335536111111
 20
209.5864772222222
 30
0.0
 10
63.73491472222221
 20
208.8078966666666
 30
0.0
 10
63.65765638888888
 20
208.6530272222222
 30
0.0
 10
63.46821472222221
 20
208.0667105555555
 30
0.0
 10
63.02971194444444
 20
207.20558
 30
0.0
 10
62.58768138888887
 20
206.3448022222222
 30
0.0
 10
62.1922175
 20
205.6657049999999
 30
0.0
 10
62.14318138888888
 20
205.6925161111111
 30
0.0
  0
SPLINE
  5
2F2
330
1F
100
AcDbEntity
  8
DEFAULT
 62
   250
100
AcDbSpline
210
0.0
220
0.0
230
1.0
 70
     8
 71
     3
 72
    17
 73
    13
 74
     0
 42
0.000000001
 43
0.0000000001
 40
0.0
 40
0.0
 40
0.0
 40
0.0
 40
1.0
 40
1.0
 40
1.0
 40
2.0
 40
2.0
 40
2.0
 40
3.0
 40
3.0
 40
3.0
 40
4.0
 40
4.0
 40
4.0
 40
4.0
 10
65.46617166666665
 20
232.0113258333333
 30
0.0
 10
65.52967166666666
 20
232.0977563888889
 30
0.0
 10
65.67854388888888
 20
232.2279313888889
 30
0.0
 10
65.89726611111111
 20
232.3401147222222
 30
0.0
 10
66.40420777777777
 20
232.6001119444444
 30
0.0
 10
66.94995499999999
 20
232.4752286111111
 30
0.0
 10
67.25193277777777
 20
231.8857369444444
 30
0.0
 10
67.540505
 20
231.3227036111111
 30
0.0
 10
67.3545911111111
 20
230.7455591666667
 30
0.0
 10
66.79684944444443
 20
230.4598091666666
 30
0.0
 10
66.57283555555554
 20
230.3448036111111
 30
0.0
 10
66.40702999999999
 20
230.3204619444444
 30
0.0
 10
66.3290661111111
 20
230.3208147222222
 30
0.0
  0
SPLINE
  5
2F3
330
1F
100
AcDbEntity
  8
DEFAULT
 62
   250
100
AcDbSpline
210
0.0
220
0.0
230
1.0
 70
     8
 71
     3
 72
    17
 73
    13
 74
     0
 42
0.000000001
 43
0.0000000001
 40
0.0
 40
0.0
 40
0.0
 40
0.0
 40
1.0
 40
1.0
 40
1.0
 40
2.0
 40
2.0
 40
2.0
 40
3.0
 40
3.0
 40
3.0
 40
4.0
 40
4.0
 40
4.0
 40
4.0
 10
83.66957555555554
 20
232.709085
 30
0.0
 10
83.77681999999999
 20
232.7080266666666
 30
0.0
 10
83.96943666666665
 20
232.6632238888889
 30
0.0
 10
84.18815888888888
 20
232.5510405555555
 30
0.0
 10
84.69510055555556
 20
232.2913961111111
 30
0.0
 10
84.91241166666666
 20
231.7752822222222
 30
0.0
 10
84.61043388888888
 20
231.1857905555555
 30
0.0
 10
84.32186166666665
 20
230.6227572222222
 30
0.0
 10
83.7447172222222
 20
230.4368433333333
 30
0.0
 10
83.18697555555555
 20
230.7225933333333
 30
0.0
 10
82.96296166666666
 20
230.8375988888889
 30
0.0
 10
82.84619222222221
 20
230.9578961111111
 30
0.0
 10
82.80103666666666
 20
231.0213961111111
 30
0.0
  0
POLYLINE
  5
2F4
330
1F
100
AcDbEntity
  8
DEFAULT
 62
   250
100
AcDb2dPolyline
 66
     1
 10
0.0
 20
0.0
 30
0.0
  0
VERTEX
  5
2F5
330
2F4
100
AcDbEntity
  8
DEFAULT
 62
   250
100
AcDbVertex
100
AcDb2dVertex
 10
74.40058638888893
 20
241.4744486111112
 30
0.0
  0
VERTEX
  5
2F6
330
2F4
100
AcDbEntity
  8
DEFAULT
 62
   250
100
AcDbVertex
100
AcDb2dVertex
 10
75.23878638888891
 20
243.4955125000001
 30
0.0
  0
VERTEX
  5
2F7
330
2F4
100
AcDbEntity
  8
DEFAULT
 62
   250
100
AcDbVertex
100
AcDb2dVertex
 10
76.09180305555556
 20
241.4744486111111
 30
0.0
  0
SEQEND
  5
2F8
330
2F4
100
AcDbEntity
  8
DEFAULT
 62
   250
  0
SPLINE
  5
2F9
330
1F
100
AcDbEntity
  8
DEFAULT
 62
     1
100
AcDbSpline
210
0.0
220
0.0
230
1.0
 70
    11
 71
     3
 72
   110
 73
   106
 74
     0
 42
0.000000001
 43
0.0000000001
 40
1.0
 40
1.0
 40
1.0
 40
1.0
 40
2.0
 40
2.0
 40
2.0
 40
3.0
 40
3.0
 40
3.0
 40
4.0
 40
4.0
 40
4.0
 40
5.0
 40
5.0
 40
5.0
 40
6.0
 40
6.0
 40
6.0
 40
7.0
 40
7.0
 40
7.0
 40
8.0
 40
8.0
 40
8.0
 40
9.0
 40
9.0
 40
9.0
 40
18.92000000000007
 40
18.92000000000007
 40
18.92000000000007
 40
27.42000000000007
 40
27.42000000000007
 40
27.42000000000007
 40
37.34000000000015
 40
37.34000000000015
 40
37.34000000000015
 40
38.34000000000015
 40
38.34000000000015
 40
38.34000000000015
 40
39.34000000000015
 40
39.34000000000015
 40
39.34000000000015
 40
40.34000000000015
 40
40.34000000000015
 40
40.34000000000015
 40
41.34000000000015
 40
41.34000000000015
 40
41.34000000000015
 40
42.34000000000015
 40
42.34000000000015
 40
42.34000000000015
 40
43.34000000000015
 40
43.34000000000015
 40
43.34000000000015
 40
44.34000000000015
 40
44.34000000000015
 40
44.34000000000015
 40
45.34000000000015
 40
45.34000000000015
 40
45.34000000000015
 40
46.34000000000015
 40
46.34000000000015
 40
46.34000000000015
 40
47.34000000000015
 40
47.34000000000015
 40
47.34000000000015
 40
55.84636261865208
 40
55.84636261865208
 40
55.84636261865208
 40
56.84636261865208
 40
56.84636261865208
 40
56.84636261865208
 40
57.84636261865208
 40
57.84636261865208
 40
57.84636261865208
 40
58.84636261865208
 40
58.84636261865208
 40
58.84636261865208
 40
59.84636261865208
 40
59.84636261865208
 40
59.84636261865208
 40
60.84636261865208
 40
60.84636261865208
 40
60.84636261865208
 40
61.84636261865208
 40
61.84636261865208
 40
61.84636261865208
 40
62.84636261865208
 40
62.84636261865208
 40
62.84636261865208
 40
63.84636261865208
 40
63.84636261865208
 40
63.84636261865208
 40
64.84636261865208
 40
64.84636261865208
 40
64.84636261865208
 40
73.35272523730409
 40
73.35272523730409
 40
73.35272523730409
 40
74.35272523730409
 40
74.35272523730409
 40
74.35272523730409
 40
75.35272523730409
 40
75.35272523730409
 40
75.35272523730409
 40
76.35272523730409
 40
76.35272523730409
 40
76.35272523730409
 40
76.35272523730409
 10
89.8272411111111
 20
239.7743772222222
 30
0.0
 10
93.00012444444442
 20
238.1512466666666
 30
0.0
 10
93.27493833333334
 20
236.8360911111111
 30
0.0
 10
93.27493833333334
 20
233.9817661111111
 30
0.0
 10
93.27493833333334
 20
230.3615605555555
 30
0.0
 10
91.88076055555555
 20
229.1338938888888
 30
0.0
 10
88.49832722222222
 20
229.1338938888888
 30
0.0
 10
86.51712722222221
 20
229.1338938888888
 30
0.0
 10
84.97654666666666
 20
228.1612855555555
 30
0.0
 10
84.97654666666666
 20
225.5577855555555
 30
0.0
 10
84.97654666666666
 20
220.9011188888888
 30
0.0
 10
81.70629666666666
 20
217.00998
 30
0.0
 10
77.33538
 20
216.0504244444444
 30
0.0
 10
76.80621333333333
 20
215.9516466666666
 30
0.0
 10
77.24718555555555
 20
218.05773
 30
0.0
 10
77.24718555555555
 20
219.9027577777778
 30
0.0
 10
77.24718555555555
 20
226.8348411111111
 30
0.0
 10
77.18015777777778
 20
232.44048
 30
0.0
 10
76.7462411111111
 20
232.44048
 30
0.0
 10
76.68979666666665
 20
232.44048
 30
0.0
 10
76.64746333333332
 20
233.2236466666666
 30
0.0
 10
76.64746333333332
 20
234.1902577777778
 30
0.0
 10
76.64746333333332
 20
235.1603966666667
 30
0.0
 10
76.7462411111111
 20
235.7671744444444
 30
0.0
 10
76.7462411111111
 20
235.9435633333333
 30
0.0
 10
76.7462411111111
 20
237.1100818518518
 30
0.0
 10
76.7462411111111
 20
238.2766003703703
 30
0.0
 10
76.7462411111111
 20
239.4431188888889
 30
0.0
 10
75.74670407407406
 20
239.4431188888889
 30
0.0
 10
74.74716703703703
 20
239.4431188888889
 30
0.0
 10
73.74763
 20
239.4431188888889
 30
0.0
 10
73.74763
 20
238.2766003703703
 30
0.0
 10
73.74763
 20
237.1100818518518
 30
0.0
 10
73.74763
 20
235.9435633333333
 30
0.0
 10
73.74763
 20
235.7671744444444
 30
0.0
 10
73.84640777777777
 20
235.1603966666667
 30
0.0
 10
73.84640777777777
 20
234.1902577777778
 30
0.0
 10
73.84640777777777
 20
233.2236466666666
 30
0.0
 10
73.80054666666666
 20
232.44048
 30
0.0
 10
73.74763
 20
232.44048
 30
0.0
 10
71.71915777777778
 20
232.44048
 30
0.0
 10
72.38096888888887
 20
230.0398272222222
 30
0.0
 10
69.70938277777778
 20
228.6735188888889
 30
0.0
 10
69.70938277777778
 20
228.6735188888889
 30
0.0
 10
69.71114666666666
 20
228.6703438888889
 30
0.0
 10
67.03744388888889
 20
227.3103855555555
 30
0.0
 10
65.73393
 20
226.6471633333333
 30
0.0
 10
63.30822999999999
 20
226.6510438888888
 30
0.0
 10
61.39688
 20
226.6510438888888
 30
0.0
 10
58.51221611111111
 20
226.6510438888888
 30
0.0
 10
58.69777722222222
 20
230.6959938888888
 30
0.0
 10
58.69777722222222
 20
237.1669966666666
 30
0.0
 10
58.69777722222222
 20
238.17453
 30
0.0
 10
59.32289944444444
 20
239.0878716666666
 30
0.0
 10
60.66627722222221
 20
239.7740244444444
 30
0.0
 10
60.7156661111111
 20
239.8008355555556
 30
0.0
 10
61.11112999999999
 20
239.1217383333333
 30
0.0
 10
61.55280777777777
 20
238.2613133333333
 30
0.0
 10
61.99131055555555
 20
237.39983
 30
0.0
 10
62.18075222222222
 20
236.8135133333333
 30
0.0
 10
62.25836333333333
 20
236.6589966666666
 30
0.0
 10
62.65700222222222
 20
235.8804161111111
 30
0.0
 10
63.85397722222221
 20
233.5407938888889
 30
0.0
 10
63.85397722222221
 20
233.5407938888889
 30
0.0
 10
64.74450592592592
 20
233.9963475925925
 30
0.0
 10
65.63503462962962
 20
234.4519012962962
 30
0.0
 10
66.52556333333332
 20
234.9074549999999
 30
0.0
 10
66.52556333333332
 20
234.9074549999999
 30
0.0
 10
65.32894111111109
 20
237.2435494444444
 30
0.0
 10
64.92959666666667
 20
238.025305
 30
0.0
 10
64.85198555555556
 20
238.1801744444444
 30
0.0
 10
64.48544944444444
 20
238.6744161111111
 30
0.0
 10
64.04377166666666
 20
239.5351938888889
 30
0.0
 10
63.60456333333333
 20
240.3998522222222
 30
0.0
 10
63.28882722222222
 20
241.1142272222222
 30
0.0
 10
63.33786333333333
 20
241.1406855555555
 30
0.0
 10
66.00909666666665
 20
242.5073466666666
 30
0.0
 10
70.74654944444444
 20
243.9636133333333
 30
0.0
 10
73.89932444444443
 20
245.9991411111111
 30
0.0
 10
74.65638555555554
 20
246.4880911111111
 30
0.0
 10
76.77834388888888
 20
246.4411716666666
 30
0.0
 10
77.82115499999999
 20
246.4411716666666
 30
0.0
 10
81.89573833333333
 20
246.4411716666666
 30
0.0
 10
84.48442166666665
 20
242.5076994444444
 30
0.0
 10
87.15600777777777
 20
241.1410383333333
 30
0.0
 10
87.20504388888888
 20
241.11458
 30
0.0
 10
86.888955
 20
240.400205
 30
0.0
 10
86.44657166666666
 20
239.5358994444444
 30
0.0
 10
86.00806888888889
 20
238.6747688888889
 30
0.0
 10
85.64153277777777
 20
238.1805272222222
 30
0.0
 10
85.56427444444444
 20
238.0256577777778
 30
0.0
 10
85.16492999999998
 20
237.2435494444444
 30
0.0
 10
83.96830777777777
 20
234.9078077777777
 30
0.0
 10
83.96830777777777
 20
234.9078077777777
 30
0.0
 10
84.85883648148148
 20
234.4522540740741
 30
0.0
 10
85.74936518518518
 20
233.9967003703703
 30
0.0
 10
86.63989388888888
 20
233.5411466666666
 30
0.0
 10
86.63989388888888
 20
233.5411466666666
 30
0.0
 10
87.83686888888889
 20
235.8804161111111
 30
0.0
 10
88.23550777777777
 20
236.6589966666666
 30
0.0
 10
88.31311888888888
 20
236.8138661111111
 30
0.0
 10
88.50256055555555
 20
237.4001827777777
 30
0.0
 10
88.94071055555554
 20
238.2613133333333
 30
0.0
 10
89.3827411111111
 20
239.1220911111111
 30
0.0
 10
89.77820499999999
 20
239.8011883333333
 30
0.0
 10
89.8272411111111
 20
239.7743772222222
 30
0.0
  0
SPLINE
  5
2FA
330
1F
100
AcDbEntity
  8
DEFAULT
 62
     1
100
AcDbSpline
210
0.0
220
0.0
230
1.0
 70
     8
 71
     3
 72
     8
 73
     4
 74
     0
 42
0.000000001
 43
0.0000000001
 40
0.0
 40
0.0
 40
0.0
 40
0.0
 40
1.0
 40
1.0
 40
1.0
 40
1.0
 10
63.47209527777777
 20
216.3330347222222
 30
0.0
 10
64.44717305555555
 20
216.3330347222222
 30
0.0
 10
63.07768972222222
 20
226.6510791666666
 30
0.0
 10
61.3967036111111
 20
226.6510791666666
 30
0.0
  0
SPLINE
  5
2FB
330
1F
100
AcDbEntity
  8
DEFAULT
 62
     1
100
AcDbSpline
210
0.0
220
0.0
230
1.0
 70
     8
 71
     3
 72
     8
 73
     4
 74
     0
 42
0.000000001
 43
0.0000000001
 40
0.0
 40
0.0
 40
0.0
 40
0.0
 40
1.0
 40
1.0
 40
1.0
 40
1.0
 10
88.4983625
 20
229.1338233333333
 30
0.0
 10
87.52328472222221
 20
229.1338233333333
 30
0.0
 10
88.89276805555555
 20
218.8157788888888
 30
0.0
 10
90.57375416666666
 20
218.8157788888888
 30
0.0
  0
SPLINE
  5
2FC
330
1F
100
AcDbEntity
  8
DEFAULT
 62
   250
100
AcDbSpline
210
0.0
220
0.0
230
1.0
 70
     8
 71
     3
 72
    17
 73
    13
 74
     0
 42
0.000000001
 43
0.0000000001
 40
0.0
 40
0.0
 40
0.0
 40
0.0
 40
1.0
 40
1.0
 40
1.0
 40
2.0
 40
2.0
 40
2.0
 40
3.0
 40
3.0
 40
3.0
 40
4.0
 40
4.0
 40
4.0
 40
4.0
 10
50.16207194444444
 20
213.4555675
 30
0.0
 10
50.09857194444444
 20
213.3691369444444
 30
0.0
 10
49.94969972222221
 20
213.2389619444444
 30
0.0
 10
49.73097749999999
 20
213.1267786111111
 30
0.0
 10
49.22403583333333
 20
212.8667813888889
 30
0.0
 10
48.67828861111111
 20
212.9916647222222
 30
0.0
 10
48.37595805555556
 20
213.5811563888889
 30
0.0
 10
48.08738583333333
 20
214.1441897222222
 30
0.0
 10
48.27365249999999
 20
214.7213341666667
 30
0.0
 10
48.83104138888888
 20
215.0070841666667
 30
0.0
 10
49.05540805555555
 20
215.1220897222222
 30
0.0
 10
49.2212136111111
 20
215.1464313888889
 30
0.0
 10
49.29917749999999
 20
215.1460786111111
 30
0.0
  0
SPLINE
  5
2FD
330
1F
100
AcDbEntity
  8
DEFAULT
 62
   250
100
AcDbSpline
210
0.0
220
0.0
230
1.0
 70
     8
 71
     3
 72
    17
 73
    13
 74
     0
 42
0.000000001
 43
0.0000000001
 40
0.0
 40
0.0
 40
0.0
 40
0.0
 40
1.0
 40
1.0
 40
1.0
 40
2.0
 40
2.0
 40
2.0
 40
3.0
 40
3.0
 40
3.0
 40
4.0
 40
4.0
 40
4.0
 40
4.0
 10
31.95866805555555
 20
212.7578083333333
 30
0.0
 10
31.85142361111111
 20
212.7588666666666
 30
0.0
 10
31.65880694444444
 20
212.8036694444444
 30
0.0
 10
31.44008472222222
 20
212.9158527777777
 30
0.0
 10
30.93314305555555
 20
213.1754972222222
 30
0.0
 10
30.71583194444444
 20
213.6916111111111
 30
0.0
 10
31.01780972222222
 20
214.2811027777777
 30
0.0
 10
31.30638194444444
 20
214.8441361111111
 30
0.0
 10
31.88352638888889
 20
215.03005
 30
0.0
 10
32.44126805555555
 20
214.7443
 30
0.0
 10
32.66528194444444
 20
214.6292944444444
 30
0.0
 10
32.78205138888889
 20
214.5089972222222
 30
0.0
 10
32.82720694444444
 20
214.4454972222222
 30
0.0
  0
POLYLINE
  5
2FE
330
1F
100
AcDbEntity
  8
DEFAULT
 62
   250
100
AcDb2dPolyline
 66
     1
 10
0.0
 20
0.0
 30
0.0
  0
VERTEX
  5
2FF
330
2FE
100
AcDbEntity
  8
DEFAULT
 62
   250
100
AcDbVertex
100
AcDb2dVertex
 10
41.22762194444446
 20
203.9924094444445
 30
0.0
  0
VERTEX
  5
300
330
2FE
100
AcDbEntity
  8
DEFAULT
 62
   250
100
AcDbVertex
100
AcDb2dVertex
 10
40.38942194444446
 20
201.9713455555556
 30
0.0
  0
VERTEX
  5
301
330
2FE
100
AcDbEntity
  8
DEFAULT
 62
   250
100
AcDbVertex
100
AcDb2dVertex
 10
39.53640527777777
 20
203.9924094444444
 30
0.0
  0
SEQEND
  5
302
330
2FE
100
AcDbEntity
  8
DEFAULT
 62
   250
  0
SPLINE
  5
303
330
1F
100
AcDbEntity
  8
DEFAULT
 62
     1
100
AcDbSpline
210
0.0
220
0.0
230
1.0
 70
    11
 71
     3
 72
   110
 73
   106
 74
     0
 42
0.000000001
 43
0.0000000001
 40
1.0
 40
1.0
 40
1.0
 40
1.0
 40
2.0
 40
2.0
 40
2.0
 40
3.0
 40
3.0
 40
3.0
 40
4.0
 40
4.0
 40
4.0
 40
5.0
 40
5.0
 40
5.0
 40
6.0
 40
6.0
 40
6.0
 40
7.0
 40
7.0
 40
7.0
 40
8.0
 40
8.0
 40
8.0
 40
9.0
 40
9.0
 40
9.0
 40
18.92000000000007
 40
18.92000000000007
 40
18.92000000000007
 40
27.42000000000007
 40
27.42000000000007
 40
27.42000000000007
 40
37.34000000000015
 40
37.34000000000015
 40
37.34000000000015
 40
38.34000000000015
 40
38.34000000000015
 40
38.34000000000015
 40
39.34000000000015
 40
39.34000000000015
 40
39.34000000000015
 40
40.34000000000015
 40
40.34000000000015
 40
40.34000000000015
 40
41.34000000000015
 40
41.34000000000015
 40
41.34000000000015
 40
42.34000000000015
 40
42.34000000000015
 40
42.34000000000015
 40
43.34000000000015
 40
43.34000000000015
 40
43.34000000000015
 40
44.34000000000015
 40
44.34000000000015
 40
44.34000000000015
 40
45.34000000000015
 40
45.34000000000015
 40
45.34000000000015
 40
46.34000000000015
 40
46.34000000000015
 40
46.34000000000015
 40
47.34000000000015
 40
47.34000000000015
 40
47.34000000000015
 40
55.84547235607769
 40
55.84547235607769
 40
55.84547235607769
 40
56.84547235607769
 40
56.84547235607769
 40
56.84547235607769
 40
57.84547235607769
 40
57.84547235607769
 40
57.84547235607769
 40
58.84547235607769
 40
58.84547235607769
 40
58.84547235607769
 40
59.84547235607769
 40
59.84547235607769
 40
59.84547235607769
 40
60.84547235607769
 40
60.84547235607769
 40
60.84547235607769
 40
61.84547235607769
 40
61.84547235607769
 40
61.84547235607769
 40
62.84547235607769
 40
62.84547235607769
 40
62.84547235607769
 40
63.84547235607769
 40
63.84547235607769
 40
63.84547235607769
 40
64.84547235607769
 40
64.84547235607769
 40
64.84547235607769
 40
73.3518349747297
 40
73.3518349747297
 40
73.3518349747297
 40
74.3518349747297
 40
74.3518349747297
 40
74.3518349747297
 40
75.3518349747297
 40
75.3518349747297
 40
75.3518349747297
 40
76.3518349747297
 40
76.3518349747297
 40
76.3518349747297
 40
76.3518349747297
 10
25.80230777777777
 20
205.6925161111111
 30
0.0
 10
22.62977722222222
 20
207.3156466666666
 30
0.0
 10
22.35461055555556
 20
208.6308022222222
 30
0.0
 10
22.35461055555556
 20
211.4851272222222
 30
0.0
 10
22.35461055555556
 20
215.1053327777778
 30
0.0
 10
23.74878833333333
 20
216.3329994444444
 30
0.0
 10
27.13122166666666
 20
216.3329994444444
 30
0.0
 10
29.11277444444444
 20
216.3329994444444
 30
0.0
 10
30.65300222222222
 20
217.3056077777777
 30
0.0
 10
30.65300222222222
 20
219.9091077777777
 30
0.0
 10
30.65300222222222
 20
224.5657744444444
 30
0.0
 10
33.92325222222222
 20
228.4569133333333
 30
0.0
 10
38.29416888888888
 20
229.4164688888889
 30
0.0
 10
38.82333555555555
 20
229.5152466666666
 30
0.0
 10
38.38236333333333
 20
227.4091633333333
 30
0.0
 10
38.38236333333333
 20
225.5641355555555
 30
0.0
 10
38.38236333333333
 20
218.6324049999999
 30
0.0
 10
38.4493911111111
 20
213.0264133333333
 30
0.0
 10
38.88366055555555
 20
213.0264133333333
 30
0.0
 10
38.93975222222222
 20
213.0264133333333
 30
0.0
 10
38.98208555555555
 20
212.2432466666666
 30
0.0
 10
38.98208555555555
 20
211.2766355555555
 30
0.0
 10
38.98208555555555
 20
210.3064966666666
 30
0.0
 10
38.88366055555555
 20
209.6997188888889
 30
0.0
 10
38.88366055555555
 20
209.52333
 30
0.0
 10
38.88366055555555
 20
208.3568114814815
 30
0.0
 10
38.88366055555555
 20
207.1902929629629
 30
0.0
 10
38.88366055555555
 20
206.0237744444444
 30
0.0
 10
39.88319759259259
 20
206.0237744444444
 30
0.0
 10
40.88273462962962
 20
206.0237744444444
 30
0.0
 10
41.88227166666666
 20
206.0237744444444
 30
0.0
 10
41.88227166666666
 20
207.1902929629629
 30
0.0
 10
41.88227166666666
 20
208.3568114814815
 30
0.0
 10
41.88227166666666
 20
209.52333
 30
0.0
 10
41.88227166666666
 20
209.6997188888889
 30
0.0
 10
41.78314111111111
 20
210.3064966666666
 30
0.0
 10
41.78314111111111
 20
211.2766355555555
 30
0.0
 10
41.78314111111111
 20
212.2432466666666
 30
0.0
 10
41.82900222222222
 20
213.0264133333333
 30
0.0
 10
41.88227166666666
 20
213.0264133333333
 30
0.0
 10
43.91074388888889
 20
213.0264133333333
 30
0.0
 10
43.24858
 20
215.4270661111111
 30
0.0
 10
45.9201661111111
 20
216.7933744444444
 30
0.0
 10
45.9201661111111
 20
216.7933744444444
 30
0.0
 10
45.91840222222221
 20
216.7969022222222
 30
0.0
 10
48.592105
 20
218.1565077777778
 30
0.0
 10
49.89561888888888
 20
218.81973
 30
0.0
 10
52.32131888888888
 20
218.8158494444444
 30
0.0
 10
54.23266888888889
 20
218.8158494444444
 30
0.0
 10
57.11733277777777
 20
218.8158494444444
 30
0.0
 10
56.93177166666666
 20
214.7712522222222
 30
0.0
 10
56.93177166666666
 20
208.2998966666666
 30
0.0
 10
56.93177166666666
 20
207.2923633333333
 30
0.0
 10
56.30664944444444
 20
206.3790216666666
 30
0.0
 10
54.96327166666666
 20
205.6928688888889
 30
0.0
 10
54.91388277777778
 20
205.6660577777777
 30
0.0
 10
54.51841888888889
 20
206.345155
 30
0.0
 10
54.0767411111111
 20
207.20558
 30
0.0
 10
53.63823833333333
 20
208.0670633333333
 30
0.0
 10
53.44879666666666
 20
208.65338
 30
0.0
 10
53.37118555555555
 20
208.8078966666666
 30
0.0
 10
52.97254666666666
 20
209.5864772222222
 30
0.0
 10
51.77557166666666
 20
211.9260994444444
 30
0.0
 10
51.77557166666666
 20
211.9260994444444
 30
0.0
 10
50.88516055555556
 20
211.4705457407407
 30
0.0
 10
49.99474944444444
 20
211.014992037037
 30
0.0
 10
49.10433833333333
 20
210.5594383333333
 30
0.0
 10
49.10433833333333
 20
210.5594383333333
 30
0.0
 10
50.30060777777778
 20
208.2236966666666
 30
0.0
 10
50.69995222222222
 20
207.4415883333333
 30
0.0
 10
50.77756333333333
 20
207.2867188888889
 30
0.0
 10
51.14409944444444
 20
206.7924772222222
 30
0.0
 10
51.58577722222221
 20
205.9316994444444
 30
0.0
 10
52.02498555555555
 20
205.0670411111111
 30
0.0
 10
52.34072166666666
 20
204.3526661111111
 30
0.0
 10
52.29168555555555
 20
204.3262077777777
 30
0.0
 10
49.62045222222223
 20
202.9595466666667
 30
0.0
 10
44.88299944444444
 20
201.50328
 30
0.0
 10
41.73057722222222
 20
199.4677522222222
 30
0.0
 10
40.97316333333332
 20
198.9788022222222
 30
0.0
 10
38.851205
 20
199.0257216666666
 30
0.0
 10
37.80839388888889
 20
199.0257216666666
 30
0.0
 10
33.73381055555556
 20
199.0257216666666
 30
0.0
 10
31.14512722222222
 20
202.9591938888888
 30
0.0
 10
28.47354111111111
 20
204.325855
 30
0.0
 10
28.424505
 20
204.3523133333333
 30
0.0
 10
28.74059388888889
 20
205.0670411111111
 30
0.0
 10
29.18297722222222
 20
205.9309938888889
 30
0.0
 10
29.62147999999999
 20
206.7921244444444
 30
0.0
 10
29.98801611111111
 20
207.2863661111111
 30
0.0
 10
30.06527444444444
 20
207.4412355555555
 30
0.0
 10
30.46497166666666
 20
208.2233438888888
 30
0.0
 10
31.66124111111111
 20
210.5590855555555
 30
0.0
 10
31.66124111111111
 20
210.5590855555555
 30
0.0
 10
30.77071240740741
 20
211.0146392592592
 30
0.0
 10
29.8801837037037
 20
211.4701929629629
 30
0.0
 10
28.989655
 20
211.9257466666666
 30
0.0
 10
28.989655
 20
211.9257466666666
 30
0.0
 10
27.79268
 20
209.5864772222222
 30
0.0
 10
27.39404111111111
 20
208.8078966666666
 30
0.0
 10
27.31643
 20
208.6530272222222
 30
0.0
 10
27.12698833333333
 20
208.0667105555555
 30
0.0
 10
26.68883833333333
 20
207.20558
 30
0.0
 10
26.24680777777778
 20
206.3448022222222
 30
0.0
 10
25.85134388888888
 20
205.6657049999999
 30
0.0
 10
25.80230777777777
 20
205.6925161111111
 30
0.0
  0
SPLINE
  5
304
330
1F
100
AcDbEntity
  8
DEFAULT
 62
   250
100
AcDbSpline
210
0.0
220
0.0
230
1.0
 70
     8
 71
     3
 72
    17
 73
    13
 74
     0
 42
0.000000001
 43
0.0000000001
 40
0.0
 40
0.0
 40
0.0
 40
0.0
 40
1.0
 40
1.0
 40
1.0
 40
2.0
 40
2.0
 40
2.0
 40
3.0
 40
3.0
 40
3.0
 40
4.0
 40
4.0
 40
4.0
 40
4.0
 10
29.12529805555555
 20
232.0113258333333
 30
0.0
 10
29.18879805555556
 20
232.0977563888889
 30
0.0
 10
29.33767027777778
 20
232.2279313888889
 30
0.0
 10
29.55639249999999
 20
232.3401147222222
 30
0.0
 10
30.06333416666667
 20
232.6001119444444
 30
0.0
 10
30.60908138888889
 20
232.4752286111111
 30
0.0
 10
30.91105916666666
 20
231.8857369444444
 30
0.0
 10
31.19998416666666
 20
231.3227036111111
 30
0.0
 10
31.01371749999999
 20
230.7455591666667
 30
0.0
 10
30.45632861111111
 20
230.4598091666666
 30
0.0
 10
30.23196194444444
 20
230.3448036111111
 30
0.0
 10
30.06615638888888
 20
230.3204619444444
 30
0.0
 10
29.9881925
 20
230.3208147222222
 30
0.0
  0
SPLINE
  5
305
330
1F
100
AcDbEntity
  8
DEFAULT
 62
   250
100
AcDbSpline
210
0.0
220
0.0
230
1.0
 70
     8
 71
     3
 72
    17
 73
    13
 74
     0
 42
0.000000001
 43
0.0000000001
 40
0.0
 40
0.0
 40
0.0
 40
0.0
 40
1.0
 40
1.0
 40
1.0
 40
2.0
 40
2.0
 40
2.0
 40
3.0
 40
3.0
 40
3.0
 40
4.0
 40
4.0
 40
4.0
 40
4.0
 10
47.32870194444444
 20
232.709085
 30
0.0
 10
47.43594638888889
 20
232.7080266666666
 30
0.0
 10
47.62856305555555
 20
232.6632238888889
 30
0.0
 10
47.84728527777777
 20
232.5510405555555
 30
0.0
 10
48.35422694444444
 20
232.2913961111111
 30
0.0
 10
48.57153805555555
 20
231.7752822222222
 30
0.0
 10
48.26956027777777
 20
231.1857905555555
 30
0.0
 10
47.98098805555555
 20
230.6227572222222
 30
0.0
 10
47.40384361111111
 20
230.4368433333333
 30
0.0
 10
46.84610194444444
 20
230.7225933333333
 30
0.0
 10
46.62208805555556
 20
230.8375988888889
 30
0.0
 10
46.50531861111111
 20
230.9578961111111
 30
0.0
 10
46.46016305555555
 20
231.0213961111111
 30
0.0
  0
POLYLINE
  5
306
330
1F
100
AcDbEntity
  8
DEFAULT
 62
   250
100
AcDb2dPolyline
 66
     1
 10
0.0
 20
0.0
 30
0.0
  0
VERTEX
  5
307
330
306
100
AcDbEntity
  8
DEFAULT
 62
   250
100
AcDbVertex
100
AcDb2dVertex
 10
38.05971277777777
 20
241.4744486111111
 30
0.0
  0
VERTEX
  5
308
330
306
100
AcDbEntity
  8
DEFAULT
 62
   250
100
AcDbVertex
100
AcDb2dVertex
 10
38.89756000000001
 20
243.4955125
 30
0.0
  0
VERTEX
  5
309
330
306
100
AcDbEntity
  8
DEFAULT
 62
   250
100
AcDbVertex
100
AcDb2dVertex
 10
39.75057666666667
 20
241.4744486111111
 30
0.0
  0
SEQEND
  5
30A
330
306
100
AcDbEntity
  8
DEFAULT
 62
   250
  0
SPLINE
  5
30B
330
1F
100
AcDbEntity
  8
DEFAULT
 62
     1
100
AcDbSpline
210
0.0
220
0.0
230
1.0
 70
    11
 71
     3
 72
   110
 73
   106
 74
     0
 42
0.000000001
 43
0.0000000001
 40
1.0
 40
1.0
 40
1.0
 40
1.0
 40
2.0
 40
2.0
 40
2.0
 40
3.0
 40
3.0
 40
3.0
 40
4.0
 40
4.0
 40
4.0
 40
5.0
 40
5.0
 40
5.0
 40
6.0
 40
6.0
 40
6.0
 40
7.0
 40
7.0
 40
7.0
 40
8.0
 40
8.0
 40
8.0
 40
9.0
 40
9.0
 40
9.0
 40
18.92000000000007
 40
18.92000000000007
 40
18.92000000000007
 40
27.42000000000007
 40
27.42000000000007
 40
27.42000000000007
 40
37.34000000000015
 40
37.34000000000015
 40
37.34000000000015
 40
38.34000000000015
 40
38.34000000000015
 40
38.34000000000015
 40
39.34000000000015
 40
39.34000000000015
 40
39.34000000000015
 40
40.34000000000015
 40
40.34000000000015
 40
40.34000000000015
 40
41.34000000000015
 40
41.34000000000015
 40
41.34000000000015
 40
42.34000000000015
 40
42.34000000000015
 40
42.34000000000015
 40
43.34000000000015
 40
43.34000000000015
 40
43.34000000000015
 40
44.34000000000015
 40
44.34000000000015
 40
44.34000000000015
 40
45.34000000000015
 40
45.34000000000015
 40
45.34000000000015
 40
46.34000000000015
 40
46.34000000000015
 40
46.34000000000015
 40
47.34000000000015
 40
47.34000000000015
 40
47.34000000000015
 40
55.84636261865209
 40
55.84636261865209
 40
55.84636261865209
 40
56.84636261865209
 40
56.84636261865209
 40
56.84636261865209
 40
57.84636261865209
 40
57.84636261865209
 40
57.84636261865209
 40
58.84636261865209
 40
58.84636261865209
 40
58.84636261865209
 40
59.84636261865209
 40
59.84636261865209
 40
59.84636261865209
 40
60.84636261865209
 40
60.84636261865209
 40
60.84636261865209
 40
61.84636261865209
 40
61.84636261865209
 40
61.84636261865209
 40
62.84636261865209
 40
62.84636261865209
 40
62.84636261865209
 40
63.84636261865209
 40
63.84636261865209
 40
63.84636261865209
 40
64.8463626186521
 40
64.8463626186521
 40
64.8463626186521
 40
73.3527252373041
 40
73.3527252373041
 40
73.3527252373041
 40
74.3527252373041
 40
74.3527252373041
 40
74.3527252373041
 40
75.3527252373041
 40
75.3527252373041
 40
75.3527252373041
 40
76.3527252373041
 40
76.3527252373041
 40
76.3527252373041
 40
76.3527252373041
 10
53.4863675
 20
239.7743772222222
 30
0.0
 10
56.65889805555555
 20
238.1512466666666
 30
0.0
 10
56.93406472222222
 20
236.8360911111111
 30
0.0
 10
56.93406472222222
 20
233.9817661111111
 30
0.0
 10
56.93406472222222
 20
230.3615605555555
 30
0.0
 10
55.53988694444444
 20
229.1338938888888
 30
0.0
 10
52.15745361111111
 20
229.1338938888888
 30
0.0
 10
50.17625361111111
 20
229.1338938888888
 30
0.0
 10
48.63567305555555
 20
228.1612855555555
 30
0.0
 10
48.63567305555555
 20
225.5577855555555
 30
0.0
 10
48.63567305555555
 20
220.9011188888888
 30
0.0
 10
45.36542305555555
 20
217.00998
 30
0.0
 10
40.99450638888889
 20
216.0504244444444
 30
0.0
 10
40.46533972222223
 20
215.9516466666666
 30
0.0
 10
40.90631194444445
 20
218.05773
 30
0.0
 10
40.90631194444445
 20
219.9027577777778
 30
0.0
 10
40.90631194444445
 20
226.8348411111111
 30
0.0
 10
40.83928416666667
 20
232.44048
 30
0.0
 10
40.4053675
 20
232.44048
 30
0.0
 10
40.34892305555555
 20
232.44048
 30
0.0
 10
40.30658972222222
 20
233.2236466666666
 30
0.0
 10
40.30658972222222
 20
234.1902577777778
 30
0.0
 10
40.30658972222222
 20
235.1603966666667
 30
0.0
 10
40.4053675
 20
235.7671744444444
 30
0.0
 10
40.4053675
 20
235.9435633333333
 30
0.0
 10
40.4053675
 20
237.1100818518518
 30
0.0
 10
40.4053675
 20
238.2766003703703
 30
0.0
 10
40.4053675
 20
239.4431188888889
 30
0.0
 10
39.40583046296296
 20
239.4431188888889
 30
0.0
 10
38.40629342592592
 20
239.4431188888889
 30
0.0
 10
37.40675638888889
 20
239.4431188888889
 30
0.0
 10
37.40675638888889
 20
238.2766003703703
 30
0.0
 10
37.40675638888889
 20
237.1100818518518
 30
0.0
 10
37.40675638888889
 20
235.9435633333333
 30
0.0
 10
37.40675638888889
 20
235.7671744444444
 30
0.0
 10
37.50553416666666
 20
235.1603966666667
 30
0.0
 10
37.50553416666666
 20
234.1902577777778
 30
0.0
 10
37.50553416666666
 20
233.2236466666666
 30
0.0
 10
37.45967305555556
 20
232.44048
 30
0.0
 10
37.40675638888889
 20
232.44048
 30
0.0
 10
35.37828416666667
 20
232.44048
 30
0.0
 10
36.04009527777777
 20
230.0398272222222
 30
0.0
 10
33.36850916666666
 20
228.6735188888889
 30
0.0
 10
33.36850916666666
 20
228.6735188888889
 30
0.0
 10
33.37027305555556
 20
228.6703438888889
 30
0.0
 10
30.69657027777778
 20
227.3103855555555
 30
0.0
 10
29.39305638888889
 20
226.6471633333333
 30
0.0
 10
26.96735638888889
 20
226.6510438888888
 30
0.0
 10
25.05600638888889
 20
226.6510438888888
 30
0.0
 10
22.1713425
 20
226.6510438888888
 30
0.0
 10
22.35690361111111
 20
230.6959938888888
 30
0.0
 10
22.35690361111111
 20
237.1669966666666
 30
0.0
 10
22.35690361111111
 20
238.17453
 30
0.0
 10
22.98202583333333
 20
239.0878716666666
 30
0.0
 10
24.32540361111111
 20
239.7740244444444
 30
0.0
 10
24.3747925
 20
239.8008355555556
 30
0.0
 10
24.77025638888889
 20
239.1217383333333
 30
0.0
 10
25.21193416666667
 20
238.2613133333333
 30
0.0
 10
25.65043694444444
 20
237.39983
 30
0.0
 10
25.83987861111111
 20
236.8135133333333
 30
0.0
 10
25.91748972222222
 20
236.6589966666666
 30
0.0
 10
26.31612861111111
 20
235.8804161111111
 30
0.0
 10
27.51310361111111
 20
233.5407938888889
 30
0.0
 10
27.51310361111111
 20
233.5407938888889
 30
0.0
 10
28.40363231481481
 20
233.9963475925925
 30
0.0
 10
29.29416101851852
 20
234.4519012962962
 30
0.0
 10
30.18468972222222
 20
234.9074549999999
 30
0.0
 10
30.18468972222222
 20
234.9074549999999
 30
0.0
 10
28.9880675
 20
237.2435494444444
 30
0.0
 10
28.58872305555556
 20
238.025305
 30
0.0
 10
28.51111194444444
 20
238.1801744444444
 30
0.0
 10
28.14457583333333
 20
238.6744161111111
 30
0.0
 10
27.70289805555555
 20
239.5351938888889
 30
0.0
 10
27.26368972222222
 20
240.3998522222222
 30
0.0
 10
26.94795361111111
 20
241.1142272222222
 30
0.0
 10
26.99698972222222
 20
241.1406855555555
 30
0.0
 10
29.66822305555555
 20
242.5073466666666
 30
0.0
 10
34.40567583333333
 20
243.9636133333333
 30
0.0
 10
37.55845083333333
 20
245.9991411111111
 30
0.0
 10
38.31551194444445
 20
246.4880911111111
 30
0.0
 10
40.43747027777778
 20
246.4411716666666
 30
0.0
 10
41.48028138888888
 20
246.4411716666666
 30
0.0
 10
45.55486472222222
 20
246.4411716666666
 30
0.0
 10
48.14354805555555
 20
242.5076994444444
 30
0.0
 10
50.81513416666666
 20
241.1410383333333
 30
0.0
 10
50.86417027777778
 20
241.11458
 30
0.0
 10
50.54843416666667
 20
240.400205
 30
0.0
 10
50.10569805555556
 20
239.5358994444444
 30
0.0
 10
49.66719527777778
 20
238.6747688888889
 30
0.0
 10
49.30065916666666
 20
238.1805272222222
 30
0.0
 10
49.22340083333333
 20
238.0256577777778
 30
0.0
 10
48.82405638888888
 20
237.2435494444444
 30
0.0
 10
47.62743416666666
 20
234.9078077777777
 30
0.0
 10
47.62743416666666
 20
234.9078077777777
 30
0.0
 10
48.51796287037036
 20
234.4522540740741
 30
0.0
 10
49.40849157407407
 20
233.9967003703703
 30
0.0
 10
50.29902027777778
 20
233.5411466666666
 30
0.0
 10
50.29902027777778
 20
233.5411466666666
 30
0.0
 10
51.49599527777778
 20
235.8804161111111
 30
0.0
 10
51.89463416666666
 20
236.6589966666666
 30
0.0
 10
51.97224527777777
 20
236.8138661111111
 30
0.0
 10
52.16168694444444
 20
237.4001827777777
 30
0.0
 10
52.59983694444444
 20
238.2613133333333
 30
0.0
 10
53.0418675
 20
239.1220911111111
 30
0.0
 10
53.43733138888889
 20
239.8011883333333
 30
0.0
 10
53.4863675
 20
239.7743772222222
 30
0.0
  0
SPLINE
  5
30C
330
1F
100
AcDbEntity
  8
DEFAULT
 62
     1
100
AcDbSpline
210
0.0
220
0.0
230
1.0
 70
     8
 71
     3
 72
     8
 73
     4
 74
     0
 42
0.000000001
 43
0.0000000001
 40
0.0
 40
0.0
 40
0.0
 40
0.0
 40
1.0
 40
1.0
 40
1.0
 40
1.0
 10
27.13122166666666
 20
216.3330347222222
 30
0.0
 10
28.10629944444444
 20
216.3330347222222
 30
0.0
 10
26.73681611111111
 20
226.6510791666666
 30
0.0
 10
25.05583
 20
226.6510791666666
 30
0.0
  0
SPLINE
  5
30D
330
1F
100
AcDbEntity
  8
DEFAULT
 62
     1
100
AcDbSpline
210
0.0
220
0.0
230
1.0
 70
     8
 71
     3
 72
     8
 73
     4
 74
     0
 42
0.000000001
 43
0.0000000001
 40
0.0
 40
0.0
 40
0.0
 40
0.0
 40
1.0
 40
1.0
 40
1.0
 40
1.0
 10
52.15748888888889
 20
229.1338233333333
 30
0.0
 10
51.18205833333334
 20
229.1338233333333
 30
0.0
 10
52.55189444444444
 20
218.8157788888888
 30
0.0
 10
54.23288055555556
 20
218.8157788888888
 30
0.0
  0
SPLINE
  5
30E
330
1F
100
AcDbEntity
  8
DEFAULT
 62
   250
100
AcDbSpline
210
0.0
220
0.0
230
1.0
 70
     8
 71
     3
 72
    17
 73
    13
 74
     0
 42
0.000000001
 43
0.0000000001
 40
0.0
 40
0.0
 40
0.0
 40
0.0
 40
1.0
 40
1.0
 40
1.0
 40
2.0
 40
2.0
 40
2.0
 40
3.0
 40
3.0
 40
3.0
 40
4.0
 40
4.0
 40
4.0
 40
4.0
 10
287.7107388888888
 20
260.2500227777778
 30
0.0
 10
287.6472388888889
 20
260.1635922222222
 30
0.0
 10
287.4983666666666
 20
260.0334172222222
 30
0.0
 10
287.2796444444444
 20
259.9212338888888
 30
0.0
 10
286.7727027777777
 20
259.6615894444444
 30
0.0
 10
286.2269555555555
 20
259.7861199999999
 30
0.0
 10
285.924625
 20
260.3756116666667
 30
0.0
 10
285.6360527777778
 20
260.938645
 30
0.0
 10
285.8223194444444
 20
261.5157894444444
 30
0.0
 10
286.380061111111
 20
261.8015394444444
 30
0.0
 10
286.604075
 20
261.916545
 30
0.0
 10
286.7698805555555
 20
261.9408866666666
 30
0.0
 10
286.8478444444444
 20
261.9405338888889
 30
0.0
  0
SPLINE
  5
30F
330
1F
100
AcDbEntity
  8
DEFAULT
 62
   250
100
AcDbSpline
210
0.0
220
0.0
230
1.0
 70
     8
 71
     3
 72
    17
 73
    13
 74
     0
 42
0.000000001
 43
0.0000000001
 40
0.0
 40
0.0
 40
0.0
 40
0.0
 40
1.0
 40
1.0
 40
1.0
 40
2.0
 40
2.0
 40
2.0
 40
3.0
 40
3.0
 40
3.0
 40
4.0
 40
4.0
 40
4.0
 40
4.0
 10
269.507335
 20
259.5522988888889
 30
0.0
 10
269.4000905555556
 20
259.5533572222222
 30
0.0
 10
269.2074738888888
 20
259.59816
 30
0.0
 10
268.9887516666666
 20
259.7103433333333
 30
0.0
 10
268.48181
 20
259.9699877777778
 30
0.0
 10
268.2644988888889
 20
260.4861016666666
 30
0.0
 10
268.5664766666666
 20
261.0755933333333
 30
0.0
 10
268.8550488888889
 20
261.6386266666667
 30
0.0
 10
269.4321933333333
 20
261.8245405555555
 30
0.0
 10
269.989935
 20
261.5387905555555
 30
0.0
 10
270.2139488888889
 20
261.423785
 30
0.0
 10
270.3307183333333
 20
261.3034877777778
 30
0.0
 10
270.3758738888889
 20
261.2399877777777
 30
0.0
  0
POLYLINE
  5
310
330
1F
100
AcDbEntity
  8
DEFAULT
 62
   250
100
AcDb2dPolyline
 66
     1
 10
0.0
 20
0.0
 30
0.0
  0
VERTEX
  5
311
330
310
100
AcDbEntity
  8
DEFAULT
 62
   250
100
AcDbVertex
100
AcDb2dVertex
 10
278.7762888888889
 20
250.7869
 30
0.0
  0
VERTEX
  5
312
330
310
100
AcDbEntity
  8
DEFAULT
 62
   250
100
AcDbVertex
100
AcDb2dVertex
 10
277.9384416666667
 20
248.7658361111111
 30
0.0
  0
VERTEX
  5
313
330
310
100
AcDbEntity
  8
DEFAULT
 62
   250
100
AcDbVertex
100
AcDb2dVertex
 10
277.0850722222222
 20
250.7869
 30
0.0
  0
SEQEND
  5
314
330
310
100
AcDbEntity
  8
DEFAULT
 62
   250
  0
SPLINE
  5
315
330
1F
100
AcDbEntity
  8
DEFAULT
 62
     1
100
AcDbSpline
210
0.0
220
0.0
230
1.0
 70
    11
 71
     3
 72
   110
 73
   106
 74
     0
 42
0.000000001
 43
0.0000000001
 40
1.0
 40
1.0
 40
1.0
 40
1.0
 40
2.0
 40
2.0
 40
2.0
 40
3.0
 40
3.0
 40
3.0
 40
4.0
 40
4.0
 40
4.0
 40
5.0
 40
5.0
 40
5.0
 40
6.0
 40
6.0
 40
6.0
 40
7.0
 40
7.0
 40
7.0
 40
8.0
 40
8.0
 40
8.0
 40
9.0
 40
9.0
 40
9.0
 40
18.92000000000007
 40
18.92000000000007
 40
18.92000000000007
 40
27.42000000000007
 40
27.42000000000007
 40
27.42000000000007
 40
37.34000000000015
 40
37.34000000000015
 40
37.34000000000015
 40
38.34000000000015
 40
38.34000000000015
 40
38.34000000000015
 40
39.34000000000015
 40
39.34000000000015
 40
39.34000000000015
 40
40.34000000000015
 40
40.34000000000015
 40
40.34000000000015
 40
41.34000000000015
 40
41.34000000000015
 40
41.34000000000015
 40
42.34000000000015
 40
42.34000000000015
 40
42.34000000000015
 40
43.34000000000015
 40
43.34000000000015
 40
43.34000000000015
 40
44.34000000000015
 40
44.34000000000015
 40
44.34000000000015
 40
45.34000000000015
 40
45.34000000000015
 40
45.34000000000015
 40
46.34000000000015
 40
46.34000000000015
 40
46.34000000000015
 40
47.34000000000015
 40
47.34000000000015
 40
47.34000000000015
 40
55.84547235607769
 40
55.84547235607769
 40
55.84547235607769
 40
56.84547235607769
 40
56.84547235607769
 40
56.84547235607769
 40
57.84547235607769
 40
57.84547235607769
 40
57.84547235607769
 40
58.84547235607769
 40
58.84547235607769
 40
58.84547235607769
 40
59.84547235607769
 40
59.84547235607769
 40
59.84547235607769
 40
60.84547235607769
 40
60.84547235607769
 40
60.84547235607769
 40
61.84547235607769
 40
61.84547235607769
 40
61.84547235607769
 40
62.84547235607769
 40
62.84547235607769
 40
62.84547235607769
 40
63.84547235607769
 40
63.84547235607769
 40
63.84547235607769
 40
64.84547235607769
 40
64.84547235607769
 40
64.84547235607769
 40
73.35183497472968
 40
73.35183497472968
 40
73.35183497472968
 40
74.35183497472968
 40
74.35183497472968
 40
74.35183497472968
 40
75.35183497472968
 40
75.35183497472968
 40
75.35183497472968
 40
76.35183497472968
 40
76.35183497472968
 40
76.35183497472968
 40
76.35183497472968
 10
263.3509747222222
 20
252.4869713888889
 30
0.0
 10
260.1780913888888
 20
254.1101019444444
 30
0.0
 10
259.9032775
 20
255.4252575
 30
0.0
 10
259.9032775
 20
258.2795824999999
 30
0.0
 10
259.9032775
 20
261.8997880555555
 30
0.0
 10
261.2974552777778
 20
263.1274547222222
 30
0.0
 10
264.6798886111111
 20
263.1274547222222
 30
0.0
 10
266.6614413888889
 20
263.1274547222222
 30
0.0
 10
268.2016691666666
 20
264.1000630555555
 30
0.0
 10
268.2016691666666
 20
266.7035630555555
 30
0.0
 10
268.2016691666666
 20
271.3602297222222
 30
0.0
 10
271.4719191666666
 20
275.2513686111111
 30
0.0
 10
275.8428358333333
 20
276.2109241666666
 30
0.0
 10
276.3720025
 20
276.3097019444444
 30
0.0
 10
275.9310302777777
 20
274.2039713888888
 30
0.0
 10
275.9310302777777
 20
272.3589436111111
 30
0.0
 10
275.9310302777777
 20
265.4268602777777
 30
0.0
 10
275.9980580555555
 20
259.8208686111111
 30
0.0
 10
276.4323275
 20
259.8208686111111
 30
0.0
 10
276.4884191666666
 20
259.8208686111111
 30
0.0
 10
276.5307525
 20
259.0380547222222
 30
0.0
 10
276.5307525
 20
258.0714436111111
 30
0.0
 10
276.5307525
 20
257.1013047222222
 30
0.0
 10
276.4323275
 20
256.4941741666667
 30
0.0
 10
276.4323275
 20
256.3177852777778
 30
0.0
 10
276.4323275
 20
255.1512667592592
 30
0.0
 10
276.4323275
 20
253.9847482407407
 30
0.0
 10
276.4323275
 20
252.8182297222222
 30
0.0
 10
277.431864537037
 20
252.8182297222222
 30
0.0
 10
278.4314015740741
 20
252.8182297222222
 30
0.0
 10
279.4309386111111
 20
252.8182297222222
 30
0.0
 10
279.4309386111111
 20
253.9847482407407
 30
0.0
 10
279.4309386111111
 20
255.1512667592592
 30
0.0
 10
279.4309386111111
 20
256.3177852777778
 30
0.0
 10
279.4309386111111
 20
256.4941741666667
 30
0.0
 10
279.3318080555555
 20
257.1013047222222
 30
0.0
 10
279.3318080555555
 20
258.0714436111111
 30
0.0
 10
279.3318080555555
 20
259.0380547222222
 30
0.0
 10
279.3776691666666
 20
259.8208686111111
 30
0.0
 10
279.4309386111111
 20
259.8208686111111
 30
0.0
 10
281.4594108333333
 20
259.8208686111111
 30
0.0
 10
280.7972469444444
 20
262.2215213888889
 30
0.0
 10
283.4688330555555
 20
263.5881825
 30
0.0
 10
283.4688330555555
 20
263.5881825
 30
0.0
 10
283.4670691666666
 20
263.5913575
 30
0.0
 10
286.1407719444445
 20
264.9509630555555
 30
0.0
 10
287.4442858333333
 20
265.6141852777778
 30
0.0
 10
289.8699858333333
 20
265.6103047222222
 30
0.0
 10
291.7813358333333
 20
265.6103047222222
 30
0.0
 10
294.6659997222222
 20
265.6103047222222
 30
0.0
 10
294.4804386111111
 20
261.5657075
 30
0.0
 10
294.4804386111111
 20
255.0943519444444
 30
0.0
 10
294.4804386111111
 20
254.0868186111111
 30
0.0
 10
293.8553163888889
 20
253.1734769444444
 30
0.0
 10
292.5119386111111
 20
252.4873241666666
 30
0.0
 10
292.4625497222222
 20
252.4605130555555
 30
0.0
 10
292.0670858333333
 20
253.1396102777778
 30
0.0
 10
291.6254080555556
 20
254.0003880555555
 30
0.0
 10
291.1869052777777
 20
254.8615186111111
 30
0.0
 10
290.9974636111111
 20
255.4478352777778
 30
0.0
 10
290.9198525
 20
255.6023519444444
 30
0.0
 10
290.5212136111111
 20
256.3812852777777
 30
0.0
 10
289.3242386111111
 20
258.7205547222222
 30
0.0
 10
289.3242386111111
 20
258.7205547222222
 30
0.0
 10
288.4338274999999
 20
258.2650010185185
 30
0.0
 10
287.5434163888888
 20
257.8094473148148
 30
0.0
 10
286.6530052777778
 20
257.3538936111111
 30
0.0
 10
286.6530052777778
 20
257.3538936111111
 30
0.0
 10
287.8492747222222
 20
255.0181519444444
 30
0.0
 10
288.2486191666666
 20
254.2360436111111
 30
0.0
 10
288.3262302777778
 20
254.0811741666666
 30
0.0
 10
288.6927663888889
 20
253.5869325
 30
0.0
 10
289.1344441666666
 20
252.7265075
 30
0.0
 10
289.5736525
 20
251.8614963888889
 30
0.0
 10
289.8893886111111
 20
251.1471213888888
 30
0.0
 10
289.8403525
 20
251.1206630555555
 30
0.0
 10
287.1691191666666
 20
249.7540019444444
 30
0.0
 10
282.4316663888889
 20
248.2977352777777
 30
0.0
 10
279.2792441666666
 20
246.2622075
 30
0.0
 10
278.5218302777778
 20
245.7732575
 30
0.0
 10
276.3998719444444
 20
245.8201769444444
 30
0.0
 10
275.3570608333333
 20
245.8201769444444
 30
0.0
 10
271.2824775
 20
245.8201769444444
 30
0.0
 10
268.6937941666666
 20
249.7540019444444
 30
0.0
 10
266.0222080555556
 20
251.1203102777777
 30
0.0
 10
265.9731719444444
 20
251.1467686111111
 30
0.0
 10
266.2892608333333
 20
251.8614963888889
 30
0.0
 10
266.7316441666666
 20
252.7254491666667
 30
0.0
 10
267.1701469444444
 20
253.5865797222222
 30
0.0
 10
267.5366830555556
 20
254.0808213888889
 30
0.0
 10
267.6139413888889
 20
254.2356908333333
 30
0.0
 10
268.0132858333333
 20
255.0177991666666
 30
0.0
 10
269.2099080555555
 20
257.3535408333333
 30
0.0
 10
269.2099080555555
 20
257.3535408333333
 30
0.0
 10
268.3193793518518
 20
257.809094537037
 30
0.0
 10
267.4288506481481
 20
258.2646482407407
 30
0.0
 10
266.5383219444444
 20
258.7202019444444
 30
0.0
 10
266.5383219444444
 20
258.7202019444444
 30
0.0
 10
265.3413469444445
 20
256.3809325
 30
0.0
 10
264.9427080555555
 20
255.6023519444444
 30
0.0
 10
264.8650969444444
 20
255.4474825
 30
0.0
 10
264.6756552777778
 20
254.8611658333333
 30
0.0
 10
264.2375052777778
 20
254.0000352777778
 30
0.0
 10
263.7954747222222
 20
253.1392575
 30
0.0
 10
263.4000108333333
 20
252.4601602777777
 30
0.0
 10
263.3509747222222
 20
252.4869713888889
 30
0.0
  0
SPLINE
  5
316
330
1F
100
AcDbEntity
  8
DEFAULT
 62
   250
100
AcDbSpline
210
0.0
220
0.0
230
1.0
 70
     8
 71
     3
 72
    17
 73
    13
 74
     0
 42
0.000000001
 43
0.0000000001
 40
0.0
 40
0.0
 40
0.0
 40
0.0
 40
1.0
 40
1.0
 40
1.0
 40
2.0
 40
2.0
 40
2.0
 40
3.0
 40
3.0
 40
3.0
 40
4.0
 40
4.0
 40
4.0
 40
4.0
 10
266.673965
 20
278.8058163888888
 30
0.0
 10
266.7374649999999
 20
278.8922469444444
 30
0.0
 10
266.8863372222222
 20
279.0224219444444
 30
0.0
 10
267.1050594444444
 20
279.1346052777778
 30
0.0
 10
267.6120011111111
 20
279.3946025
 30
0.0
 10
268.1577483333333
 20
279.2697191666667
 30
0.0
 10
268.4597261111111
 20
278.6802275
 30
0.0
 10
268.7482983333333
 20
278.1171941666666
 30
0.0
 10
268.5623844444444
 20
277.5400497222222
 30
0.0
 10
268.0046427777777
 20
277.2542997222222
 30
0.0
 10
267.7806288888888
 20
277.1392941666666
 30
0.0
 10
267.6148233333333
 20
277.1149525
 30
0.0
 10
267.5368594444444
 20
277.1153052777777
 30
0.0
  0
SPLINE
  5
317
330
1F
100
AcDbEntity
  8
DEFAULT
 62
   250
100
AcDbSpline
210
0.0
220
0.0
230
1.0
 70
     8
 71
     3
 72
    17
 73
    13
 74
     0
 42
0.000000001
 43
0.0000000001
 40
0.0
 40
0.0
 40
0.0
 40
0.0
 40
1.0
 40
1.0
 40
1.0
 40
2.0
 40
2.0
 40
2.0
 40
3.0
 40
3.0
 40
3.0
 40
4.0
 40
4.0
 40
4.0
 40
4.0
 10
284.8773688888888
 20
279.5035755555555
 30
0.0
 10
284.9846133333333
 20
279.5025172222222
 30
0.0
 10
285.17723
 20
279.4577144444444
 30
0.0
 10
285.3959522222222
 20
279.3455311111111
 30
0.0
 10
285.9028938888889
 20
279.0858866666666
 30
0.0
 10
286.120205
 20
278.5697727777777
 30
0.0
 10
285.8182272222222
 20
277.9802811111111
 30
0.0
 10
285.529655
 20
277.4172477777777
 30
0.0
 10
284.9525105555555
 20
277.2313338888889
 30
0.0
 10
284.3947688888888
 20
277.5170838888889
 30
0.0
 10
284.1707549999999
 20
277.6320894444444
 30
0.0
 10
284.0539855555555
 20
277.7523866666666
 30
0.0
 10
284.00883
 20
277.8158866666666
 30
0.0
  0
POLYLINE
  5
318
330
1F
100
AcDbEntity
  8
DEFAULT
 62
   250
100
AcDb2dPolyline
 66
     1
 10
0.0
 20
0.0
 30
0.0
  0
VERTEX
  5
319
330
318
100
AcDbEntity
  8
DEFAULT
 62
   250
100
AcDbVertex
100
AcDb2dVertex
 10
275.6083797222223
 20
288.2689744444444
 30
0.0
  0
VERTEX
  5
31A
330
318
100
AcDbEntity
  8
DEFAULT
 62
   250
100
AcDbVertex
100
AcDb2dVertex
 10
276.4465797222222
 20
290.2900383333334
 30
0.0
  0
VERTEX
  5
31B
330
318
100
AcDbEntity
  8
DEFAULT
 62
   250
100
AcDbVertex
100
AcDb2dVertex
 10
277.2995963888889
 20
288.2689744444444
 30
0.0
  0
SEQEND
  5
31C
330
318
100
AcDbEntity
  8
DEFAULT
 62
   250
  0
SPLINE
  5
31D
330
1F
100
AcDbEntity
  8
DEFAULT
 62
     1
100
AcDbSpline
210
0.0
220
0.0
230
1.0
 70
    11
 71
     3
 72
   110
 73
   106
 74
     0
 42
0.000000001
 43
0.0000000001
 40
1.0
 40
1.0
 40
1.0
 40
1.0
 40
2.0
 40
2.0
 40
2.0
 40
3.0
 40
3.0
 40
3.0
 40
4.0
 40
4.0
 40
4.0
 40
5.0
 40
5.0
 40
5.0
 40
6.0
 40
6.0
 40
6.0
 40
7.0
 40
7.0
 40
7.0
 40
8.0
 40
8.0
 40
8.0
 40
9.0
 40
9.0
 40
9.0
 40
18.92000000000007
 40
18.92000000000007
 40
18.92000000000007
 40
27.42000000000007
 40
27.42000000000007
 40
27.42000000000007
 40
37.34000000000015
 40
37.34000000000015
 40
37.34000000000015
 40
38.34000000000015
 40
38.34000000000015
 40
38.34000000000015
 40
39.34000000000015
 40
39.34000000000015
 40
39.34000000000015
 40
40.34000000000015
 40
40.34000000000015
 40
40.34000000000015
 40
41.34000000000015
 40
41.34000000000015
 40
41.34000000000015
 40
42.34000000000015
 40
42.34000000000015
 40
42.34000000000015
 40
43.34000000000015
 40
43.34000000000015
 40
43.34000000000015
 40
44.34000000000015
 40
44.34000000000015
 40
44.34000000000015
 40
45.34000000000015
 40
45.34000000000015
 40
45.34000000000015
 40
46.34000000000015
 40
46.34000000000015
 40
46.34000000000015
 40
47.34000000000015
 40
47.34000000000015
 40
47.34000000000015
 40
55.84636261865208
 40
55.84636261865208
 40
55.84636261865208
 40
56.84636261865208
 40
56.84636261865208
 40
56.84636261865208
 40
57.84636261865208
 40
57.84636261865208
 40
57.84636261865208
 40
58.84636261865208
 40
58.84636261865208
 40
58.84636261865208
 40
59.84636261865208
 40
59.84636261865208
 40
59.84636261865208
 40
60.84636261865208
 40
60.84636261865208
 40
60.84636261865208
 40
61.84636261865208
 40
61.84636261865208
 40
61.84636261865208
 40
62.84636261865208
 40
62.84636261865208
 40
62.84636261865208
 40
63.84636261865208
 40
63.84636261865208
 40
63.84636261865208
 40
64.84636261865208
 40
64.84636261865208
 40
64.84636261865208
 40
73.35272523730407
 40
73.35272523730407
 40
73.35272523730407
 40
74.35272523730407
 40
74.35272523730407
 40
74.35272523730407
 40
75.35272523730407
 40
75.35272523730407
 40
75.35272523730407
 40
76.35272523730407
 40
76.35272523730407
 40
76.35272523730407
 40
76.35272523730407
 10
291.0350344444444
 20
286.5689030555555
 30
0.0
 10
294.207565
 20
284.9457725
 30
0.0
 10
294.4827316666666
 20
283.6306169444444
 30
0.0
 10
294.4827316666666
 20
280.7762919444444
 30
0.0
 10
294.4827316666666
 20
277.1560863888889
 30
0.0
 10
293.0885538888888
 20
275.9284197222221
 30
0.0
 10
289.7061205555555
 20
275.9284197222221
 30
0.0
 10
287.7249205555555
 20
275.9284197222221
 30
0.0
 10
286.18434
 20
274.9558113888888
 30
0.0
 10
286.18434
 20
272.3523113888888
 30
0.0
 10
286.18434
 20
267.6956447222222
 30
0.0
 10
282.91409
 20
263.8045058333333
 30
0.0
 10
278.5431733333333
 20
262.8449502777777
 30
0.0
 10
278.0140066666667
 20
262.7461724999999
 30
0.0
 10
278.4549788888888
 20
264.8522558333333
 30
0.0
 10
278.4549788888888
 20
266.6972836111111
 30
0.0
 10
278.4549788888888
 20
273.6290141666666
 30
0.0
 10
278.3879511111111
 20
279.2350058333333
 30
0.0
 10
277.9540344444444
 20
279.2350058333333
 30
0.0
 10
277.89759
 20
279.2350058333333
 30
0.0
 10
277.8552566666666
 20
280.0181725
 30
0.0
 10
277.8552566666666
 20
280.9847836111111
 30
0.0
 10
277.8552566666666
 20
281.9549225
 30
0.0
 10
277.9540344444444
 20
282.5617002777777
 30
0.0
 10
277.9540344444444
 20
282.7380891666666
 30
0.0
 10
277.9540344444444
 20
283.9046076851851
 30
0.0
 10
277.9540344444444
 20
285.0711262037036
 30
0.0
 10
277.9540344444444
 20
286.2376447222222
 30
0.0
 10
276.9544974074074
 20
286.2376447222222
 30
0.0
 10
275.9549603703703
 20
286.2376447222222
 30
0.0
 10
274.9554233333333
 20
286.2376447222222
 30
0.0
 10
274.9554233333333
 20
285.0711262037036
 30
0.0
 10
274.9554233333333
 20
283.9046076851851
 30
0.0
 10
274.9554233333333
 20
282.7380891666666
 30
0.0
 10
274.9554233333333
 20
282.5617002777777
 30
0.0
 10
275.0542011111111
 20
281.9549225
 30
0.0
 10
275.0542011111111
 20
280.9847836111111
 30
0.0
 10
275.0542011111111
 20
280.0181725
 30
0.0
 10
275.00834
 20
279.2350058333333
 30
0.0
 10
274.9554233333333
 20
279.2350058333333
 30
0.0
 10
272.9269511111111
 20
279.2350058333333
 30
0.0
 10
273.5884094444444
 20
276.8343530555555
 30
0.0
 10
270.9171761111111
 20
275.4676919444444
 30
0.0
 10
270.9171761111111
 20
275.4676919444444
 30
0.0
 10
270.91894
 20
275.4645169444444
 30
0.0
 10
268.2452372222222
 20
274.1049113888889
 30
0.0
 10
266.9417233333333
 20
273.4416891666666
 30
0.0
 10
264.5160233333333
 20
273.4455697222222
 30
0.0
 10
262.6043205555555
 20
273.4455697222222
 30
0.0
 10
259.7200094444444
 20
273.4455697222222
 30
0.0
 10
259.9055705555555
 20
277.4905197222222
 30
0.0
 10
259.9055705555555
 20
283.9615224999999
 30
0.0
 10
259.9055705555555
 20
284.9690558333333
 30
0.0
 10
260.5306927777777
 20
285.8823975
 30
0.0
 10
261.8740705555555
 20
286.5685502777777
 30
0.0
 10
261.9234594444444
 20
286.5953613888889
 30
0.0
 10
262.3189233333333
 20
285.9162641666666
 30
0.0
 10
262.760601111111
 20
285.0558391666666
 30
0.0
 10
263.1991038888888
 20
284.1943558333333
 30
0.0
 10
263.3885455555555
 20
283.6080391666666
 30
0.0
 10
263.4661566666666
 20
283.4535225
 30
0.0
 10
263.8647955555555
 20
282.6749419444444
 30
0.0
 10
265.0617705555555
 20
280.3353197222222
 30
0.0
 10
265.0617705555555
 20
280.3353197222222
 30
0.0
 10
265.9522992592592
 20
280.7908734259259
 30
0.0
 10
266.8428279629629
 20
281.2464271296296
 30
0.0
 10
267.7333566666666
 20
281.7019808333333
 30
0.0
 10
267.7333566666666
 20
281.7019808333333
 30
0.0
 10
266.5367344444444
 20
284.0380752777778
 30
0.0
 10
266.1373899999999
 20
284.8198308333333
 30
0.0
 10
266.0597788888888
 20
284.9747002777777
 30
0.0
 10
265.6932427777777
 20
285.4689419444444
 30
0.0
 10
265.251565
 20
286.3293669444444
 30
0.0
 10
264.8123566666666
 20
287.1943780555555
 30
0.0
 10
264.4966205555555
 20
287.9087530555555
 30
0.0
 10
264.5456566666666
 20
287.9352113888889
 30
0.0
 10
267.21689
 20
289.3018724999999
 30
0.0
 10
271.9543427777778
 20
290.7581391666666
 30
0.0
 10
275.106765
 20
292.7936669444444
 30
0.0
 10
275.8641788888888
 20
293.2826169444444
 30
0.0
 10
277.9861372222222
 20
293.2356975
 30
0.0
 10
279.0289483333333
 20
293.2356975
 30
0.0
 10
283.1035316666666
 20
293.2356975
 30
0.0
 10
285.692215
 20
289.3022252777777
 30
0.0
 10
288.3638011111111
 20
287.9355641666666
 30
0.0
 10
288.4128372222222
 20
287.9091058333333
 30
0.0
 10
288.0971011111111
 20
287.1943780555555
 30
0.0
 10
287.654365
 20
286.3304252777777
 30
0.0
 10
287.2158622222221
 20
285.4692947222222
 30
0.0
 10
286.8493261111111
 20
284.9750530555555
 30
0.0
 10
286.7720677777777
 20
284.8201836111111
 30
0.0
 10
286.3727233333333
 20
284.0380752777778
 30
0.0
 10
285.1761011111111
 20
281.7023336111111
 30
0.0
 10
285.1761011111111
 20
281.7023336111111
 30
0.0
 10
286.0666298148148
 20
281.2467799074074
 30
0.0
 10
286.9571585185185
 20
280.7912262037037
 30
0.0
 10
287.8476872222222
 20
280.3356725
 30
0.0
 10
287.8476872222222
 20
280.3356725
 30
0.0
 10
289.0446622222221
 20
282.6749419444444
 30
0.0
 10
289.4433011111111
 20
283.4535225
 30
0.0
 10
289.5209122222222
 20
283.6083919444444
 30
0.0
 10
289.7103538888888
 20
284.1947086111111
 30
0.0
 10
290.1485038888889
 20
285.0558391666666
 30
0.0
 10
290.5905344444444
 20
285.9166169444444
 30
0.0
 10
290.9859983333333
 20
286.5957141666667
 30
0.0
 10
291.0350344444444
 20
286.5689030555555
 30
0.0
  0
SPLINE
  5
31E
330
1F
100
AcDbEntity
  8
DEFAULT
 62
     1
100
AcDbSpline
210
0.0
220
0.0
230
1.0
 70
     8
 71
     3
 72
     8
 73
     4
 74
     0
 42
0.000000001
 43
0.0000000001
 40
0.0
 40
0.0
 40
0.0
 40
0.0
 40
1.0
 40
1.0
 40
1.0
 40
1.0
 10
264.6798886111111
 20
263.1275605555555
 30
0.0
 10
265.6549663888889
 20
263.1275605555555
 30
0.0
 10
264.2854830555555
 20
273.445605
 30
0.0
 10
262.6044969444444
 20
273.445605
 30
0.0
  0
SPLINE
  5
31F
330
1F
100
AcDbEntity
  8
DEFAULT
 62
     1
100
AcDbSpline
210
0.0
220
0.0
230
1.0
 70
     8
 71
     3
 72
     8
 73
     4
 74
     0
 42
0.000000001
 43
0.0000000001
 40
0.0
 40
0.0
 40
0.0
 40
0.0
 40
1.0
 40
1.0
 40
1.0
 40
1.0
 10
289.7061558333333
 20
275.9283491666666
 30
0.0
 10
288.7307252777778
 20
275.9283491666666
 30
0.0
 10
290.1005613888889
 20
265.6103047222222
 30
0.0
 10
291.7815475
 20
265.6103047222222
 30
0.0
  0
SPLINE
  5
320
330
1F
100
AcDbEntity
  8
DEFAULT
 62
   250
100
AcDbSpline
210
0.0
220
0.0
230
1.0
 70
     8
 71
     3
 72
    17
 73
    13
 74
     0
 42
0.000000001
 43
0.0000000001
 40
0.0
 40
0.0
 40
0.0
 40
0.0
 40
1.0
 40
1.0
 40
1.0
 40
2.0
 40
2.0
 40
2.0
 40
3.0
 40
3.0
 40
3.0
 40
4.0
 40
4.0
 40
4.0
 40
4.0
 10
251.3699005555555
 20
260.2500227777778
 30
0.0
 10
251.3064005555555
 20
260.1635922222222
 30
0.0
 10
251.1575283333333
 20
260.0334172222222
 30
0.0
 10
250.9388061111111
 20
259.9212338888888
 30
0.0
 10
250.4318644444444
 20
259.6615894444444
 30
0.0
 10
249.8861172222222
 20
259.7861199999999
 30
0.0
 10
249.5837866666666
 20
260.3756116666667
 30
0.0
 10
249.2952144444444
 20
260.938645
 30
0.0
 10
249.4814811111111
 20
261.5157894444444
 30
0.0
 10
250.0388699999999
 20
261.8015394444444
 30
0.0
 10
250.2632366666666
 20
261.916545
 30
0.0
 10
250.4290422222222
 20
261.9408866666666
 30
0.0
 10
250.5070061111111
 20
261.9405338888889
 30
0.0
  0
SPLINE
  5
321
330
1F
100
AcDbEntity
  8
DEFAULT
 62
   250
100
AcDbSpline
210
0.0
220
0.0
230
1.0
 70
     8
 71
     3
 72
    17
 73
    13
 74
     0
 42
0.000000001
 43
0.0000000001
 40
0.0
 40
0.0
 40
0.0
 40
0.0
 40
1.0
 40
1.0
 40
1.0
 40
2.0
 40
2.0
 40
2.0
 40
3.0
 40
3.0
 40
3.0
 40
4.0
 40
4.0
 40
4.0
 40
4.0
 10
233.1664966666666
 20
259.5522988888889
 30
0.0
 10
233.0592522222222
 20
259.5533572222222
 30
0.0
 10
232.8666355555555
 20
259.59816
 30
0.0
 10
232.6479133333333
 20
259.7103433333333
 30
0.0
 10
232.1409716666666
 20
259.9699877777778
 30
0.0
 10
231.9236605555555
 20
260.4861016666666
 30
0.0
 10
232.2256383333333
 20
261.0755933333333
 30
0.0
 10
232.5142105555555
 20
261.6386266666667
 30
0.0
 10
233.091355
 20
261.8245405555555
 30
0.0
 10
233.6490966666667
 20
261.5387905555555
 30
0.0
 10
233.8731105555555
 20
261.423785
 30
0.0
 10
233.9898799999999
 20
261.3034877777778
 30
0.0
 10
234.0350355555555
 20
261.2399877777777
 30
0.0
  0
POLYLINE
  5
322
330
1F
100
AcDbEntity
  8
DEFAULT
 62
   250
100
AcDb2dPolyline
 66
     1
 10
0.0
 20
0.0
 30
0.0
  0
VERTEX
  5
323
330
322
100
AcDbEntity
  8
DEFAULT
 62
   250
100
AcDbVertex
100
AcDb2dVertex
 10
242.4354505555556
 20
250.7869
 30
0.0
  0
VERTEX
  5
324
330
322
100
AcDbEntity
  8
DEFAULT
 62
   250
100
AcDbVertex
100
AcDb2dVertex
 10
241.5976033333334
 20
248.7658361111111
 30
0.0
  0
VERTEX
  5
325
330
322
100
AcDbEntity
  8
DEFAULT
 62
   250
100
AcDbVertex
100
AcDb2dVertex
 10
240.7445866666667
 20
250.7869
 30
0.0
  0
SEQEND
  5
326
330
322
100
AcDbEntity
  8
DEFAULT
 62
   250
  0
SPLINE
  5
327
330
1F
100
AcDbEntity
  8
DEFAULT
 62
     1
100
AcDbSpline
210
0.0
220
0.0
230
1.0
 70
    11
 71
     3
 72
   110
 73
   106
 74
     0
 42
0.000000001
 43
0.0000000001
 40
1.0
 40
1.0
 40
1.0
 40
1.0
 40
2.0
 40
2.0
 40
2.0
 40
3.0
 40
3.0
 40
3.0
 40
4.0
 40
4.0
 40
4.0
 40
5.0
 40
5.0
 40
5.0
 40
6.0
 40
6.0
 40
6.0
 40
7.0
 40
7.0
 40
7.0
 40
8.0
 40
8.0
 40
8.0
 40
9.0
 40
9.0
 40
9.0
 40
18.92000000000007
 40
18.92000000000007
 40
18.92000000000007
 40
27.42000000000007
 40
27.42000000000007
 40
27.42000000000007
 40
37.34000000000015
 40
37.34000000000015
 40
37.34000000000015
 40
38.34000000000015
 40
38.34000000000015
 40
38.34000000000015
 40
39.34000000000015
 40
39.34000000000015
 40
39.34000000000015
 40
40.34000000000015
 40
40.34000000000015
 40
40.34000000000015
 40
41.34000000000015
 40
41.34000000000015
 40
41.34000000000015
 40
42.34000000000015
 40
42.34000000000015
 40
42.34000000000015
 40
43.34000000000015
 40
43.34000000000015
 40
43.34000000000015
 40
44.34000000000015
 40
44.34000000000015
 40
44.34000000000015
 40
45.34000000000015
 40
45.34000000000015
 40
45.34000000000015
 40
46.34000000000015
 40
46.34000000000015
 40
46.34000000000015
 40
47.34000000000015
 40
47.34000000000015
 40
47.34000000000015
 40
55.84547235607769
 40
55.84547235607769
 40
55.84547235607769
 40
56.84547235607769
 40
56.84547235607769
 40
56.84547235607769
 40
57.84547235607769
 40
57.84547235607769
 40
57.84547235607769
 40
58.84547235607769
 40
58.84547235607769
 40
58.84547235607769
 40
59.84547235607769
 40
59.84547235607769
 40
59.84547235607769
 40
60.84547235607769
 40
60.84547235607769
 40
60.84547235607769
 40
61.84547235607769
 40
61.84547235607769
 40
61.84547235607769
 40
62.84547235607769
 40
62.84547235607769
 40
62.84547235607769
 40
63.84547235607769
 40
63.84547235607769
 40
63.84547235607769
 40
64.84547235607769
 40
64.84547235607769
 40
64.84547235607769
 40
73.35183497472968
 40
73.35183497472968
 40
73.35183497472968
 40
74.35183497472968
 40
74.35183497472968
 40
74.35183497472968
 40
75.35183497472968
 40
75.35183497472968
 40
75.35183497472968
 40
76.35183497472968
 40
76.35183497472968
 40
76.35183497472968
 40
76.35183497472968
 10
227.0101363888889
 20
252.4869713888889
 30
0.0
 10
223.8376058333333
 20
254.1101019444444
 30
0.0
 10
223.5624391666666
 20
255.4252575
 30
0.0
 10
223.5624391666666
 20
258.2795824999999
 30
0.0
 10
223.5624391666666
 20
261.8997880555555
 30
0.0
 10
224.9566169444444
 20
263.1274547222222
 30
0.0
 10
228.3390502777778
 20
263.1274547222222
 30
0.0
 10
230.3206030555555
 20
263.1274547222222
 30
0.0
 10
231.8608308333333
 20
264.1000630555555
 30
0.0
 10
231.8608308333333
 20
266.7035630555555
 30
0.0
 10
231.8608308333333
 20
271.3602297222222
 30
0.0
 10
235.1310808333333
 20
275.2513686111111
 30
0.0
 10
239.5019975
 20
276.2109241666666
 30
0.0
 10
240.0311641666666
 20
276.3097019444444
 30
0.0
 10
239.5901919444444
 20
274.2039713888888
 30
0.0
 10
239.5901919444444
 20
272.3589436111111
 30
0.0
 10
239.5901919444444
 20
265.4268602777777
 30
0.0
 10
239.6575725
 20
259.8208686111111
 30
0.0
 10
240.0914891666666
 20
259.8208686111111
 30
0.0
 10
240.1475808333333
 20
259.8208686111111
 30
0.0
 10
240.1899141666667
 20
259.0380547222222
 30
0.0
 10
240.1899141666667
 20
258.0714436111111
 30
0.0
 10
240.1899141666667
 20
257.1013047222222
 30
0.0
 10
240.0914891666666
 20
256.4941741666667
 30
0.0
 10
240.0914891666666
 20
256.3177852777778
 30
0.0
 10
240.0914891666666
 20
255.1512667592592
 30
0.0
 10
240.0914891666666
 20
253.9847482407407
 30
0.0
 10
240.0914891666666
 20
252.8182297222222
 30
0.0
 10
241.0910262037037
 20
252.8182297222222
 30
0.0
 10
242.0905632407407
 20
252.8182297222222
 30
0.0
 10
243.0901002777778
 20
252.8182297222222
 30
0.0
 10
243.0901002777778
 20
253.9847482407407
 30
0.0
 10
243.0901002777778
 20
255.1512667592592
 30
0.0
 10
243.0901002777778
 20
256.3177852777778
 30
0.0
 10
243.0901002777778
 20
256.4941741666667
 30
0.0
 10
242.9909697222222
 20
257.1013047222222
 30
0.0
 10
242.9909697222222
 20
258.0714436111111
 30
0.0
 10
242.9909697222222
 20
259.0380547222222
 30
0.0
 10
243.0368308333333
 20
259.8208686111111
 30
0.0
 10
243.0901002777778
 20
259.8208686111111
 30
0.0
 10
245.1185725
 20
259.8208686111111
 30
0.0
 10
244.4567613888889
 20
262.2215213888889
 30
0.0
 10
247.1279947222222
 20
263.5881825
 30
0.0
 10
247.1279947222222
 20
263.5881825
 30
0.0
 10
247.1262308333333
 20
263.5913575
 30
0.0
 10
249.7999336111111
 20
264.9509630555555
 30
0.0
 10
251.1034475
 20
265.6141852777778
 30
0.0
 10
253.5291475
 20
265.6103047222222
 30
0.0
 10
255.4408502777777
 20
265.6103047222222
 30
0.0
 10
258.3251613888888
 20
265.6103047222222
 30
0.0
 10
258.1396002777777
 20
261.5657075
 30
0.0
 10
258.1396002777777
 20
255.0943519444444
 30
0.0
 10
258.1396002777777
 20
254.0868186111111
 30
0.0
 10
257.5144780555555
 20
253.1734769444444
 30
0.0
 10
256.1711002777777
 20
252.4873241666666
 30
0.0
 10
256.1217113888889
 20
252.4605130555555
 30
0.0
 10
255.7262475
 20
253.1396102777778
 30
0.0
 10
255.2845697222222
 20
254.0003880555555
 30
0.0
 10
254.8460669444444
 20
254.8615186111111
 30
0.0
 10
254.6566252777778
 20
255.4478352777778
 30
0.0
 10
254.5790141666666
 20
255.6023519444444
 30
0.0
 10
254.1803752777778
 20
256.3812852777777
 30
0.0
 10
252.9834002777777
 20
258.7205547222222
 30
0.0
 10
252.9834002777777
 20
258.7205547222222
 30
0.0
 10
252.0929891666666
 20
258.2650010185185
 30
0.0
 10
251.2025780555556
 20
257.8094473148148
 30
0.0
 10
250.3121669444444
 20
257.3538936111111
 30
0.0
 10
250.3121669444444
 20
257.3538936111111
 30
0.0
 10
251.5084363888888
 20
255.0181519444444
 30
0.0
 10
251.9077808333333
 20
254.2360436111111
 30
0.0
 10
251.9853919444444
 20
254.0811741666666
 30
0.0
 10
252.3519280555555
 20
253.5869325
 30
0.0
 10
252.7939586111111
 20
252.7265075
 30
0.0
 10
253.2328141666666
 20
251.8614963888889
 30
0.0
 10
253.5485502777777
 20
251.1471213888888
 30
0.0
 10
253.4995141666666
 20
251.1206630555555
 30
0.0
 10
250.8282808333333
 20
249.7540019444444
 30
0.0
 10
246.0908280555555
 20
248.2977352777777
 30
0.0
 10
242.9384058333333
 20
246.2622075
 30
0.0
 10
242.1809919444444
 20
245.7732575
 30
0.0
 10
240.0590336111111
 20
245.8201769444444
 30
0.0
 10
239.0162225
 20
245.8201769444444
 30
0.0
 10
234.9416391666666
 20
245.8201769444444
 30
0.0
 10
232.3529558333333
 20
249.7540019444444
 30
0.0
 10
229.6813697222222
 20
251.1203102777777
 30
0.0
 10
229.6323336111111
 20
251.1467686111111
 30
0.0
 10
229.9484225
 20
251.8614963888889
 30
0.0
 10
230.3908058333333
 20
252.7254491666667
 30
0.0
 10
230.8293086111111
 20
253.5865797222222
 30
0.0
 10
231.1958447222222
 20
254.0808213888889
 30
0.0
 10
231.2731030555555
 20
254.2356908333333
 30
0.0
 10
231.6724475
 20
255.0177991666666
 30
0.0
 10
232.8690697222222
 20
257.3535408333333
 30
0.0
 10
232.8690697222222
 20
257.3535408333333
 30
0.0
 10
231.9785410185185
 20
257.809094537037
 30
0.0
 10
231.0880123148148
 20
258.2646482407407
 30
0.0
 10
230.1974836111111
 20
258.7202019444444
 30
0.0
 10
230.1974836111111
 20
258.7202019444444
 30
0.0
 10
229.0005086111111
 20
256.3809325
 30
0.0
 10
228.6018697222222
 20
255.6023519444444
 30
0.0
 10
228.5242586111111
 20
255.4474825
 30
0.0
 10
228.3348169444444
 20
254.8611658333333
 30
0.0
 10
227.8966669444444
 20
254.0000352777778
 30
0.0
 10
227.4546363888888
 20
253.1392575
 30
0.0
 10
227.0591725
 20
252.4601602777777
 30
0.0
 10
227.0101363888889
 20
252.4869713888889
 30
0.0
  0
SPLINE
  5
328
330
1F
100
AcDbEntity
  8
DEFAULT
 62
   250
100
AcDbSpline
210
0.0
220
0.0
230
1.0
 70
     8
 71
     3
 72
    17
 73
    13
 74
     0
 42
0.000000001
 43
0.0000000001
 40
0.0
 40
0.0
 40
0.0
 40
0.0
 40
1.0
 40
1.0
 40
1.0
 40
2.0
 40
2.0
 40
2.0
 40
3.0
 40
3.0
 40
3.0
 40
4.0
 40
4.0
 40
4.0
 40
4.0
 10
230.3331266666666
 20
278.8058163888888
 30
0.0
 10
230.3966266666666
 20
278.8922469444444
 30
0.0
 10
230.5454988888888
 20
279.0224219444444
 30
0.0
 10
230.7642211111111
 20
279.1346052777778
 30
0.0
 10
231.2711627777777
 20
279.3946025
 30
0.0
 10
231.81691
 20
279.2697191666667
 30
0.0
 10
232.1188877777777
 20
278.6802275
 30
0.0
 10
232.40746
 20
278.1171941666666
 30
0.0
 10
232.2215461111111
 20
277.5400497222222
 30
0.0
 10
231.6641572222222
 20
277.2542997222222
 30
0.0
 10
231.4397905555555
 20
277.1392941666666
 30
0.0
 10
231.273985
 20
277.1149525
 30
0.0
 10
231.1960211111111
 20
277.1153052777777
 30
0.0
  0
SPLINE
  5
329
330
1F
100
AcDbEntity
  8
DEFAULT
 62
   250
100
AcDbSpline
210
0.0
220
0.0
230
1.0
 70
     8
 71
     3
 72
    17
 73
    13
 74
     0
 42
0.000000001
 43
0.0000000001
 40
0.0
 40
0.0
 40
0.0
 40
0.0
 40
1.0
 40
1.0
 40
1.0
 40
2.0
 40
2.0
 40
2.0
 40
3.0
 40
3.0
 40
3.0
 40
4.0
 40
4.0
 40
4.0
 40
4.0
 10
248.5365305555555
 20
279.5035755555555
 30
0.0
 10
248.643775
 20
279.5025172222222
 30
0.0
 10
248.8363916666667
 20
279.4577144444444
 30
0.0
 10
249.0551138888889
 20
279.3455311111111
 30
0.0
 10
249.5620555555556
 20
279.0858866666666
 30
0.0
 10
249.7793666666667
 20
278.5697727777777
 30
0.0
 10
249.4773888888889
 20
277.9802811111111
 30
0.0
 10
249.1888166666667
 20
277.4172477777777
 30
0.0
 10
248.6116722222222
 20
277.2313338888889
 30
0.0
 10
248.0539305555555
 20
277.5170838888889
 30
0.0
 10
247.8299166666666
 20
277.6320894444444
 30
0.0
 10
247.7131472222222
 20
277.7523866666666
 30
0.0
 10
247.6679916666667
 20
277.8158866666666
 30
0.0
  0
POLYLINE
  5
32A
330
1F
100
AcDbEntity
  8
DEFAULT
 62
   250
100
AcDb2dPolyline
 66
     1
 10
0.0
 20
0.0
 30
0.0
  0
VERTEX
  5
32B
330
32A
100
AcDbEntity
  8
DEFAULT
 62
   250
100
AcDbVertex
100
AcDb2dVertex
 10
239.2675413888889
 20
288.2689744444444
 30
0.0
  0
VERTEX
  5
32C
330
32A
100
AcDbEntity
  8
DEFAULT
 62
   250
100
AcDbVertex
100
AcDb2dVertex
 10
240.1053886111111
 20
290.2900383333334
 30
0.0
  0
VERTEX
  5
32D
330
32A
100
AcDbEntity
  8
DEFAULT
 62
   250
100
AcDbVertex
100
AcDb2dVertex
 10
240.9587580555555
 20
288.2689744444444
 30
0.0
  0
SEQEND
  5
32E
330
32A
100
AcDbEntity
  8
DEFAULT
 62
   250
  0
SPLINE
  5
32F
330
1F
100
AcDbEntity
  8
DEFAULT
 62
     1
100
AcDbSpline
210
0.0
220
0.0
230
1.0
 70
    11
 71
     3
 72
   110
 73
   106
 74
     0
 42
0.000000001
 43
0.0000000001
 40
1.0
 40
1.0
 40
1.0
 40
1.0
 40
2.0
 40
2.0
 40
2.0
 40
3.0
 40
3.0
 40
3.0
 40
4.0
 40
4.0
 40
4.0
 40
5.0
 40
5.0
 40
5.0
 40
6.0
 40
6.0
 40
6.0
 40
7.0
 40
7.0
 40
7.0
 40
8.0
 40
8.0
 40
8.0
 40
9.0
 40
9.0
 40
9.0
 40
18.92000000000007
 40
18.92000000000007
 40
18.92000000000007
 40
27.42000000000007
 40
27.42000000000007
 40
27.42000000000007
 40
37.34000000000015
 40
37.34000000000015
 40
37.34000000000015
 40
38.34000000000015
 40
38.34000000000015
 40
38.34000000000015
 40
39.34000000000015
 40
39.34000000000015
 40
39.34000000000015
 40
40.34000000000015
 40
40.34000000000015
 40
40.34000000000015
 40
41.34000000000015
 40
41.34000000000015
 40
41.34000000000015
 40
42.34000000000015
 40
42.34000000000015
 40
42.34000000000015
 40
43.34000000000015
 40
43.34000000000015
 40
43.34000000000015
 40
44.34000000000015
 40
44.34000000000015
 40
44.34000000000015
 40
45.34000000000015
 40
45.34000000000015
 40
45.34000000000015
 40
46.34000000000015
 40
46.34000000000015
 40
46.34000000000015
 40
47.34000000000015
 40
47.34000000000015
 40
47.34000000000015
 40
55.84636261865208
 40
55.84636261865208
 40
55.84636261865208
 40
56.84636261865208
 40
56.84636261865208
 40
56.84636261865208
 40
57.84636261865208
 40
57.84636261865208
 40
57.84636261865208
 40
58.84636261865208
 40
58.84636261865208
 40
58.84636261865208
 40
59.84636261865208
 40
59.84636261865208
 40
59.84636261865208
 40
60.84636261865208
 40
60.84636261865208
 40
60.84636261865208
 40
61.84636261865208
 40
61.84636261865208
 40
61.84636261865208
 40
62.84636261865208
 40
62.84636261865208
 40
62.84636261865208
 40
63.84636261865208
 40
63.84636261865208
 40
63.84636261865208
 40
64.84636261865208
 40
64.84636261865208
 40
64.84636261865208
 40
73.35272523730407
 40
73.35272523730407
 40
73.35272523730407
 40
74.35272523730407
 40
74.35272523730407
 40
74.35272523730407
 40
75.35272523730407
 40
75.35272523730407
 40
75.35272523730407
 40
76.35272523730407
 40
76.35272523730407
 40
76.35272523730407
 40
76.35272523730407
 10
254.6941961111111
 20
286.5689030555555
 30
0.0
 10
257.8670794444444
 20
284.9457725
 30
0.0
 10
258.1418933333333
 20
283.6306169444444
 30
0.0
 10
258.1418933333333
 20
280.7762919444444
 30
0.0
 10
258.1418933333333
 20
277.1560863888889
 30
0.0
 10
256.7477155555555
 20
275.9284197222221
 30
0.0
 10
253.3652822222222
 20
275.9284197222221
 30
0.0
 10
251.3840822222222
 20
275.9284197222221
 30
0.0
 10
249.8435016666666
 20
274.9558113888888
 30
0.0
 10
249.8435016666666
 20
272.3523113888888
 30
0.0
 10
249.8435016666666
 20
267.6956447222222
 30
0.0
 10
246.5732516666667
 20
263.8045058333333
 30
0.0
 10
242.202335
 20
262.8449502777777
 30
0.0
 10
241.6731683333333
 20
262.7461724999999
 30
0.0
 10
242.1141405555555
 20
264.8522558333333
 30
0.0
 10
242.1141405555555
 20
266.6972836111111
 30
0.0
 10
242.1141405555555
 20
273.6290141666666
 30
0.0
 10
242.0471127777778
 20
279.2350058333333
 30
0.0
 10
241.6131961111111
 20
279.2350058333333
 30
0.0
 10
241.5567516666667
 20
279.2350058333333
 30
0.0
 10
241.5144183333333
 20
280.0181725
 30
0.0
 10
241.5144183333333
 20
280.9847836111111
 30
0.0
 10
241.5144183333333
 20
281.9549225
 30
0.0
 10
241.6131961111111
 20
282.5617002777777
 30
0.0
 10
241.6131961111111
 20
282.7380891666666
 30
0.0
 10
241.6131961111111
 20
283.9046076851851
 30
0.0
 10
241.6131961111111
 20
285.0711262037036
 30
0.0
 10
241.6131961111111
 20
286.2376447222222
 30
0.0
 10
240.613659074074
 20
286.2376447222222
 30
0.0
 10
239.614122037037
 20
286.2376447222222
 30
0.0
 10
238.614585
 20
286.2376447222222
 30
0.0
 10
238.6145849999999
 20
285.0711262037036
 30
0.0
 10
238.6145849999999
 20
283.9046076851851
 30
0.0
 10
238.614585
 20
282.7380891666666
 30
0.0
 10
238.614585
 20
282.5617002777777
 30
0.0
 10
238.7133627777778
 20
281.9549225
 30
0.0
 10
238.7133627777778
 20
280.9847836111111
 30
0.0
 10
238.7133627777778
 20
280.0181725
 30
0.0
 10
238.6675016666667
 20
279.2350058333333
 30
0.0
 10
238.614585
 20
279.2350058333333
 30
0.0
 10
236.5861127777777
 20
279.2350058333333
 30
0.0
 10
237.2479238888889
 20
276.8343530555555
 30
0.0
 10
234.5763377777778
 20
275.4676919444444
 30
0.0
 10
234.5763377777778
 20
275.4676919444444
 30
0.0
 10
234.5781016666666
 20
275.4645169444444
 30
0.0
 10
231.9043988888889
 20
274.1049113888889
 30
0.0
 10
230.600885
 20
273.4416891666666
 30
0.0
 10
228.175185
 20
273.4455697222222
 30
0.0
 10
226.263835
 20
273.4455697222222
 30
0.0
 10
223.3791711111111
 20
273.4455697222222
 30
0.0
 10
223.5647322222222
 20
277.4905197222222
 30
0.0
 10
223.5647322222222
 20
283.9615224999999
 30
0.0
 10
223.5647322222222
 20
284.9690558333333
 30
0.0
 10
224.1898544444444
 20
285.8823975
 30
0.0
 10
225.5332322222222
 20
286.5685502777777
 30
0.0
 10
225.5826211111111
 20
286.5953613888889
 30
0.0
 10
225.978085
 20
285.9162641666666
 30
0.0
 10
226.4197627777777
 20
285.0558391666666
 30
0.0
 10
226.8582655555556
 20
284.1943558333333
 30
0.0
 10
227.0477072222222
 20
283.6080391666666
 30
0.0
 10
227.1253183333333
 20
283.4535225
 30
0.0
 10
227.5239572222222
 20
282.6749419444444
 30
0.0
 10
228.7209322222222
 20
280.3353197222222
 30
0.0
 10
228.7209322222222
 20
280.3353197222222
 30
0.0
 10
229.6114609259259
 20
280.7908734259259
 30
0.0
 10
230.5019896296296
 20
281.2464271296296
 30
0.0
 10
231.3925183333333
 20
281.7019808333333
 30
0.0
 10
231.3925183333333
 20
281.7019808333333
 30
0.0
 10
230.1958961111111
 20
284.0380752777778
 30
0.0
 10
229.7965516666666
 20
284.8198308333333
 30
0.0
 10
229.7189405555555
 20
284.9747002777777
 30
0.0
 10
229.3524044444444
 20
285.4689419444444
 30
0.0
 10
228.9107266666666
 20
286.3293669444444
 30
0.0
 10
228.4715183333333
 20
287.1943780555555
 30
0.0
 10
228.1557822222222
 20
287.9087530555555
 30
0.0
 10
228.2048183333333
 20
287.9352113888889
 30
0.0
 10
230.8760516666667
 20
289.3018724999999
 30
0.0
 10
235.6135044444444
 20
290.7581391666666
 30
0.0
 10
238.7662794444444
 20
292.7936669444444
 30
0.0
 10
239.5233405555555
 20
293.2826169444444
 30
0.0
 10
241.6452988888888
 20
293.2356975
 30
0.0
 10
242.68811
 20
293.2356975
 30
0.0
 10
246.7626933333333
 20
293.2356975
 30
0.0
 10
249.3513766666667
 20
289.3022252777777
 30
0.0
 10
252.0229627777778
 20
287.9355641666666
 30
0.0
 10
252.0719988888889
 20
287.9091058333333
 30
0.0
 10
251.7562627777778
 20
287.1943780555555
 30
0.0
 10
251.3135266666667
 20
286.3304252777777
 30
0.0
 10
250.8750238888889
 20
285.4692947222222
 30
0.0
 10
250.5084877777778
 20
284.9750530555555
 30
0.0
 10
250.4312294444445
 20
284.8201836111111
 30
0.0
 10
250.031885
 20
284.0380752777778
 30
0.0
 10
248.8352627777778
 20
281.7023336111111
 30
0.0
 10
248.8352627777778
 20
281.7023336111111
 30
0.0
 10
249.7257914814815
 20
281.2467799074074
 30
0.0
 10
250.6163201851852
 20
280.7912262037037
 30
0.0
 10
251.5068488888889
 20
280.3356725
 30
0.0
 10
251.5068488888889
 20
280.3356725
 30
0.0
 10
252.7038238888888
 20
282.6749419444444
 30
0.0
 10
253.1024627777778
 20
283.4535225
 30
0.0
 10
253.1800738888889
 20
283.6083919444444
 30
0.0
 10
253.3695155555556
 20
284.1947086111111
 30
0.0
 10
253.8076655555555
 20
285.0558391666666
 30
0.0
 10
254.2496961111111
 20
285.9166169444444
 30
0.0
 10
254.64516
 20
286.5957141666667
 30
0.0
 10
254.6941961111111
 20
286.5689030555555
 30
0.0
  0
SPLINE
  5
330
330
1F
100
AcDbEntity
  8
DEFAULT
 62
     1
100
AcDbSpline
210
0.0
220
0.0
230
1.0
 70
     8
 71
     3
 72
     8
 73
     4
 74
     0
 42
0.000000001
 43
0.0000000001
 40
0.0
 40
0.0
 40
0.0
 40
0.0
 40
1.0
 40
1.0
 40
1.0
 40
1.0
 10
228.3390502777778
 20
263.1275605555555
 30
0.0
 10
229.3141280555556
 20
263.1275605555555
 30
0.0
 10
227.9446447222222
 20
273.445605
 30
0.0
 10
226.2636586111111
 20
273.445605
 30
0.0
  0
SPLINE
  5
331
330
1F
100
AcDbEntity
  8
DEFAULT
 62
     1
100
AcDbSpline
210
0.0
220
0.0
230
1.0
 70
     8
 71
     3
 72
     8
 73
     4
 74
     0
 42
0.000000001
 43
0.0000000001
 40
0.0
 40
0.0
 40
0.0
 40
0.0
 40
1.0
 40
1.0
 40
1.0
 40
1.0
 10
253.3653175
 20
275.9283491666666
 30
0.0
 10
252.3902397222222
 20
275.9283491666666
 30
0.0
 10
253.7597230555556
 20
265.6103047222222
 30
0.0
 10
255.4407091666667
 20
265.6103047222222
 30
0.0
  0
SPLINE
  5
332
330
1F
100
AcDbEntity
  8
DEFAULT
 62
   250
100
AcDbSpline
210
0.0
220
0.0
230
1.0
 70
     8
 71
     3
 72
    17
 73
    13
 74
     0
 42
0.000000001
 43
0.0000000001
 40
0.0
 40
0.0
 40
0.0
 40
0.0
 40
1.0
 40
1.0
 40
1.0
 40
2.0
 40
2.0
 40
2.0
 40
3.0
 40
3.0
 40
3.0
 40
4.0
 40
4.0
 40
4.0
 40
4.0
 10
215.0290269444444
 20
260.2500227777778
 30
0.0
 10
214.9655269444445
 20
260.1635922222222
 30
0.0
 10
214.8166547222222
 20
260.0334172222222
 30
0.0
 10
214.5979325
 20
259.9212338888888
 30
0.0
 10
214.0909908333333
 20
259.6615894444444
 30
0.0
 10
213.5452436111111
 20
259.7861199999999
 30
0.0
 10
213.2429130555556
 20
260.3756116666667
 30
0.0
 10
212.9543408333333
 20
260.938645
 30
0.0
 10
213.1406075
 20
261.5157894444444
 30
0.0
 10
213.6983491666666
 20
261.8015394444444
 30
0.0
 10
213.9223630555556
 20
261.916545
 30
0.0
 10
214.0881686111111
 20
261.9408866666666
 30
0.0
 10
214.1661325
 20
261.9405338888889
 30
0.0
  0
SPLINE
  5
333
330
1F
100
AcDbEntity
  8
DEFAULT
 62
   250
100
AcDbSpline
210
0.0
220
0.0
230
1.0
 70
     8
 71
     3
 72
    17
 73
    13
 74
     0
 42
0.000000001
 43
0.0000000001
 40
0.0
 40
0.0
 40
0.0
 40
0.0
 40
1.0
 40
1.0
 40
1.0
 40
2.0
 40
2.0
 40
2.0
 40
3.0
 40
3.0
 40
3.0
 40
4.0
 40
4.0
 40
4.0
 40
4.0
 10
196.8256230555555
 20
259.5522988888889
 30
0.0
 10
196.7183786111111
 20
259.5533572222222
 30
0.0
 10
196.5257619444444
 20
259.59816
 30
0.0
 10
196.3070397222222
 20
259.7103433333333
 30
0.0
 10
195.8000980555555
 20
259.9699877777778
 30
0.0
 10
195.5827869444444
 20
260.4861016666666
 30
0.0
 10
195.8847647222222
 20
261.0755933333333
 30
0.0
 10
196.1733369444444
 20
261.6386266666667
 30
0.0
 10
196.7504813888889
 20
261.8245405555555
 30
0.0
 10
197.3082230555555
 20
261.5387905555555
 30
0.0
 10
197.5322369444444
 20
261.423785
 30
0.0
 10
197.6490063888888
 20
261.3034877777778
 30
0.0
 10
197.6941619444444
 20
261.2399877777777
 30
0.0
  0
POLYLINE
  5
334
330
1F
100
AcDbEntity
  8
DEFAULT
 62
   250
100
AcDb2dPolyline
 66
     1
 10
0.0
 20
0.0
 30
0.0
  0
VERTEX
  5
335
330
334
100
AcDbEntity
  8
DEFAULT
 62
   250
100
AcDbVertex
100
AcDb2dVertex
 10
206.0945769444445
 20
250.7869000000001
 30
0.0
  0
VERTEX
  5
336
330
334
100
AcDbEntity
  8
DEFAULT
 62
   250
100
AcDbVertex
100
AcDb2dVertex
 10
205.2567297222222
 20
248.7658361111112
 30
0.0
  0
VERTEX
  5
337
330
334
100
AcDbEntity
  8
DEFAULT
 62
   250
100
AcDbVertex
100
AcDb2dVertex
 10
204.4037130555555
 20
250.7869
 30
0.0
  0
SEQEND
  5
338
330
334
100
AcDbEntity
  8
DEFAULT
 62
   250
  0
SPLINE
  5
339
330
1F
100
AcDbEntity
  8
DEFAULT
 62
     1
100
AcDbSpline
210
0.0
220
0.0
230
1.0
 70
    11
 71
     3
 72
   110
 73
   106
 74
     0
 42
0.000000001
 43
0.0000000001
 40
1.0
 40
1.0
 40
1.0
 40
1.0
 40
2.0
 40
2.0
 40
2.0
 40
3.0
 40
3.0
 40
3.0
 40
4.0
 40
4.0
 40
4.0
 40
5.0
 40
5.0
 40
5.0
 40
6.0
 40
6.0
 40
6.0
 40
7.0
 40
7.0
 40
7.0
 40
8.0
 40
8.0
 40
8.0
 40
9.0
 40
9.0
 40
9.0
 40
18.92000000000007
 40
18.92000000000007
 40
18.92000000000007
 40
27.42000000000007
 40
27.42000000000007
 40
27.42000000000007
 40
37.34000000000015
 40
37.34000000000015
 40
37.34000000000015
 40
38.34000000000015
 40
38.34000000000015
 40
38.34000000000015
 40
39.34000000000015
 40
39.34000000000015
 40
39.34000000000015
 40
40.34000000000015
 40
40.34000000000015
 40
40.34000000000015
 40
41.34000000000015
 40
41.34000000000015
 40
41.34000000000015
 40
42.34000000000015
 40
42.34000000000015
 40
42.34000000000015
 40
43.34000000000015
 40
43.34000000000015
 40
43.34000000000015
 40
44.34000000000015
 40
44.34000000000015
 40
44.34000000000015
 40
45.34000000000015
 40
45.34000000000015
 40
45.34000000000015
 40
46.34000000000015
 40
46.34000000000015
 40
46.34000000000015
 40
47.34000000000015
 40
47.34000000000015
 40
47.34000000000015
 40
55.84547235607769
 40
55.84547235607769
 40
55.84547235607769
 40
56.84547235607769
 40
56.84547235607769
 40
56.84547235607769
 40
57.84547235607769
 40
57.84547235607769
 40
57.84547235607769
 40
58.84547235607769
 40
58.84547235607769
 40
58.84547235607769
 40
59.84547235607769
 40
59.84547235607769
 40
59.84547235607769
 40
60.84547235607769
 40
60.84547235607769
 40
60.84547235607769
 40
61.84547235607769
 40
61.84547235607769
 40
61.84547235607769
 40
62.84547235607769
 40
62.84547235607769
 40
62.84547235607769
 40
63.84547235607769
 40
63.84547235607769
 40
63.84547235607769
 40
64.84547235607769
 40
64.84547235607769
 40
64.84547235607769
 40
73.35183497472968
 40
73.35183497472968
 40
73.35183497472968
 40
74.35183497472968
 40
74.35183497472968
 40
74.35183497472968
 40
75.35183497472968
 40
75.35183497472968
 40
75.35183497472968
 40
76.35183497472968
 40
76.35183497472968
 40
76.35183497472968
 40
76.35183497472968
 10
190.6692627777777
 20
252.4869713888889
 30
0.0
 10
187.4963794444444
 20
254.1101019444444
 30
0.0
 10
187.2215655555555
 20
255.4252575
 30
0.0
 10
187.2215655555555
 20
258.2795824999999
 30
0.0
 10
187.2215655555555
 20
261.8997880555555
 30
0.0
 10
188.6157433333333
 20
263.1274547222222
 30
0.0
 10
191.9981766666667
 20
263.1274547222222
 30
0.0
 10
193.9797294444444
 20
263.1274547222222
 30
0.0
 10
195.5199572222222
 20
264.1000630555555
 30
0.0
 10
195.5199572222222
 20
266.7035630555555
 30
0.0
 10
195.5199572222222
 20
271.3602297222222
 30
0.0
 10
198.7902072222222
 20
275.2513686111111
 30
0.0
 10
203.1611238888889
 20
276.2109241666666
 30
0.0
 10
203.6902905555555
 20
276.3097019444444
 30
0.0
 10
203.2493183333333
 20
274.2039713888888
 30
0.0
 10
203.2493183333333
 20
272.3589436111111
 30
0.0
 10
203.2493183333333
 20
265.4268602777777
 30
0.0
 10
203.3166988888889
 20
259.8208686111111
 30
0.0
 10
203.7506155555555
 20
259.8208686111111
 30
0.0
 10
203.8067072222222
 20
259.8208686111111
 30
0.0
 10
203.8490405555555
 20
259.0380547222222
 30
0.0
 10
203.8490405555555
 20
258.0714436111111
 30
0.0
 10
203.8490405555555
 20
257.1013047222222
 30
0.0
 10
203.7506155555555
 20
256.4941741666667
 30
0.0
 10
203.7506155555555
 20
256.3177852777778
 30
0.0
 10
203.7506155555555
 20
255.1512667592592
 30
0.0
 10
203.7506155555555
 20
253.9847482407407
 30
0.0
 10
203.7506155555555
 20
252.8182297222222
 30
0.0
 10
204.7501525925926
 20
252.8182297222222
 30
0.0
 10
205.7496896296296
 20
252.8182297222222
 30
0.0
 10
206.7492266666666
 20
252.8182297222222
 30
0.0
 10
206.7492266666667
 20
253.9847482407407
 30
0.0
 10
206.7492266666667
 20
255.1512667592592
 30
0.0
 10
206.7492266666666
 20
256.3177852777778
 30
0.0
 10
206.7492266666666
 20
256.4941741666667
 30
0.0
 10
206.6500961111111
 20
257.1013047222222
 30
0.0
 10
206.6500961111111
 20
258.0714436111111
 30
0.0
 10
206.6500961111111
 20
259.0380547222222
 30
0.0
 10
206.6959572222222
 20
259.8208686111111
 30
0.0
 10
206.7492266666666
 20
259.8208686111111
 30
0.0
 10
208.7776988888889
 20
259.8208686111111
 30
0.0
 10
208.1158877777777
 20
262.2215213888889
 30
0.0
 10
210.7871211111111
 20
263.5881825
 30
0.0
 10
210.7871211111111
 20
263.5881825
 30
0.0
 10
210.7853572222222
 20
263.5913575
 30
0.0
 10
213.45906
 20
264.9509630555555
 30
0.0
 10
214.7625738888889
 20
265.6141852777778
 30
0.0
 10
217.1882738888889
 20
265.6103047222222
 30
0.0
 10
219.0999766666666
 20
265.6103047222222
 30
0.0
 10
221.9842877777777
 20
265.6103047222222
 30
0.0
 10
221.7987266666666
 20
261.5657075
 30
0.0
 10
221.7987266666666
 20
255.0943519444444
 30
0.0
 10
221.7987266666666
 20
254.0868186111111
 30
0.0
 10
221.1736044444444
 20
253.1734769444444
 30
0.0
 10
219.8302266666666
 20
252.4873241666666
 30
0.0
 10
219.7808377777777
 20
252.4605130555555
 30
0.0
 10
219.3853738888888
 20
253.1396102777778
 30
0.0
 10
218.9436961111111
 20
254.0003880555555
 30
0.0
 10
218.5051933333333
 20
254.8615186111111
 30
0.0
 10
218.3157516666666
 20
255.4478352777778
 30
0.0
 10
218.2381405555555
 20
255.6023519444444
 30
0.0
 10
217.8395016666666
 20
256.3812852777777
 30
0.0
 10
216.6425266666666
 20
258.7205547222222
 30
0.0
 10
216.6425266666666
 20
258.7205547222222
 30
0.0
 10
215.7521155555555
 20
258.2650010185185
 30
0.0
 10
214.8617044444444
 20
257.8094473148148
 30
0.0
 10
213.9712933333333
 20
257.3538936111111
 30
0.0
 10
213.9712933333333
 20
257.3538936111111
 30
0.0
 10
215.1675627777777
 20
255.0181519444444
 30
0.0
 10
215.5669072222222
 20
254.2360436111111
 30
0.0
 10
215.6445183333333
 20
254.0811741666666
 30
0.0
 10
216.0110544444444
 20
253.5869325
 30
0.0
 10
216.453085
 20
252.7265075
 30
0.0
 10
216.8919405555555
 20
251.8614963888889
 30
0.0
 10
217.2076766666666
 20
251.1471213888888
 30
0.0
 10
217.1586405555555
 20
251.1206630555555
 30
0.0
 10
214.4874072222222
 20
249.7540019444444
 30
0.0
 10
209.7499544444444
 20
248.2977352777777
 30
0.0
 10
206.5975322222222
 20
246.2622075
 30
0.0
 10
205.8401183333333
 20
245.7732575
 30
0.0
 10
203.71816
 20
245.8201769444444
 30
0.0
 10
202.6753488888889
 20
245.8201769444444
 30
0.0
 10
198.6007655555555
 20
245.8201769444444
 30
0.0
 10
196.0120822222222
 20
249.7540019444444
 30
0.0
 10
193.3404961111111
 20
251.1203102777777
 30
0.0
 10
193.29146
 20
251.1467686111111
 30
0.0
 10
193.6075488888888
 20
251.8614963888889
 30
0.0
 10
194.0499322222222
 20
252.7254491666667
 30
0.0
 10
194.488435
 20
253.5865797222222
 30
0.0
 10
194.8549711111111
 20
254.0808213888889
 30
0.0
 10
194.9322294444444
 20
254.2356908333333
 30
0.0
 10
195.3315738888889
 20
255.0177991666666
 30
0.0
 10
196.5281961111111
 20
257.3535408333333
 30
0.0
 10
196.5281961111111
 20
257.3535408333333
 30
0.0
 10
195.6376674074073
 20
257.809094537037
 30
0.0
 10
194.7471387037037
 20
258.2646482407407
 30
0.0
 10
193.85661
 20
258.7202019444444
 30
0.0
 10
193.85661
 20
258.7202019444444
 30
0.0
 10
192.659635
 20
256.3809325
 30
0.0
 10
192.2609961111111
 20
255.6023519444444
 30
0.0
 10
192.183385
 20
255.4474825
 30
0.0
 10
191.9939433333333
 20
254.8611658333333
 30
0.0
 10
191.5557933333333
 20
254.0000352777778
 30
0.0
 10
191.1137627777777
 20
253.1392575
 30
0.0
 10
190.7182988888889
 20
252.4601602777777
 30
0.0
 10
190.6692627777777
 20
252.4869713888889
 30
0.0
  0
SPLINE
  5
33A
330
1F
100
AcDbEntity
  8
DEFAULT
 62
   250
100
AcDbSpline
210
0.0
220
0.0
230
1.0
 70
     8
 71
     3
 72
    17
 73
    13
 74
     0
 42
0.000000001
 43
0.0000000001
 40
0.0
 40
0.0
 40
0.0
 40
0.0
 40
1.0
 40
1.0
 40
1.0
 40
2.0
 40
2.0
 40
2.0
 40
3.0
 40
3.0
 40
3.0
 40
4.0
 40
4.0
 40
4.0
 40
4.0
 10
193.9922530555556
 20
278.8058163888888
 30
0.0
 10
194.0557530555555
 20
278.8922469444444
 30
0.0
 10
194.2046252777778
 20
279.0224219444444
 30
0.0
 10
194.4233475
 20
279.1346052777778
 30
0.0
 10
194.9302891666667
 20
279.3946025
 30
0.0
 10
195.4760363888889
 20
279.2697191666667
 30
0.0
 10
195.7780141666667
 20
278.6802275
 30
0.0
 10
196.0665863888889
 20
278.1171941666666
 30
0.0
 10
195.8806725
 20
277.5400497222222
 30
0.0
 10
195.3232836111111
 20
277.2542997222222
 30
0.0
 10
195.0989169444444
 20
277.1392941666666
 30
0.0
 10
194.9331113888889
 20
277.1149525
 30
0.0
 10
194.8551475
 20
277.1153052777777
 30
0.0
  0
SPLINE
  5
33B
330
1F
100
AcDbEntity
  8
DEFAULT
 62
   250
100
AcDbSpline
210
0.0
220
0.0
230
1.0
 70
     8
 71
     3
 72
    17
 73
    13
 74
     0
 42
0.000000001
 43
0.0000000001
 40
0.0
 40
0.0
 40
0.0
 40
0.0
 40
1.0
 40
1.0
 40
1.0
 40
2.0
 40
2.0
 40
2.0
 40
3.0
 40
3.0
 40
3.0
 40
4.0
 40
4.0
 40
4.0
 40
4.0
 10
212.1956569444444
 20
279.5035755555555
 30
0.0
 10
212.3029013888889
 20
279.5025172222222
 30
0.0
 10
212.4955180555556
 20
279.4577144444444
 30
0.0
 10
212.7142402777778
 20
279.3455311111111
 30
0.0
 10
213.2211819444445
 20
279.0858866666666
 30
0.0
 10
213.4384930555555
 20
278.5697727777777
 30
0.0
 10
213.1365152777778
 20
277.9802811111111
 30
0.0
 10
212.8479430555556
 20
277.4172477777777
 30
0.0
 10
212.2707986111111
 20
277.2313338888889
 30
0.0
 10
211.7130569444444
 20
277.5170838888889
 30
0.0
 10
211.4890430555555
 20
277.6320894444444
 30
0.0
 10
211.3722736111111
 20
277.7523866666666
 30
0.0
 10
211.3271180555555
 20
277.8158866666666
 30
0.0
  0
POLYLINE
  5
33C
330
1F
100
AcDbEntity
  8
DEFAULT
 62
   250
100
AcDb2dPolyline
 66
     1
 10
0.0
 20
0.0
 30
0.0
  0
VERTEX
  5
33D
330
33C
100
AcDbEntity
  8
DEFAULT
 62
   250
100
AcDbVertex
100
AcDb2dVertex
 10
202.9266677777778
 20
288.2689744444444
 30
0.0
  0
VERTEX
  5
33E
330
33C
100
AcDbEntity
  8
DEFAULT
 62
   250
100
AcDbVertex
100
AcDb2dVertex
 10
203.764515
 20
290.2900383333334
 30
0.0
  0
VERTEX
  5
33F
330
33C
100
AcDbEntity
  8
DEFAULT
 62
   250
100
AcDbVertex
100
AcDb2dVertex
 10
204.6175316666667
 20
288.2689744444444
 30
0.0
  0
SEQEND
  5
340
330
33C
100
AcDbEntity
  8
DEFAULT
 62
   250
  0
SPLINE
  5
341
330
1F
100
AcDbEntity
  8
DEFAULT
 62
     1
100
AcDbSpline
210
0.0
220
0.0
230
1.0
 70
    11
 71
     3
 72
   110
 73
   106
 74
     0
 42
0.000000001
 43
0.0000000001
 40
1.0
 40
1.0
 40
1.0
 40
1.0
 40
2.0
 40
2.0
 40
2.0
 40
3.0
 40
3.0
 40
3.0
 40
4.0
 40
4.0
 40
4.0
 40
5.0
 40
5.0
 40
5.0
 40
6.0
 40
6.0
 40
6.0
 40
7.0
 40
7.0
 40
7.0
 40
8.0
 40
8.0
 40
8.0
 40
9.0
 40
9.0
 40
9.0
 40
18.92000000000007
 40
18.92000000000007
 40
18.92000000000007
 40
27.42000000000007
 40
27.42000000000007
 40
27.42000000000007
 40
37.34000000000015
 40
37.34000000000015
 40
37.34000000000015
 40
38.34000000000015
 40
38.34000000000015
 40
38.34000000000015
 40
39.34000000000015
 40
39.34000000000015
 40
39.34000000000015
 40
40.34000000000015
 40
40.34000000000015
 40
40.34000000000015
 40
41.34000000000015
 40
41.34000000000015
 40
41.34000000000015
 40
42.34000000000015
 40
42.34000000000015
 40
42.34000000000015
 40
43.34000000000015
 40
43.34000000000015
 40
43.34000000000015
 40
44.34000000000015
 40
44.34000000000015
 40
44.34000000000015
 40
45.34000000000015
 40
45.34000000000015
 40
45.34000000000015
 40
46.34000000000015
 40
46.34000000000015
 40
46.34000000000015
 40
47.34000000000015
 40
47.34000000000015
 40
47.34000000000015
 40
55.84636261865208
 40
55.84636261865208
 40
55.84636261865208
 40
56.84636261865208
 40
56.84636261865208
 40
56.84636261865208
 40
57.84636261865208
 40
57.84636261865208
 40
57.84636261865208
 40
58.84636261865208
 40
58.84636261865208
 40
58.84636261865208
 40
59.84636261865208
 40
59.84636261865208
 40
59.84636261865208
 40
60.84636261865208
 40
60.84636261865208
 40
60.84636261865208
 40
61.84636261865208
 40
61.84636261865208
 40
61.84636261865208
 40
62.84636261865208
 40
62.84636261865208
 40
62.84636261865208
 40
63.84636261865208
 40
63.84636261865208
 40
63.84636261865208
 40
64.84636261865208
 40
64.84636261865208
 40
64.84636261865208
 40
73.35272523730407
 40
73.35272523730407
 40
73.35272523730407
 40
74.35272523730407
 40
74.35272523730407
 40
74.35272523730407
 40
75.35272523730407
 40
75.35272523730407
 40
75.35272523730407
 40
76.35272523730407
 40
76.35272523730407
 40
76.35272523730407
 40
76.35272523730407
 10
218.3533225
 20
286.5689030555555
 30
0.0
 10
221.5262058333333
 20
284.9457725
 30
0.0
 10
221.8010197222222
 20
283.6306169444444
 30
0.0
 10
221.8010197222222
 20
280.7762919444444
 30
0.0
 10
221.8010197222222
 20
277.1560863888889
 30
0.0
 10
220.4068419444444
 20
275.9284197222221
 30
0.0
 10
217.0244086111111
 20
275.9284197222221
 30
0.0
 10
215.0432086111111
 20
275.9284197222221
 30
0.0
 10
213.5026280555555
 20
274.9558113888888
 30
0.0
 10
213.5026280555555
 20
272.3523113888888
 30
0.0
 10
213.5026280555555
 20
267.6956447222222
 30
0.0
 10
210.2323780555555
 20
263.8045058333333
 30
0.0
 10
205.8614613888889
 20
262.8449502777777
 30
0.0
 10
205.3322947222222
 20
262.7461724999999
 30
0.0
 10
205.7732669444444
 20
264.8522558333333
 30
0.0
 10
205.7732669444444
 20
266.6972836111111
 30
0.0
 10
205.7732669444444
 20
273.6290141666666
 30
0.0
 10
205.7062391666666
 20
279.2350058333333
 30
0.0
 10
205.2723225
 20
279.2350058333333
 30
0.0
 10
205.2158780555555
 20
279.2350058333333
 30
0.0
 10
205.1735447222222
 20
280.0181725
 30
0.0
 10
205.1735447222222
 20
280.9847836111111
 30
0.0
 10
205.1735447222222
 20
281.9549225
 30
0.0
 10
205.2723225
 20
282.5617002777777
 30
0.0
 10
205.2723225
 20
282.7380891666666
 30
0.0
 10
205.2723225
 20
283.9046076851851
 30
0.0
 10
205.2723225
 20
285.0711262037036
 30
0.0
 10
205.2723225
 20
286.2376447222222
 30
0.0
 10
204.2727854629629
 20
286.2376447222222
 30
0.0
 10
203.2732484259259
 20
286.2376447222222
 30
0.0
 10
202.2737113888888
 20
286.2376447222222
 30
0.0
 10
202.2737113888888
 20
285.0711262037036
 30
0.0
 10
202.2737113888888
 20
283.9046076851851
 30
0.0
 10
202.2737113888888
 20
282.7380891666666
 30
0.0
 10
202.2737113888888
 20
282.5617002777777
 30
0.0
 10
202.3724891666667
 20
281.9549225
 30
0.0
 10
202.3724891666667
 20
280.9847836111111
 30
0.0
 10
202.3724891666667
 20
280.0181725
 30
0.0
 10
202.3266280555555
 20
279.2350058333333
 30
0.0
 10
202.2737113888888
 20
279.2350058333333
 30
0.0
 10
200.2452391666666
 20
279.2350058333333
 30
0.0
 10
200.9070502777778
 20
276.8343530555555
 30
0.0
 10
198.2354641666666
 20
275.4676919444444
 30
0.0
 10
198.2354641666666
 20
275.4676919444444
 30
0.0
 10
198.2372280555555
 20
275.4645169444444
 30
0.0
 10
195.5635252777778
 20
274.1049113888889
 30
0.0
 10
194.2600113888888
 20
273.4416891666666
 30
0.0
 10
191.8343113888889
 20
273.4455697222222
 30
0.0
 10
189.9226086111111
 20
273.4455697222222
 30
0.0
 10
187.0382975
 20
273.4455697222222
 30
0.0
 10
187.2238586111111
 20
277.4905197222222
 30
0.0
 10
187.2238586111111
 20
283.9615224999999
 30
0.0
 10
187.2238586111111
 20
284.9690558333333
 30
0.0
 10
187.8489808333333
 20
285.8823975
 30
0.0
 10
189.1923586111111
 20
286.5685502777777
 30
0.0
 10
189.2417475
 20
286.5953613888889
 30
0.0
 10
189.6372113888889
 20
285.9162641666666
 30
0.0
 10
190.0788891666666
 20
285.0558391666666
 30
0.0
 10
190.5173919444444
 20
284.1943558333333
 30
0.0
 10
190.7068336111111
 20
283.6080391666666
 30
0.0
 10
190.7844447222222
 20
283.4535225
 30
0.0
 10
191.1830836111111
 20
282.6749419444444
 30
0.0
 10
192.3800586111111
 20
280.3353197222222
 30
0.0
 10
192.3800586111111
 20
280.3353197222222
 30
0.0
 10
193.2705873148148
 20
280.7908734259259
 30
0.0
 10
194.1611160185185
 20
281.2464271296296
 30
0.0
 10
195.0516447222222
 20
281.7019808333333
 30
0.0
 10
195.0516447222222
 20
281.7019808333333
 30
0.0
 10
193.8550225
 20
284.0380752777778
 30
0.0
 10
193.4556780555555
 20
284.8198308333333
 30
0.0
 10
193.3780669444444
 20
284.9747002777777
 30
0.0
 10
193.0115308333333
 20
285.4689419444444
 30
0.0
 10
192.5698530555555
 20
286.3293669444444
 30
0.0
 10
192.1306447222222
 20
287.1943780555555
 30
0.0
 10
191.8149086111111
 20
287.9087530555555
 30
0.0
 10
191.8639447222222
 20
287.9352113888889
 30
0.0
 10
194.5351780555555
 20
289.3018724999999
 30
0.0
 10
199.2726308333333
 20
290.7581391666666
 30
0.0
 10
202.4250530555555
 20
292.7936669444444
 30
0.0
 10
203.1824669444444
 20
293.2826169444444
 30
0.0
 10
205.3044252777777
 20
293.2356975
 30
0.0
 10
206.3472363888889
 20
293.2356975
 30
0.0
 10
210.4218197222222
 20
293.2356975
 30
0.0
 10
213.0105030555555
 20
289.3022252777777
 30
0.0
 10
215.6820891666666
 20
287.9355641666666
 30
0.0
 10
215.7311252777777
 20
287.9091058333333
 30
0.0
 10
215.4153891666666
 20
287.1943780555555
 30
0.0
 10
214.9726530555556
 20
286.3304252777777
 30
0.0
 10
214.5341502777777
 20
285.4692947222222
 30
0.0
 10
214.1676141666667
 20
284.9750530555555
 30
0.0
 10
214.0903558333333
 20
284.8201836111111
 30
0.0
 10
213.6910113888889
 20
284.0380752777778
 30
0.0
 10
212.4943891666667
 20
281.7023336111111
 30
0.0
 10
212.4943891666667
 20
281.7023336111111
 30
0.0
 10
213.3849178703704
 20
281.2467799074074
 30
0.0
 10
214.2754465740741
 20
280.7912262037037
 30
0.0
 10
215.1659752777778
 20
280.3356725
 30
0.0
 10
215.1659752777778
 20
280.3356725
 30
0.0
 10
216.3629502777777
 20
282.6749419444444
 30
0.0
 10
216.7615891666667
 20
283.4535225
 30
0.0
 10
216.8392002777777
 20
283.6083919444444
 30
0.0
 10
217.0286419444444
 20
284.1947086111111
 30
0.0
 10
217.4667919444444
 20
285.0558391666666
 30
0.0
 10
217.9088225
 20
285.9166169444444
 30
0.0
 10
218.3042863888889
 20
286.5957141666667
 30
0.0
 10
218.3533225
 20
286.5689030555555
 30
0.0
  0
SPLINE
  5
342
330
1F
100
AcDbEntity
  8
DEFAULT
 62
     1
100
AcDbSpline
210
0.0
220
0.0
230
1.0
 70
     8
 71
     3
 72
     8
 73
     4
 74
     0
 42
0.000000001
 43
0.0000000001
 40
0.0
 40
0.0
 40
0.0
 40
0.0
 40
1.0
 40
1.0
 40
1.0
 40
1.0
 10
191.9981766666667
 20
263.1275605555555
 30
0.0
 10
192.9732544444444
 20
263.1275605555555
 30
0.0
 10
191.6037711111111
 20
273.445605
 30
0.0
 10
189.922785
 20
273.445605
 30
0.0
  0
SPLINE
  5
343
330
1F
100
AcDbEntity
  8
DEFAULT
 62
     1
100
AcDbSpline
210
0.0
220
0.0
230
1.0
 70
     8
 71
     3
 72
     8
 73
     4
 74
     0
 42
0.000000001
 43
0.0000000001
 40
0.0
 40
0.0
 40
0.0
 40
0.0
 40
1.0
 40
1.0
 40
1.0
 40
1.0
 10
217.0244438888889
 20
275.9283491666666
 30
0.0
 10
216.0493661111111
 20
275.9283491666666
 30
0.0
 10
217.4188494444444
 20
265.6103047222222
 30
0.0
 10
219.0998355555556
 20
265.6103047222222
 30
0.0
  0
SPLINE
  5
344
330
1F
100
AcDbEntity
  8
DEFAULT
 62
   250
100
AcDbSpline
210
0.0
220
0.0
230
1.0
 70
     8
 71
     3
 72
    17
 73
    13
 74
     0
 42
0.000000001
 43
0.0000000001
 40
0.0
 40
0.0
 40
0.0
 40
0.0
 40
1.0
 40
1.0
 40
1.0
 40
2.0
 40
2.0
 40
2.0
 40
3.0
 40
3.0
 40
3.0
 40
4.0
 40
4.0
 40
4.0
 40
4.0
 10
178.6881533333333
 20
260.2500227777778
 30
0.0
 10
178.6246533333333
 20
260.1635922222222
 30
0.0
 10
178.4757811111111
 20
260.0334172222222
 30
0.0
 10
178.2570588888889
 20
259.9212338888888
 30
0.0
 10
177.7501172222222
 20
259.6615894444444
 30
0.0
 10
177.20437
 20
259.7861199999999
 30
0.0
 10
176.9020394444444
 20
260.3756116666667
 30
0.0
 10
176.6134672222222
 20
260.938645
 30
0.0
 10
176.7997338888889
 20
261.5157894444444
 30
0.0
 10
177.3574755555555
 20
261.8015394444444
 30
0.0
 10
177.5814894444444
 20
261.916545
 30
0.0
 10
177.747295
 20
261.9408866666666
 30
0.0
 10
177.8252588888889
 20
261.9405338888889
 30
0.0
  0
SPLINE
  5
345
330
1F
100
AcDbEntity
  8
DEFAULT
 62
   250
100
AcDbSpline
210
0.0
220
0.0
230
1.0
 70
     8
 71
     3
 72
    17
 73
    13
 74
     0
 42
0.000000001
 43
0.0000000001
 40
0.0
 40
0.0
 40
0.0
 40
0.0
 40
1.0
 40
1.0
 40
1.0
 40
2.0
 40
2.0
 40
2.0
 40
3.0
 40
3.0
 40
3.0
 40
4.0
 40
4.0
 40
4.0
 40
4.0
 10
160.4847494444444
 20
259.5522988888889
 30
0.0
 10
160.377505
 20
259.5533572222222
 30
0.0
 10
160.1848883333333
 20
259.59816
 30
0.0
 10
159.9661661111111
 20
259.7103433333333
 30
0.0
 10
159.4592244444444
 20
259.9699877777778
 30
0.0
 10
159.2419133333333
 20
260.4861016666666
 30
0.0
 10
159.5438911111111
 20
261.0755933333333
 30
0.0
 10
159.8324633333333
 20
261.6386266666667
 30
0.0
 10
160.4096077777778
 20
261.8245405555555
 30
0.0
 10
160.9673494444444
 20
261.5387905555555
 30
0.0
 10
161.1913633333333
 20
261.423785
 30
0.0
 10
161.3081327777778
 20
261.3034877777778
 30
0.0
 10
161.3532883333333
 20
261.2399877777777
 30
0.0
  0
POLYLINE
  5
346
330
1F
100
AcDbEntity
  8
DEFAULT
 62
   250
100
AcDb2dPolyline
 66
     1
 10
0.0
 20
0.0
 30
0.0
  0
VERTEX
  5
347
330
346
100
AcDbEntity
  8
DEFAULT
 62
   250
100
AcDbVertex
100
AcDb2dVertex
 10
169.7537033333334
 20
250.7869
 30
0.0
  0
VERTEX
  5
348
330
346
100
AcDbEntity
  8
DEFAULT
 62
   250
100
AcDbVertex
100
AcDb2dVertex
 10
168.9158561111111
 20
248.7658361111111
 30
0.0
  0
VERTEX
  5
349
330
346
100
AcDbEntity
  8
DEFAULT
 62
   250
100
AcDbVertex
100
AcDb2dVertex
 10
168.0628394444444
 20
250.7869
 30
0.0
  0
SEQEND
  5
34A
330
346
100
AcDbEntity
  8
DEFAULT
 62
   250
  0
SPLINE
  5
34B
330
1F
100
AcDbEntity
  8
DEFAULT
 62
     1
100
AcDbSpline
210
0.0
220
0.0
230
1.0
 70
    11
 71
     3
 72
   110
 73
   106
 74
     0
 42
0.000000001
 43
0.0000000001
 40
1.0
 40
1.0
 40
1.0
 40
1.0
 40
2.0
 40
2.0
 40
2.0
 40
3.0
 40
3.0
 40
3.0
 40
4.0
 40
4.0
 40
4.0
 40
5.0
 40
5.0
 40
5.0
 40
6.0
 40
6.0
 40
6.0
 40
7.0
 40
7.0
 40
7.0
 40
8.0
 40
8.0
 40
8.0
 40
9.0
 40
9.0
 40
9.0
 40
18.92000000000007
 40
18.92000000000007
 40
18.92000000000007
 40
27.42000000000007
 40
27.42000000000007
 40
27.42000000000007
 40
37.34000000000015
 40
37.34000000000015
 40
37.34000000000015
 40
38.34000000000015
 40
38.34000000000015
 40
38.34000000000015
 40
39.34000000000015
 40
39.34000000000015
 40
39.34000000000015
 40
40.34000000000015
 40
40.34000000000015
 40
40.34000000000015
 40
41.34000000000015
 40
41.34000000000015
 40
41.34000000000015
 40
42.34000000000015
 40
42.34000000000015
 40
42.34000000000015
 40
43.34000000000015
 40
43.34000000000015
 40
43.34000000000015
 40
44.34000000000015
 40
44.34000000000015
 40
44.34000000000015
 40
45.34000000000015
 40
45.34000000000015
 40
45.34000000000015
 40
46.34000000000015
 40
46.34000000000015
 40
46.34000000000015
 40
47.34000000000015
 40
47.34000000000015
 40
47.34000000000015
 40
55.84547235607769
 40
55.84547235607769
 40
55.84547235607769
 40
56.84547235607769
 40
56.84547235607769
 40
56.84547235607769
 40
57.84547235607769
 40
57.84547235607769
 40
57.84547235607769
 40
58.84547235607769
 40
58.84547235607769
 40
58.84547235607769
 40
59.84547235607769
 40
59.84547235607769
 40
59.84547235607769
 40
60.84547235607769
 40
60.84547235607769
 40
60.84547235607769
 40
61.84547235607769
 40
61.84547235607769
 40
61.84547235607769
 40
62.84547235607769
 40
62.84547235607769
 40
62.84547235607769
 40
63.84547235607769
 40
63.84547235607769
 40
63.84547235607769
 40
64.84547235607769
 40
64.84547235607769
 40
64.84547235607769
 40
73.35183497472968
 40
73.35183497472968
 40
73.35183497472968
 40
74.35183497472968
 40
74.35183497472968
 40
74.35183497472968
 40
75.35183497472968
 40
75.35183497472968
 40
75.35183497472968
 40
76.35183497472968
 40
76.35183497472968
 40
76.35183497472968
 40
76.35183497472968
 10
154.3283891666667
 20
252.4869713888889
 30
0.0
 10
151.1558586111111
 20
254.1101019444444
 30
0.0
 10
150.8806919444444
 20
255.4252575
 30
0.0
 10
150.8806919444444
 20
258.2795824999999
 30
0.0
 10
150.8806919444444
 20
261.8997880555555
 30
0.0
 10
152.2748697222222
 20
263.1274547222222
 30
0.0
 10
155.6573030555555
 20
263.1274547222222
 30
0.0
 10
157.6388558333333
 20
263.1274547222222
 30
0.0
 10
159.1790836111111
 20
264.1000630555555
 30
0.0
 10
159.1790836111111
 20
266.7035630555555
 30
0.0
 10
159.1790836111111
 20
271.3602297222222
 30
0.0
 10
162.4493336111111
 20
275.2513686111111
 30
0.0
 10
166.8202502777778
 20
276.2109241666666
 30
0.0
 10
167.3494169444444
 20
276.3097019444444
 30
0.0
 10
166.9084447222222
 20
274.2039713888888
 30
0.0
 10
166.9084447222222
 20
272.3589436111111
 30
0.0
 10
166.9084447222222
 20
265.4268602777777
 30
0.0
 10
166.9754725
 20
259.8208686111111
 30
0.0
 10
167.4097419444444
 20
259.8208686111111
 30
0.0
 10
167.4658336111111
 20
259.8208686111111
 30
0.0
 10
167.5081669444444
 20
259.0380547222222
 30
0.0
 10
167.5081669444444
 20
258.0714436111111
 30
0.0
 10
167.5081669444444
 20
257.1013047222222
 30
0.0
 10
167.4097419444444
 20
256.4941741666667
 30
0.0
 10
167.4097419444444
 20
256.3177852777778
 30
0.0
 10
167.4097419444444
 20
255.1512667592592
 30
0.0
 10
167.4097419444444
 20
253.9847482407407
 30
0.0
 10
167.4097419444444
 20
252.8182297222222
 30
0.0
 10
168.4092789814815
 20
252.8182297222222
 30
0.0
 10
169.4088160185185
 20
252.8182297222222
 30
0.0
 10
170.4083530555556
 20
252.8182297222222
 30
0.0
 10
170.4083530555556
 20
253.9847482407407
 30
0.0
 10
170.4083530555556
 20
255.1512667592592
 30
0.0
 10
170.4083530555556
 20
256.3177852777778
 30
0.0
 10
170.4083530555556
 20
256.4941741666667
 30
0.0
 10
170.3092225
 20
257.1013047222222
 30
0.0
 10
170.3092225
 20
258.0714436111111
 30
0.0
 10
170.3092225
 20
259.0380547222222
 30
0.0
 10
170.3550836111111
 20
259.8208686111111
 30
0.0
 10
170.4083530555556
 20
259.8208686111111
 30
0.0
 10
172.4368252777778
 20
259.8208686111111
 30
0.0
 10
171.7746613888889
 20
262.2215213888889
 30
0.0
 10
174.4462475
 20
263.5881825
 30
0.0
 10
174.4462475
 20
263.5881825
 30
0.0
 10
174.4444836111111
 20
263.5913575
 30
0.0
 10
177.1181863888889
 20
264.9509630555555
 30
0.0
 10
178.4217002777777
 20
265.6141852777778
 30
0.0
 10
180.8474002777778
 20
265.6103047222222
 30
0.0
 10
182.7587502777778
 20
265.6103047222222
 30
0.0
 10
185.6434141666666
 20
265.6103047222222
 30
0.0
 10
185.4578530555555
 20
261.5657075
 30
0.0
 10
185.4578530555555
 20
255.0943519444444
 30
0.0
 10
185.4578530555555
 20
254.0868186111111
 30
0.0
 10
184.8327308333333
 20
253.1734769444444
 30
0.0
 10
183.4893530555555
 20
252.4873241666666
 30
0.0
 10
183.4403169444444
 20
252.4605130555555
 30
0.0
 10
183.0445002777778
 20
253.1396102777778
 30
0.0
 10
182.6028225
 20
254.0003880555555
 30
0.0
 10
182.1643197222222
 20
254.8615186111111
 30
0.0
 10
181.9748780555555
 20
255.4478352777778
 30
0.0
 10
181.8972669444444
 20
255.6023519444444
 30
0.0
 10
181.4986280555555
 20
256.3812852777777
 30
0.0
 10
180.3016530555555
 20
258.7205547222222
 30
0.0
 10
180.3016530555555
 20
258.7205547222222
 30
0.0
 10
179.4112419444444
 20
258.2650010185185
 30
0.0
 10
178.5208308333333
 20
257.8094473148148
 30
0.0
 10
177.6304197222222
 20
257.3538936111111
 30
0.0
 10
177.6304197222222
 20
257.3538936111111
 30
0.0
 10
178.8266891666667
 20
255.0181519444444
 30
0.0
 10
179.2260336111111
 20
254.2360436111111
 30
0.0
 10
179.3036447222222
 20
254.0811741666666
 30
0.0
 10
179.6701808333333
 20
253.5869325
 30
0.0
 10
180.1118586111111
 20
252.7265075
 30
0.0
 10
180.5510669444444
 20
251.8614963888889
 30
0.0
 10
180.8668030555556
 20
251.1471213888888
 30
0.0
 10
180.8177669444444
 20
251.1206630555555
 30
0.0
 10
178.1465336111111
 20
249.7540019444444
 30
0.0
 10
173.4090808333333
 20
248.2977352777777
 30
0.0
 10
170.2566586111111
 20
246.2622075
 30
0.0
 10
169.4992447222222
 20
245.7732575
 30
0.0
 10
167.3772863888888
 20
245.8201769444444
 30
0.0
 10
166.3344752777778
 20
245.8201769444444
 30
0.0
 10
162.2598919444444
 20
245.8201769444444
 30
0.0
 10
159.6712086111111
 20
249.7540019444444
 30
0.0
 10
156.9996225
 20
251.1203102777777
 30
0.0
 10
156.9505863888889
 20
251.1467686111111
 30
0.0
 10
157.2666752777778
 20
251.8614963888889
 30
0.0
 10
157.7090586111111
 20
252.7254491666667
 30
0.0
 10
158.1475613888889
 20
253.5865797222222
 30
0.0
 10
158.5140975
 20
254.0808213888889
 30
0.0
 10
158.5913558333333
 20
254.2356908333333
 30
0.0
 10
158.9907002777778
 20
255.0177991666666
 30
0.0
 10
160.1873225
 20
257.3535408333333
 30
0.0
 10
160.1873225
 20
257.3535408333333
 30
0.0
 10
159.2967937962963
 20
257.809094537037
 30
0.0
 10
158.4062650925926
 20
258.2646482407407
 30
0.0
 10
157.5157363888889
 20
258.7202019444444
 30
0.0
 10
157.5157363888889
 20
258.7202019444444
 30
0.0
 10
156.3187613888889
 20
256.3809325
 30
0.0
 10
155.9201225
 20
255.6023519444444
 30
0.0
 10
155.8425113888889
 20
255.4474825
 30
0.0
 10
155.6530697222222
 20
254.8611658333333
 30
0.0
 10
155.2149197222222
 20
254.0000352777778
 30
0.0
 10
154.7728891666667
 20
253.1392575
 30
0.0
 10
154.3774252777778
 20
252.4601602777777
 30
0.0
 10
154.3283891666667
 20
252.4869713888889
 30
0.0
  0
SPLINE
  5
34C
330
1F
100
AcDbEntity
  8
DEFAULT
 62
   250
100
AcDbSpline
210
0.0
220
0.0
230
1.0
 70
     8
 71
     3
 72
    17
 73
    13
 74
     0
 42
0.000000001
 43
0.0000000001
 40
0.0
 40
0.0
 40
0.0
 40
0.0
 40
1.0
 40
1.0
 40
1.0
 40
2.0
 40
2.0
 40
2.0
 40
3.0
 40
3.0
 40
3.0
 40
4.0
 40
4.0
 40
4.0
 40
4.0
 10
157.6513794444444
 20
278.8058163888888
 30
0.0
 10
157.7148794444444
 20
278.8922469444444
 30
0.0
 10
157.8637516666666
 20
279.0224219444444
 30
0.0
 10
158.0824738888889
 20
279.1346052777778
 30
0.0
 10
158.5894155555555
 20
279.3946025
 30
0.0
 10
159.1351627777778
 20
279.2697191666667
 30
0.0
 10
159.4371405555555
 20
278.6802275
 30
0.0
 10
159.7257127777778
 20
278.1171941666666
 30
0.0
 10
159.5397988888889
 20
277.5400497222222
 30
0.0
 10
158.9820572222222
 20
277.2542997222222
 30
0.0
 10
158.7580433333333
 20
277.1392941666666
 30
0.0
 10
158.5922377777778
 20
277.1149525
 30
0.0
 10
158.5142738888889
 20
277.1153052777777
 30
0.0
  0
SPLINE
  5
34D
330
1F
100
AcDbEntity
  8
DEFAULT
 62
   250
100
AcDbSpline
210
0.0
220
0.0
230
1.0
 70
     8
 71
     3
 72
    17
 73
    13
 74
     0
 42
0.000000001
 43
0.0000000001
 40
0.0
 40
0.0
 40
0.0
 40
0.0
 40
1.0
 40
1.0
 40
1.0
 40
2.0
 40
2.0
 40
2.0
 40
3.0
 40
3.0
 40
3.0
 40
4.0
 40
4.0
 40
4.0
 40
4.0
 10
175.8547833333333
 20
279.5035755555555
 30
0.0
 10
175.9620277777778
 20
279.5025172222222
 30
0.0
 10
176.1546444444444
 20
279.4577144444444
 30
0.0
 10
176.3733666666667
 20
279.3455311111111
 30
0.0
 10
176.8803083333333
 20
279.0858866666666
 30
0.0
 10
177.0976194444444
 20
278.5697727777777
 30
0.0
 10
176.7956416666666
 20
277.9802811111111
 30
0.0
 10
176.5070694444444
 20
277.4172477777777
 30
0.0
 10
175.929925
 20
277.2313338888889
 30
0.0
 10
175.3721833333333
 20
277.5170838888889
 30
0.0
 10
175.1481694444444
 20
277.6320894444444
 30
0.0
 10
175.0314
 20
277.7523866666666
 30
0.0
 10
174.9862444444444
 20
277.8158866666666
 30
0.0
  0
POLYLINE
  5
34E
330
1F
100
AcDbEntity
  8
DEFAULT
 62
   250
100
AcDb2dPolyline
 66
     1
 10
0.0
 20
0.0
 30
0.0
  0
VERTEX
  5
34F
330
34E
100
AcDbEntity
  8
DEFAULT
 62
   250
100
AcDbVertex
100
AcDb2dVertex
 10
166.5857941666667
 20
288.2689744444444
 30
0.0
  0
VERTEX
  5
350
330
34E
100
AcDbEntity
  8
DEFAULT
 62
   250
100
AcDbVertex
100
AcDb2dVertex
 10
167.4236413888889
 20
290.2900383333334
 30
0.0
  0
VERTEX
  5
351
330
34E
100
AcDbEntity
  8
DEFAULT
 62
   250
100
AcDbVertex
100
AcDb2dVertex
 10
168.2770108333333
 20
288.2689744444444
 30
0.0
  0
SEQEND
  5
352
330
34E
100
AcDbEntity
  8
DEFAULT
 62
   250
  0
SPLINE
  5
353
330
1F
100
AcDbEntity
  8
DEFAULT
 62
     1
100
AcDbSpline
210
0.0
220
0.0
230
1.0
 70
    11
 71
     3
 72
   110
 73
   106
 74
     0
 42
0.000000001
 43
0.0000000001
 40
1.0
 40
1.0
 40
1.0
 40
1.0
 40
2.0
 40
2.0
 40
2.0
 40
3.0
 40
3.0
 40
3.0
 40
4.0
 40
4.0
 40
4.0
 40
5.0
 40
5.0
 40
5.0
 40
6.0
 40
6.0
 40
6.0
 40
7.0
 40
7.0
 40
7.0
 40
8.0
 40
8.0
 40
8.0
 40
9.0
 40
9.0
 40
9.0
 40
18.92000000000007
 40
18.92000000000007
 40
18.92000000000007
 40
27.42000000000007
 40
27.42000000000007
 40
27.42000000000007
 40
37.34000000000015
 40
37.34000000000015
 40
37.34000000000015
 40
38.34000000000015
 40
38.34000000000015
 40
38.34000000000015
 40
39.34000000000015
 40
39.34000000000015
 40
39.34000000000015
 40
40.34000000000015
 40
40.34000000000015
 40
40.34000000000015
 40
41.34000000000015
 40
41.34000000000015
 40
41.34000000000015
 40
42.34000000000015
 40
42.34000000000015
 40
42.34000000000015
 40
43.34000000000015
 40
43.34000000000015
 40
43.34000000000015
 40
44.34000000000015
 40
44.34000000000015
 40
44.34000000000015
 40
45.34000000000015
 40
45.34000000000015
 40
45.34000000000015
 40
46.34000000000015
 40
46.34000000000015
 40
46.34000000000015
 40
47.34000000000015
 40
47.34000000000015
 40
47.34000000000015
 40
55.84547235607769
 40
55.84547235607769
 40
55.84547235607769
 40
56.84547235607769
 40
56.84547235607769
 40
56.84547235607769
 40
57.84547235607769
 40
57.84547235607769
 40
57.84547235607769
 40
58.84547235607769
 40
58.84547235607769
 40
58.84547235607769
 40
59.84547235607769
 40
59.84547235607769
 40
59.84547235607769
 40
60.84547235607769
 40
60.84547235607769
 40
60.84547235607769
 40
61.84547235607769
 40
61.84547235607769
 40
61.84547235607769
 40
62.84547235607769
 40
62.84547235607769
 40
62.84547235607769
 40
63.84547235607769
 40
63.84547235607769
 40
63.84547235607769
 40
64.84547235607769
 40
64.84547235607769
 40
64.84547235607769
 40
73.35183497472968
 40
73.35183497472968
 40
73.35183497472968
 40
74.35183497472968
 40
74.35183497472968
 40
74.35183497472968
 40
75.35183497472968
 40
75.35183497472968
 40
75.35183497472968
 40
76.35183497472968
 40
76.35183497472968
 40
76.35183497472968
 40
76.35183497472968
 10
182.0124488888889
 20
286.5689030555555
 30
0.0
 10
185.1849794444444
 20
284.9457725
 30
0.0
 10
185.4601461111111
 20
283.6306169444444
 30
0.0
 10
185.4601461111111
 20
280.7762919444444
 30
0.0
 10
185.4601461111111
 20
277.1560863888889
 30
0.0
 10
184.0659683333333
 20
275.9284197222221
 30
0.0
 10
180.6835349999999
 20
275.9284197222221
 30
0.0
 10
178.7019822222222
 20
275.9284197222221
 30
0.0
 10
177.1617544444444
 20
274.9558113888888
 30
0.0
 10
177.1617544444444
 20
272.3523113888888
 30
0.0
 10
177.1617544444444
 20
267.6956447222222
 30
0.0
 10
173.8915044444444
 20
263.8045058333333
 30
0.0
 10
169.5205877777778
 20
262.8449502777777
 30
0.0
 10
168.9914211111111
 20
262.7461724999999
 30
0.0
 10
169.4323933333333
 20
264.8522558333333
 30
0.0
 10
169.4323933333333
 20
266.6972836111111
 30
0.0
 10
169.4323933333333
 20
273.6290141666666
 30
0.0
 10
169.3653655555555
 20
279.2350058333333
 30
0.0
 10
168.9314488888889
 20
279.2350058333333
 30
0.0
 10
168.8750044444444
 20
279.2350058333333
 30
0.0
 10
168.8326711111111
 20
280.0181725
 30
0.0
 10
168.8326711111111
 20
280.9847836111111
 30
0.0
 10
168.8326711111111
 20
281.9549225
 30
0.0
 10
168.9314488888889
 20
282.5617002777777
 30
0.0
 10
168.9314488888889
 20
282.7380891666666
 30
0.0
 10
168.9314488888889
 20
283.9046076851851
 30
0.0
 10
168.9314488888889
 20
285.0711262037036
 30
0.0
 10
168.9314488888889
 20
286.2376447222222
 30
0.0
 10
167.9319118518519
 20
286.2376447222222
 30
0.0
 10
166.9323748148148
 20
286.2376447222222
 30
0.0
 10
165.9328377777778
 20
286.2376447222222
 30
0.0
 10
165.9328377777778
 20
285.0711262037036
 30
0.0
 10
165.9328377777778
 20
283.9046076851851
 30
0.0
 10
165.9328377777778
 20
282.7380891666666
 30
0.0
 10
165.9328377777778
 20
282.5617002777777
 30
0.0
 10
166.0316155555555
 20
281.9549225
 30
0.0
 10
166.0316155555555
 20
280.9847836111111
 30
0.0
 10
166.0316155555555
 20
280.0181725
 30
0.0
 10
165.9857544444444
 20
279.2350058333333
 30
0.0
 10
165.9328377777778
 20
279.2350058333333
 30
0.0
 10
163.9043655555555
 20
279.2350058333333
 30
0.0
 10
164.5658238888889
 20
276.8343530555555
 30
0.0
 10
161.8945905555555
 20
275.4676919444444
 30
0.0
 10
161.8945905555555
 20
275.4676919444444
 30
0.0
 10
161.8963544444444
 20
275.4645169444444
 30
0.0
 10
159.2226516666666
 20
274.1049113888889
 30
0.0
 10
157.9191377777778
 20
273.4416891666666
 30
0.0
 10
155.4934377777778
 20
273.4455697222222
 30
0.0
 10
153.581735
 20
273.4455697222222
 30
0.0
 10
150.6974238888889
 20
273.4455697222222
 30
0.0
 10
150.882985
 20
277.4905197222222
 30
0.0
 10
150.882985
 20
283.9615224999999
 30
0.0
 10
150.882985
 20
284.9690558333333
 30
0.0
 10
151.5081072222222
 20
285.8823975
 30
0.0
 10
152.851485
 20
286.5685502777777
 30
0.0
 10
152.9005211111111
 20
286.5953613888889
 30
0.0
 10
153.2963377777778
 20
285.9162641666666
 30
0.0
 10
153.7380155555555
 20
285.0558391666666
 30
0.0
 10
154.1765183333333
 20
284.1943558333333
 30
0.0
 10
154.36596
 20
283.6080391666666
 30
0.0
 10
154.4432183333333
 20
283.4535225
 30
0.0
 10
154.84221
 20
282.6749419444444
 30
0.0
 10
156.039185
 20
280.3353197222222
 30
0.0
 10
156.039185
 20
280.3353197222222
 30
0.0
 10
156.9295961111111
 20
280.7908734259259
 30
0.0
 10
157.8200072222222
 20
281.2464271296296
 30
0.0
 10
158.7104183333333
 20
281.7019808333333
 30
0.0
 10
158.7104183333333
 20
281.7019808333333
 30
0.0
 10
157.5141488888889
 20
284.0380752777778
 30
0.0
 10
157.1148044444444
 20
284.8198308333333
 30
0.0
 10
157.0371933333333
 20
284.9747002777777
 30
0.0
 10
156.6706572222222
 20
285.4689419444444
 30
0.0
 10
156.2289794444444
 20
286.3293669444444
 30
0.0
 10
155.7897711111111
 20
287.1943780555555
 30
0.0
 10
155.474035
 20
287.9087530555555
 30
0.0
 10
155.5230711111111
 20
287.9352113888889
 30
0.0
 10
158.1943044444444
 20
289.3018724999999
 30
0.0
 10
162.9317572222222
 20
290.7581391666666
 30
0.0
 10
166.0841794444444
 20
292.7936669444444
 30
0.0
 10
166.8415933333333
 20
293.2826169444444
 30
0.0
 10
168.9635516666667
 20
293.2356975
 30
0.0
 10
170.0063627777778
 20
293.2356975
 30
0.0
 10
174.0809461111111
 20
293.2356975
 30
0.0
 10
176.6696294444444
 20
289.3022252777777
 30
0.0
 10
179.3412155555555
 20
287.9355641666666
 30
0.0
 10
179.3902516666666
 20
287.9091058333333
 30
0.0
 10
179.0741627777778
 20
287.1943780555555
 30
0.0
 10
178.6317794444444
 20
286.3304252777777
 30
0.0
 10
178.1932766666666
 20
285.4692947222222
 30
0.0
 10
177.8267405555555
 20
284.9750530555555
 30
0.0
 10
177.7494822222222
 20
284.8201836111111
 30
0.0
 10
177.349785
 20
284.0380752777778
 30
0.0
 10
176.1535155555555
 20
281.7023336111111
 30
0.0
 10
176.1535155555555
 20
281.7023336111111
 30
0.0
 10
177.0440442592592
 20
281.2467799074074
 30
0.0
 10
177.934572962963
 20
280.7912262037037
 30
0.0
 10
178.8251016666666
 20
280.3356725
 30
0.0
 10
178.8251016666666
 20
280.3356725
 30
0.0
 10
180.0220766666666
 20
282.6749419444444
 30
0.0
 10
180.4207155555555
 20
283.4535225
 30
0.0
 10
180.4983266666667
 20
283.6083919444444
 30
0.0
 10
180.6877683333333
 20
284.1947086111111
 30
0.0
 10
181.1259183333333
 20
285.0558391666666
 30
0.0
 10
181.5679488888888
 20
285.9166169444444
 30
0.0
 10
181.9634127777777
 20
286.5957141666667
 30
0.0
 10
182.0124488888889
 20
286.5689030555555
 30
0.0
  0
SPLINE
  5
354
330
1F
100
AcDbEntity
  8
DEFAULT
 62
     1
100
AcDbSpline
210
0.0
220
0.0
230
1.0
 70
     8
 71
     3
 72
     8
 73
     4
 74
     0
 42
0.000000001
 43
0.0000000001
 40
0.0
 40
0.0
 40
0.0
 40
0.0
 40
1.0
 40
1.0
 40
1.0
 40
1.0
 10
155.6573030555555
 20
263.1275605555555
 30
0.0
 10
156.6323808333333
 20
263.1275605555555
 30
0.0
 10
155.2628975
 20
273.445605
 30
0.0
 10
153.5819113888889
 20
273.445605
 30
0.0
  0
SPLINE
  5
355
330
1F
100
AcDbEntity
  8
DEFAULT
 62
     1
100
AcDbSpline
210
0.0
220
0.0
230
1.0
 70
     8
 71
     3
 72
     8
 73
     4
 74
     0
 42
0.000000001
 43
0.0000000001
 40
0.0
 40
0.0
 40
0.0
 40
0.0
 40
1.0
 40
1.0
 40
1.0
 40
1.0
 10
180.6835702777778
 20
275.9283491666666
 30
0.0
 10
179.7081397222222
 20
275.9283491666666
 30
0.0
 10
181.0779758333333
 20
265.6103047222222
 30
0.0
 10
182.7589619444445
 20
265.6103047222222
 30
0.0
  0
SPLINE
  5
356
330
1F
100
AcDbEntity
  8
DEFAULT
 62
   250
100
AcDbSpline
210
0.0
220
0.0
230
1.0
 70
     8
 71
     3
 72
    17
 73
    13
 74
     0
 42
0.000000001
 43
0.0000000001
 40
0.0
 40
0.0
 40
0.0
 40
0.0
 40
1.0
 40
1.0
 40
1.0
 40
2.0
 40
2.0
 40
2.0
 40
3.0
 40
3.0
 40
3.0
 40
4.0
 40
4.0
 40
4.0
 40
4.0
 10
142.3472797222222
 20
260.2500227777778
 30
0.0
 10
142.2837797222222
 20
260.1635922222222
 30
0.0
 10
142.1349075
 20
260.0334172222222
 30
0.0
 10
141.9161852777778
 20
259.9212338888888
 30
0.0
 10
141.4092436111111
 20
259.6615894444444
 30
0.0
 10
140.8634963888889
 20
259.7861199999999
 30
0.0
 10
140.5611658333333
 20
260.3756116666667
 30
0.0
 10
140.2725936111111
 20
260.938645
 30
0.0
 10
140.4588602777778
 20
261.5157894444444
 30
0.0
 10
141.0162491666667
 20
261.8015394444444
 30
0.0
 10
141.2406158333333
 20
261.916545
 30
0.0
 10
141.4064213888889
 20
261.9408866666666
 30
0.0
 10
141.4843852777778
 20
261.9405338888889
 30
0.0
  0
SPLINE
  5
357
330
1F
100
AcDbEntity
  8
DEFAULT
 62
   250
100
AcDbSpline
210
0.0
220
0.0
230
1.0
 70
     8
 71
     3
 72
    17
 73
    13
 74
     0
 42
0.000000001
 43
0.0000000001
 40
0.0
 40
0.0
 40
0.0
 40
0.0
 40
1.0
 40
1.0
 40
1.0
 40
2.0
 40
2.0
 40
2.0
 40
3.0
 40
3.0
 40
3.0
 40
4.0
 40
4.0
 40
4.0
 40
4.0
 10
124.1438758333333
 20
259.5522988888889
 30
0.0
 10
124.0366313888889
 20
259.5533572222222
 30
0.0
 10
123.8440147222222
 20
259.59816
 30
0.0
 10
123.6252925
 20
259.7103433333333
 30
0.0
 10
123.1183508333333
 20
259.9699877777778
 30
0.0
 10
122.9010397222222
 20
260.4861016666666
 30
0.0
 10
123.2030175
 20
261.0755933333333
 30
0.0
 10
123.4915897222222
 20
261.6386266666667
 30
0.0
 10
124.0687341666667
 20
261.8245405555555
 30
0.0
 10
124.6264758333333
 20
261.5387905555555
 30
0.0
 10
124.8504897222222
 20
261.423785
 30
0.0
 10
124.9672591666667
 20
261.3034877777778
 30
0.0
 10
125.0124147222222
 20
261.2399877777777
 30
0.0
  0
POLYLINE
  5
358
330
1F
100
AcDbEntity
  8
DEFAULT
 62
   250
100
AcDb2dPolyline
 66
     1
 10
0.0
 20
0.0
 30
0.0
  0
VERTEX
  5
359
330
358
100
AcDbEntity
  8
DEFAULT
 62
   250
100
AcDbVertex
100
AcDb2dVertex
 10
133.4128297222222
 20
250.7869000000001
 30
0.0
  0
VERTEX
  5
35A
330
358
100
AcDbEntity
  8
DEFAULT
 62
   250
100
AcDbVertex
100
AcDb2dVertex
 10
132.5749825
 20
248.7658361111112
 30
0.0
  0
VERTEX
  5
35B
330
358
100
AcDbEntity
  8
DEFAULT
 62
   250
100
AcDbVertex
100
AcDb2dVertex
 10
131.7219658333333
 20
250.7869
 30
0.0
  0
SEQEND
  5
35C
330
358
100
AcDbEntity
  8
DEFAULT
 62
   250
  0
SPLINE
  5
35D
330
1F
100
AcDbEntity
  8
DEFAULT
 62
     1
100
AcDbSpline
210
0.0
220
0.0
230
1.0
 70
    11
 71
     3
 72
   110
 73
   106
 74
     0
 42
0.000000001
 43
0.0000000001
 40
1.0
 40
1.0
 40
1.0
 40
1.0
 40
2.0
 40
2.0
 40
2.0
 40
3.0
 40
3.0
 40
3.0
 40
4.0
 40
4.0
 40
4.0
 40
5.0
 40
5.0
 40
5.0
 40
6.0
 40
6.0
 40
6.0
 40
7.0
 40
7.0
 40
7.0
 40
8.0
 40
8.0
 40
8.0
 40
9.0
 40
9.0
 40
9.0
 40
18.92000000000007
 40
18.92000000000007
 40
18.92000000000007
 40
27.42000000000007
 40
27.42000000000007
 40
27.42000000000007
 40
37.34000000000015
 40
37.34000000000015
 40
37.34000000000015
 40
38.34000000000015
 40
38.34000000000015
 40
38.34000000000015
 40
39.34000000000015
 40
39.34000000000015
 40
39.34000000000015
 40
40.34000000000015
 40
40.34000000000015
 40
40.34000000000015
 40
41.34000000000015
 40
41.34000000000015
 40
41.34000000000015
 40
42.34000000000015
 40
42.34000000000015
 40
42.34000000000015
 40
43.34000000000015
 40
43.34000000000015
 40
43.34000000000015
 40
44.34000000000015
 40
44.34000000000015
 40
44.34000000000015
 40
45.34000000000015
 40
45.34000000000015
 40
45.34000000000015
 40
46.34000000000015
 40
46.34000000000015
 40
46.34000000000015
 40
47.34000000000015
 40
47.34000000000015
 40
47.34000000000015
 40
55.84547235607769
 40
55.84547235607769
 40
55.84547235607769
 40
56.84547235607769
 40
56.84547235607769
 40
56.84547235607769
 40
57.84547235607769
 40
57.84547235607769
 40
57.84547235607769
 40
58.84547235607769
 40
58.84547235607769
 40
58.84547235607769
 40
59.84547235607769
 40
59.84547235607769
 40
59.84547235607769
 40
60.84547235607769
 40
60.84547235607769
 40
60.84547235607769
 40
61.84547235607769
 40
61.84547235607769
 40
61.84547235607769
 40
62.84547235607769
 40
62.84547235607769
 40
62.84547235607769
 40
63.84547235607769
 40
63.84547235607769
 40
63.84547235607769
 40
64.84547235607769
 40
64.84547235607769
 40
64.84547235607769
 40
73.35183497472968
 40
73.35183497472968
 40
73.35183497472968
 40
74.35183497472968
 40
74.35183497472968
 40
74.35183497472968
 40
75.35183497472968
 40
75.35183497472968
 40
75.35183497472968
 40
76.35183497472968
 40
76.35183497472968
 40
76.35183497472968
 40
76.35183497472968
 10
117.9875155555555
 20
252.4869713888889
 30
0.0
 10
114.814985
 20
254.1101019444444
 30
0.0
 10
114.5398183333333
 20
255.4252575
 30
0.0
 10
114.5398183333333
 20
258.2795824999999
 30
0.0
 10
114.5398183333333
 20
261.8997880555555
 30
0.0
 10
115.9339961111111
 20
263.1274547222222
 30
0.0
 10
119.3164294444444
 20
263.1274547222222
 30
0.0
 10
121.2979822222222
 20
263.1274547222222
 30
0.0
 10
122.83821
 20
264.1000630555555
 30
0.0
 10
122.83821
 20
266.7035630555555
 30
0.0
 10
122.83821
 20
271.3602297222222
 30
0.0
 10
126.10846
 20
275.2513686111111
 30
0.0
 10
130.4793766666666
 20
276.2109241666666
 30
0.0
 10
131.0085433333333
 20
276.3097019444444
 30
0.0
 10
130.5675711111111
 20
274.2039713888888
 30
0.0
 10
130.5675711111111
 20
272.3589436111111
 30
0.0
 10
130.5675711111111
 20
265.4268602777777
 30
0.0
 10
130.6345988888889
 20
259.8208686111111
 30
0.0
 10
131.0685155555555
 20
259.8208686111111
 30
0.0
 10
131.12496
 20
259.8208686111111
 30
0.0
 10
131.1672933333333
 20
259.0380547222222
 30
0.0
 10
131.1672933333333
 20
258.0714436111111
 30
0.0
 10
131.1672933333333
 20
257.1013047222222
 30
0.0
 10
131.0685155555555
 20
256.4941741666667
 30
0.0
 10
131.0685155555555
 20
256.3177852777778
 30
0.0
 10
131.0685155555555
 20
255.1512667592592
 30
0.0
 10
131.0685155555555
 20
253.9847482407407
 30
0.0
 10
131.0685155555555
 20
252.8182297222222
 30
0.0
 10
132.0680525925926
 20
252.8182297222222
 30
0.0
 10
133.0675896296296
 20
252.8182297222222
 30
0.0
 10
134.0671266666667
 20
252.8182297222222
 30
0.0
 10
134.0671266666667
 20
253.9847482407407
 30
0.0
 10
134.0671266666667
 20
255.1512667592592
 30
0.0
 10
134.0671266666667
 20
256.3177852777778
 30
0.0
 10
134.0671266666667
 20
256.4941741666667
 30
0.0
 10
133.9683488888889
 20
257.1013047222222
 30
0.0
 10
133.9683488888889
 20
258.0714436111111
 30
0.0
 10
133.9683488888889
 20
259.0380547222222
 30
0.0
 10
134.01421
 20
259.8208686111111
 30
0.0
 10
134.0671266666667
 20
259.8208686111111
 30
0.0
 10
136.0955988888889
 20
259.8208686111111
 30
0.0
 10
135.4337877777778
 20
262.2215213888889
 30
0.0
 10
138.1053738888889
 20
263.5881825
 30
0.0
 10
138.1053738888889
 20
263.5881825
 30
0.0
 10
138.10361
 20
263.5913575
 30
0.0
 10
140.7773127777778
 20
264.9509630555555
 30
0.0
 10
142.0808266666667
 20
265.6141852777778
 30
0.0
 10
144.5065266666667
 20
265.6103047222222
 30
0.0
 10
146.4178766666667
 20
265.6103047222222
 30
0.0
 10
149.3025405555555
 20
265.6103047222222
 30
0.0
 10
149.1169794444444
 20
261.5657075
 30
0.0
 10
149.1169794444444
 20
255.0943519444444
 30
0.0
 10
149.1169794444444
 20
254.0868186111111
 30
0.0
 10
148.4918572222222
 20
253.1734769444444
 30
0.0
 10
147.1484794444444
 20
252.4873241666666
 30
0.0
 10
147.0990905555556
 20
252.4605130555555
 30
0.0
 10
146.7036266666667
 20
253.1396102777778
 30
0.0
 10
146.2619488888889
 20
254.0003880555555
 30
0.0
 10
145.8234461111111
 20
254.8615186111111
 30
0.0
 10
145.6340044444444
 20
255.4478352777778
 30
0.0
 10
145.5563933333333
 20
255.6023519444444
 30
0.0
 10
145.1577544444445
 20
256.3812852777777
 30
0.0
 10
143.9607794444444
 20
258.7205547222222
 30
0.0
 10
143.9607794444444
 20
258.7205547222222
 30
0.0
 10
143.0703683333333
 20
258.2650010185185
 30
0.0
 10
142.1799572222222
 20
257.8094473148148
 30
0.0
 10
141.2895461111111
 20
257.3538936111111
 30
0.0
 10
141.2895461111111
 20
257.3538936111111
 30
0.0
 10
142.4858155555555
 20
255.0181519444444
 30
0.0
 10
142.88516
 20
254.2360436111111
 30
0.0
 10
142.9627711111111
 20
254.0811741666666
 30
0.0
 10
143.3293072222222
 20
253.5869325
 30
0.0
 10
143.770985
 20
252.7265075
 30
0.0
 10
144.2101933333333
 20
251.8614963888889
 30
0.0
 10
144.5259294444444
 20
251.1471213888888
 30
0.0
 10
144.4768933333333
 20
251.1206630555555
 30
0.0
 10
141.80566
 20
249.7540019444444
 30
0.0
 10
137.0682072222222
 20
248.2977352777777
 30
0.0
 10
133.915785
 20
246.2622075
 30
0.0
 10
133.1583711111111
 20
245.7732575
 30
0.0
 10
131.0364127777778
 20
245.8201769444444
 30
0.0
 10
129.9936016666667
 20
245.8201769444444
 30
0.0
 10
125.9190183333333
 20
245.8201769444444
 30
0.0
 10
123.330335
 20
249.7540019444444
 30
0.0
 10
120.6587488888889
 20
251.1203102777777
 30
0.0
 10
120.6097127777778
 20
251.1467686111111
 30
0.0
 10
120.9258016666667
 20
251.8614963888889
 30
0.0
 10
121.368185
 20
252.7254491666667
 30
0.0
 10
121.8066877777778
 20
253.5865797222222
 30
0.0
 10
122.1732238888889
 20
254.0808213888889
 30
0.0
 10
122.2504822222222
 20
254.2356908333333
 30
0.0
 10
122.6498266666667
 20
255.0177991666666
 30
0.0
 10
123.8464488888889
 20
257.3535408333333
 30
0.0
 10
123.8464488888889
 20
257.3535408333333
 30
0.0
 10
122.9559201851852
 20
257.809094537037
 30
0.0
 10
122.0653914814815
 20
258.2646482407407
 30
0.0
 10
121.1748627777778
 20
258.7202019444444
 30
0.0
 10
121.1748627777778
 20
258.7202019444444
 30
0.0
 10
119.9778877777778
 20
256.3809325
 30
0.0
 10
119.5792488888889
 20
255.6023519444444
 30
0.0
 10
119.5016377777778
 20
255.4474825
 30
0.0
 10
119.3121961111111
 20
254.8611658333333
 30
0.0
 10
118.8740461111111
 20
254.0000352777778
 30
0.0
 10
118.4320155555556
 20
253.1392575
 30
0.0
 10
118.0365516666667
 20
252.4601602777777
 30
0.0
 10
117.9875155555555
 20
252.4869713888889
 30
0.0
  0
SPLINE
  5
35E
330
1F
100
AcDbEntity
  8
DEFAULT
 62
   250
100
AcDbSpline
210
0.0
220
0.0
230
1.0
 70
     8
 71
     3
 72
    17
 73
    13
 74
     0
 42
0.000000001
 43
0.0000000001
 40
0.0
 40
0.0
 40
0.0
 40
0.0
 40
1.0
 40
1.0
 40
1.0
 40
2.0
 40
2.0
 40
2.0
 40
3.0
 40
3.0
 40
3.0
 40
4.0
 40
4.0
 40
4.0
 40
4.0
 10
121.3105058333333
 20
278.8058163888888
 30
0.0
 10
121.3740058333333
 20
278.8922469444444
 30
0.0
 10
121.5228780555555
 20
279.0224219444444
 30
0.0
 10
121.7416002777778
 20
279.1346052777778
 30
0.0
 10
122.2485419444444
 20
279.3946025
 30
0.0
 10
122.7942891666667
 20
279.2697191666667
 30
0.0
 10
123.0962669444444
 20
278.6802275
 30
0.0
 10
123.3848391666667
 20
278.1171941666666
 30
0.0
 10
123.1989252777778
 20
277.5400497222222
 30
0.0
 10
122.6411836111111
 20
277.2542997222222
 30
0.0
 10
122.4171697222222
 20
277.1392941666666
 30
0.0
 10
122.2513641666666
 20
277.1149525
 30
0.0
 10
122.1734002777778
 20
277.1153052777777
 30
0.0
  0
SPLINE
  5
35F
330
1F
100
AcDbEntity
  8
DEFAULT
 62
   250
100
AcDbSpline
210
0.0
220
0.0
230
1.0
 70
     8
 71
     3
 72
    17
 73
    13
 74
     0
 42
0.000000001
 43
0.0000000001
 40
0.0
 40
0.0
 40
0.0
 40
0.0
 40
1.0
 40
1.0
 40
1.0
 40
2.0
 40
2.0
 40
2.0
 40
3.0
 40
3.0
 40
3.0
 40
4.0
 40
4.0
 40
4.0
 40
4.0
 10
139.5139097222222
 20
279.5035755555555
 30
0.0
 10
139.6211541666667
 20
279.5025172222222
 30
0.0
 10
139.8137708333333
 20
279.4577144444444
 30
0.0
 10
140.0324930555556
 20
279.3455311111111
 30
0.0
 10
140.5394347222222
 20
279.0858866666666
 30
0.0
 10
140.7570986111111
 20
278.5697727777777
 30
0.0
 10
140.4547680555555
 20
277.9802811111111
 30
0.0
 10
140.1661958333333
 20
277.4172477777777
 30
0.0
 10
139.5890513888889
 20
277.2313338888889
 30
0.0
 10
139.0313097222222
 20
277.5170838888889
 30
0.0
 10
138.8072958333333
 20
277.6320894444444
 30
0.0
 10
138.6905263888889
 20
277.7523866666666
 30
0.0
 10
138.6453708333333
 20
277.8158866666666
 30
0.0
  0
POLYLINE
  5
360
330
1F
100
AcDbEntity
  8
DEFAULT
 62
   250
100
AcDb2dPolyline
 66
     1
 10
0.0
 20
0.0
 30
0.0
  0
VERTEX
  5
361
330
360
100
AcDbEntity
  8
DEFAULT
 62
   250
100
AcDbVertex
100
AcDb2dVertex
 10
130.2449205555556
 20
288.2689744444444
 30
0.0
  0
VERTEX
  5
362
330
360
100
AcDbEntity
  8
DEFAULT
 62
   250
100
AcDbVertex
100
AcDb2dVertex
 10
131.0827677777778
 20
290.2900383333334
 30
0.0
  0
VERTEX
  5
363
330
360
100
AcDbEntity
  8
DEFAULT
 62
   250
100
AcDbVertex
100
AcDb2dVertex
 10
131.9357844444444
 20
288.2689744444444
 30
0.0
  0
SEQEND
  5
364
330
360
100
AcDbEntity
  8
DEFAULT
 62
   250
  0
SPLINE
  5
365
330
1F
100
AcDbEntity
  8
DEFAULT
 62
     1
100
AcDbSpline
210
0.0
220
0.0
230
1.0
 70
    11
 71
     3
 72
   110
 73
   106
 74
     0
 42
0.000000001
 43
0.0000000001
 40
1.0
 40
1.0
 40
1.0
 40
1.0
 40
2.0
 40
2.0
 40
2.0
 40
3.0
 40
3.0
 40
3.0
 40
4.0
 40
4.0
 40
4.0
 40
5.0
 40
5.0
 40
5.0
 40
6.0
 40
6.0
 40
6.0
 40
7.0
 40
7.0
 40
7.0
 40
8.0
 40
8.0
 40
8.0
 40
9.0
 40
9.0
 40
9.0
 40
18.92000000000007
 40
18.92000000000007
 40
18.92000000000007
 40
27.42000000000007
 40
27.42000000000007
 40
27.42000000000007
 40
37.34000000000015
 40
37.34000000000015
 40
37.34000000000015
 40
38.34000000000015
 40
38.34000000000015
 40
38.34000000000015
 40
39.34000000000015
 40
39.34000000000015
 40
39.34000000000015
 40
40.34000000000015
 40
40.34000000000015
 40
40.34000000000015
 40
41.34000000000015
 40
41.34000000000015
 40
41.34000000000015
 40
42.34000000000015
 40
42.34000000000015
 40
42.34000000000015
 40
43.34000000000015
 40
43.34000000000015
 40
43.34000000000015
 40
44.34000000000015
 40
44.34000000000015
 40
44.34000000000015
 40
45.34000000000015
 40
45.34000000000015
 40
45.34000000000015
 40
46.34000000000015
 40
46.34000000000015
 40
46.34000000000015
 40
47.34000000000015
 40
47.34000000000015
 40
47.34000000000015
 40
55.84636261865208
 40
55.84636261865208
 40
55.84636261865208
 40
56.84636261865208
 40
56.84636261865208
 40
56.84636261865208
 40
57.84636261865208
 40
57.84636261865208
 40
57.84636261865208
 40
58.84636261865208
 40
58.84636261865208
 40
58.84636261865208
 40
59.84636261865208
 40
59.84636261865208
 40
59.84636261865208
 40
60.84636261865208
 40
60.84636261865208
 40
60.84636261865208
 40
61.84636261865208
 40
61.84636261865208
 40
61.84636261865208
 40
62.84636261865208
 40
62.84636261865208
 40
62.84636261865208
 40
63.84636261865208
 40
63.84636261865208
 40
63.84636261865208
 40
64.84636261865208
 40
64.84636261865208
 40
64.84636261865208
 40
73.35272523730407
 40
73.35272523730407
 40
73.35272523730407
 40
74.35272523730407
 40
74.35272523730407
 40
74.35272523730407
 40
75.35272523730407
 40
75.35272523730407
 40
75.35272523730407
 40
76.35272523730407
 40
76.35272523730407
 40
76.35272523730407
 40
76.35272523730407
 10
145.6715752777778
 20
286.5689030555555
 30
0.0
 10
148.8441058333333
 20
284.9457725
 30
0.0
 10
149.1192725
 20
283.6306169444444
 30
0.0
 10
149.1192725
 20
280.7762919444444
 30
0.0
 10
149.1192725
 20
277.1560863888889
 30
0.0
 10
147.7250947222222
 20
275.9284197222221
 30
0.0
 10
144.3426613888889
 20
275.9284197222221
 30
0.0
 10
142.3611086111111
 20
275.9284197222221
 30
0.0
 10
140.8208808333333
 20
274.9558113888888
 30
0.0
 10
140.8208808333333
 20
272.3523113888888
 30
0.0
 10
140.8208808333333
 20
267.6956447222222
 30
0.0
 10
137.5506308333333
 20
263.8045058333333
 30
0.0
 10
133.1797141666667
 20
262.8449502777777
 30
0.0
 10
132.6505475
 20
262.7461724999999
 30
0.0
 10
133.0915197222222
 20
264.8522558333333
 30
0.0
 10
133.0915197222222
 20
266.6972836111111
 30
0.0
 10
133.0915197222222
 20
273.6290141666666
 30
0.0
 10
133.0244919444444
 20
279.2350058333333
 30
0.0
 10
132.5905752777778
 20
279.2350058333333
 30
0.0
 10
132.5341308333333
 20
279.2350058333333
 30
0.0
 10
132.4917975
 20
280.0181725
 30
0.0
 10
132.4917975
 20
280.9847836111111
 30
0.0
 10
132.4917975
 20
281.9549225
 30
0.0
 10
132.5905752777778
 20
282.5617002777777
 30
0.0
 10
132.5905752777778
 20
282.7380891666666
 30
0.0
 10
132.5905752777778
 20
283.9046076851851
 30
0.0
 10
132.5905752777778
 20
285.0711262037036
 30
0.0
 10
132.5905752777778
 20
286.2376447222222
 30
0.0
 10
131.5910382407407
 20
286.2376447222222
 30
0.0
 10
130.5915012037037
 20
286.2376447222222
 30
0.0
 10
129.5919641666667
 20
286.2376447222222
 30
0.0
 10
129.5919641666667
 20
285.0711262037036
 30
0.0
 10
129.5919641666667
 20
283.9046076851851
 30
0.0
 10
129.5919641666667
 20
282.7380891666666
 30
0.0
 10
129.5919641666667
 20
282.5617002777777
 30
0.0
 10
129.6907419444444
 20
281.9549225
 30
0.0
 10
129.6907419444444
 20
280.9847836111111
 30
0.0
 10
129.6907419444444
 20
280.0181725
 30
0.0
 10
129.6448808333333
 20
279.2350058333333
 30
0.0
 10
129.5919641666667
 20
279.2350058333333
 30
0.0
 10
127.5634919444444
 20
279.2350058333333
 30
0.0
 10
128.2253030555555
 20
276.8343530555555
 30
0.0
 10
125.5537169444444
 20
275.4676919444444
 30
0.0
 10
125.5537169444444
 20
275.4676919444444
 30
0.0
 10
125.5554808333333
 20
275.4645169444444
 30
0.0
 10
122.8817780555555
 20
274.1049113888889
 30
0.0
 10
121.5782641666667
 20
273.4416891666666
 30
0.0
 10
119.1525641666667
 20
273.4455697222222
 30
0.0
 10
117.2408613888889
 20
273.4455697222222
 30
0.0
 10
114.3565502777778
 20
273.4455697222222
 30
0.0
 10
114.5421113888889
 20
277.4905197222222
 30
0.0
 10
114.5421113888889
 20
283.9615224999999
 30
0.0
 10
114.5421113888889
 20
284.9690558333333
 30
0.0
 10
115.1672336111111
 20
285.8823975
 30
0.0
 10
116.5106113888889
 20
286.5685502777777
 30
0.0
 10
116.5596475
 20
286.5953613888889
 30
0.0
 10
116.9554641666666
 20
285.9162641666666
 30
0.0
 10
117.3971419444444
 20
285.0558391666666
 30
0.0
 10
117.8356447222222
 20
284.1943558333333
 30
0.0
 10
118.0250863888889
 20
283.6080391666666
 30
0.0
 10
118.1026975
 20
283.4535225
 30
0.0
 10
118.5013363888889
 20
282.6749419444444
 30
0.0
 10
119.6983113888889
 20
280.3353197222222
 30
0.0
 10
119.6983113888889
 20
280.3353197222222
 30
0.0
 10
120.5888400925926
 20
280.7908734259259
 30
0.0
 10
121.4793687962963
 20
281.2464271296296
 30
0.0
 10
122.3698975
 20
281.7019808333333
 30
0.0
 10
122.3698975
 20
281.7019808333333
 30
0.0
 10
121.1732752777778
 20
284.0380752777778
 30
0.0
 10
120.7739308333333
 20
284.8198308333333
 30
0.0
 10
120.6963197222222
 20
284.9747002777777
 30
0.0
 10
120.3297836111111
 20
285.4689419444444
 30
0.0
 10
119.8881058333333
 20
286.3293669444444
 30
0.0
 10
119.4488975
 20
287.1943780555555
 30
0.0
 10
119.1331613888889
 20
287.9087530555555
 30
0.0
 10
119.1821975
 20
287.9352113888889
 30
0.0
 10
121.8534308333333
 20
289.3018724999999
 30
0.0
 10
126.5908836111111
 20
290.7581391666666
 30
0.0
 10
129.7433058333333
 20
292.7936669444444
 30
0.0
 10
130.5007197222222
 20
293.2826169444444
 30
0.0
 10
132.6226780555556
 20
293.2356975
 30
0.0
 10
133.6654891666666
 20
293.2356975
 30
0.0
 10
137.7400725
 20
293.2356975
 30
0.0
 10
140.3287558333333
 20
289.3022252777777
 30
0.0
 10
143.0003419444444
 20
287.9355641666666
 30
0.0
 10
143.0493780555555
 20
287.9091058333333
 30
0.0
 10
142.7336419444444
 20
287.1943780555555
 30
0.0
 10
142.2909058333333
 20
286.3304252777777
 30
0.0
 10
141.8524030555555
 20
285.4692947222222
 30
0.0
 10
141.4858669444444
 20
284.9750530555555
 30
0.0
 10
141.4086086111111
 20
284.8201836111111
 30
0.0
 10
141.0092641666666
 20
284.0380752777778
 30
0.0
 10
139.8126419444444
 20
281.7023336111111
 30
0.0
 10
139.8126419444444
 20
281.7023336111111
 30
0.0
 10
140.7031706481481
 20
281.2467799074074
 30
0.0
 10
141.5936993518519
 20
280.7912262037037
 30
0.0
 10
142.4842280555555
 20
280.3356725
 30
0.0
 10
142.4842280555555
 20
280.3356725
 30
0.0
 10
143.6812030555556
 20
282.6749419444444
 30
0.0
 10
144.0798419444444
 20
283.4535225
 30
0.0
 10
144.1574530555555
 20
283.6083919444444
 30
0.0
 10
144.3468947222222
 20
284.1947086111111
 30
0.0
 10
144.7850447222222
 20
285.0558391666666
 30
0.0
 10
145.2270752777778
 20
285.9166169444444
 30
0.0
 10
145.6225391666667
 20
286.5957141666667
 30
0.0
 10
145.6715752777778
 20
286.5689030555555
 30
0.0
  0
SPLINE
  5
366
330
1F
100
AcDbEntity
  8
DEFAULT
 62
     1
100
AcDbSpline
210
0.0
220
0.0
230
1.0
 70
     8
 71
     3
 72
     8
 73
     4
 74
     0
 42
0.000000001
 43
0.0000000001
 40
0.0
 40
0.0
 40
0.0
 40
0.0
 40
1.0
 40
1.0
 40
1.0
 40
1.0
 10
119.3164294444444
 20
263.1275605555555
 30
0.0
 10
120.2915072222222
 20
263.1275605555555
 30
0.0
 10
118.9220238888889
 20
273.445605
 30
0.0
 10
117.2410377777778
 20
273.445605
 30
0.0
  0
SPLINE
  5
367
330
1F
100
AcDbEntity
  8
DEFAULT
 62
     1
100
AcDbSpline
210
0.0
220
0.0
230
1.0
 70
     8
 71
     3
 72
     8
 73
     4
 74
     0
 42
0.000000001
 43
0.0000000001
 40
0.0
 40
0.0
 40
0.0
 40
0.0
 40
1.0
 40
1.0
 40
1.0
 40
1.0
 10
144.3426966666667
 20
275.9283491666666
 30
0.0
 10
143.3676188888889
 20
275.9283491666666
 30
0.0
 10
144.7371022222222
 20
265.6103047222222
 30
0.0
 10
146.4180883333333
 20
265.6103047222222
 30
0.0
  0
SPLINE
  5
368
330
1F
100
AcDbEntity
  8
DEFAULT
 62
   250
100
AcDbSpline
210
0.0
220
0.0
230
1.0
 70
     8
 71
     3
 72
    17
 73
    13
 74
     0
 42
0.000000001
 43
0.0000000001
 40
0.0
 40
0.0
 40
0.0
 40
0.0
 40
1.0
 40
1.0
 40
1.0
 40
2.0
 40
2.0
 40
2.0
 40
3.0
 40
3.0
 40
3.0
 40
4.0
 40
4.0
 40
4.0
 40
4.0
 10
106.0064061111111
 20
260.2500227777778
 30
0.0
 10
105.9429061111111
 20
260.1635922222222
 30
0.0
 10
105.7940338888889
 20
260.0334172222222
 30
0.0
 10
105.5753116666667
 20
259.9212338888888
 30
0.0
 10
105.06837
 20
259.6615894444444
 30
0.0
 10
104.5226227777778
 20
259.7861199999999
 30
0.0
 10
104.2202922222222
 20
260.3756116666667
 30
0.0
 10
103.93172
 20
260.938645
 30
0.0
 10
104.1179866666666
 20
261.5157894444444
 30
0.0
 10
104.6757283333333
 20
261.8015394444444
 30
0.0
 10
104.8997422222222
 20
261.916545
 30
0.0
 10
105.0655477777778
 20
261.9408866666666
 30
0.0
 10
105.1435116666666
 20
261.9405338888889
 30
0.0
  0
SPLINE
  5
369
330
1F
100
AcDbEntity
  8
DEFAULT
 62
   250
100
AcDbSpline
210
0.0
220
0.0
230
1.0
 70
     8
 71
     3
 72
    17
 73
    13
 74
     0
 42
0.000000001
 43
0.0000000001
 40
0.0
 40
0.0
 40
0.0
 40
0.0
 40
1.0
 40
1.0
 40
1.0
 40
2.0
 40
2.0
 40
2.0
 40
3.0
 40
3.0
 40
3.0
 40
4.0
 40
4.0
 40
4.0
 40
4.0
 10
87.80300222222222
 20
259.5522988888889
 30
0.0
 10
87.69575777777777
 20
259.5533572222222
 30
0.0
 10
87.5031411111111
 20
259.59816
 30
0.0
 10
87.28441888888888
 20
259.7103433333333
 30
0.0
 10
86.77747722222222
 20
259.9699877777778
 30
0.0
 10
86.5601661111111
 20
260.4861016666666
 30
0.0
 10
86.86214388888888
 20
261.0755933333333
 30
0.0
 10
87.15071611111111
 20
261.6386266666667
 30
0.0
 10
87.72786055555555
 20
261.8245405555555
 30
0.0
 10
88.28560222222221
 20
261.5387905555555
 30
0.0
 10
88.5096161111111
 20
261.423785
 30
0.0
 10
88.62638555555554
 20
261.3034877777778
 30
0.0
 10
88.6715411111111
 20
261.2399877777777
 30
0.0
  0
POLYLINE
  5
36A
330
1F
100
AcDbEntity
  8
DEFAULT
 62
   250
100
AcDb2dPolyline
 66
     1
 10
0.0
 20
0.0
 30
0.0
  0
VERTEX
  5
36B
330
36A
100
AcDbEntity
  8
DEFAULT
 62
   250
100
AcDbVertex
100
AcDb2dVertex
 10
97.07195611111112
 20
250.7869
 30
0.0
  0
VERTEX
  5
36C
330
36A
100
AcDbEntity
  8
DEFAULT
 62
   250
100
AcDbVertex
100
AcDb2dVertex
 10
96.23410888888888
 20
248.7658361111111
 30
0.0
  0
VERTEX
  5
36D
330
36A
100
AcDbEntity
  8
DEFAULT
 62
   250
100
AcDbVertex
100
AcDb2dVertex
 10
95.38073944444444
 20
250.7869
 30
0.0
  0
SEQEND
  5
36E
330
36A
100
AcDbEntity
  8
DEFAULT
 62
   250
  0
SPLINE
  5
36F
330
1F
100
AcDbEntity
  8
DEFAULT
 62
     1
100
AcDbSpline
210
0.0
220
0.0
230
1.0
 70
    11
 71
     3
 72
   110
 73
   106
 74
     0
 42
0.000000001
 43
0.0000000001
 40
1.0
 40
1.0
 40
1.0
 40
1.0
 40
2.0
 40
2.0
 40
2.0
 40
3.0
 40
3.0
 40
3.0
 40
4.0
 40
4.0
 40
4.0
 40
5.0
 40
5.0
 40
5.0
 40
6.0
 40
6.0
 40
6.0
 40
7.0
 40
7.0
 40
7.0
 40
8.0
 40
8.0
 40
8.0
 40
9.0
 40
9.0
 40
9.0
 40
18.92000000000007
 40
18.92000000000007
 40
18.92000000000007
 40
27.42000000000007
 40
27.42000000000007
 40
27.42000000000007
 40
37.34000000000015
 40
37.34000000000015
 40
37.34000000000015
 40
38.34000000000015
 40
38.34000000000015
 40
38.34000000000015
 40
39.34000000000015
 40
39.34000000000015
 40
39.34000000000015
 40
40.34000000000015
 40
40.34000000000015
 40
40.34000000000015
 40
41.34000000000015
 40
41.34000000000015
 40
41.34000000000015
 40
42.34000000000015
 40
42.34000000000015
 40
42.34000000000015
 40
43.34000000000015
 40
43.34000000000015
 40
43.34000000000015
 40
44.34000000000015
 40
44.34000000000015
 40
44.34000000000015
 40
45.34000000000015
 40
45.34000000000015
 40
45.34000000000015
 40
46.34000000000015
 40
46.34000000000015
 40
46.34000000000015
 40
47.34000000000015
 40
47.34000000000015
 40
47.34000000000015
 40
55.84547235607769
 40
55.84547235607769
 40
55.84547235607769
 40
56.84547235607769
 40
56.84547235607769
 40
56.84547235607769
 40
57.84547235607769
 40
57.84547235607769
 40
57.84547235607769
 40
58.84547235607769
 40
58.84547235607769
 40
58.84547235607769
 40
59.84547235607769
 40
59.84547235607769
 40
59.84547235607769
 40
60.84547235607769
 40
60.84547235607769
 40
60.84547235607769
 40
61.84547235607769
 40
61.84547235607769
 40
61.84547235607769
 40
62.84547235607769
 40
62.84547235607769
 40
62.84547235607769
 40
63.84547235607769
 40
63.84547235607769
 40
63.84547235607769
 40
64.84547235607769
 40
64.84547235607769
 40
64.84547235607769
 40
73.3518349747297
 40
73.3518349747297
 40
73.3518349747297
 40
74.3518349747297
 40
74.3518349747297
 40
74.3518349747297
 40
75.3518349747297
 40
75.3518349747297
 40
75.3518349747297
 40
76.3518349747297
 40
76.3518349747297
 40
76.3518349747297
 40
76.3518349747297
 10
81.64664194444444
 20
252.4869713888889
 30
0.0
 10
78.47411138888889
 20
254.1101019444444
 30
0.0
 10
78.19894472222222
 20
255.4252575
 30
0.0
 10
78.19894472222222
 20
258.2795824999999
 30
0.0
 10
78.19894472222222
 20
261.8997880555555
 30
0.0
 10
79.59312249999999
 20
263.1274547222222
 30
0.0
 10
82.97555583333333
 20
263.1274547222222
 30
0.0
 10
84.95710861111111
 20
263.1274547222222
 30
0.0
 10
86.49733638888888
 20
264.1000630555555
 30
0.0
 10
86.49733638888888
 20
266.7035630555555
 30
0.0
 10
86.49733638888888
 20
271.3602297222222
 30
0.0
 10
89.76758638888889
 20
275.2513686111111
 30
0.0
 10
94.13850305555553
 20
276.2109241666666
 30
0.0
 10
94.6676697222222
 20
276.3097019444444
 30
0.0
 10
94.22669749999999
 20
274.2039713888888
 30
0.0
 10
94.22669749999999
 20
272.3589436111111
 30
0.0
 10
94.22669749999999
 20
265.4268602777777
 30
0.0
 10
94.29372527777778
 20
259.8208686111111
 30
0.0
 10
94.72764194444443
 20
259.8208686111111
 30
0.0
 10
94.78408638888888
 20
259.8208686111111
 30
0.0
 10
94.82641972222223
 20
259.0380547222222
 30
0.0
 10
94.82641972222223
 20
258.0714436111111
 30
0.0
 10
94.82641972222223
 20
257.1013047222222
 30
0.0
 10
94.72764194444443
 20
256.4941741666667
 30
0.0
 10
94.72764194444443
 20
256.3177852777778
 30
0.0
 10
94.72764194444443
 20
255.1512667592592
 30
0.0
 10
94.72764194444443
 20
253.9847482407407
 30
0.0
 10
94.72764194444443
 20
252.8182297222222
 30
0.0
 10
95.72717898148147
 20
252.8182297222222
 30
0.0
 10
96.72671601851852
 20
252.8182297222222
 30
0.0
 10
97.72625305555555
 20
252.8182297222222
 30
0.0
 10
97.72625305555555
 20
253.9847482407407
 30
0.0
 10
97.72625305555555
 20
255.1512667592592
 30
0.0
 10
97.72625305555555
 20
256.3177852777778
 30
0.0
 10
97.72625305555555
 20
256.4941741666667
 30
0.0
 10
97.62747527777778
 20
257.1013047222222
 30
0.0
 10
97.62747527777778
 20
258.0714436111111
 30
0.0
 10
97.62747527777778
 20
259.0380547222222
 30
0.0
 10
97.67333638888888
 20
259.8208686111111
 30
0.0
 10
97.72625305555555
 20
259.8208686111111
 30
0.0
 10
99.75472527777777
 20
259.8208686111111
 30
0.0
 10
99.09291416666666
 20
262.2215213888889
 30
0.0
 10
101.7645002777778
 20
263.5881825
 30
0.0
 10
101.7645002777778
 20
263.5881825
 30
0.0
 10
101.7627363888889
 20
263.5913575
 30
0.0
 10
104.4364391666667
 20
264.9509630555555
 30
0.0
 10
105.7399530555555
 20
265.6141852777778
 30
0.0
 10
108.1656530555556
 20
265.6103047222222
 30
0.0
 10
110.0770030555556
 20
265.6103047222222
 30
0.0
 10
112.9616669444444
 20
265.6103047222222
 30
0.0
 10
112.7761058333333
 20
261.5657075
 30
0.0
 10
112.7761058333333
 20
255.0943519444444
 30
0.0
 10
112.7761058333333
 20
254.0868186111111
 30
0.0
 10
112.1509836111111
 20
253.1734769444444
 30
0.0
 10
110.8076058333333
 20
252.4873241666666
 30
0.0
 10
110.7582169444444
 20
252.4605130555555
 30
0.0
 10
110.3627530555555
 20
253.1396102777778
 30
0.0
 10
109.9210752777778
 20
254.0003880555555
 30
0.0
 10
109.4825725
 20
254.8615186111111
 30
0.0
 10
109.2931308333333
 20
255.4478352777778
 30
0.0
 10
109.2155197222222
 20
255.6023519444444
 30
0.0
 10
108.8168808333333
 20
256.3812852777777
 30
0.0
 10
107.6199058333333
 20
258.7205547222222
 30
0.0
 10
107.6199058333333
 20
258.7205547222222
 30
0.0
 10
106.7294947222222
 20
258.2650010185185
 30
0.0
 10
105.8390836111111
 20
257.8094473148148
 30
0.0
 10
104.9486725
 20
257.3538936111111
 30
0.0
 10
104.9486725
 20
257.3538936111111
 30
0.0
 10
106.1449419444444
 20
255.0181519444444
 30
0.0
 10
106.5442863888889
 20
254.2360436111111
 30
0.0
 10
106.6218975
 20
254.0811741666666
 30
0.0
 10
106.9884336111111
 20
253.5869325
 30
0.0
 10
107.4301113888889
 20
252.7265075
 30
0.0
 10
107.8693197222222
 20
251.8614963888889
 30
0.0
 10
108.1850558333333
 20
251.1471213888888
 30
0.0
 10
108.1360197222222
 20
251.1206630555555
 30
0.0
 10
105.4647863888889
 20
249.7540019444444
 30
0.0
 10
100.7273336111111
 20
248.2977352777777
 30
0.0
 10
97.57491138888888
 20
246.2622075
 30
0.0
 10
96.8174975
 20
245.7732575
 30
0.0
 10
94.69553916666665
 20
245.8201769444444
 30
0.0
 10
93.65272805555556
 20
245.8201769444444
 30
0.0
 10
89.57814472222222
 20
245.8201769444444
 30
0.0
 10
86.98946138888888
 20
249.7540019444444
 30
0.0
 10
84.31787527777777
 20
251.1203102777777
 30
0.0
 10
84.26883916666665
 20
251.1467686111111
 30
0.0
 10
84.58492805555555
 20
251.8614963888889
 30
0.0
 10
85.02731138888888
 20
252.7254491666667
 30
0.0
 10
85.46581416666666
 20
253.5865797222222
 30
0.0
 10
85.83235027777778
 20
254.0808213888889
 30
0.0
 10
85.90960861111111
 20
254.2356908333333
 30
0.0
 10
86.30895305555555
 20
255.0177991666666
 30
0.0
 10
87.50557527777777
 20
257.3535408333333
 30
0.0
 10
87.50557527777777
 20
257.3535408333333
 30
0.0
 10
86.61504657407407
 20
257.809094537037
 30
0.0
 10
85.72451787037035
 20
258.2646482407407
 30
0.0
 10
84.83398916666665
 20
258.7202019444444
 30
0.0
 10
84.83398916666665
 20
258.7202019444444
 30
0.0
 10
83.63701416666666
 20
256.3809325
 30
0.0
 10
83.23837527777778
 20
255.6023519444444
 30
0.0
 10
83.16076416666667
 20
255.4474825
 30
0.0
 10
82.97132249999999
 20
254.8611658333333
 30
0.0
 10
82.53317249999999
 20
254.0000352777778
 30
0.0
 10
82.09114194444443
 20
253.1392575
 30
0.0
 10
81.69567805555555
 20
252.4601602777777
 30
0.0
 10
81.64664194444444
 20
252.4869713888889
 30
0.0
  0
SPLINE
  5
370
330
1F
100
AcDbEntity
  8
DEFAULT
 62
   250
100
AcDbSpline
210
0.0
220
0.0
230
1.0
 70
     8
 71
     3
 72
    17
 73
    13
 74
     0
 42
0.000000001
 43
0.0000000001
 40
0.0
 40
0.0
 40
0.0
 40
0.0
 40
1.0
 40
1.0
 40
1.0
 40
2.0
 40
2.0
 40
2.0
 40
3.0
 40
3.0
 40
3.0
 40
4.0
 40
4.0
 40
4.0
 40
4.0
 10
84.96963222222222
 20
278.8058163888888
 30
0.0
 10
85.03313222222222
 20
278.8922469444444
 30
0.0
 10
85.18200444444444
 20
279.0224219444444
 30
0.0
 10
85.40072666666666
 20
279.1346052777778
 30
0.0
 10
85.90766833333332
 20
279.3946025
 30
0.0
 10
86.45341555555555
 20
279.2697191666667
 30
0.0
 10
86.75539333333333
 20
278.6802275
 30
0.0
 10
87.04396555555554
 20
278.1171941666666
 30
0.0
 10
86.85805166666667
 20
277.5400497222222
 30
0.0
 10
86.30031
 20
277.2542997222222
 30
0.0
 10
86.0762961111111
 20
277.1392941666666
 30
0.0
 10
85.91049055555555
 20
277.1149525
 30
0.0
 10
85.83252666666665
 20
277.1153052777777
 30
0.0
  0
SPLINE
  5
371
330
1F
100
AcDbEntity
  8
DEFAULT
 62
   250
100
AcDbSpline
210
0.0
220
0.0
230
1.0
 70
     8
 71
     3
 72
    17
 73
    13
 74
     0
 42
0.000000001
 43
0.0000000001
 40
0.0
 40
0.0
 40
0.0
 40
0.0
 40
1.0
 40
1.0
 40
1.0
 40
2.0
 40
2.0
 40
2.0
 40
3.0
 40
3.0
 40
3.0
 40
4.0
 40
4.0
 40
4.0
 40
4.0
 10
103.1730361111111
 20
279.5035755555555
 30
0.0
 10
103.2802805555555
 20
279.5025172222222
 30
0.0
 10
103.4728972222222
 20
279.4577144444444
 30
0.0
 10
103.6916194444444
 20
279.3455311111111
 30
0.0
 10
104.1985611111111
 20
279.0858866666666
 30
0.0
 10
104.4158722222222
 20
278.5697727777777
 30
0.0
 10
104.1138944444444
 20
277.9802811111111
 30
0.0
 10
103.8253222222222
 20
277.4172477777777
 30
0.0
 10
103.2481777777778
 20
277.2313338888889
 30
0.0
 10
102.6904361111111
 20
277.5170838888889
 30
0.0
 10
102.4664222222222
 20
277.6320894444444
 30
0.0
 10
102.3496527777778
 20
277.7523866666666
 30
0.0
 10
102.3044972222222
 20
277.8158866666666
 30
0.0
  0
POLYLINE
  5
372
330
1F
100
AcDbEntity
  8
DEFAULT
 62
   250
100
AcDb2dPolyline
 66
     1
 10
0.0
 20
0.0
 30
0.0
  0
VERTEX
  5
373
330
372
100
AcDbEntity
  8
DEFAULT
 62
   250
100
AcDbVertex
100
AcDb2dVertex
 10
93.90404694444446
 20
288.2689744444444
 30
0.0
  0
VERTEX
  5
374
330
372
100
AcDbEntity
  8
DEFAULT
 62
   250
100
AcDbVertex
100
AcDb2dVertex
 10
94.74189416666667
 20
290.2900383333334
 30
0.0
  0
VERTEX
  5
375
330
372
100
AcDbEntity
  8
DEFAULT
 62
   250
100
AcDbVertex
100
AcDb2dVertex
 10
95.59491083333333
 20
288.2689744444444
 30
0.0
  0
SEQEND
  5
376
330
372
100
AcDbEntity
  8
DEFAULT
 62
   250
  0
SPLINE
  5
377
330
1F
100
AcDbEntity
  8
DEFAULT
 62
     1
100
AcDbSpline
210
0.0
220
0.0
230
1.0
 70
    11
 71
     3
 72
   110
 73
   106
 74
     0
 42
0.000000001
 43
0.0000000001
 40
1.0
 40
1.0
 40
1.0
 40
1.0
 40
2.0
 40
2.0
 40
2.0
 40
3.0
 40
3.0
 40
3.0
 40
4.0
 40
4.0
 40
4.0
 40
5.0
 40
5.0
 40
5.0
 40
6.0
 40
6.0
 40
6.0
 40
7.0
 40
7.0
 40
7.0
 40
8.0
 40
8.0
 40
8.0
 40
9.0
 40
9.0
 40
9.0
 40
18.92000000000007
 40
18.92000000000007
 40
18.92000000000007
 40
27.42000000000007
 40
27.42000000000007
 40
27.42000000000007
 40
37.34000000000015
 40
37.34000000000015
 40
37.34000000000015
 40
38.34000000000015
 40
38.34000000000015
 40
38.34000000000015
 40
39.34000000000015
 40
39.34000000000015
 40
39.34000000000015
 40
40.34000000000015
 40
40.34000000000015
 40
40.34000000000015
 40
41.34000000000015
 40
41.34000000000015
 40
41.34000000000015
 40
42.34000000000015
 40
42.34000000000015
 40
42.34000000000015
 40
43.34000000000015
 40
43.34000000000015
 40
43.34000000000015
 40
44.34000000000015
 40
44.34000000000015
 40
44.34000000000015
 40
45.34000000000015
 40
45.34000000000015
 40
45.34000000000015
 40
46.34000000000015
 40
46.34000000000015
 40
46.34000000000015
 40
47.34000000000015
 40
47.34000000000015
 40
47.34000000000015
 40
55.84547235607769
 40
55.84547235607769
 40
55.84547235607769
 40
56.84547235607769
 40
56.84547235607769
 40
56.84547235607769
 40
57.84547235607769
 40
57.84547235607769
 40
57.84547235607769
 40
58.84547235607769
 40
58.84547235607769
 40
58.84547235607769
 40
59.84547235607769
 40
59.84547235607769
 40
59.84547235607769
 40
60.84547235607769
 40
60.84547235607769
 40
60.84547235607769
 40
61.84547235607769
 40
61.84547235607769
 40
61.84547235607769
 40
62.84547235607769
 40
62.84547235607769
 40
62.84547235607769
 40
63.84547235607769
 40
63.84547235607769
 40
63.84547235607769
 40
64.84547235607769
 40
64.84547235607769
 40
64.84547235607769
 40
73.35183497472968
 40
73.35183497472968
 40
73.35183497472968
 40
74.35183497472968
 40
74.35183497472968
 40
74.35183497472968
 40
75.35183497472968
 40
75.35183497472968
 40
75.35183497472968
 40
76.35183497472968
 40
76.35183497472968
 40
76.35183497472968
 40
76.35183497472968
 10
109.3307016666667
 20
286.5689030555555
 30
0.0
 10
112.5032322222222
 20
284.9457725
 30
0.0
 10
112.7783988888889
 20
283.6306169444444
 30
0.0
 10
112.7783988888889
 20
280.7762919444444
 30
0.0
 10
112.7783988888889
 20
277.1560863888889
 30
0.0
 10
111.3842211111111
 20
275.9284197222221
 30
0.0
 10
108.0017877777778
 20
275.9284197222221
 30
0.0
 10
106.020235
 20
275.9284197222221
 30
0.0
 10
104.4800072222222
 20
274.9558113888888
 30
0.0
 10
104.4800072222222
 20
272.3523113888888
 30
0.0
 10
104.4800072222222
 20
267.6956447222222
 30
0.0
 10
101.2097572222222
 20
263.8045058333333
 30
0.0
 10
96.83884055555554
 20
262.8449502777777
 30
0.0
 10
96.30967388888887
 20
262.7461724999999
 30
0.0
 10
96.75064611111108
 20
264.8522558333333
 30
0.0
 10
96.75064611111108
 20
266.6972836111111
 30
0.0
 10
96.75064611111108
 20
273.6290141666666
 30
0.0
 10
96.68361833333331
 20
279.2350058333333
 30
0.0
 10
96.24970166666665
 20
279.2350058333333
 30
0.0
 10
96.1932572222222
 20
279.2350058333333
 30
0.0
 10
96.15092388888887
 20
280.0181725
 30
0.0
 10
96.15092388888887
 20
280.9847836111111
 30
0.0
 10
96.15092388888887
 20
281.9549225
 30
0.0
 10
96.24970166666665
 20
282.5617002777777
 30
0.0
 10
96.24970166666665
 20
282.7380891666666
 30
0.0
 10
96.24970166666667
 20
283.9046076851851
 30
0.0
 10
96.24970166666667
 20
285.0711262037036
 30
0.0
 10
96.24970166666665
 20
286.2376447222222
 30
0.0
 10
95.25016462962962
 20
286.2376447222222
 30
0.0
 10
94.2506275925926
 20
286.2376447222222
 30
0.0
 10
93.25109055555555
 20
286.2376447222222
 30
0.0
 10
93.25109055555555
 20
285.0711262037036
 30
0.0
 10
93.25109055555555
 20
283.9046076851851
 30
0.0
 10
93.25109055555555
 20
282.7380891666666
 30
0.0
 10
93.25109055555555
 20
282.5617002777777
 30
0.0
 10
93.34986833333332
 20
281.9549225
 30
0.0
 10
93.34986833333332
 20
280.9847836111111
 30
0.0
 10
93.34986833333332
 20
280.0181725
 30
0.0
 10
93.30400722222221
 20
279.2350058333333
 30
0.0
 10
93.25109055555555
 20
279.2350058333333
 30
0.0
 10
91.22261833333333
 20
279.2350058333333
 30
0.0
 10
91.88442944444442
 20
276.8343530555555
 30
0.0
 10
89.21284333333332
 20
275.4676919444444
 30
0.0
 10
89.21284333333332
 20
275.4676919444444
 30
0.0
 10
89.21460722222221
 20
275.4645169444444
 30
0.0
 10
86.54090444444444
 20
274.1049113888889
 30
0.0
 10
85.23739055555555
 20
273.4416891666666
 30
0.0
 10
82.81169055555554
 20
273.4455697222222
 30
0.0
 10
80.89998777777777
 20
273.4455697222222
 30
0.0
 10
78.01567666666665
 20
273.4455697222222
 30
0.0
 10
78.20123777777776
 20
277.4905197222222
 30
0.0
 10
78.20123777777776
 20
283.9615224999999
 30
0.0
 10
78.20123777777776
 20
284.9690558333333
 30
0.0
 10
78.82636
 20
285.8823975
 30
0.0
 10
80.16973777777777
 20
286.5685502777777
 30
0.0
 10
80.21877388888888
 20
286.5953613888889
 30
0.0
 10
80.61459055555554
 20
285.9162641666666
 30
0.0
 10
81.05626833333332
 20
285.0558391666666
 30
0.0
 10
81.49477111111109
 20
284.1943558333333
 30
0.0
 10
81.68421277777776
 20
283.6080391666666
 30
0.0
 10
81.76147111111109
 20
283.4535225
 30
0.0
 10
82.16046277777777
 20
282.6749419444444
 30
0.0
 10
83.35743777777776
 20
280.3353197222222
 30
0.0
 10
83.35743777777776
 20
280.3353197222222
 30
0.0
 10
84.24784888888887
 20
280.7908734259259
 30
0.0
 10
85.13825999999999
 20
281.2464271296296
 30
0.0
 10
86.0286711111111
 20
281.7019808333333
 30
0.0
 10
86.0286711111111
 20
281.7019808333333
 30
0.0
 10
84.83240166666664
 20
284.0380752777778
 30
0.0
 10
84.4330572222222
 20
284.8198308333333
 30
0.0
 10
84.35544611111109
 20
284.9747002777777
 30
0.0
 10
83.98890999999999
 20
285.4689419444444
 30
0.0
 10
83.5472322222222
 20
286.3293669444444
 30
0.0
 10
83.10802388888888
 20
287.1943780555555
 30
0.0
 10
82.79228777777776
 20
287.9087530555555
 30
0.0
 10
82.84132388888888
 20
287.9352113888889
 30
0.0
 10
85.5125572222222
 20
289.3018724999999
 30
0.0
 10
90.25000999999999
 20
290.7581391666666
 30
0.0
 10
93.4024322222222
 20
292.7936669444444
 30
0.0
 10
94.1598461111111
 20
293.2826169444444
 30
0.0
 10
96.28180444444443
 20
293.2356975
 30
0.0
 10
97.32461555555554
 20
293.2356975
 30
0.0
 10
101.3991988888889
 20
293.2356975
 30
0.0
 10
103.9878822222222
 20
289.3022252777777
 30
0.0
 10
106.6594683333333
 20
287.9355641666666
 30
0.0
 10
106.7085044444444
 20
287.9091058333333
 30
0.0
 10
106.3924155555555
 20
287.1943780555555
 30
0.0
 10
105.9500322222222
 20
286.3304252777777
 30
0.0
 10
105.5115294444444
 20
285.4692947222222
 30
0.0
 10
105.1449933333333
 20
284.9750530555555
 30
0.0
 10
105.067735
 20
284.8201836111111
 30
0.0
 10
104.6680377777778
 20
284.0380752777778
 30
0.0
 10
103.4717683333333
 20
281.7023336111111
 30
0.0
 10
103.4717683333333
 20
281.7023336111111
 30
0.0
 10
104.362297037037
 20
281.2467799074074
 30
0.0
 10
105.2528257407407
 20
280.7912262037037
 30
0.0
 10
106.1433544444444
 20
280.3356725
 30
0.0
 10
106.1433544444444
 20
280.3356725
 30
0.0
 10
107.3403294444444
 20
282.6749419444444
 30
0.0
 10
107.7389683333333
 20
283.4535225
 30
0.0
 10
107.8165794444444
 20
283.6083919444444
 30
0.0
 10
108.0060211111111
 20
284.1947086111111
 30
0.0
 10
108.4441711111111
 20
285.0558391666666
 30
0.0
 10
108.8862016666667
 20
285.9166169444444
 30
0.0
 10
109.2816655555555
 20
286.5957141666667
 30
0.0
 10
109.3307016666667
 20
286.5689030555555
 30
0.0
  0
SPLINE
  5
378
330
1F
100
AcDbEntity
  8
DEFAULT
 62
     1
100
AcDbSpline
210
0.0
220
0.0
230
1.0
 70
     8
 71
     3
 72
     8
 73
     4
 74
     0
 42
0.000000001
 43
0.0000000001
 40
0.0
 40
0.0
 40
0.0
 40
0.0
 40
1.0
 40
1.0
 40
1.0
 40
1.0
 10
82.97555583333333
 20
263.1275605555555
 30
0.0
 10
83.9506336111111
 20
263.1275605555555
 30
0.0
 10
82.58115027777777
 20
273.445605
 30
0.0
 10
80.90016416666666
 20
273.445605
 30
0.0
  0
SPLINE
  5
379
330
1F
100
AcDbEntity
  8
DEFAULT
 62
     1
100
AcDbSpline
210
0.0
220
0.0
230
1.0
 70
     8
 71
     3
 72
     8
 73
     4
 74
     0
 42
0.000000001
 43
0.0000000001
 40
0.0
 40
0.0
 40
0.0
 40
0.0
 40
1.0
 40
1.0
 40
1.0
 40
1.0
 10
108.0018230555555
 20
275.9283491666666
 30
0.0
 10
107.0267452777778
 20
275.9283491666666
 30
0.0
 10
108.3962286111111
 20
265.6103047222222
 30
0.0
 10
110.0772147222222
 20
265.6103047222222
 30
0.0
  0
SPLINE
  5
37A
330
1F
100
AcDbEntity
  8
DEFAULT
 62
   250
100
AcDbSpline
210
0.0
220
0.0
230
1.0
 70
     8
 71
     3
 72
    17
 73
    13
 74
     0
 42
0.000000001
 43
0.0000000001
 40
0.0
 40
0.0
 40
0.0
 40
0.0
 40
1.0
 40
1.0
 40
1.0
 40
2.0
 40
2.0
 40
2.0
 40
3.0
 40
3.0
 40
3.0
 40
4.0
 40
4.0
 40
4.0
 40
4.0
 10
69.66556777777778
 20
260.2500227777778
 30
0.0
 10
69.60206777777778
 20
260.1635922222222
 30
0.0
 10
69.45319555555555
 20
260.0334172222222
 30
0.0
 10
69.23447333333333
 20
259.9212338888888
 30
0.0
 10
68.72753166666666
 20
259.6615894444444
 30
0.0
 10
68.18178444444445
 20
259.7861199999999
 30
0.0
 10
67.87945388888889
 20
260.3756116666667
 30
0.0
 10
67.59088166666666
 20
260.938645
 30
0.0
 10
67.77714833333333
 20
261.5157894444444
 30
0.0
 10
68.33489
 20
261.8015394444444
 30
0.0
 10
68.55890388888889
 20
261.916545
 30
0.0
 10
68.72470944444444
 20
261.9408866666666
 30
0.0
 10
68.80267333333333
 20
261.9405338888889
 30
0.0
  0
SPLINE
  5
37B
330
1F
100
AcDbEntity
  8
DEFAULT
 62
   250
100
AcDbSpline
210
0.0
220
0.0
230
1.0
 70
     8
 71
     3
 72
    17
 73
    13
 74
     0
 42
0.000000001
 43
0.0000000001
 40
0.0
 40
0.0
 40
0.0
 40
0.0
 40
1.0
 40
1.0
 40
1.0
 40
2.0
 40
2.0
 40
2.0
 40
3.0
 40
3.0
 40
3.0
 40
4.0
 40
4.0
 40
4.0
 40
4.0
 10
51.46216388888889
 20
259.5522988888889
 30
0.0
 10
51.35491944444444
 20
259.5533572222222
 30
0.0
 10
51.16230277777778
 20
259.59816
 30
0.0
 10
50.94358055555556
 20
259.7103433333333
 30
0.0
 10
50.43663888888889
 20
259.9699877777778
 30
0.0
 10
50.218975
 20
260.4861016666666
 30
0.0
 10
50.52130555555556
 20
261.0755933333333
 30
0.0
 10
50.80987777777778
 20
261.6386266666667
 30
0.0
 10
51.38702222222222
 20
261.8245405555555
 30
0.0
 10
51.94476388888889
 20
261.5387905555555
 30
0.0
 10
52.16877777777777
 20
261.423785
 30
0.0
 10
52.28554722222222
 20
261.3034877777778
 30
0.0
 10
52.33070277777777
 20
261.2399877777777
 30
0.0
  0
POLYLINE
  5
37C
330
1F
100
AcDbEntity
  8
DEFAULT
 62
   250
100
AcDb2dPolyline
 66
     1
 10
0.0
 20
0.0
 30
0.0
  0
VERTEX
  5
37D
330
37C
100
AcDbEntity
  8
DEFAULT
 62
   250
100
AcDbVertex
100
AcDb2dVertex
 10
60.7311177777778
 20
250.7869000000001
 30
0.0
  0
VERTEX
  5
37E
330
37C
100
AcDbEntity
  8
DEFAULT
 62
   250
100
AcDbVertex
100
AcDb2dVertex
 10
59.89291777777779
 20
248.7658361111112
 30
0.0
  0
VERTEX
  5
37F
330
37C
100
AcDbEntity
  8
DEFAULT
 62
   250
100
AcDbVertex
100
AcDb2dVertex
 10
59.0399011111111
 20
250.7869
 30
0.0
  0
SEQEND
  5
380
330
37C
100
AcDbEntity
  8
DEFAULT
 62
   250
  0
SPLINE
  5
381
330
1F
100
AcDbEntity
  8
DEFAULT
 62
     1
100
AcDbSpline
210
0.0
220
0.0
230
1.0
 70
    11
 71
     3
 72
   110
 73
   106
 74
     0
 42
0.000000001
 43
0.0000000001
 40
1.0
 40
1.0
 40
1.0
 40
1.0
 40
2.0
 40
2.0
 40
2.0
 40
3.0
 40
3.0
 40
3.0
 40
4.0
 40
4.0
 40
4.0
 40
5.0
 40
5.0
 40
5.0
 40
6.0
 40
6.0
 40
6.0
 40
7.0
 40
7.0
 40
7.0
 40
8.0
 40
8.0
 40
8.0
 40
9.0
 40
9.0
 40
9.0
 40
18.92000000000007
 40
18.92000000000007
 40
18.92000000000007
 40
27.42000000000007
 40
27.42000000000007
 40
27.42000000000007
 40
37.34000000000015
 40
37.34000000000015
 40
37.34000000000015
 40
38.34000000000015
 40
38.34000000000015
 40
38.34000000000015
 40
39.34000000000015
 40
39.34000000000015
 40
39.34000000000015
 40
40.34000000000015
 40
40.34000000000015
 40
40.34000000000015
 40
41.34000000000015
 40
41.34000000000015
 40
41.34000000000015
 40
42.34000000000015
 40
42.34000000000015
 40
42.34000000000015
 40
43.34000000000015
 40
43.34000000000015
 40
43.34000000000015
 40
44.34000000000015
 40
44.34000000000015
 40
44.34000000000015
 40
45.34000000000015
 40
45.34000000000015
 40
45.34000000000015
 40
46.34000000000015
 40
46.34000000000015
 40
46.34000000000015
 40
47.34000000000015
 40
47.34000000000015
 40
47.34000000000015
 40
55.84547235607769
 40
55.84547235607769
 40
55.84547235607769
 40
56.84547235607769
 40
56.84547235607769
 40
56.84547235607769
 40
57.84547235607769
 40
57.84547235607769
 40
57.84547235607769
 40
58.84547235607769
 40
58.84547235607769
 40
58.84547235607769
 40
59.84547235607769
 40
59.84547235607769
 40
59.84547235607769
 40
60.84547235607769
 40
60.84547235607769
 40
60.84547235607769
 40
61.84547235607769
 40
61.84547235607769
 40
61.84547235607769
 40
62.84547235607769
 40
62.84547235607769
 40
62.84547235607769
 40
63.84547235607769
 40
63.84547235607769
 40
63.84547235607769
 40
64.84547235607769
 40
64.84547235607769
 40
64.84547235607769
 40
73.3518349747297
 40
73.3518349747297
 40
73.3518349747297
 40
74.3518349747297
 40
74.3518349747297
 40
74.3518349747297
 40
75.3518349747297
 40
75.3518349747297
 40
75.3518349747297
 40
76.3518349747297
 40
76.3518349747297
 40
76.3518349747297
 40
76.3518349747297
 10
45.30580361111111
 20
252.4869713888889
 30
0.0
 10
42.13327305555556
 20
254.1101019444444
 30
0.0
 10
41.85810638888889
 20
255.4252575
 30
0.0
 10
41.85810638888889
 20
258.2795824999999
 30
0.0
 10
41.85810638888889
 20
261.8997880555555
 30
0.0
 10
43.25228416666667
 20
263.1274547222222
 30
0.0
 10
46.6347175
 20
263.1274547222222
 30
0.0
 10
48.61627027777778
 20
263.1274547222222
 30
0.0
 10
50.15649805555555
 20
264.1000630555555
 30
0.0
 10
50.15649805555555
 20
266.7035630555555
 30
0.0
 10
50.15649805555555
 20
271.3602297222222
 30
0.0
 10
53.42674805555556
 20
275.2513686111111
 30
0.0
 10
57.79766472222222
 20
276.2109241666666
 30
0.0
 10
58.32683138888888
 20
276.3097019444444
 30
0.0
 10
57.88585916666666
 20
274.2039713888888
 30
0.0
 10
57.88585916666666
 20
272.3589436111111
 30
0.0
 10
57.88585916666666
 20
265.4268602777777
 30
0.0
 10
57.95288694444444
 20
259.8208686111111
 30
0.0
 10
58.38680361111111
 20
259.8208686111111
 30
0.0
 10
58.44324805555556
 20
259.8208686111111
 30
0.0
 10
58.4855813888889
 20
259.0380547222222
 30
0.0
 10
58.4855813888889
 20
258.0714436111111
 30
0.0
 10
58.4855813888889
 20
257.1013047222222
 30
0.0
 10
58.38680361111111
 20
256.4941741666667
 30
0.0
 10
58.38680361111111
 20
256.3177852777778
 30
0.0
 10
58.38680361111111
 20
255.1512667592592
 30
0.0
 10
58.38680361111111
 20
253.9847482407407
 30
0.0
 10
58.38680361111111
 20
252.8182297222222
 30
0.0
 10
59.38634064814814
 20
252.8182297222222
 30
0.0
 10
60.38587768518519
 20
252.8182297222222
 30
0.0
 10
61.38541472222222
 20
252.8182297222222
 30
0.0
 10
61.38541472222222
 20
253.9847482407407
 30
0.0
 10
61.38541472222222
 20
255.1512667592592
 30
0.0
 10
61.38541472222222
 20
256.3177852777778
 30
0.0
 10
61.38541472222222
 20
256.4941741666667
 30
0.0
 10
61.28663694444445
 20
257.1013047222222
 30
0.0
 10
61.28663694444445
 20
258.0714436111111
 30
0.0
 10
61.28663694444445
 20
259.0380547222222
 30
0.0
 10
61.33249805555555
 20
259.8208686111111
 30
0.0
 10
61.38541472222222
 20
259.8208686111111
 30
0.0
 10
63.41388694444444
 20
259.8208686111111
 30
0.0
 10
62.75207583333334
 20
262.2215213888889
 30
0.0
 10
65.42366194444443
 20
263.5881825
 30
0.0
 10
65.42366194444443
 20
263.5881825
 30
0.0
 10
65.42189805555554
 20
263.5913575
 30
0.0
 10
68.09560083333334
 20
264.9509630555555
 30
0.0
 10
69.39911472222222
 20
265.6141852777778
 30
0.0
 10
71.82481472222221
 20
265.6103047222222
 30
0.0
 10
73.73616472222223
 20
265.6103047222222
 30
0.0
 10
76.62082861111111
 20
265.6103047222222
 30
0.0
 10
76.4352675
 20
261.5657075
 30
0.0
 10
76.4352675
 20
255.0943519444444
 30
0.0
 10
76.4352675
 20
254.0868186111111
 30
0.0
 10
75.81014527777778
 20
253.1734769444444
 30
0.0
 10
74.4667675
 20
252.4873241666666
 30
0.0
 10
74.41737861111112
 20
252.4605130555555
 30
0.0
 10
74.02191472222222
 20
253.1396102777778
 30
0.0
 10
73.58023694444444
 20
254.0003880555555
 30
0.0
 10
73.14173416666667
 20
254.8615186111111
 30
0.0
 10
72.9522925
 20
255.4478352777778
 30
0.0
 10
72.87468138888889
 20
255.6023519444444
 30
0.0
 10
72.47604249999999
 20
256.3812852777777
 30
0.0
 10
71.2790675
 20
258.7205547222222
 30
0.0
 10
71.2790675
 20
258.7205547222222
 30
0.0
 10
70.38865638888889
 20
258.2650010185185
 30
0.0
 10
69.49824527777777
 20
257.8094473148148
 30
0.0
 10
68.60783416666666
 20
257.3538936111111
 30
0.0
 10
68.60783416666666
 20
257.3538936111111
 30
0.0
 10
69.80410361111112
 20
255.0181519444444
 30
0.0
 10
70.20344805555555
 20
254.2360436111111
 30
0.0
 10
70.28105916666667
 20
254.0811741666666
 30
0.0
 10
70.64759527777777
 20
253.5869325
 30
0.0
 10
71.08927305555555
 20
252.7265075
 30
0.0
 10
71.52848138888888
 20
251.8614963888889
 30
0.0
 10
71.8442175
 20
251.1471213888888
 30
0.0
 10
71.79518138888888
 20
251.1206630555555
 30
0.0
 10
69.12394805555556
 20
249.7540019444444
 30
0.0
 10
64.38649527777777
 20
248.2977352777777
 30
0.0
 10
61.23407305555556
 20
246.2622075
 30
0.0
 10
60.47665916666666
 20
245.7732575
 30
0.0
 10
58.35470083333333
 20
245.8201769444444
 30
0.0
 10
57.31188972222223
 20
245.8201769444444
 30
0.0
 10
53.23730638888889
 20
245.8201769444444
 30
0.0
 10
50.64862305555556
 20
249.7540019444444
 30
0.0
 10
47.97703694444444
 20
251.1203102777777
 30
0.0
 10
47.92800083333333
 20
251.1467686111111
 30
0.0
 10
48.24408972222223
 20
251.8614963888889
 30
0.0
 10
48.68647305555555
 20
252.7254491666667
 30
0.0
 10
49.12497583333333
 20
253.5865797222222
 30
0.0
 10
49.49151194444445
 20
254.0808213888889
 30
0.0
 10
49.56877027777778
 20
254.2356908333333
 30
0.0
 10
49.96811472222223
 20
255.0177991666666
 30
0.0
 10
51.16473694444445
 20
257.3535408333333
 30
0.0
 10
51.16473694444445
 20
257.3535408333333
 30
0.0
 10
50.27420824074074
 20
257.809094537037
 30
0.0
 10
49.38367953703704
 20
258.2646482407407
 30
0.0
 10
48.49315083333333
 20
258.7202019444444
 30
0.0
 10
48.49315083333333
 20
258.7202019444444
 30
0.0
 10
47.29617583333333
 20
256.3809325
 30
0.0
 10
46.89753694444445
 20
255.6023519444444
 30
0.0
 10
46.81992583333334
 20
255.4474825
 30
0.0
 10
46.63048416666666
 20
254.8611658333333
 30
0.0
 10
46.19233416666667
 20
254.0000352777778
 30
0.0
 10
45.75030361111111
 20
253.1392575
 30
0.0
 10
45.35483972222222
 20
252.4601602777777
 30
0.0
 10
45.30580361111111
 20
252.4869713888889
 30
0.0
  0
SPLINE
  5
382
330
1F
100
AcDbEntity
  8
DEFAULT
 62
   250
100
AcDbSpline
210
0.0
220
0.0
230
1.0
 70
     8
 71
     3
 72
    17
 73
    13
 74
     0
 42
0.000000001
 43
0.0000000001
 40
0.0
 40
0.0
 40
0.0
 40
0.0
 40
1.0
 40
1.0
 40
1.0
 40
2.0
 40
2.0
 40
2.0
 40
3.0
 40
3.0
 40
3.0
 40
4.0
 40
4.0
 40
4.0
 40
4.0
 10
48.62879388888889
 20
278.8058163888888
 30
0.0
 10
48.69229388888889
 20
278.8922469444444
 30
0.0
 10
48.84116611111111
 20
279.0224219444444
 30
0.0
 10
49.05988833333333
 20
279.1346052777778
 30
0.0
 10
49.56683
 20
279.3946025
 30
0.0
 10
50.11257722222222
 20
279.2697191666667
 30
0.0
 10
50.41455500000001
 20
278.6802275
 30
0.0
 10
50.70312722222222
 20
278.1171941666666
 30
0.0
 10
50.51721333333334
 20
277.5400497222222
 30
0.0
 10
49.95947166666667
 20
277.2542997222222
 30
0.0
 10
49.73545777777777
 20
277.1392941666666
 30
0.0
 10
49.56965222222222
 20
277.1149525
 30
0.0
 10
49.49168833333334
 20
277.1153052777777
 30
0.0
  0
SPLINE
  5
383
330
1F
100
AcDbEntity
  8
DEFAULT
 62
   250
100
AcDbSpline
210
0.0
220
0.0
230
1.0
 70
     8
 71
     3
 72
    17
 73
    13
 74
     0
 42
0.000000001
 43
0.0000000001
 40
0.0
 40
0.0
 40
0.0
 40
0.0
 40
1.0
 40
1.0
 40
1.0
 40
2.0
 40
2.0
 40
2.0
 40
3.0
 40
3.0
 40
3.0
 40
4.0
 40
4.0
 40
4.0
 40
4.0
 10
66.83219777777778
 20
279.5035755555555
 30
0.0
 10
66.93944222222223
 20
279.5025172222222
 30
0.0
 10
67.13205888888889
 20
279.4577144444444
 30
0.0
 10
67.3507811111111
 20
279.3455311111111
 30
0.0
 10
67.85772277777778
 20
279.0858866666666
 30
0.0
 10
68.07503388888888
 20
278.5697727777777
 30
0.0
 10
67.77305611111112
 20
277.9802811111111
 30
0.0
 10
67.48448388888889
 20
277.4172477777777
 30
0.0
 10
66.90733944444445
 20
277.2313338888889
 30
0.0
 10
66.34959777777777
 20
277.5170838888889
 30
0.0
 10
66.1255838888889
 20
277.6320894444444
 30
0.0
 10
66.00881444444444
 20
277.7523866666666
 30
0.0
 10
65.96365888888889
 20
277.8158866666666
 30
0.0
  0
POLYLINE
  5
384
330
1F
100
AcDbEntity
  8
DEFAULT
 62
   250
100
AcDb2dPolyline
 66
     1
 10
0.0
 20
0.0
 30
0.0
  0
VERTEX
  5
385
330
384
100
AcDbEntity
  8
DEFAULT
 62
   250
100
AcDbVertex
100
AcDb2dVertex
 10
57.56320861111113
 20
288.2689744444445
 30
0.0
  0
VERTEX
  5
386
330
384
100
AcDbEntity
  8
DEFAULT
 62
   250
100
AcDbVertex
100
AcDb2dVertex
 10
58.40140861111114
 20
290.2900383333334
 30
0.0
  0
VERTEX
  5
387
330
384
100
AcDbEntity
  8
DEFAULT
 62
   250
100
AcDbVertex
100
AcDb2dVertex
 10
59.25442527777778
 20
288.2689744444444
 30
0.0
  0
SEQEND
  5
388
330
384
100
AcDbEntity
  8
DEFAULT
 62
   250
  0
SPLINE
  5
389
330
1F
100
AcDbEntity
  8
DEFAULT
 62
     1
100
AcDbSpline
210
0.0
220
0.0
230
1.0
 70
    11
 71
     3
 72
   110
 73
   106
 74
     0
 42
0.000000001
 43
0.0000000001
 40
1.0
 40
1.0
 40
1.0
 40
1.0
 40
2.0
 40
2.0
 40
2.0
 40
3.0
 40
3.0
 40
3.0
 40
4.0
 40
4.0
 40
4.0
 40
5.0
 40
5.0
 40
5.0
 40
6.0
 40
6.0
 40
6.0
 40
7.0
 40
7.0
 40
7.0
 40
8.0
 40
8.0
 40
8.0
 40
9.0
 40
9.0
 40
9.0
 40
18.92000000000007
 40
18.92000000000007
 40
18.92000000000007
 40
27.42000000000007
 40
27.42000000000007
 40
27.42000000000007
 40
37.34000000000015
 40
37.34000000000015
 40
37.34000000000015
 40
38.34000000000015
 40
38.34000000000015
 40
38.34000000000015
 40
39.34000000000015
 40
39.34000000000015
 40
39.34000000000015
 40
40.34000000000015
 40
40.34000000000015
 40
40.34000000000015
 40
41.34000000000015
 40
41.34000000000015
 40
41.34000000000015
 40
42.34000000000015
 40
42.34000000000015
 40
42.34000000000015
 40
43.34000000000015
 40
43.34000000000015
 40
43.34000000000015
 40
44.34000000000015
 40
44.34000000000015
 40
44.34000000000015
 40
45.34000000000015
 40
45.34000000000015
 40
45.34000000000015
 40
46.34000000000015
 40
46.34000000000015
 40
46.34000000000015
 40
47.34000000000015
 40
47.34000000000015
 40
47.34000000000015
 40
55.84636261865208
 40
55.84636261865208
 40
55.84636261865208
 40
56.84636261865208
 40
56.84636261865208
 40
56.84636261865208
 40
57.84636261865208
 40
57.84636261865208
 40
57.84636261865208
 40
58.84636261865208
 40
58.84636261865208
 40
58.84636261865208
 40
59.84636261865208
 40
59.84636261865208
 40
59.84636261865208
 40
60.84636261865208
 40
60.84636261865208
 40
60.84636261865208
 40
61.84636261865208
 40
61.84636261865208
 40
61.84636261865208
 40
62.84636261865208
 40
62.84636261865208
 40
62.84636261865208
 40
63.84636261865208
 40
63.84636261865208
 40
63.84636261865208
 40
64.84636261865208
 40
64.84636261865208
 40
64.84636261865208
 40
73.35272523730409
 40
73.35272523730409
 40
73.35272523730409
 40
74.35272523730409
 40
74.35272523730409
 40
74.35272523730409
 40
75.35272523730409
 40
75.35272523730409
 40
75.35272523730409
 40
76.35272523730409
 40
76.35272523730409
 40
76.35272523730409
 40
76.35272523730409
 10
72.98986333333332
 20
286.5689030555555
 30
0.0
 10
76.16239388888887
 20
284.9457725
 30
0.0
 10
76.43756055555555
 20
283.6306169444444
 30
0.0
 10
76.43756055555555
 20
280.7762919444444
 30
0.0
 10
76.43756055555555
 20
277.1560863888889
 30
0.0
 10
75.04338277777777
 20
275.9284197222221
 30
0.0
 10
71.66094944444444
 20
275.9284197222221
 30
0.0
 10
69.67974944444443
 20
275.9284197222221
 30
0.0
 10
68.13916888888888
 20
274.9558113888888
 30
0.0
 10
68.13916888888888
 20
272.3523113888888
 30
0.0
 10
68.13916888888888
 20
267.6956447222222
 30
0.0
 10
64.86891888888887
 20
263.8045058333333
 30
0.0
 10
60.49800222222221
 20
262.8449502777777
 30
0.0
 10
59.96883555555555
 20
262.7461724999999
 30
0.0
 10
60.40980777777777
 20
264.8522558333333
 30
0.0
 10
60.40980777777777
 20
266.6972836111111
 30
0.0
 10
60.40980777777777
 20
273.6290141666666
 30
0.0
 10
60.34277999999999
 20
279.2350058333333
 30
0.0
 10
59.90886333333333
 20
279.2350058333333
 30
0.0
 10
59.85241888888888
 20
279.2350058333333
 30
0.0
 10
59.81008555555555
 20
280.0181725
 30
0.0
 10
59.81008555555555
 20
280.9847836111111
 30
0.0
 10
59.81008555555555
 20
281.9549225
 30
0.0
 10
59.90886333333333
 20
282.5617002777777
 30
0.0
 10
59.90886333333333
 20
282.7380891666666
 30
0.0
 10
59.90886333333333
 20
283.9046076851851
 30
0.0
 10
59.90886333333333
 20
285.0711262037036
 30
0.0
 10
59.90886333333333
 20
286.2376447222222
 30
0.0
 10
58.90932629629629
 20
286.2376447222222
 30
0.0
 10
57.90978925925926
 20
286.2376447222222
 30
0.0
 10
56.91025222222222
 20
286.2376447222222
 30
0.0
 10
56.91025222222222
 20
285.0711262037036
 30
0.0
 10
56.91025222222222
 20
283.9046076851851
 30
0.0
 10
56.91025222222222
 20
282.7380891666666
 30
0.0
 10
56.91025222222222
 20
282.5617002777777
 30
0.0
 10
57.00902999999999
 20
281.9549225
 30
0.0
 10
57.00902999999999
 20
280.9847836111111
 30
0.0
 10
57.00902999999999
 20
280.0181725
 30
0.0
 10
56.96316888888888
 20
279.2350058333333
 30
0.0
 10
56.91025222222222
 20
279.2350058333333
 30
0.0
 10
54.88178
 20
279.2350058333333
 30
0.0
 10
55.5435911111111
 20
276.8343530555555
 30
0.0
 10
52.87200499999999
 20
275.4676919444444
 30
0.0
 10
52.87200499999999
 20
275.4676919444444
 30
0.0
 10
52.87376888888888
 20
275.4645169444444
 30
0.0
 10
50.20006611111111
 20
274.1049113888889
 30
0.0
 10
48.89655222222222
 20
273.4416891666666
 30
0.0
 10
46.47085222222221
 20
273.4455697222222
 30
0.0
 10
44.55950222222221
 20
273.4455697222222
 30
0.0
 10
41.67483833333333
 20
273.4455697222222
 30
0.0
 10
41.86039944444444
 20
277.4905197222222
 30
0.0
 10
41.86039944444444
 20
283.9615224999999
 30
0.0
 10
41.86039944444444
 20
284.9690558333333
 30
0.0
 10
42.48552166666666
 20
285.8823975
 30
0.0
 10
43.82889944444444
 20
286.5685502777777
 30
0.0
 10
43.87828833333332
 20
286.5953613888889
 30
0.0
 10
44.27375222222221
 20
285.9162641666666
 30
0.0
 10
44.71542999999999
 20
285.0558391666666
 30
0.0
 10
45.15393277777777
 20
284.1943558333333
 30
0.0
 10
45.34337444444444
 20
283.6080391666666
 30
0.0
 10
45.42098555555555
 20
283.4535225
 30
0.0
 10
45.81962444444444
 20
282.6749419444444
 30
0.0
 10
47.01659944444444
 20
280.3353197222222
 30
0.0
 10
47.01659944444444
 20
280.3353197222222
 30
0.0
 10
47.90712814814814
 20
280.7908734259259
 30
0.0
 10
48.79765685185183
 20
281.2464271296296
 30
0.0
 10
49.68818555555554
 20
281.7019808333333
 30
0.0
 10
49.68818555555554
 20
281.7019808333333
 30
0.0
 10
48.49156333333332
 20
284.0380752777778
 30
0.0
 10
48.09221888888889
 20
284.8198308333333
 30
0.0
 10
48.01460777777778
 20
284.9747002777777
 30
0.0
 10
47.64807166666667
 20
285.4689419444444
 30
0.0
 10
47.20639388888888
 20
286.3293669444444
 30
0.0
 10
46.76718555555555
 20
287.1943780555555
 30
0.0
 10
46.45144944444444
 20
287.9087530555555
 30
0.0
 10
46.50048555555555
 20
287.9352113888889
 30
0.0
 10
49.17171888888888
 20
289.3018724999999
 30
0.0
 10
53.90917166666667
 20
290.7581391666666
 30
0.0
 10
57.06194666666666
 20
292.7936669444444
 30
0.0
 10
57.81900777777777
 20
293.2826169444444
 30
0.0
 10
59.9409661111111
 20
293.2356975
 30
0.0
 10
60.98377722222221
 20
293.2356975
 30
0.0
 10
65.05836055555554
 20
293.2356975
 30
0.0
 10
67.64704388888887
 20
289.3022252777777
 30
0.0
 10
70.31862999999998
 20
287.9355641666666
 30
0.0
 10
70.3676661111111
 20
287.9091058333333
 30
0.0
 10
70.05192999999998
 20
287.1943780555555
 30
0.0
 10
69.60919388888888
 20
286.3304252777777
 30
0.0
 10
69.1706911111111
 20
285.4692947222222
 30
0.0
 10
68.80415499999998
 20
284.9750530555555
 30
0.0
 10
68.72689666666666
 20
284.8201836111111
 30
0.0
 10
68.32755222222221
 20
284.0380752777778
 30
0.0
 10
67.13092999999999
 20
281.7023336111111
 30
0.0
 10
67.13092999999999
 20
281.7023336111111
 30
0.0
 10
68.02145870370369
 20
281.2467799074074
 30
0.0
 10
68.9119874074074
 20
280.7912262037037
 30
0.0
 10
69.8025161111111
 20
280.3356725
 30
0.0
 10
69.8025161111111
 20
280.3356725
 30
0.0
 10
70.9994911111111
 20
282.6749419444444
 30
0.0
 10
71.39813
 20
283.4535225
 30
0.0
 10
71.4757411111111
 20
283.6083919444444
 30
0.0
 10
71.66518277777777
 20
284.1947086111111
 30
0.0
 10
72.10333277777777
 20
285.0558391666666
 30
0.0
 10
72.54536333333333
 20
285.9166169444444
 30
0.0
 10
72.94082722222221
 20
286.5957141666667
 30
0.0
 10
72.98986333333332
 20
286.5689030555555
 30
0.0
  0
SPLINE
  5
38A
330
1F
100
AcDbEntity
  8
DEFAULT
 62
     1
100
AcDbSpline
210
0.0
220
0.0
230
1.0
 70
     8
 71
     3
 72
     8
 73
     4
 74
     0
 42
0.000000001
 43
0.0000000001
 40
0.0
 40
0.0
 40
0.0
 40
0.0
 40
1.0
 40
1.0
 40
1.0
 40
1.0
 10
46.6347175
 20
263.1275605555555
 30
0.0
 10
47.60979527777778
 20
263.1275605555555
 30
0.0
 10
46.24031194444444
 20
273.445605
 30
0.0
 10
44.55932583333333
 20
273.445605
 30
0.0
  0
SPLINE
  5
38B
330
1F
100
AcDbEntity
  8
DEFAULT
 62
     1
100
AcDbSpline
210
0.0
220
0.0
230
1.0
 70
     8
 71
     3
 72
     8
 73
     4
 74
     0
 42
0.000000001
 43
0.0000000001
 40
0.0
 40
0.0
 40
0.0
 40
0.0
 40
1.0
 40
1.0
 40
1.0
 40
1.0
 10
71.66098472222221
 20
275.9283491666666
 30
0.0
 10
70.68590694444444
 20
275.9283491666666
 30
0.0
 10
72.05539027777778
 20
265.6103047222222
 30
0.0
 10
73.73637638888889
 20
265.6103047222222
 30
0.0
  0
SPLINE
  5
38C
330
1F
100
AcDbEntity
  8
DEFAULT
 62
   250
100
AcDbSpline
210
0.0
220
0.0
230
1.0
 70
     8
 71
     3
 72
    17
 73
    13
 74
     0
 42
0.000000001
 43
0.0000000001
 40
0.0
 40
0.0
 40
0.0
 40
0.0
 40
1.0
 40
1.0
 40
1.0
 40
2.0
 40
2.0
 40
2.0
 40
3.0
 40
3.0
 40
3.0
 40
4.0
 40
4.0
 40
4.0
 40
4.0
 10
33.32469416666667
 20
260.2500227777778
 30
0.0
 10
33.26119416666666
 20
260.1635922222222
 30
0.0
 10
33.11232194444444
 20
260.0334172222222
 30
0.0
 10
32.89359972222222
 20
259.9212338888888
 30
0.0
 10
32.38665805555555
 20
259.6615894444444
 30
0.0
 10
31.84091083333333
 20
259.7861199999999
 30
0.0
 10
31.53858027777778
 20
260.3756116666667
 30
0.0
 10
31.25000805555555
 20
260.938645
 30
0.0
 10
31.43627472222222
 20
261.5157894444444
 30
0.0
 10
31.99401638888888
 20
261.8015394444444
 30
0.0
 10
32.21803027777778
 20
261.916545
 30
0.0
 10
32.38383583333333
 20
261.9408866666666
 30
0.0
 10
32.46179972222222
 20
261.9405338888889
 30
0.0
  0
SPLINE
  5
38D
330
1F
100
AcDbEntity
  8
DEFAULT
 62
   250
100
AcDbSpline
210
0.0
220
0.0
230
1.0
 70
     8
 71
     3
 72
    17
 73
    13
 74
     0
 42
0.000000001
 43
0.0000000001
 40
0.0
 40
0.0
 40
0.0
 40
0.0
 40
1.0
 40
1.0
 40
1.0
 40
2.0
 40
2.0
 40
2.0
 40
3.0
 40
3.0
 40
3.0
 40
4.0
 40
4.0
 40
4.0
 40
4.0
 10
15.12129027777778
 20
259.5522988888889
 30
0.0
 10
15.01404583333333
 20
259.5533572222222
 30
0.0
 10
14.82142916666666
 20
259.59816
 30
0.0
 10
14.60270694444444
 20
259.7103433333333
 30
0.0
 10
14.09576527777778
 20
259.9699877777778
 30
0.0
 10
13.87845416666666
 20
260.4861016666666
 30
0.0
 10
14.18043194444444
 20
261.0755933333333
 30
0.0
 10
14.46900416666667
 20
261.6386266666667
 30
0.0
 10
15.04614861111111
 20
261.8245405555555
 30
0.0
 10
15.60389027777778
 20
261.5387905555555
 30
0.0
 10
15.82790416666667
 20
261.423785
 30
0.0
 10
15.94467361111111
 20
261.3034877777778
 30
0.0
 10
15.98982916666667
 20
261.2399877777777
 30
0.0
  0
POLYLINE
  5
38E
330
1F
100
AcDbEntity
  8
DEFAULT
 62
   250
100
AcDb2dPolyline
 66
     1
 10
0.0
 20
0.0
 30
0.0
  0
VERTEX
  5
38F
330
38E
100
AcDbEntity
  8
DEFAULT
 62
   250
100
AcDbVertex
100
AcDb2dVertex
 10
24.39024416666667
 20
250.7869
 30
0.0
  0
VERTEX
  5
390
330
38E
100
AcDbEntity
  8
DEFAULT
 62
   250
100
AcDbVertex
100
AcDb2dVertex
 10
23.55239694444445
 20
248.7658361111111
 30
0.0
  0
VERTEX
  5
391
330
38E
100
AcDbEntity
  8
DEFAULT
 62
   250
100
AcDbVertex
100
AcDb2dVertex
 10
22.69938027777777
 20
250.7869
 30
0.0
  0
SEQEND
  5
392
330
38E
100
AcDbEntity
  8
DEFAULT
 62
   250
  0
SPLINE
  5
393
330
1F
100
AcDbEntity
  8
DEFAULT
 62
     1
100
AcDbSpline
210
0.0
220
0.0
230
1.0
 70
    11
 71
     3
 72
   110
 73
   106
 74
     0
 42
0.000000001
 43
0.0000000001
 40
1.0
 40
1.0
 40
1.0
 40
1.0
 40
2.0
 40
2.0
 40
2.0
 40
3.0
 40
3.0
 40
3.0
 40
4.0
 40
4.0
 40
4.0
 40
5.0
 40
5.0
 40
5.0
 40
6.0
 40
6.0
 40
6.0
 40
7.0
 40
7.0
 40
7.0
 40
8.0
 40
8.0
 40
8.0
 40
9.0
 40
9.0
 40
9.0
 40
18.92000000000007
 40
18.92000000000007
 40
18.92000000000007
 40
27.42000000000007
 40
27.42000000000007
 40
27.42000000000007
 40
37.34000000000015
 40
37.34000000000015
 40
37.34000000000015
 40
38.34000000000015
 40
38.34000000000015
 40
38.34000000000015
 40
39.34000000000015
 40
39.34000000000015
 40
39.34000000000015
 40
40.34000000000015
 40
40.34000000000015
 40
40.34000000000015
 40
41.34000000000015
 40
41.34000000000015
 40
41.34000000000015
 40
42.34000000000015
 40
42.34000000000015
 40
42.34000000000015
 40
43.34000000000015
 40
43.34000000000015
 40
43.34000000000015
 40
44.34000000000015
 40
44.34000000000015
 40
44.34000000000015
 40
45.34000000000015
 40
45.34000000000015
 40
45.34000000000015
 40
46.34000000000015
 40
46.34000000000015
 40
46.34000000000015
 40
47.34000000000015
 40
47.34000000000015
 40
47.34000000000015
 40
55.84547235607769
 40
55.84547235607769
 40
55.84547235607769
 40
56.84547235607769
 40
56.84547235607769
 40
56.84547235607769
 40
57.84547235607769
 40
57.84547235607769
 40
57.84547235607769
 40
58.84547235607769
 40
58.84547235607769
 40
58.84547235607769
 40
59.84547235607769
 40
59.84547235607769
 40
59.84547235607769
 40
60.84547235607769
 40
60.84547235607769
 40
60.84547235607769
 40
61.84547235607769
 40
61.84547235607769
 40
61.84547235607769
 40
62.84547235607769
 40
62.84547235607769
 40
62.84547235607769
 40
63.84547235607769
 40
63.84547235607769
 40
63.84547235607769
 40
64.84547235607769
 40
64.84547235607769
 40
64.84547235607769
 40
73.3518349747297
 40
73.3518349747297
 40
73.3518349747297
 40
74.3518349747297
 40
74.3518349747297
 40
74.3518349747297
 40
75.3518349747297
 40
75.3518349747297
 40
75.3518349747297
 40
76.3518349747297
 40
76.3518349747297
 40
76.3518349747297
 40
76.3518349747297
 10
8.964929999999999
 20
252.4869713888889
 30
0.0
 10
5.792399444444445
 20
254.1101019444444
 30
0.0
 10
5.517232777777778
 20
255.4252575
 30
0.0
 10
5.517232777777778
 20
258.2795824999999
 30
0.0
 10
5.517232777777778
 20
261.8997880555555
 30
0.0
 10
6.911410555555555
 20
263.1274547222222
 30
0.0
 10
10.29384388888889
 20
263.1274547222222
 30
0.0
 10
12.27539666666667
 20
263.1274547222222
 30
0.0
 10
13.81562444444445
 20
264.1000630555555
 30
0.0
 10
13.81562444444445
 20
266.7035630555555
 30
0.0
 10
13.81562444444445
 20
271.3602297222222
 30
0.0
 10
17.08587444444444
 20
275.2513686111111
 30
0.0
 10
21.45679111111111
 20
276.2109241666666
 30
0.0
 10
21.98595777777778
 20
276.3097019444444
 30
0.0
 10
21.54498555555556
 20
274.2039713888888
 30
0.0
 10
21.54498555555556
 20
272.3589436111111
 30
0.0
 10
21.54498555555556
 20
265.4268602777777
 30
0.0
 10
21.61201333333333
 20
259.8208686111111
 30
0.0
 10
22.04628277777778
 20
259.8208686111111
 30
0.0
 10
22.10237444444444
 20
259.8208686111111
 30
0.0
 10
22.14470777777778
 20
259.0380547222222
 30
0.0
 10
22.14470777777778
 20
258.0714436111111
 30
0.0
 10
22.14470777777778
 20
257.1013047222222
 30
0.0
 10
22.04628277777778
 20
256.4941741666667
 30
0.0
 10
22.04628277777778
 20
256.3177852777778
 30
0.0
 10
22.04628277777778
 20
255.1512667592592
 30
0.0
 10
22.04628277777778
 20
253.9847482407407
 30
0.0
 10
22.04628277777778
 20
252.8182297222222
 30
0.0
 10
23.04581981481482
 20
252.8182297222222
 30
0.0
 10
24.04535685185185
 20
252.8182297222222
 30
0.0
 10
25.04489388888889
 20
252.8182297222222
 30
0.0
 10
25.04489388888889
 20
253.9847482407407
 30
0.0
 10
25.04489388888889
 20
255.1512667592592
 30
0.0
 10
25.04489388888889
 20
256.3177852777778
 30
0.0
 10
25.04489388888889
 20
256.4941741666667
 30
0.0
 10
24.94576333333333
 20
257.1013047222222
 30
0.0
 10
24.94576333333333
 20
258.0714436111111
 30
0.0
 10
24.94576333333333
 20
259.0380547222222
 30
0.0
 10
24.99162444444444
 20
259.8208686111111
 30
0.0
 10
25.04489388888889
 20
259.8208686111111
 30
0.0
 10
27.07336611111111
 20
259.8208686111111
 30
0.0
 10
26.41120222222222
 20
262.2215213888889
 30
0.0
 10
29.08278833333333
 20
263.5881825
 30
0.0
 10
29.08278833333333
 20
263.5881825
 30
0.0
 10
29.08102444444444
 20
263.5913575
 30
0.0
 10
31.75472722222222
 20
264.9509630555555
 30
0.0
 10
33.05824111111112
 20
265.6141852777778
 30
0.0
 10
35.48394111111111
 20
265.6103047222222
 30
0.0
 10
37.39529111111111
 20
265.6103047222222
 30
0.0
 10
40.27995499999999
 20
265.6103047222222
 30
0.0
 10
40.09439388888889
 20
261.5657075
 30
0.0
 10
40.09439388888889
 20
255.0943519444444
 30
0.0
 10
40.09439388888889
 20
254.0868186111111
 30
0.0
 10
39.46927166666666
 20
253.1734769444444
 30
0.0
 10
38.12589388888889
 20
252.4873241666666
 30
0.0
 10
38.076505
 20
252.4605130555555
 30
0.0
 10
37.68104111111111
 20
253.1396102777778
 30
0.0
 10
37.23936333333333
 20
254.0003880555555
 30
0.0
 10
36.80086055555555
 20
254.8615186111111
 30
0.0
 10
36.61141888888888
 20
255.4478352777778
 30
0.0
 10
36.53380777777777
 20
255.6023519444444
 30
0.0
 10
36.13516888888888
 20
256.3812852777777
 30
0.0
 10
34.93819388888889
 20
258.7205547222222
 30
0.0
 10
34.93819388888889
 20
258.7205547222222
 30
0.0
 10
34.04778277777778
 20
258.2650010185185
 30
0.0
 10
33.15737166666667
 20
257.8094473148148
 30
0.0
 10
32.26696055555556
 20
257.3538936111111
 30
0.0
 10
32.26696055555556
 20
257.3538936111111
 30
0.0
 10
33.46323
 20
255.0181519444444
 30
0.0
 10
33.86257444444444
 20
254.2360436111111
 30
0.0
 10
33.94018555555556
 20
254.0811741666666
 30
0.0
 10
34.30672166666666
 20
253.5869325
 30
0.0
 10
34.74875222222222
 20
252.7265075
 30
0.0
 10
35.18760777777777
 20
251.8614963888889
 30
0.0
 10
35.50334388888889
 20
251.1471213888888
 30
0.0
 10
35.45430777777777
 20
251.1206630555555
 30
0.0
 10
32.78307444444444
 20
249.7540019444444
 30
0.0
 10
28.04562166666667
 20
248.2977352777777
 30
0.0
 10
24.89319944444444
 20
246.2622075
 30
0.0
 10
24.13578555555555
 20
245.7732575
 30
0.0
 10
22.01382722222222
 20
245.8201769444444
 30
0.0
 10
20.97101611111111
 20
245.8201769444444
 30
0.0
 10
16.89643277777778
 20
245.8201769444444
 30
0.0
 10
14.30774944444444
 20
249.7540019444444
 30
0.0
 10
11.63616333333333
 20
251.1203102777777
 30
0.0
 10
11.58712722222222
 20
251.1467686111111
 30
0.0
 10
11.90321611111111
 20
251.8614963888889
 30
0.0
 10
12.34559944444444
 20
252.7254491666667
 30
0.0
 10
12.78410222222222
 20
253.5865797222222
 30
0.0
 10
13.15063833333333
 20
254.0808213888889
 30
0.0
 10
13.22789666666667
 20
254.2356908333333
 30
0.0
 10
13.62759388888889
 20
255.0177991666666
 30
0.0
 10
14.82386333333333
 20
257.3535408333333
 30
0.0
 10
14.82386333333333
 20
257.3535408333333
 30
0.0
 10
13.93333462962963
 20
257.809094537037
 30
0.0
 10
13.04280592592593
 20
258.2646482407407
 30
0.0
 10
12.15227722222222
 20
258.7202019444444
 30
0.0
 10
12.15227722222222
 20
258.7202019444444
 30
0.0
 10
10.95530222222222
 20
256.3809325
 30
0.0
 10
10.55666333333333
 20
255.6023519444444
 30
0.0
 10
10.47905222222222
 20
255.4474825
 30
0.0
 10
10.28996333333333
 20
254.8611658333333
 30
0.0
 10
9.851460555555557
 20
254.0000352777778
 30
0.0
 10
9.40943
 20
253.1392575
 30
0.0
 10
9.013966111111111
 20
252.4601602777777
 30
0.0
 10
8.964929999999999
 20
252.4869713888889
 30
0.0
  0
SPLINE
  5
394
330
1F
100
AcDbEntity
  8
DEFAULT
 62
   250
100
AcDbSpline
210
0.0
220
0.0
230
1.0
 70
     8
 71
     3
 72
    17
 73
    13
 74
     0
 42
0.000000001
 43
0.0000000001
 40
0.0
 40
0.0
 40
0.0
 40
0.0
 40
1.0
 40
1.0
 40
1.0
 40
2.0
 40
2.0
 40
2.0
 40
3.0
 40
3.0
 40
3.0
 40
4.0
 40
4.0
 40
4.0
 40
4.0
 10
12.28792027777778
 20
278.8058163888888
 30
0.0
 10
12.35142027777778
 20
278.8922469444444
 30
0.0
 10
12.5002925
 20
279.0224219444444
 30
0.0
 10
12.71901472222222
 20
279.1346052777778
 30
0.0
 10
13.22595638888889
 20
279.3946025
 30
0.0
 10
13.77170361111111
 20
279.2697191666667
 30
0.0
 10
14.07368138888889
 20
278.6802275
 30
0.0
 10
14.36260638888889
 20
278.1171941666666
 30
0.0
 10
14.17633972222222
 20
277.5400497222222
 30
0.0
 10
13.61895083333333
 20
277.2542997222222
 30
0.0
 10
13.39458416666666
 20
277.1392941666666
 30
0.0
 10
13.22877861111111
 20
277.1149525
 30
0.0
 10
13.15081472222222
 20
277.1153052777777
 30
0.0
  0
SPLINE
  5
395
330
1F
100
AcDbEntity
  8
DEFAULT
 62
   250
100
AcDbSpline
210
0.0
220
0.0
230
1.0
 70
     8
 71
     3
 72
    17
 73
    13
 74
     0
 42
0.000000001
 43
0.0000000001
 40
0.0
 40
0.0
 40
0.0
 40
0.0
 40
1.0
 40
1.0
 40
1.0
 40
2.0
 40
2.0
 40
2.0
 40
3.0
 40
3.0
 40
3.0
 40
4.0
 40
4.0
 40
4.0
 40
4.0
 10
30.49132416666667
 20
279.5035755555555
 30
0.0
 10
30.59856861111111
 20
279.5025172222222
 30
0.0
 10
30.79118527777777
 20
279.4577144444444
 30
0.0
 10
31.0099075
 20
279.3455311111111
 30
0.0
 10
31.51684916666666
 20
279.0858866666666
 30
0.0
 10
31.73416027777778
 20
278.5697727777777
 30
0.0
 10
31.4321825
 20
277.9802811111111
 30
0.0
 10
31.14361027777778
 20
277.4172477777777
 30
0.0
 10
30.56646583333333
 20
277.2313338888889
 30
0.0
 10
30.00872416666667
 20
277.5170838888889
 30
0.0
 10
29.78471027777778
 20
277.6320894444444
 30
0.0
 10
29.66794083333333
 20
277.7523866666666
 30
0.0
 10
29.62278527777778
 20
277.8158866666666
 30
0.0
  0
POLYLINE
  5
396
330
1F
100
AcDbEntity
  8
DEFAULT
 62
   250
100
AcDb2dPolyline
 66
     1
 10
0.0
 20
0.0
 30
0.0
  0
VERTEX
  5
397
330
396
100
AcDbEntity
  8
DEFAULT
 62
   250
100
AcDbVertex
100
AcDb2dVertex
 10
21.22233499999999
 20
288.2689744444444
 30
0.0
  0
VERTEX
  5
398
330
396
100
AcDbEntity
  8
DEFAULT
 62
   250
100
AcDbVertex
100
AcDb2dVertex
 10
22.06018222222223
 20
290.2900383333334
 30
0.0
  0
VERTEX
  5
399
330
396
100
AcDbEntity
  8
DEFAULT
 62
   250
100
AcDbVertex
100
AcDb2dVertex
 10
22.91355166666667
 20
288.2689744444444
 30
0.0
  0
SEQEND
  5
39A
330
396
100
AcDbEntity
  8
DEFAULT
 62
   250
  0
SPLINE
  5
39B
330
1F
100
AcDbEntity
  8
DEFAULT
 62
     1
100
AcDbSpline
210
0.0
220
0.0
230
1.0
 70
    11
 71
     3
 72
   110
 73
   106
 74
     0
 42
0.000000001
 43
0.0000000001
 40
1.0
 40
1.0
 40
1.0
 40
1.0
 40
2.0
 40
2.0
 40
2.0
 40
3.0
 40
3.0
 40
3.0
 40
4.0
 40
4.0
 40
4.0
 40
5.0
 40
5.0
 40
5.0
 40
6.0
 40
6.0
 40
6.0
 40
7.0
 40
7.0
 40
7.0
 40
8.0
 40
8.0
 40
8.0
 40
9.0
 40
9.0
 40
9.0
 40
18.92000000000007
 40
18.92000000000007
 40
18.92000000000007
 40
27.42000000000007
 40
27.42000000000007
 40
27.42000000000007
 40
37.34000000000015
 40
37.34000000000015
 40
37.34000000000015
 40
38.34000000000015
 40
38.34000000000015
 40
38.34000000000015
 40
39.34000000000015
 40
39.34000000000015
 40
39.34000000000015
 40
40.34000000000015
 40
40.34000000000015
 40
40.34000000000015
 40
41.34000000000015
 40
41.34000000000015
 40
41.34000000000015
 40
42.34000000000015
 40
42.34000000000015
 40
42.34000000000015
 40
43.34000000000015
 40
43.34000000000015
 40
43.34000000000015
 40
44.34000000000015
 40
44.34000000000015
 40
44.34000000000015
 40
45.34000000000015
 40
45.34000000000015
 40
45.34000000000015
 40
46.34000000000015
 40
46.34000000000015
 40
46.34000000000015
 40
47.34000000000015
 40
47.34000000000015
 40
47.34000000000015
 40
55.84547235607769
 40
55.84547235607769
 40
55.84547235607769
 40
56.84547235607769
 40
56.84547235607769
 40
56.84547235607769
 40
57.84547235607769
 40
57.84547235607769
 40
57.84547235607769
 40
58.84547235607769
 40
58.84547235607769
 40
58.84547235607769
 40
59.84547235607769
 40
59.84547235607769
 40
59.84547235607769
 40
60.84547235607769
 40
60.84547235607769
 40
60.84547235607769
 40
61.84547235607769
 40
61.84547235607769
 40
61.84547235607769
 40
62.84547235607769
 40
62.84547235607769
 40
62.84547235607769
 40
63.84547235607769
 40
63.84547235607769
 40
63.84547235607769
 40
64.84547235607769
 40
64.84547235607769
 40
64.84547235607769
 40
73.3518349747297
 40
73.3518349747297
 40
73.3518349747297
 40
74.3518349747297
 40
74.3518349747297
 40
74.3518349747297
 40
75.3518349747297
 40
75.3518349747297
 40
75.3518349747297
 40
76.3518349747297
 40
76.3518349747297
 40
76.3518349747297
 40
76.3518349747297
 10
36.64898972222222
 20
286.5689030555555
 30
0.0
 10
39.82152027777777
 20
284.9457725
 30
0.0
 10
40.09668694444444
 20
283.6306169444444
 30
0.0
 10
40.09668694444444
 20
280.7762919444444
 30
0.0
 10
40.09668694444444
 20
277.1560863888889
 30
0.0
 10
38.70250916666666
 20
275.9284197222221
 30
0.0
 10
35.32007583333333
 20
275.9284197222221
 30
0.0
 10
33.33887583333333
 20
275.9284197222221
 30
0.0
 10
31.79829527777778
 20
274.9558113888888
 30
0.0
 10
31.79829527777778
 20
272.3523113888888
 30
0.0
 10
31.79829527777778
 20
267.6956447222222
 30
0.0
 10
28.52804527777777
 20
263.8045058333333
 30
0.0
 10
24.15712861111111
 20
262.8449502777777
 30
0.0
 10
23.62796194444444
 20
262.7461724999999
 30
0.0
 10
24.06893416666666
 20
264.8522558333333
 30
0.0
 10
24.06893416666666
 20
266.6972836111111
 30
0.0
 10
24.06893416666666
 20
273.6290141666666
 30
0.0
 10
24.00190638888889
 20
279.2350058333333
 30
0.0
 10
23.56798972222222
 20
279.2350058333333
 30
0.0
 10
23.51154527777777
 20
279.2350058333333
 30
0.0
 10
23.46921194444444
 20
280.0181725
 30
0.0
 10
23.46921194444444
 20
280.9847836111111
 30
0.0
 10
23.46921194444444
 20
281.9549225
 30
0.0
 10
23.56798972222222
 20
282.5617002777777
 30
0.0
 10
23.56798972222222
 20
282.7380891666666
 30
0.0
 10
23.56798972222222
 20
283.9046076851851
 30
0.0
 10
23.56798972222222
 20
285.0711262037036
 30
0.0
 10
23.56798972222222
 20
286.2376447222222
 30
0.0
 10
22.56845268518518
 20
286.2376447222222
 30
0.0
 10
21.56891564814815
 20
286.2376447222222
 30
0.0
 10
20.56937861111111
 20
286.2376447222222
 30
0.0
 10
20.56937861111111
 20
285.0711262037036
 30
0.0
 10
20.56937861111111
 20
283.9046076851851
 30
0.0
 10
20.56937861111111
 20
282.7380891666666
 30
0.0
 10
20.56937861111111
 20
282.5617002777777
 30
0.0
 10
20.66815638888889
 20
281.9549225
 30
0.0
 10
20.66815638888889
 20
280.9847836111111
 30
0.0
 10
20.66815638888889
 20
280.0181725
 30
0.0
 10
20.62229527777777
 20
279.2350058333333
 30
0.0
 10
20.56937861111111
 20
279.2350058333333
 30
0.0
 10
18.54090638888889
 20
279.2350058333333
 30
0.0
 10
19.2027175
 20
276.8343530555555
 30
0.0
 10
16.53113138888889
 20
275.4676919444444
 30
0.0
 10
16.53113138888889
 20
275.4676919444444
 30
0.0
 10
16.53289527777778
 20
275.4645169444444
 30
0.0
 10
13.8591925
 20
274.1049113888889
 30
0.0
 10
12.55567861111111
 20
273.4416891666666
 30
0.0
 10
10.12997861111111
 20
273.4455697222222
 30
0.0
 10
8.218628611111107
 20
273.4455697222222
 30
0.0
 10
5.333964722222222
 20
273.4455697222222
 30
0.0
 10
5.519525833333332
 20
277.4905197222222
 30
0.0
 10
5.519525833333332
 20
283.9615224999999
 30
0.0
 10
5.519525833333332
 20
284.9690558333333
 30
0.0
 10
6.144648055555556
 20
285.8823975
 30
0.0
 10
7.488025833333332
 20
286.5685502777777
 30
0.0
 10
7.53741472222222
 20
286.5953613888889
 30
0.0
 10
7.932878611111107
 20
285.9162641666666
 30
0.0
 10
8.37455638888889
 20
285.0558391666666
 30
0.0
 10
8.813059166666665
 20
284.1943558333333
 30
0.0
 10
9.002500833333333
 20
283.6080391666666
 30
0.0
 10
9.080111944444443
 20
283.4535225
 30
0.0
 10
9.478750833333331
 20
282.6749419444444
 30
0.0
 10
10.67572583333333
 20
280.3353197222222
 30
0.0
 10
10.67572583333333
 20
280.3353197222222
 30
0.0
 10
11.56613694444444
 20
280.7908734259259
 30
0.0
 10
12.45654805555555
 20
281.2464271296296
 30
0.0
 10
13.34695916666667
 20
281.7019808333333
 30
0.0
 10
13.34695916666667
 20
281.7019808333333
 30
0.0
 10
12.15068972222222
 20
284.0380752777778
 30
0.0
 10
11.75134527777778
 20
284.8198308333333
 30
0.0
 10
11.67373416666666
 20
284.9747002777777
 30
0.0
 10
11.30719805555556
 20
285.4689419444444
 30
0.0
 10
10.86552027777777
 20
286.3293669444444
 30
0.0
 10
10.42631194444444
 20
287.1943780555555
 30
0.0
 10
10.11057583333333
 20
287.9087530555555
 30
0.0
 10
10.15961194444444
 20
287.9352113888889
 30
0.0
 10
12.83084527777777
 20
289.3018724999999
 30
0.0
 10
17.56829805555555
 20
290.7581391666666
 30
0.0
 10
20.72107305555555
 20
292.7936669444444
 30
0.0
 10
21.47813416666666
 20
293.2826169444444
 30
0.0
 10
23.6000925
 20
293.2356975
 30
0.0
 10
24.64290361111111
 20
293.2356975
 30
0.0
 10
28.71748694444444
 20
293.2356975
 30
0.0
 10
31.30617027777777
 20
289.3022252777777
 30
0.0
 10
33.97775638888888
 20
287.9355641666666
 30
0.0
 10
34.0267925
 20
287.9091058333333
 30
0.0
 10
33.71070361111111
 20
287.1943780555555
 30
0.0
 10
33.26832027777778
 20
286.3304252777777
 30
0.0
 10
32.8298175
 20
285.4692947222222
 30
0.0
 10
32.46328138888889
 20
284.9750530555555
 30
0.0
 10
32.38602305555555
 20
284.8201836111111
 30
0.0
 10
31.98632583333333
 20
284.0380752777778
 30
0.0
 10
30.79005638888889
 20
281.7023336111111
 30
0.0
 10
30.79005638888889
 20
281.7023336111111
 30
0.0
 10
31.68058509259259
 20
281.2467799074074
 30
0.0
 10
32.5711137962963
 20
280.7912262037037
 30
0.0
 10
33.4616425
 20
280.3356725
 30
0.0
 10
33.4616425
 20
280.3356725
 30
0.0
 10
34.6586175
 20
282.6749419444444
 30
0.0
 10
35.05725638888889
 20
283.4535225
 30
0.0
 10
35.1348675
 20
283.6083919444444
 30
0.0
 10
35.32430916666667
 20
284.1947086111111
 30
0.0
 10
35.76245916666666
 20
285.0558391666666
 30
0.0
 10
36.20448972222221
 20
285.9166169444444
 30
0.0
 10
36.59995361111111
 20
286.5957141666667
 30
0.0
 10
36.64898972222222
 20
286.5689030555555
 30
0.0
  0
SPLINE
  5
39C
330
1F
100
AcDbEntity
  8
DEFAULT
 62
     1
100
AcDbSpline
210
0.0
220
0.0
230
1.0
 70
     8
 71
     3
 72
     8
 73
     4
 74
     0
 42
0.000000001
 43
0.0000000001
 40
0.0
 40
0.0
 40
0.0
 40
0.0
 40
1.0
 40
1.0
 40
1.0
 40
1.0
 10
10.29384388888889
 20
263.1275605555555
 30
0.0
 10
11.26892166666667
 20
263.1275605555555
 30
0.0
 10
9.899438333333332
 20
273.445605
 30
0.0
 10
8.218452222222222
 20
273.445605
 30
0.0
  0
SPLINE
  5
39D
330
1F
100
AcDbEntity
  8
DEFAULT
 62
     1
100
AcDbSpline
210
0.0
220
0.0
230
1.0
 70
     8
 71
     3
 72
     8
 73
     4
 74
     0
 42
0.000000001
 43
0.0000000001
 40
0.0
 40
0.0
 40
0.0
 40
0.0
 40
1.0
 40
1.0
 40
1.0
 40
1.0
 10
35.32011111111111
 20
275.9283491666666
 30
0.0
 10
34.34468055555556
 20
275.9283491666666
 30
0.0
 10
35.71451666666666
 20
265.6103047222222
 30
0.0
 10
37.39550277777777
 20
265.6103047222222
 30
0.0
  0
SPLINE
  5
39E
330
1F
100
AcDbEntity
  8
DEFAULT
 62
     1
100
AcDbSpline
210
0.0
220
0.0
230
1.0
 70
    11
 71
     3
 72
    29
 73
    25
 74
     0
 42
0.000000001
 43
0.0000000001
 40
0.0
 40
0.0
 40
0.0
 40
0.0
 40
822.047
 40
822.047
 40
822.047
 40
823.047
 40
823.047
 40
823.047
 40
1645.094
 40
1645.094
 40
1645.094
 40
1646.094
 40
1646.094
 40
1646.094
 40
2468.141
 40
2468.141
 40
2468.141
 40
2469.141
 40
2469.141
 40
2469.141
 40
3291.188
 40
3291.188
 40
3291.188
 40
3292.188
 40
3292.188
 40
3292.188
 40
3292.188
 10
295.0000097222222
 20
0.1000125
 30
0.0
 10
198.3333717592592
 20
0.1000125
 30
0.0
 10
101.6667337962963
 20
0.1000125
 30
0.0
 10
5.000095833333329
 20
0.1000125
 30
0.0
 10
2.249840277777797
 20
0.1000125
 30
0.0
 10
-0.0001763888888847
 20
2.350029166666666
 30
0.0
 10
-0.0001763888888847
 20
5.099931944444444
 30
0.0
 10
-0.0001763888888847
 20
101.7665699074074
 30
0.0
 10
-0.0001763888888847
 20
198.4332078703703
 30
0.0
 10
-0.0001763888888847
 20
295.0998458333333
 30
0.0
 10
-0.0001763888888847
 20
297.8501013888888
 30
0.0
 10
2.249840277777797
 20
300.1001180555555
 30
0.0
 10
5.000095833333329
 20
300.1001180555555
 30
0.0
 10
101.6667337962963
 20
300.1001180555555
 30
0.0
 10
198.3333717592593
 20
300.1001180555555
 30
0.0
 10
295.0000097222222
 20
300.1001180555555
 30
0.0
 10
297.7499124999999
 20
300.1001180555555
 30
0.0
 10
299.9999291666666
 20
297.8501013888888
 30
0.0
 10
299.9999291666666
 20
295.0998458333333
 30
0.0
 10
299.9999291666666
 20
198.4332078703703
 30
0.0
 10
299.9999291666666
 20
101.7665699074074
 30
0.0
 10
299.9999291666666
 20
5.099931944444444
 30
0.0
 10
299.9999291666666
 20
2.350029166666666
 30
0.0
 10
297.7499124999999
 20
0.1000125
 30
0.0
 10
295.0000097222222
 20
0.1000125
 30
0.0
  0
ENDSEC
  0
SECTION
  2
OBJECTS
  0
DICTIONARY
  5
C
330
0
100
AcDbDictionary
  3
ACAD_GROUP
350
D
  3
ACAD_LAYOUT
350
1A
  3
ACAD_MATERIAL
350
43
  3
ACAD_MLEADERSTYLE
350
3C1
  3
ACAD_MLINESTYLE
350
17
  3
ACAD_PLOTSETTINGS
350
19
  3
ACAD_SCALELIST
350
47
  3
ACAD_VISUALSTYLE
350
2A
  3
ACDBHEADERROUNDTRIPXREC
350
39F
  3
ACDBVARIABLEDICTIONARY
350
3BF
  0
DICTIONARY
  5
D
102
{ACAD_REACTORS
330
C
102
}
330
C
100
AcDbDictionary
  0
DICTIONARY
  5
1A
102
{ACAD_REACTORS
330
C
102
}
330
C
100
AcDbDictionary
  0
DICTIONARY
  5
43
102
{ACAD_REACTORS
330
C
102
}
330
C
100
AcDbDictionary
  3
BYBLOCK
350
45
  3
BYLAYER
350
44
  3
GLOBAL
350
46
  0
DICTIONARY
  5
3C1
102
{ACAD_REACTORS
330
C
102
}
330
C
100
AcDbDictionary
  0
DICTIONARY
  5
17
102
{ACAD_REACTORS
330
C
102
}
330
C
100
AcDbDictionary
  3
STANDARD
350
18
  0
DICTIONARY
  5
19
102
{ACAD_REACTORS
330
C
102
}
330
C
100
AcDbDictionary
  0
DICTIONARY
  5
47
102
{ACAD_REACTORS
330
C
102
}
330
C
100
AcDbDictionary
  3
A0
350
48
  3
A1
350
49
  3
A2
350
4A
  3
A3
350
4B
  3
A4
350
4C
  3
A5
350
4D
  3
A6
350
4E
  3
A7
350
4F
  3
A8
350
50
  3
A9
350
51
  3
B0
350
52
  3
B1
350
53
  3
B2
350
54
  3
B3
350
55
  3
B4
350
56
  3
B5
350
57
  3
B6
350
58
  3
B7
350
59
  3
B8
350
5A
  3
B9
350
5B
  3
C0
350
5C
  3
C1
350
5D
  3
C2
350
5E
  3
C3
350
5F
  3
C4
350
60
  3
C5
350
61
  3
C6
350
62
  3
C7
350
63
  3
C8
350
64
  3
C9
350
65
  3
D0
350
66
  3
D1
350
67
  3
D2
350
68
  0
DICTIONARY
  5
2A
102
{ACAD_REACTORS
330
C
102
}
330
C
100
AcDbDictionary
  3
2DWIREFRAME
350
2F
  3
BASIC
350
32
  3
BRIGHTEN
350
36
  3
COLORCHANGE
350
3A
  3
CONCEPTUAL
350
34
  3
DIM
350
35
  3
EDGECOLOROFF
350
3D
  3
FACEPATTERN
350
39
  3
FLAT
350
2B
  3
FLATWITHEDGES
350
2C
  3
GOURAUD
350
2D
  3
GOURAUDWITHEDGES
350
2E
  3
HIDDEN
350
31
  3
JITTEROFF
350
3B
  3
LINEPATTERN
350
38
  3
OVERHANGOFF
350
3C
  3
REALISTIC
350
33
  3
SHADED
350
42
  3
SHADED_WITH_EDGES
350
41
  3
SHADES_OF_GRAY
350
3E
  3
SKETCHY
350
3F
  3
THICKEN
350
37
  3
WIREFRAME
350
30
  3
X-RAY
350
40
  0
DICTIONARY
  5
39F
102
{ACAD_REACTORS
330
C
102
}
330
C
100
AcDbDictionary
  3
CEPSNTYPE
350
3A8
  3
DIMSTYLEDATA
350
3BE
  3
FINGERPRINTGUID
350
3A9
  3
HYPERLINKBASE
350
3A2
  3
INSUNITS
350
3A7
  3
LAYOUTDICT
350
3A4
  3
LWETCUNION
350
3A6
  3
PLOTSETDICT
350
3A5
  3
PSVPSCALE
350
3AB
  3
PUCSBASE
350
3AE
  3
PUCSORGBACK
350
3B4
  3
PUCSORGBOTTOM
350
3B0
  3
PUCSORGFRONT
350
3B3
  3
PUCSORGLEFT
350
3B1
  3
PUCSORGRIGHT
350
3B2
  3
PUCSORGTOP
350
3AF
  3
PUCSORTHOREF
350
3AC
  3
PUCSORTHOVIEW
350
3AD
  3
STYLESHEET
350
3A3
  3
TSTACKALIGN
350
3A0
  3
TSTACKSIZE
350
3A1
  3
UCSBASE
350
3B7
  3
UCSORGBACK
350
3BD
  3
UCSORGBOTTOM
350
3B9
  3
UCSORGFRONT
350
3BC
  3
UCSORGLEFT
350
3BA
  3
UCSORGRIGHT
350
3BB
  3
UCSORGTOP
350
3B8
  3
UCSORTHOREF
350
3B5
  3
UCSORTHOVIEW
350
3B6
  3
VERSIONGUID
350
3AA
  0
DICTIONARY
  5
3BF
102
{ACAD_REACTORS
330
C
102
}
330
C
100
AcDbDictionary
  3
CANNOSCALE
350
3C6
  3
DIMASSOC
350
3C4
  3
HIDETEXT
350
3C5
  3
MSLTSCALE
350
3C7
  0
MATERIAL
  5
45
102
{ACAD_REACTORS
330
43
102
}
102
{ACAD_XDICTIONARY
360
3CA
102
}
330
43
100
AcDbMaterial
  1
BYBLOCK
  0
MATERIAL
  5
44
102
{ACAD_REACTORS
330
43
102
}
102
{ACAD_XDICTIONARY
360
3C8
102
}
330
43
100
AcDbMaterial
  1
BYLAYER
  0
MATERIAL
  5
46
102
{ACAD_REACTORS
330
43
102
}
102
{ACAD_XDICTIONARY
360
3CC
102
}
330
43
100
AcDbMaterial
  1
GLOBAL
  0
MLINESTYLE
  5
18
102
{ACAD_REACTORS
330
17
102
}
330
17
100
AcDbMlineStyle
  2
Standard
 70
     0
  3

 62
   256
 51
90.0
 52
90.0
 71
     2
 49
0.5
 62
   256
  6
BYLAYER
 49
-0.5
 62
   256
  6
BYLAYER
  0
ACAD_PROXY_OBJECT
  5
48
102
{ACAD_REACTORS
330
47
102
}
330
47
100
AcDbProxyObject
 90
      499
 91
      503
 93
       41
310
903313A31580
  0
ACAD_PROXY_OBJECT
  5
49
102
{ACAD_REACTORS
330
47
102
}
330
47
100
AcDbProxyObject
 90
      499
 91
      503
 93
      105
310
903313A324000000000000004000
  0
ACAD_PROXY_OBJECT
  5
4A
102
{ACAD_REACTORS
330
47
102
}
330
47
100
AcDbProxyObject
 90
      499
 91
      503
 93
      105
310
903313A344000000000000104000
  0
ACAD_PROXY_OBJECT
  5
4B
102
{ACAD_REACTORS
330
47
102
}
330
47
100
AcDbProxyObject
 90
      499
 91
      503
 93
      105
310
903313A354000000000000144000
  0
ACAD_PROXY_OBJECT
  5
4C
102
{ACAD_REACTORS
330
47
102
}
330
47
100
AcDbProxyObject
 90
      499
 91
      503
 93
      105
310
903313A384000000000000204000
  0
ACAD_PROXY_OBJECT
  5
4D
102
{ACAD_REACTORS
330
47
102
}
330
47
100
AcDbProxyObject
 90
      499
 91
      503
 93
      113
310
904313A31304000000000000244000
  0
ACAD_PROXY_OBJECT
  5
4E
102
{ACAD_REACTORS
330
47
102
}
330
47
100
AcDbProxyObject
 90
      499
 91
      503
 93
      113
310
904313A31364000000000000304000
  0
ACAD_PROXY_OBJECT
  5
4F
102
{ACAD_REACTORS
330
47
102
}
330
47
100
AcDbProxyObject
 90
      499
 91
      503
 93
      113
310
904313A32304000000000000344000
  0
ACAD_PROXY_OBJECT
  5
50
102
{ACAD_REACTORS
330
47
102
}
330
47
100
AcDbProxyObject
 90
      499
 91
      503
 93
      113
310
904313A333040000000000003E4000
  0
ACAD_PROXY_OBJECT
  5
51
102
{ACAD_REACTORS
330
47
102
}
330
47
100
AcDbProxyObject
 90
      499
 91
      503
 93
      113
310
904313A34304000000000000444000
  0
ACAD_PROXY_OBJECT
  5
52
102
{ACAD_REACTORS
330
47
102
}
330
47
100
AcDbProxyObject
 90
      499
 91
      503
 93
      113
310
904313A35304000000000000494000
  0
ACAD_PROXY_OBJECT
  5
53
102
{ACAD_REACTORS
330
47
102
}
330
47
100
AcDbProxyObject
 90
      499
 91
      503
 93
      121
310
905313A3130304000000000000594000
  0
ACAD_PROXY_OBJECT
  5
54
102
{ACAD_REACTORS
330
47
102
}
330
47
100
AcDbProxyObject
 90
      499
 91
      503
 93
      105
310
903323A310000000000000010100
  0
ACAD_PROXY_OBJECT
  5
55
102
{ACAD_REACTORS
330
47
102
}
330
47
100
AcDbProxyObject
 90
      499
 91
      503
 93
      105
310
903343A310000000000000410100
  0
ACAD_PROXY_OBJECT
  5
56
102
{ACAD_REACTORS
330
47
102
}
330
47
100
AcDbProxyObject
 90
      499
 91
      503
 93
      105
310
903383A310000000000000810100
  0
ACAD_PROXY_OBJECT
  5
57
102
{ACAD_REACTORS
330
47
102
}
330
47
100
AcDbProxyObject
 90
      499
 91
      503
 93
      113
310
90431303A310000000000000910100
  0
ACAD_PROXY_OBJECT
  5
58
102
{ACAD_REACTORS
330
47
102
}
330
47
100
AcDbProxyObject
 90
      499
 91
      503
 93
      121
310
9053130303A310000000000001650100
  0
ACAD_PROXY_OBJECT
  5
59
102
{ACAD_REACTORS
330
47
102
}
330
47
100
AcDbProxyObject
 90
      499
 91
      503
 93
      257
310
90E312F31323822203D2031272D3022000000000000200FC000000000000284000
  0
ACAD_PROXY_OBJECT
  5
5A
102
{ACAD_REACTORS
330
47
102
}
330
47
100
AcDbProxyObject
 90
      499
 91
      503
 93
      249
310
90D312F363422203D2031272D3022000000000000240FC000000000000284000
  0
ACAD_PROXY_OBJECT
  5
5B
102
{ACAD_REACTORS
330
47
102
}
330
47
100
AcDbProxyObject
 90
      499
 91
      503
 93
      249
310
90D312F333222203D2031272D3022000000000000280FC000000000000284000
  0
ACAD_PROXY_OBJECT
  5
5C
102
{ACAD_REACTORS
330
47
102
}
330
47
100
AcDbProxyObject
 90
      499
 91
      503
 93
      249
310
90D312F313622203D2031272D30220000000000002C0FC000000000000284000
  0
ACAD_PROXY_OBJECT
  5
5D
102
{ACAD_REACTORS
330
47
102
}
330
47
100
AcDbProxyObject
 90
      499
 91
      503
 93
      249
310
90D332F333222203D2031272D30220000000000002E0FC000000000000284000
  0
ACAD_PROXY_OBJECT
  5
5E
102
{ACAD_REACTORS
330
47
102
}
330
47
100
AcDbProxyObject
 90
      499
 91
      503
 93
      241
310
90C312F3822203D2031272D3022000000000000300FC000000000000284000
  0
ACAD_PROXY_OBJECT
  5
5F
102
{ACAD_REACTORS
330
47
102
}
330
47
100
AcDbProxyObject
 90
      499
 91
      503
 93
      249
310
90D332F313622203D2031272D3022000000000000320FC000000000000284000
  0
ACAD_PROXY_OBJECT
  5
60
102
{ACAD_REACTORS
330
47
102
}
330
47
100
AcDbProxyObject
 90
      499
 91
      503
 93
      241
310
90C312F3422203D2031272D3022000000000000340FC000000000000284000
  0
ACAD_PROXY_OBJECT
  5
61
102
{ACAD_REACTORS
330
47
102
}
330
47
100
AcDbProxyObject
 90
      499
 91
      503
 93
      241
310
90C332F3822203D2031272D3022000000000000360FC000000000000284000
  0
ACAD_PROXY_OBJECT
  5
62
102
{ACAD_REACTORS
330
47
102
}
330
47
100
AcDbProxyObject
 90
      499
 91
      503
 93
      241
310
90C312F3222203D2031272D3022000000000000380FC000000000000284000
  0
ACAD_PROXY_OBJECT
  5
63
102
{ACAD_REACTORS
330
47
102
}
330
47
100
AcDbProxyObject
 90
      499
 91
      503
 93
      241
310
90C332F3422203D2031272D30220000000000003A0FC000000000000284000
  0
ACAD_PROXY_OBJECT
  5
64
102
{ACAD_REACTORS
330
47
102
}
330
47
100
AcDbProxyObject
 90
      499
 91
      503
 93
      161
310
90A3122203D2031272D30224000000000000284000
  0
ACAD_PROXY_OBJECT
  5
65
102
{ACAD_REACTORS
330
47
102
}
330
47
100
AcDbProxyObject
 90
      499
 91
      503
 93
      257
310
90E312D312F3222203D2031272D30220000000000003E0FC000000000000284000
  0
ACAD_PROXY_OBJECT
  5
66
102
{ACAD_REACTORS
330
47
102
}
330
47
100
AcDbProxyObject
 90
      499
 91
      503
 93
      225
310
90A3322203D2031272D302200000000000002100000000000000284000
  0
ACAD_PROXY_OBJECT
  5
67
102
{ACAD_REACTORS
330
47
102
}
330
47
100
AcDbProxyObject
 90
      499
 91
      503
 93
      225
310
90A3622203D2031272D302200000000000006100000000000000284000
  0
ACAD_PROXY_OBJECT
  5
68
102
{ACAD_REACTORS
330
47
102
}
330
47
100
AcDbProxyObject
 90
      499
 91
      503
 93
      249
310
90D31272D3022203D2031272D30220000000000000A100000000000000284000
  0
ACAD_PROXY_OBJECT
  5
2F
102
{ACAD_REACTORS
330
2A
102
}
330
2A
100
AcDbProxyObject
 90
      499
 91
      501
 93
      436
310
42CC9915DA5C99599C985B595049028333333333333E33F0000000000000F90107901411070040501600405405064090741402480A0340
1001
ACAD
1000
AcDbSavedByObjectVersion
1070
     0
  0
ACAD_PROXY_OBJECT
  5
32
102
{ACAD_REACTORS
330
2A
102
}
330
2A
100
AcDbProxyObject
 90
      499
 91
      501
 93
      388
310
4150985CDA58D07406404333333333333E33F0000000000000F90107A41107004050150841D405064090741402480A0350
1001
ACAD
1000
AcDbSavedByObjectVersion
1070
     0
  0
ACAD_PROXY_OBJECT
  5
36
102
{ACAD_REACTORS
330
2A
102
}
330
2A
100
AcDbProxyObject
 90
      499
 91
      501
 93
      428
310
42109C9A59DA1D195B90C409028333333333333E33F0000000000000F9010790141107004050150841D405064090741402480A029950
1001
ACAD
1000
AcDbSavedByObjectVersion
1070
     0
  0
ACAD_PROXY_OBJECT
  5
3A
102
{ACAD_REACTORS
330
2A
102
}
330
2A
100
AcDbProxyObject
 90
      499
 91
      501
 93
      452
310
42D0DBDB1BDC90DA185B99D95104090240C333333333333E33F0000000000000F90108901411070040501508421405064090741402480A0350
1001
ACAD
1000
AcDbSavedByObjectVersion
1070
     0
  0
ACAD_PROXY_OBJECT
  5
34
102
{ACAD_REACTORS
330
2A
102
}
330
2A
100
AcDbProxyObject
 90
      499
 91
      501
 93
      500
310
4290DBDB98D95C1D1D585B10940D028333333333333E33F0000000000000F90107902409070040501000000000018199010841D405064090740C02480A0340
1001
ACAD
1000
AcDbSavedByObjectVersion
1070
     0
  0
ACAD_PROXY_OBJECT
  5
35
102
{ACAD_REACTORS
330
2A
102
}
330
2A
100
AcDbProxyObject
 90
      499
 91
      501
 93
      412
310
40D11A5B50B409028333333333333E33F0000000000000F9010790141107004050150841D405064090741402480A02677FFFFFD0
1001
ACAD
1000
AcDbSavedByObjectVersion
1070
     0
  0
ACAD_PROXY_OBJECT
  5
3D
102
{ACAD_REACTORS
330
2A
102
}
330
2A
100
AcDbProxyObject
 90
      499
 91
      501
 93
      452
310
43115919D950DBDB1BDC93D999916409028333333333333E33F0000000000000F9010790141107004050150841D405064090741402480A0350
1001
ACAD
1000
AcDbSavedByObjectVersion
1070
     0
  0
ACAD_PROXY_OBJECT
  5
39
102
{ACAD_REACTORS
330
2A
102
}
330
2A
100
AcDbProxyObject
 90
      499
 91
      501
 93
      444
310
42D19858D95C185D1D195C9B90F409028333333333333E33F0000000000000F9010790141107004050150841D405064090741402480A0350
1001
ACAD
1000
AcDbSavedByObjectVersion
1070
     0
  0
ACAD_PROXY_OBJECT
  5
2B
102
{ACAD_REACTORS
330
2A
102
}
330
2A
100
AcDbProxyObject
 90
      499
 91
      501
 93
      380
310
41119B185D240901404333333333333E33F0000000000000F9010740A907004050150841D405064090741402480A1B50
1001
ACAD
1000
AcDbSavedByObjectVersion
1070
     0
  0
ACAD_PROXY_OBJECT
  5
2C
102
{ACAD_REACTORS
330
2A
102
}
330
2A
100
AcDbProxyObject
 90
      499
 91
      501
 93
      468
310
43519B185D15DA5D1A115919D95CD0140901404333333333333E33F0000000000000F90107409019070040501600405405064090741402480A1B50
1001
ACAD
1000
AcDbSavedByObjectVersion
1070
     0
  0
ACAD_PROXY_OBJECT
  5
2D
102
{ACAD_REACTORS
330
2A
102
}
330
2A
100
AcDbProxyObject
 90
      499
 91
      501
 93
      404
310
41D1DBDD5C985D5910240902404333333333333E33F0000000000000F9010740A9070040501641D405064090741402480A1B50
1001
ACAD
1000
AcDbSavedByObjectVersion
1070
     0
  0
ACAD_PROXY_OBJECT
  5
2E
102
{ACAD_REACTORS
330
2A
102
}
330
2A
100
AcDbProxyObject
 90
      499
 91
      501
 93
      492
310
4411DBDD5C985D5915DA5D1A115919D95CD0340902404333333333333E33F0000000000000F90107409019070040501600405405064090741402480A1B50
1001
ACAD
1000
AcDbSavedByObjectVersion
1070
     0
  0
ACAD_PROXY_OBJECT
  5
31
102
{ACAD_REACTORS
330
2A
102
}
330
2A
100
AcDbProxyObject
 90
      499
 91
      501
 93
      476
310
41921A5919195B90640502408333333333333E33F0000000000000F901079024090700405020000000000001110200405405064090740C02480A0340
1001
ACAD
1000
AcDbSavedByObjectVersion
1070
     0
  0
ACAD_PROXY_OBJECT
  5
3B
102
{ACAD_REACTORS
330
2A
102
}
330
2A
100
AcDbProxyObject
 90
      499
 91
      501
 93
      428
310
42529A5D1D195C93D999914409028333333333333E33F0000000000000F9010790141107004050150A41D405064090741402480A0350
1001
ACAD
1000
AcDbSavedByObjectVersion
1070
     0
  0
ACAD_PROXY_OBJECT
  5
38
102
{ACAD_REACTORS
330
2A
102
}
330
2A
100
AcDbProxyObject
 90
      499
 91
      501
 93
      444
310
42D31A5B995C185D1D195C9B90E409028333333333333E33F0000000000000F9010790141107004050750841D405064090741402483A0350
1001
ACAD
1000
AcDbSavedByObjectVersion
1070
     0
  0
ACAD_PROXY_OBJECT
  5
3C
102
{ACAD_REACTORS
330
2A
102
}
330
2A
100
AcDbProxyObject
 90
      499
 91
      501
 93
      444
310
42D3DD995C9A185B99D3D999915409028333333333333E33F0000000000000F9010790141107004050150941D405064090741402480A0350
1001
ACAD
1000
AcDbSavedByObjectVersion
1070
     0
  0
ACAD_PROXY_OBJECT
  5
33
102
{ACAD_REACTORS
330
2A
102
}
330
2A
100
AcDbProxyObject
 90
      499
 91
      501
 93
      428
310
425499585B1A5CDD1A58D08409038333333333333E33F0000000000000F9010740A907004050150800405405064090740C02480A1B40
1001
ACAD
1000
AcDbSavedByObjectVersion
1070
     0
  0
ACAD_PROXY_OBJECT
  5
42
102
{ACAD_REACTORS
330
2A
102
}
330
2A
100
AcDbProxyObject
 90
      499
 91
      501
 93
      420
310
4194DA1859195911B40902404333333333333E33F0000000000000F9010740A41107004050150800405405064090840C02480A0B40
1001
ACAD
1000
AcDbSavedByObjectVersion
1070
     0
  0
ACAD_PROXY_OBJECT
  5
41
102
{ACAD_REACTORS
330
2A
102
}
330
2A
100
AcDbProxyObject
 90
      499
 91
      501
 93
      516
310
4454DA18591959081DDA5D1A08195919D95CD1A40902404333333333333E33F0000000000000F901074090142907004050250800405405064090740C02480A0B40
1001
ACAD
1000
AcDbSavedByObjectVersion
1070
     0
  0
ACAD_PROXY_OBJECT
  5
3E
102
{ACAD_REACTORS
330
2A
102
}
330
2A
100
AcDbProxyObject
 90
      499
 91
      501
 93
      532
310
4394DA1859195CC81BD98811DC985E5174090240C333333333333E33F0000000000000F901079024090741D01000000000000111010841D405064090740C02480A0340
1001
ACAD
1000
AcDbSavedByObjectVersion
1070
     0
  0
ACAD_PROXY_OBJECT
  5
3F
102
{ACAD_REACTORS
330
2A
102
}
330
2A
100
AcDbProxyObject
 90
      499
 91
      501
 93
      476
310
41D4DAD95D18DA1E51840502408333333333333E33F0000000000000F901079024090741D01000000000000111010B41D405064090741802480A0340
1001
ACAD
1000
AcDbSavedByObjectVersion
1070
     0
  0
ACAD_PROXY_OBJECT
  5
37
102
{ACAD_REACTORS
330
2A
102
}
330
2A
100
AcDbProxyObject
 90
      499
 91
      501
 93
      412
310
41D51A1A58DAD95B90D409028333333333333E33F0000000000000F9010790141107004050150C41D405064090741402480A0350
1001
ACAD
1000
AcDbSavedByObjectVersion
1070
     0
  0
ACAD_PROXY_OBJECT
  5
30
102
{ACAD_REACTORS
330
2A
102
}
330
2A
100
AcDbProxyObject
 90
      499
 91
      501
 93
      420
310
4255DA5C99599C985B595059028333333333333E33F0000000000000F90107901411070040501600405405064090740C02480A0340
1001
ACAD
1000
AcDbSavedByObjectVersion
1070
     0
  0
ACAD_PROXY_OBJECT
  5
40
102
{ACAD_REACTORS
330
2A
102
}
330
2A
100
AcDbProxyObject
 90
      499
 91
      501
 93
      404
310
41560B54985E51940902404000000000000E03F0000000000000F9010740501907004050150841D405064090740C02480A1B40
1001
ACAD
1000
AcDbSavedByObjectVersion
1070
     0
  0
XRECORD
  5
3A8
102
{ACAD_REACTORS
330
39F
102
}
330
39F
100
AcDbXrecord
 90
        0
  0
XRECORD
  5
3BE
102
{ACAD_REACTORS
330
39F
102
}
330
39F
100
AcDbXrecord
1000
DSTYLE
1002
{
1070
   279
 70
     2
1070
   340
340
11
1002
}
  0
XRECORD
  5
3A9
102
{ACAD_REACTORS
330
39F
102
}
330
39F
100
AcDbXrecord
  1
{8EE1D4C9-047F-4B5D-A6F0-E6E5FC6762CA}
  0
XRECORD
  5
3A2
102
{ACAD_REACTORS
330
39F
102
}
330
39F
100
AcDbXrecord
  1

  0
XRECORD
  5
3A7
102
{ACAD_REACTORS
330
39F
102
}
330
39F
100
AcDbXrecord
 90
        4
  0
XRECORD
  5
3A4
102
{ACAD_REACTORS
330
39F
102
}
330
39F
100
AcDbXrecord
340
1A
  0
XRECORD
  5
3A6
102
{ACAD_REACTORS
330
39F
102
}
330
39F
100
AcDbXrecord
 90
    10781
  0
XRECORD
  5
3A5
102
{ACAD_REACTORS
330
39F
102
}
330
39F
100
AcDbXrecord
340
19
  0
XRECORD
  5
3AB
102
{ACAD_REACTORS
330
39F
102
}
330
39F
100
AcDbXrecord
 40
0.0
  0
XRECORD
  5
3AE
102
{ACAD_REACTORS
330
39F
102
}
330
39F
100
AcDbXrecord
340
0
  0
XRECORD
  5
3B4
102
{ACAD_REACTORS
330
39F
102
}
330
39F
100
AcDbXrecord
 10
0.0
 20
0.0
 30
0.0
  0
XRECORD
  5
3B0
102
{ACAD_REACTORS
330
39F
102
}
330
39F
100
AcDbXrecord
 10
0.0
 20
0.0
 30
0.0
  0
XRECORD
  5
3B3
102
{ACAD_REACTORS
330
39F
102
}
330
39F
100
AcDbXrecord
 10
0.0
 20
0.0
 30
0.0
  0
XRECORD
  5
3B1
102
{ACAD_REACTORS
330
39F
102
}
330
39F
100
AcDbXrecord
 10
0.0
 20
0.0
 30
0.0
  0
XRECORD
  5
3B2
102
{ACAD_REACTORS
330
39F
102
}
330
39F
100
AcDbXrecord
 10
0.0
 20
0.0
 30
0.0
  0
XRECORD
  5
3AF
102
{ACAD_REACTORS
330
39F
102
}
330
39F
100
AcDbXrecord
 10
0.0
 20
0.0
 30
0.0
  0
XRECORD
  5
3AC
102
{ACAD_REACTORS
330
39F
102
}
330
39F
100
AcDbXrecord
340
0
  0
XRECORD
  5
3AD
102
{ACAD_REACTORS
330
39F
102
}
330
39F
100
AcDbXrecord
 70
     0
  0
XRECORD
  5
3A3
102
{ACAD_REACTORS
330
39F
102
}
330
39F
100
AcDbXrecord
  1

  0
XRECORD
  5
3A0
102
{ACAD_REACTORS
330
39F
102
}
330
39F
100
AcDbXrecord
 90
        1
  0
XRECORD
  5
3A1
102
{ACAD_REACTORS
330
39F
102
}
330
39F
100
AcDbXrecord
 90
       70
  0
XRECORD
  5
3B7
102
{ACAD_REACTORS
330
39F
102
}
330
39F
100
AcDbXrecord
340
0
  0
XRECORD
  5
3BD
102
{ACAD_REACTORS
330
39F
102
}
330
39F
100
AcDbXrecord
 10
0.0
 20
0.0
 30
0.0
  0
XRECORD
  5
3B9
102
{ACAD_REACTORS
330
39F
102
}
330
39F
100
AcDbXrecord
 10
0.0
 20
0.0
 30
0.0
  0
XRECORD
  5
3BC
102
{ACAD_REACTORS
330
39F
102
}
330
39F
100
AcDbXrecord
 10
0.0
 20
0.0
 30
0.0
  0
XRECORD
  5
3BA
102
{ACAD_REACTORS
330
39F
102
}
330
39F
100
AcDbXrecord
 10
0.0
 20
0.0
 30
0.0
  0
XRECORD
  5
3BB
102
{ACAD_REACTORS
330
39F
102
}
330
39F
100
AcDbXrecord
 10
0.0
 20
0.0
 30
0.0
  0
XRECORD
  5
3B8
102
{ACAD_REACTORS
330
39F
102
}
330
39F
100
AcDbXrecord
 10
0.0
 20
0.0
 30
0.0
  0
XRECORD
  5
3B5
102
{ACAD_REACTORS
330
39F
102
}
330
39F
100
AcDbXrecord
340
0
  0
XRECORD
  5
3B6
102
{ACAD_REACTORS
330
39F
102
}
330
39F
100
AcDbXrecord
 70
     0
  0
XRECORD
  5
3AA
102
{ACAD_REACTORS
330
39F
102
}
330
39F
100
AcDbXrecord
  1
{FAEB1C32-E019-11D5-929B-00C0DF256EC4}
  0
DICTIONARYVAR
  5
3C6
102
{ACAD_REACTORS
330
3BF
102
}
330
3BF
100
DictionaryVariables
280
     0
  1
1:1
  0
DICTIONARYVAR
  5
3C4
102
{ACAD_REACTORS
330
3BF
102
}
330
3BF
100
DictionaryVariables
280
     0
  1
2
  0
DICTIONARYVAR
  5
3C5
102
{ACAD_REACTORS
330
3BF
102
}
330
3BF
100
DictionaryVariables
280
     0
  1
1
  0
DICTIONARYVAR
  5
3C7
102
{ACAD_REACTORS
330
3BF
102
}
330
3BF
100
DictionaryVariables
280
     0
  1
1
  0
DICTIONARY
  5
3CA
330
45
100
AcDbDictionary
280
     1
  3
ACAD_XREC_ROUNDTRIP
360
3CB
  0
DICTIONARY
  5
3C8
330
44
100
AcDbDictionary
280
     1
  3
ACAD_XREC_ROUNDTRIP
360
3C9
  0
DICTIONARY
  5
3CC
330
46
100
AcDbDictionary
280
     1
  3
ACAD_XREC_ROUNDTRIP
360
3CD
  0
XRECORD
  5
3CB
102
{ACAD_REACTORS
330
3CA
102
}
330
3CA
100
AcDbXrecord
102
MATERIAL
148
0.0
149
0.0
149
0.0
 93
        0
 94
      127
282
     0
 72
     1
 77
     1
171
     1
175
     1
179
     1
273
     0
  0
XRECORD
  5
3C9
102
{ACAD_REACTORS
330
3C8
102
}
330
3C8
100
AcDbXrecord
102
MATERIAL
148
0.0
149
0.0
149
0.0
 93
        0
 94
      127
282
     0
 72
     1
 77
     1
171
     1
175
     1
179
     1
273
     0
  0
XRECORD
  5
3CD
102
{ACAD_REACTORS
330
3CC
102
}
330
3CC
100
AcDbXrecord
102
MATERIAL
148
0.0
149
0.0
149
0.0
 93
        0
 94
      127
282
     0
 72
     1
 77
     1
171
     1
175
     1
179
     1
273
     0
  0
ENDSEC
  0
EOF
