  0
SECTION
  2
HEADER
  9
$ACADVER
  1
AC1014
  9
$ACADMAINTVER
 70
     9
  9
$DWGCODEPAGE
  3
ANSI_1252
  9
$INSBASE
 10
0.0
 20
0.0
 30
0.0
  9
$EXTMIN
 10
-0.0001763888888847
 20
0.1000125
 30
0.0
  9
$EXTMAX
 10
299.9999291666666
 20
300.1001180555556
 30
0.0
  9
$LIMMIN
 10
0.0
 20
0.0
  9
$LIMMAX
 10
12.0
 20
9.0
  9
$ORTHOMODE
 70
     0
  9
$REGENMODE
 70
     1
  9
$FILLMODE
 70
     1
  9
$QTEXTMODE
 70
     0
  9
$MIRRTEXT
 70
     1
  9
$DRAGMODE
 70
     2
  9
$LTSCALE
 40
1.0
  9
$OSMODE
 70
    37
  9
$ATTMODE
 70
     1
  9
$TEXTSIZE
 40
0.2
  9
$TRACEWID
 40
0.05
  9
$TEXTSTYLE
  7
STANDARD
  9
$CLAYER
  8
DEFAULT
  9
$CELTYPE
  6
BYLAYER
  9
$CECOLOR
 62
   256
  9
$CELTSCALE
 40
1.0
  9
$DELOBJ
 70
     1
  9
$DISPSILH
 70
     0
  9
$DIMSCALE
 40
1.0
  9
$DIMASZ
 40
0.18
  9
$DIMEXO
 40
0.0625
  9
$DIMDLI
 40
0.38
  9
$DIMRND
 40
0.0
  9
$DIMDLE
 40
0.0
  9
$DIMEXE
 40
0.18
  9
$DIMTP
 40
0.0
  9
$DIMTM
 40
0.0
  9
$DIMTXT
 40
0.18
  9
$DIMCEN
 40
0.09
  9
$DIMTSZ
 40
0.0
  9
$DIMTOL
 70
     0
  9
$DIMLIM
 70
     0
  9
$DIMTIH
 70
     1
  9
$DIMTOH
 70
     1
  9
$DIMSE1
 70
     0
  9
$DIMSE2
 70
     0
  9
$DIMTAD
 70
     0
  9
$DIMZIN
 70
     0
  9
$DIMBLK
  1

  9
$DIMASO
 70
     1
  9
$DIMSHO
 70
     1
  9
$DIMPOST
  1

  9
$DIMAPOST
  1

  9
$DIMALT
 70
     0
  9
$DIMALTD
 70
     2
  9
$DIMALTF
 40
25.4
  9
$DIMLFAC
 40
1.0
  9
$DIMTOFL
 70
     0
  9
$DIMTVP
 40
0.0
  9
$DIMTIX
 70
     0
  9
$DIMSOXD
 70
     0
  9
$DIMSAH
 70
     0
  9
$DIMBLK1
  1

  9
$DIMBLK2
  1

  9
$DIMSTYLE
  2
STANDARD
  9
$DIMCLRD
 70
     0
  9
$DIMCLRE
 70
     0
  9
$DIMCLRT
 70
     0
  9
$DIMTFAC
 40
1.0
  9
$DIMGAP
 40
0.09
  9
$DIMJUST
 70
     0
  9
$DIMSD1
 70
     0
  9
$DIMSD2
 70
     0
  9
$DIMTOLJ
 70
     1
  9
$DIMTZIN
 70
     0
  9
$DIMALTZ
 70
     0
  9
$DIMALTTZ
 70
     0
  9
$DIMFIT
 70
     5
  9
$DIMUPT
 70
     0
  9
$DIMUNIT
 70
     2
  9
$DIMDEC
 70
     4
  9
$DIMTDEC
 70
     4
  9
$DIMALTU
 70
     2
  9
$DIMALTTD
 70
     2
  9
$DIMTXSTY
  7
STANDARD
  9
$DIMAUNIT
 70
     0
  9
$LUNITS
 70
     2
  9
$LUPREC
 70
     3
  9
$SKETCHINC
 40
0.1
  9
$FILLETRAD
 40
0.5
  9
$AUNITS
 70
     0
  9
$AUPREC
 70
     0
  9
$MENU
  1
.
  9
$ELEVATION
 40
0.0
  9
$PELEVATION
 40
0.0
  9
$THICKNESS
 40
0.0
  9
$LIMCHECK
 70
     0
  9
$CHAMFERA
 40
0.0
  9
$CHAMFERB
 40
0.0
  9
$CHAMFERC
 40
0.0
  9
$CHAMFERD
 40
0.0
  9
$SKPOLY
 70
     0
  9
$TDCREATE
 40
2459467.616491331
  9
$TDUPDATE
 40
2459467.616536643
  9
$TDINDWG
 40
0.0000000116
  9
$TDUSRTIMER
 40
0.0000000116
  9
$USRTIMER
 70
     1
  9
$ANGBASE
 50
0.0
  9
$ANGDIR
 70
     0
  9
$PDMODE
 70
     0
  9
$PDSIZE
 40
0.0
  9
$PLINEWID
 40
0.0
  9
$COORDS
 70
     1
  9
$SPLFRAME
 70
     0
  9
$SPLINETYPE
 70
     6
  9
$SPLINESEGS
 70
     8
  9
$ATTDIA
 70
     0
  9
$ATTREQ
 70
     1
  9
$HANDLING
 70
     1
  9
$HANDSEED
  5
509
  9
$SURFTAB1
 70
     6
  9
$SURFTAB2
 70
     6
  9
$SURFTYPE
 70
     6
  9
$SURFU
 70
     6
  9
$SURFV
 70
     6
  9
$UCSNAME
  2

  9
$UCSORG
 10
0.0
 20
0.0
 30
0.0
  9
$UCSXDIR
 10
1.0
 20
0.0
 30
0.0
  9
$UCSYDIR
 10
0.0
 20
1.0
 30
0.0
  9
$PUCSNAME
  2

  9
$PUCSORG
 10
0.0
 20
0.0
 30
0.0
  9
$PUCSXDIR
 10
1.0
 20
0.0
 30
0.0
  9
$PUCSYDIR
 10
0.0
 20
1.0
 30
0.0
  9
$USERI1
 70
     0
  9
$USERI2
 70
     0
  9
$USERI3
 70
     0
  9
$USERI4
 70
     0
  9
$USERI5
 70
     0
  9
$USERR1
 40
0.0
  9
$USERR2
 40
0.0
  9
$USERR3
 40
0.0
  9
$USERR4
 40
0.0
  9
$USERR5
 40
0.0
  9
$WORLDVIEW
 70
     1
  9
$SHADEDGE
 70
     3
  9
$SHADEDIF
 70
    70
  9
$TILEMODE
 70
     1
  9
$MAXACTVP
 70
    64
  9
$PINSBASE
 10
0.0
 20
0.0
 30
0.0
  9
$PLIMCHECK
 70
     0
  9
$PEXTMIN
 10
1.000000000000000E+20
 20
1.000000000000000E+20
 30
1.000000000000000E+20
  9
$PEXTMAX
 10
-1.000000000000000E+20
 20
-1.000000000000000E+20
 30
-1.000000000000000E+20
  9
$PLIMMIN
 10
0.0
 20
0.0
  9
$PLIMMAX
 10
12.0
 20
9.0
  9
$UNITMODE
 70
     0
  9
$VISRETAIN
 70
     1
  9
$PLINEGEN
 70
     0
  9
$PSLTSCALE
 70
     1
  9
$TREEDEPTH
 70
  3020
  9
$PICKSTYLE
 70
     1
  9
$CMLSTYLE
  2
STANDARD
  9
$CMLJUST
 70
     0
  9
$CMLSCALE
 40
1.0
  9
$PROXYGRAPHICS
 70
     1
  9
$MEASUREMENT
 70
     0
  0
ENDSEC
  0
SECTION
  2
CLASSES
  0
CLASS
  1
ACDBDICTIONARYWDFLT
  2
AcDbDictionaryWithDefault
  3
ObjectDBX Classes
 90
        0
280
     0
281
     0
  0
CLASS
  1
VISUALSTYLE
  2
AcDbVisualStyle
  3
ObjectDBX Classes
 90
     4095
280
     0
281
     0
  0
CLASS
  1
MATERIAL
  2
AcDbMaterial
  3
ObjectDBX Classes
 90
     1153
280
     0
281
     0
  0
CLASS
  1
SCALE
  2
AcDbScale
  3
ObjectDBX Classes
 90
     1153
280
     0
281
     0
  0
CLASS
  1
SUN
  2
AcDbSun
  3
SCENEOE
 90
     1153
280
     0
281
     0
  0
CLASS
  1
DICTIONARYVAR
  2
AcDbDictionaryVar
  3
ObjectDBX Classes
 90
        0
280
     0
281
     0
  0
CLASS
  1
XRECORD
  2
AcDbXrecord
  3
ObjectDBX Classes
 90
        0
280
     0
281
     0
  0
CLASS
  1
LWPOLYLINE
  2
AcDbPolyline
  3
ObjectDBX Classes
 90
        0
280
     0
281
     1
  0
CLASS
  1
HATCH
  2
AcDbHatch
  3
ObjectDBX Classes
 90
        0
280
     0
281
     1
  0
CLASS
  1
ACDBPLACEHOLDER
  2
AcDbPlaceHolder
  3
ObjectDBX Classes
 90
        0
280
     0
281
     0
  0
CLASS
  1
LAYOUT
  2
AcDbLayout
  3
ObjectDBX Classes
 90
        0
280
     0
281
     0
  0
ENDSEC
  0
SECTION
  2
TABLES
  0
TABLE
  2
VPORT
  5
8
330
0
100
AcDbSymbolTable
 70
     1
  0
VPORT
  5
29
330
8
100
AcDbSymbolTableRecord
100
AcDbViewportTableRecord
  2
*ACTIVE
 70
     0
 10
0.0
 20
0.0
 11
1.0
 21
1.0
 12
149.9998763888889
 22
150.1000652777778
 13
0.0
 23
0.0
 14
0.5
 24
0.5
 15
0.5
 25
0.5
 16
0.0
 26
0.0
 36
1.0
 17
0.0
 27
0.0
 37
0.0
 40
306.0001076666667
 41
0.9999999999999994
 42
50.0
 43
0.0
 44
0.0
 50
0.0
 51
0.0
 71
     0
 72
   100
 73
     1
 74
     3
 75
     0
 76
     0
 77
     0
 78
     0
  0
ENDTAB
  0
TABLE
  2
LTYPE
  5
5
330
0
100
AcDbSymbolTable
 70
     1
  0
LTYPE
  5
14
330
5
100
AcDbSymbolTableRecord
100
AcDbLinetypeTableRecord
  2
BYBLOCK
 70
     0
  3

 72
    65
 73
     0
 40
0.0
  0
LTYPE
  5
15
330
5
100
AcDbSymbolTableRecord
100
AcDbLinetypeTableRecord
  2
BYLAYER
 70
     0
  3

 72
    65
 73
     0
 40
0.0
  0
LTYPE
  5
16
330
5
100
AcDbSymbolTableRecord
100
AcDbLinetypeTableRecord
  2
CONTINUOUS
 70
     0
  3
Solid line
 72
    65
 73
     0
 40
0.0
  0
ENDTAB
  0
TABLE
  2
LAYER
  5
2
330
0
100
AcDbSymbolTable
 70
     2
  0
LAYER
  5
10
330
2
100
AcDbSymbolTableRecord
100
AcDbLayerTableRecord
  2
0
 70
     0
 62
     7
  6
CONTINUOUS
  0
LAYER
  5
6A
330
2
100
AcDbSymbolTableRecord
100
AcDbLayerTableRecord
  2
DEFAULT
 70
     0
 62
     7
  6
CONTINUOUS
  0
ENDTAB
  0
TABLE
  2
STYLE
  5
3
330
0
100
AcDbSymbolTable
 70
     1
  0
STYLE
  5
11
330
3
100
AcDbSymbolTableRecord
100
AcDbTextStyleTableRecord
  2
STANDARD
 70
     0
 40
0.0
 41
1.0
 50
0.0
 71
     0
 42
0.2
  3
txt
  4

  0
ENDTAB
  0
TABLE
  2
VIEW
  5
6
330
0
100
AcDbSymbolTable
 70
     0
  0
ENDTAB
  0
TABLE
  2
UCS
  5
7
330
0
100
AcDbSymbolTable
 70
     0
  0
ENDTAB
  0
TABLE
  2
APPID
  5
9
330
0
100
AcDbSymbolTable
 70
     1
  0
APPID
  5
12
330
9
100
AcDbSymbolTableRecord
100
AcDbRegAppTableRecord
  2
ACAD
 70
     0
  0
ENDTAB
  0
TABLE
  2
DIMSTYLE
  5
A
330
0
100
AcDbSymbolTable
 70
     1
  0
DIMSTYLE
105
27
330
A
100
AcDbSymbolTableRecord
100
AcDbDimStyleTableRecord
  2
STANDARD
 70
     0
  3

  4

  5

  6

  7

 40
1.0
 41
0.18
 42
0.0625
 43
0.38
 44
0.18
 45
0.0
 46
0.0
 47
0.0
 48
0.0
140
0.18
141
0.09
142
0.0
143
25.4
144
1.0
145
0.0
146
1.0
147
0.09
 71
     0
 72
     0
 73
     1
 74
     1
 75
     0
 76
     0
 77
     0
 78
     0
170
     0
171
     2
172
     0
173
     0
174
     0
175
     0
176
     0
177
     0
178
     0
270
     2
271
     4
272
     4
273
     2
274
     2
340
11
275
     0
280
     0
281
     0
282
     0
283
     1
284
     0
285
     0
286
     0
287
     3
288
     0
  0
ENDTAB
  0
TABLE
  2
BLOCK_RECORD
  5
1
330
0
100
AcDbSymbolTable
 70
     1
  0
BLOCK_RECORD
  5
1F
330
1
100
AcDbSymbolTableRecord
100
AcDbBlockTableRecord
  2
*MODEL_SPACE
  0
BLOCK_RECORD
  5
1B
330
1
100
AcDbSymbolTableRecord
100
AcDbBlockTableRecord
  2
*PAPER_SPACE
  0
ENDTAB
  0
ENDSEC
  0
SECTION
  2
BLOCKS
  0
BLOCK
  5
20
330
1F
100
AcDbEntity
  8
0
100
AcDbBlockBegin
  2
*MODEL_SPACE
 70
     0
 10
0.0
 20
0.0
 30
0.0
  3
*MODEL_SPACE
  1

  0
ENDBLK
  5
21
330
1F
100
AcDbEntity
  8
0
100
AcDbBlockEnd
  0
BLOCK
  5
1C
330
1B
100
AcDbEntity
 67
     1
  8
0
100
AcDbBlockBegin
  2
*PAPER_SPACE
 70
     0
 10
0.0
 20
0.0
 30
0.0
  3
*PAPER_SPACE
  1

  0
ENDBLK
  5
1D
330
1B
100
AcDbEntity
 67
     1
  8
0
100
AcDbBlockEnd
  0
ENDSEC
  0
SECTION
  2
ENTITIES
  0
SPLINE
  5
6B
330
1F
100
AcDbEntity
  8
DEFAULT
 62
   250
100
AcDbSpline
210
0.0
220
0.0
230
1.0
 70
     8
 71
     3
 72
    17
 73
    13
 74
     0
 42
0.000000001
 43
0.0000000001
 40
0.0
 40
0.0
 40
0.0
 40
0.0
 40
1.0
 40
1.0
 40
1.0
 40
2.0
 40
2.0
 40
2.0
 40
3.0
 40
3.0
 40
3.0
 40
4.0
 40
4.0
 40
4.0
 40
4.0
 10
254.3412419444444
 20
159.0286591666666
 30
0.0
 10
254.3518252777777
 20
159.2618452777778
 30
0.0
 10
254.4728280555556
 20
159.4957369444444
 30
0.0
 10
255.1607447222222
 20
159.1383730555555
 30
0.0
 10
255.5992475
 20
158.9101258333333
 30
0.0
 10
256.0095280555556
 20
159.0424175
 30
0.0
 10
256.1742752777778
 20
159.3592119444444
 30
0.0
 10
256.3390225
 20
159.6760063888889
 30
0.0
 10
256.2039086111111
 20
160.1159202777777
 30
0.0
 10
255.8610086111111
 20
160.2944258333333
 30
0.0
 10
255.5181086111111
 20
160.4725786111111
 30
0.0
 10
255.1759141666666
 20
160.6983563888889
 30
0.0
 10
255.2164836111111
 20
160.9241341666666
 30
0.0
  0
POLYLINE
  5
6C
330
1F
100
AcDbEntity
  8
DEFAULT
 62
   250
100
AcDb2dPolyline
 66
     1
 10
0.0
 20
0.0
 30
0.0
  0
VERTEX
  5
6D
330
6C
100
AcDbEntity
  8
DEFAULT
 62
   250
100
AcDbVertex
100
AcDb2dVertex
 10
257.1203547222223
 20
158.8692741666667
 30
0.0
  0
VERTEX
  5
6E
330
6C
100
AcDbEntity
  8
DEFAULT
 62
   250
100
AcDbVertex
100
AcDb2dVertex
 10
254.4589991666667
 20
160.2535741666667
 30
0.0
  0
SEQEND
  5
6F
330
6C
100
AcDbEntity
  8
DEFAULT
 62
   250
  0
SPLINE
  5
70
330
1F
100
AcDbEntity
  8
DEFAULT
 62
   250
100
AcDbSpline
210
0.0
220
0.0
230
1.0
 70
     8
 71
     3
 72
    20
 73
    16
 74
     0
 42
0.000000001
 43
0.0000000001
 40
0.0
 40
0.0
 40
0.0
 40
0.0
 40
1.0
 40
1.0
 40
1.0
 40
2.0
 40
2.0
 40
2.0
 40
3.0
 40
3.0
 40
3.0
 40
4.0
 40
4.0
 40
4.0
 40
5.0
 40
5.0
 40
5.0
 40
5.0
 10
235.9234902777777
 20
159.1054236111111
 30
0.0
 10
236.4011513888889
 20
159.2560597222222
 30
0.0
 10
238.5301652777778
 20
159.9549125
 30
0.0
 10
238.7725236111111
 20
159.8286180555556
 30
0.0
 10
239.0148819444444
 20
159.7023236111111
 30
0.0
 10
238.9739597222222
 20
159.0722625
 30
0.0
 10
238.2701680555556
 20
158.8503652777778
 30
0.0
 10
237.5663763888889
 20
158.6284680555555
 30
0.0
 10
237.1829069444445
 20
159.0246375
 30
0.0
 10
237.0350930555555
 20
159.4934791666666
 30
0.0
 10
236.8872791666666
 20
159.9619680555555
 30
0.0
 10
237.2629875
 20
160.5507541666666
 30
0.0
 10
237.6489263888889
 20
160.6724625
 30
0.0
 10
238.0348652777778
 20
160.7941708333333
 30
0.0
 10
238.3819986111111
 20
160.6728152777777
 30
0.0
 10
238.5587402777778
 20
160.5281763888889
 30
0.0
  0
SPLINE
  5
71
330
1F
100
AcDbEntity
  8
DEFAULT
 62
   250
100
AcDbSpline
210
0.0
220
0.0
230
1.0
 70
    11
 71
     3
 72
    32
 73
    28
 74
     0
 42
0.000000001
 43
0.0000000001
 40
5.634999999999991
 40
5.634999999999991
 40
5.634999999999991
 40
5.634999999999991
 40
6.634999999999991
 40
6.634999999999991
 40
6.634999999999991
 40
7.634999999999991
 40
7.634999999999991
 40
7.634999999999991
 40
8.634999999999991
 40
8.634999999999991
 40
8.634999999999991
 40
9.634999999999991
 40
9.634999999999991
 40
9.634999999999991
 40
10.63499999999999
 40
10.63499999999999
 40
10.63499999999999
 40
11.63499999999999
 40
11.63499999999999
 40
11.63499999999999
 40
12.63499999999999
 40
12.63499999999999
 40
12.63499999999999
 40
13.63499999999999
 40
13.63499999999999
 40
13.63499999999999
 40
19.26999999999998
 40
19.26999999999998
 40
19.26999999999998
 40
19.26999999999998
 10
248.9298424999999
 20
152.8797425
 30
0.0
 10
249.0437897222222
 20
152.9037313888889
 30
0.0
 10
249.2237063888888
 20
152.9217230555555
 30
0.0
 10
249.4064452777777
 20
152.9217230555555
 30
0.0
 10
249.6675008333333
 20
152.9217230555555
 30
0.0
 10
249.8354230555555
 20
152.8769202777778
 30
0.0
 10
249.9613647222222
 20
152.7749675
 30
0.0
 10
250.0661397222222
 20
152.6966508333333
 30
0.0
 10
250.1289341666666
 20
152.5770591666667
 30
0.0
 10
250.1289341666666
 20
152.4179563888889
 30
0.0
 10
250.1289341666666
 20
152.2232230555555
 30
0.0
 10
249.8724647222222
 20
152.0521258333333
 30
0.0
 10
249.6593869444444
 20
151.9741619444444
 30
0.0
 10
249.6593869444444
 20
151.9741619444444
 30
0.0
 10
250.2040758333333
 20
151.7614369444444
 30
0.0
 10
250.2040758333333
 20
151.4615758333333
 30
0.0
 10
250.2040758333333
 20
151.2876563888889
 30
0.0
 10
250.1349313888889
 20
151.1557175
 30
0.0
 10
250.032978611111
 20
151.0565869444444
 30
0.0
 10
249.8922202777777
 20
150.9278230555555
 30
0.0
 10
249.6643258333333
 20
150.8678508333333
 30
0.0
 10
249.3344786111111
 20
150.8678508333333
 30
0.0
 10
249.1545619444444
 20
150.8678508333333
 30
0.0
 10
249.0166258333333
 20
150.8798452777778
 30
0.0
 10
248.9298424999999
 20
150.8918397222222
 30
0.0
 10
248.9298424999999
 20
151.5544739814815
 30
0.0
 10
248.9298424999999
 20
152.2171082407407
 30
0.0
 10
248.9298424999999
 20
152.8797425
 30
0.0
  0
SPLINE
  5
72
330
1F
100
AcDbEntity
  8
DEFAULT
 62
     1
100
AcDbSpline
210
0.0
220
0.0
230
1.0
 70
     8
 71
     3
 72
    71
 73
    67
 74
     0
 42
0.000000001
 43
0.0000000001
 40
0.0
 40
0.0
 40
0.0
 40
0.0
 40
3.829511718222156
 40
3.829511718222156
 40
3.829511718222156
 40
4.829511718222156
 40
4.829511718222156
 40
4.829511718222156
 40
5.829511718222156
 40
5.829511718222156
 40
5.829511718222156
 40
6.829511718222156
 40
6.829511718222156
 40
6.829511718222156
 40
7.829511718222156
 40
7.829511718222156
 40
7.829511718222156
 40
8.829511718222156
 40
8.829511718222156
 40
8.829511718222156
 40
9.839709757249334
 40
9.839709757249334
 40
9.839709757249334
 40
10.83970975724933
 40
10.83970975724933
 40
10.83970975724933
 40
11.83970975724933
 40
11.83970975724933
 40
11.83970975724933
 40
12.83970975724933
 40
12.83970975724933
 40
12.83970975724933
 40
21.34770975724937
 40
21.34770975724937
 40
21.34770975724937
 40
22.34770975724937
 40
22.34770975724937
 40
22.34770975724937
 40
23.34770975724937
 40
23.34770975724937
 40
23.34770975724937
 40
24.34770975724937
 40
24.34770975724937
 40
24.34770975724937
 40
25.34770975724937
 40
25.34770975724937
 40
25.34770975724937
 40
35.27171383826423
 40
35.27171383826423
 40
35.27171383826423
 40
36.27171383826423
 40
36.27171383826423
 40
36.27171383826423
 40
37.27171383826423
 40
37.27171383826423
 40
37.27171383826423
 40
38.27171383826423
 40
38.27171383826423
 40
38.27171383826423
 40
39.27171383826423
 40
39.27171383826423
 40
39.27171383826423
 40
40.27171383826423
 40
40.27171383826423
 40
40.27171383826423
 40
44.09026277732471
 40
44.09026277732471
 40
44.09026277732471
 40
44.09026277732471
 10
258.7815147222222
 20
157.7258508333333
 30
0.0
 10
258.5738462037037
 20
157.3262712037037
 30
0.0
 10
258.3661776851852
 20
156.926691574074
 30
0.0
 10
258.1585091666666
 20
156.5271119444444
 30
0.0
 10
258.1585091666666
 20
156.5271119444444
 30
0.0
 10
260.4879008333333
 20
155.3163786111111
 30
0.0
 10
261.2626008333333
 20
154.9120952777778
 30
0.0
 10
261.4164119444445
 20
154.8344841666666
 30
0.0
 10
262.0076675
 20
154.6432786111111
 30
0.0
 10
262.8642119444444
 20
154.1973675
 30
0.0
 10
263.7207563888888
 20
153.7511036111111
 30
0.0
 10
264.3987952777778
 20
153.3482313888889
 30
0.0
 10
264.3705730555555
 20
153.2963730555556
 30
0.0
 10
263.6068091666667
 20
151.8274063888889
 30
0.0
 10
261.7960008333333
 20
151.2527313888889
 30
0.0
 10
260.3273869444444
 20
152.0200230555556
 30
0.0
 10
254.1149702777778
 20
155.2472341666667
 30
0.0
 10
254.0645230555555
 20
151.8531591666667
 30
0.0
 10
254.0645230555555
 20
144.8501675
 30
0.0
 10
254.0617008333333
 20
143.1917591666667
 30
0.0
 10
252.7232619444444
 20
141.8526147222222
 30
0.0
 10
251.0641480555555
 20
141.8522619444445
 30
0.0
 10
251.0066452777777
 20
141.8889508333333
 30
0.0
 10
250.9643119444444
 20
142.6604758333333
 30
0.0
 10
250.9632536111111
 20
143.6034508333333
 30
0.0
 10
250.9639591666667
 20
144.5714730555555
 30
0.0
 10
251.0687341666667
 20
145.1800147222222
 30
0.0
 10
251.0676758333333
 20
145.3528758333333
 30
0.0
 10
251.0680286111111
 20
146.2309397222222
 30
0.0
 10
251.0676758333333
 20
148.8545480555555
 30
0.0
 10
251.0676758333333
 20
148.8545480555555
 30
0.0
 10
250.0671980555555
 20
148.8545480555555
 30
0.0
 10
249.0667202777778
 20
148.8545480555555
 30
0.0
 10
248.0662425
 20
148.8545480555555
 30
0.0
 10
248.0662425
 20
148.8545480555555
 30
0.0
 10
248.0669480555555
 20
146.2309397222222
 30
0.0
 10
248.0669480555555
 20
145.3564036111111
 30
0.0
 10
248.0644786111111
 20
145.1842480555555
 30
0.0
 10
248.1681952777778
 20
144.5732369444444
 30
0.0
 10
248.1674897222222
 20
143.6052147222222
 30
0.0
 10
248.1667841666666
 20
142.6371925
 30
0.0
 10
248.1202175
 20
141.8515563888889
 30
0.0
 10
248.0627147222222
 20
141.8522619444445
 30
0.0
 10
246.4036008333333
 20
141.8519091666666
 30
0.0
 10
245.0619869444444
 20
143.1945813888889
 30
0.0
 10
245.0616341666667
 20
144.8533425
 30
0.0
 10
245.0626925
 20
146.0203313888889
 30
0.0
 10
245.0637508333333
 20
147.1873202777778
 30
0.0
 10
245.0648091666667
 20
148.3543091666667
 30
0.0
 10
245.0630452777777
 20
150.8449202777778
 30
0.0
 10
238.2251536111111
 20
155.1301119444444
 30
0.0
 10
231.5498925
 20
153.0236758333333
 30
0.0
 10
229.9694480555555
 20
152.5213202777778
 30
0.0
 10
228.2856397222222
 20
153.3969147222222
 30
0.0
 10
227.7875175
 20
154.9798286111111
 30
0.0
 10
227.7695258333333
 20
155.0338036111111
 30
0.0
 10
228.5061258333333
 20
155.3135563888889
 30
0.0
 10
229.4279341666667
 20
155.6031869444444
 30
0.0
 10
230.3472730555555
 20
155.8963452777778
 30
0.0
 10
230.9618119444444
 20
155.9813647222222
 30
0.0
 10
231.1272647222222
 20
156.0346341666666
 30
0.0
 10
231.9612313888889
 20
156.2981591666666
 30
0.0
 10
234.4627786111111
 20
157.0862647222222
 30
0.0
 10
234.4627786111111
 20
157.0862647222222
 30
0.0
 10
234.3270767592592
 20
157.5143017592592
 30
0.0
 10
234.1913749074074
 20
157.9423387962963
 30
0.0
 10
234.0556730555555
 20
158.3703758333333
 30
0.0
  0
SPLINE
  5
73
330
1F
100
AcDbEntity
  8
DEFAULT
 62
     1
100
AcDbSpline
210
0.0
220
0.0
230
1.0
 70
     8
 71
     3
 72
    50
 73
    46
 74
     0
 42
0.000000001
 43
0.0000000001
 40
0.0
 40
0.0
 40
0.0
 40
0.0
 40
3.839308271030109
 40
3.839308271030109
 40
3.839308271030109
 40
4.839308271030109
 40
4.839308271030109
 40
4.839308271030109
 40
5.839308271030109
 40
5.839308271030109
 40
5.839308271030109
 40
6.839308271030109
 40
6.839308271030109
 40
6.839308271030109
 40
7.839308271030109
 40
7.839308271030109
 40
7.839308271030109
 40
27.67623416694458
 40
27.67623416694458
 40
27.67623416694458
 40
28.67623416694458
 40
28.67623416694458
 40
28.67623416694458
 40
29.67623416694458
 40
29.67623416694458
 40
29.67623416694458
 40
30.67623416694458
 40
30.67623416694458
 40
30.67623416694458
 40
50.52289980629064
 40
50.52289980629064
 40
50.52289980629064
 40
51.52289980629064
 40
51.52289980629064
 40
51.52289980629064
 40
52.52289980629064
 40
52.52289980629064
 40
52.52289980629064
 40
53.52289980629064
 40
53.52289980629064
 40
53.52289980629064
 40
54.52289980629064
 40
54.52289980629064
 40
54.52289980629064
 40
58.34942629907755
 40
58.34942629907755
 40
58.34942629907755
 40
58.34942629907755
 10
258.9209325
 20
157.9892347222222
 30
0.0
 10
259.1288362037037
 20
158.3899902777778
 30
0.0
 10
259.3367399074074
 20
158.7907458333333
 30
0.0
 10
259.5446436111111
 20
159.1915013888889
 30
0.0
 10
259.5446436111111
 20
159.1915013888889
 30
0.0
 10
261.8736825
 20
157.9811208333333
 30
0.0
 10
262.6452075
 20
157.5771902777778
 30
0.0
 10
262.8014880555555
 20
157.4953458333333
 30
0.0
 10
263.2957297222222
 20
157.1259875
 30
0.0
 10
264.1558019444445
 20
156.6793708333333
 30
0.0
 10
265.0123463888889
 20
156.2331069444444
 30
0.0
 10
265.7288380555556
 20
155.9124319444444
 30
0.0
 10
265.7528269444445
 20
155.9618208333333
 30
0.0
 10
266.5208241666667
 20
157.4336097222222
 30
0.0
 10
265.9489713888889
 20
159.2401847222222
 30
0.0
 10
264.4764769444445
 20
160.0046541666667
 30
0.0
 10
262.4070825
 20
161.0812143518518
 30
0.0
 10
260.3376880555556
 20
162.157774537037
 30
0.0
 10
258.2682936111111
 20
163.2343347222222
 30
0.0
 10
246.7081186111111
 20
169.2481375
 30
0.0
 10
252.2696602777777
 20
161.5565236111111
 30
0.0
 10
249.8033908333333
 20
162.1936402777778
 30
0.0
 10
246.4654075
 20
163.0604152777778
 30
0.0
 10
245.4596380555555
 20
159.9594986111111
 30
0.0
 10
244.5371241666666
 20
163.8485208333333
 30
0.0
 10
244.0047825
 20
166.1003013888889
 30
0.0
 10
238.9717019444444
 20
164.8038430555555
 30
0.0
 10
235.5137741666666
 20
163.7155236111111
 30
0.0
 10
233.2884519444444
 20
163.0122023148148
 30
0.0
 10
231.0631297222222
 20
162.3088810185185
 30
0.0
 10
228.8378075
 20
161.6055597222222
 30
0.0
 10
227.2584213888889
 20
161.1070847222222
 30
0.0
 10
226.3828269444444
 20
159.4229236111111
 30
0.0
 10
226.8809491666667
 20
157.8400097222222
 30
0.0
 10
226.8989408333333
 20
157.7856819444444
 30
0.0
 10
227.6616463888889
 20
157.9811208333333
 30
0.0
 10
228.5834547222222
 20
158.2707513888889
 30
0.0
 10
229.5059686111111
 20
158.5632041666667
 30
0.0
 10
230.0559491666667
 20
158.8447208333333
 30
0.0
 10
230.2214019444445
 20
158.8979902777778
 30
0.0
 10
231.0553686111111
 20
159.1618680555555
 30
0.0
 10
233.5600908333333
 20
159.9489152777778
 30
0.0
 10
233.5600908333333
 20
159.9489152777778
 30
0.0
 10
233.6955575
 20
159.5198199074074
 30
0.0
 10
233.8310241666667
 20
159.090724537037
 30
0.0
 10
233.9664908333334
 20
158.6616291666666
 30
0.0
  0
SPLINE
  5
74
330
1F
100
AcDbEntity
  8
DEFAULT
 62
   250
100
AcDbSpline
210
0.0
220
0.0
230
1.0
 70
     8
 71
     3
 72
    17
 73
    13
 74
     0
 42
0.000000001
 43
0.0000000001
 40
0.0
 40
0.0
 40
0.0
 40
0.0
 40
1.0
 40
1.0
 40
1.0
 40
2.0
 40
2.0
 40
2.0
 40
3.0
 40
3.0
 40
3.0
 40
4.0
 40
4.0
 40
4.0
 40
4.0
 10
44.69627416666666
 20
160.8785905555555
 30
0.0
 10
44.88112972222222
 20
160.7360683333333
 30
0.0
 10
45.00319083333333
 20
160.5025294444444
 30
0.0
 10
44.31562694444444
 20
160.1448127777778
 30
0.0
 10
43.87677138888888
 20
159.9165655555555
 30
0.0
 10
43.74977138888888
 20
159.5048738888889
 30
0.0
 10
43.91451861111111
 20
159.1880794444444
 30
0.0
 10
44.0796186111111
 20
158.871285
 30
0.0
 10
44.51706305555555
 20
158.7291155555555
 30
0.0
 10
44.85996305555555
 20
158.9076211111111
 30
0.0
 10
45.20286305555555
 20
159.0857738888889
 30
0.0
 10
45.5845686111111
 20
159.2367627777778
 30
0.0
 10
45.74578805555555
 20
159.0737794444444
 30
0.0
  0
POLYLINE
  5
75
330
1F
100
AcDbEntity
  8
DEFAULT
 62
   250
100
AcDb2dPolyline
 66
     1
 10
0.0
 20
0.0
 30
0.0
  0
VERTEX
  5
76
330
75
100
AcDbEntity
  8
DEFAULT
 62
   250
100
AcDbVertex
100
AcDb2dVertex
 10
42.97027361111112
 20
158.6946138888889
 30
0.0
  0
VERTEX
  5
77
330
75
100
AcDbEntity
  8
DEFAULT
 62
   250
100
AcDbVertex
100
AcDb2dVertex
 10
45.63162916666668
 20
160.0789138888889
 30
0.0
  0
SEQEND
  5
78
330
75
100
AcDbEntity
  8
DEFAULT
 62
   250
  0
SPLINE
  5
79
330
1F
100
AcDbEntity
  8
DEFAULT
 62
   250
100
AcDbSpline
210
0.0
220
0.0
230
1.0
 70
     8
 71
     3
 72
    20
 73
    16
 74
     0
 42
0.000000001
 43
0.0000000001
 40
0.0
 40
0.0
 40
0.0
 40
0.0
 40
1.0
 40
1.0
 40
1.0
 40
2.0
 40
2.0
 40
2.0
 40
3.0
 40
3.0
 40
3.0
 40
4.0
 40
4.0
 40
4.0
 40
5.0
 40
5.0
 40
5.0
 40
5.0
 10
64.08458805555556
 20
159.1307530555555
 30
0.0
 10
63.60692694444444
 20
159.2813891666667
 30
0.0
 10
61.46239083333334
 20
159.9297947222222
 30
0.0
 10
61.33609638888889
 20
160.1721530555555
 30
0.0
 10
61.20980194444444
 20
160.4148641666666
 30
0.0
 10
61.60456027777778
 20
160.9073419444444
 30
0.0
 10
62.30835194444445
 20
160.6854447222222
 30
0.0
 10
63.01249638888889
 20
160.4635475
 30
0.0
 10
63.09927972222222
 20
159.9192113888889
 30
0.0
 10
62.95146583333334
 20
159.4503697222222
 30
0.0
 10
62.80365194444445
 20
158.9818808333333
 30
0.0
 10
62.15842138888888
 20
158.7148280555556
 30
0.0
 10
61.77212972222222
 20
158.8365363888889
 30
0.0
 10
61.38619083333333
 20
158.9582447222222
 30
0.0
 10
61.17170194444444
 20
159.2566947222222
 30
0.0
 10
61.10961305555556
 20
159.4768280555555
 30
0.0
  0
SPLINE
  5
7A
330
1F
100
AcDbEntity
  8
DEFAULT
 62
   250
100
AcDbSpline
210
0.0
220
0.0
230
1.0
 70
    11
 71
     3
 72
    32
 73
    28
 74
     0
 42
0.000000001
 43
0.0000000001
 40
5.634999999999991
 40
5.634999999999991
 40
5.634999999999991
 40
5.634999999999991
 40
6.634999999999991
 40
6.634999999999991
 40
6.634999999999991
 40
7.634999999999991
 40
7.634999999999991
 40
7.634999999999991
 40
8.634999999999991
 40
8.634999999999991
 40
8.634999999999991
 40
9.634999999999991
 40
9.634999999999991
 40
9.634999999999991
 40
10.63499999999999
 40
10.63499999999999
 40
10.63499999999999
 40
11.63499999999999
 40
11.63499999999999
 40
11.63499999999999
 40
12.63499999999999
 40
12.63499999999999
 40
12.63499999999999
 40
13.63499999999999
 40
13.63499999999999
 40
13.63499999999999
 40
19.26999999999998
 40
19.26999999999998
 40
19.26999999999998
 40
19.26999999999998
 10
49.79581805555556
 20
152.8793544444444
 30
0.0
 10
49.90976527777778
 20
152.9033433333333
 30
0.0
 10
50.08968194444444
 20
152.921335
 30
0.0
 10
50.27242083333333
 20
152.921335
 30
0.0
 10
50.53347638888889
 20
152.921335
 30
0.0
 10
50.70139861111111
 20
152.8765322222222
 30
0.0
 10
50.82734027777778
 20
152.7745794444444
 30
0.0
 10
50.93211527777778
 20
152.6962627777777
 30
0.0
 10
50.99490972222222
 20
152.5766711111111
 30
0.0
 10
50.99490972222222
 20
152.4175683333333
 30
0.0
 10
50.99490972222222
 20
152.222835
 30
0.0
 10
50.73844027777778
 20
152.0517377777778
 30
0.0
 10
50.5253625
 20
151.9737738888889
 30
0.0
 10
50.5253625
 20
151.9737738888889
 30
0.0
 10
51.07005138888888
 20
151.7610488888889
 30
0.0
 10
51.07005138888888
 20
151.4611877777778
 30
0.0
 10
51.07005138888888
 20
151.2872683333333
 30
0.0
 10
51.00090694444444
 20
151.1553294444444
 30
0.0
 10
50.89895416666667
 20
151.0565516666666
 30
0.0
 10
50.75819583333333
 20
150.927435
 30
0.0
 10
50.53030138888889
 20
150.8674627777778
 30
0.0
 10
50.20045416666666
 20
150.8674627777778
 30
0.0
 10
50.0205375
 20
150.8674627777778
 30
0.0
 10
49.88295416666667
 20
150.8794572222222
 30
0.0
 10
49.79581805555556
 20
150.8914516666667
 30
0.0
 10
49.79581805555555
 20
151.5540859259259
 30
0.0
 10
49.79581805555555
 20
152.2167201851852
 30
0.0
 10
49.79581805555556
 20
152.8793544444444
 30
0.0
  0
SPLINE
  5
7B
330
1F
100
AcDbEntity
  8
DEFAULT
 62
     1
100
AcDbSpline
210
0.0
220
0.0
230
1.0
 70
     8
 71
     3
 72
    50
 73
    46
 74
     0
 42
0.000000001
 43
0.0000000001
 40
0.0
 40
0.0
 40
0.0
 40
0.0
 40
3.835463596490056
 40
3.835463596490056
 40
3.835463596490056
 40
4.835463596490056
 40
4.835463596490056
 40
4.835463596490056
 40
5.835463596490056
 40
5.835463596490056
 40
5.835463596490056
 40
6.835463596490056
 40
6.835463596490056
 40
6.835463596490056
 40
7.835463596490056
 40
7.835463596490056
 40
7.835463596490056
 40
27.68117572782966
 40
27.68117572782966
 40
27.68117572782966
 40
28.68117572782966
 40
28.68117572782966
 40
28.68117572782966
 40
29.68117572782966
 40
29.68117572782966
 40
29.68117572782966
 40
30.68117572782966
 40
30.68117572782966
 40
30.68117572782966
 40
50.51945027477552
 40
50.51945027477552
 40
50.51945027477552
 40
51.51945027477552
 40
51.51945027477552
 40
51.51945027477552
 40
52.51945027477552
 40
52.51945027477552
 40
52.51945027477552
 40
53.51945027477552
 40
53.51945027477552
 40
53.51945027477552
 40
54.51945027477552
 40
54.51945027477552
 40
54.51945027477552
 40
58.34896199299759
 40
58.34896199299759
 40
58.34896199299759
 40
58.34896199299759
 10
66.0339322222222
 20
158.6582072222222
 30
0.0
 10
66.16916370370369
 20
159.0884785185185
 30
0.0
 10
66.30439518518519
 20
159.5187498148148
 30
0.0
 10
66.43962666666667
 20
159.9490211111111
 30
0.0
 10
66.43962666666665
 20
159.9490211111111
 30
0.0
 10
68.94470166666666
 20
159.1616211111111
 30
0.0
 10
69.77866833333333
 20
158.8980961111111
 30
0.0
 10
69.9441211111111
 20
158.8448266666666
 30
0.0
 10
70.49374888888887
 20
158.56331
 30
0.0
 10
71.41626277777777
 20
158.2705044444444
 30
0.0
 10
72.33842388888888
 20
157.9812266666667
 30
0.0
 10
73.10112944444444
 20
157.7857877777778
 30
0.0
 10
73.1191211111111
 20
157.8397627777778
 30
0.0
 10
73.61689055555554
 20
159.4226766666666
 30
0.0
 10
72.74164888888888
 20
161.1068377777777
 30
0.0
 10
71.16190999999999
 20
161.6056655555556
 30
0.0
 10
68.93670537037036
 20
162.3089868518518
 30
0.0
 10
66.71150074074073
 20
163.0123081481481
 30
0.0
 10
64.4862961111111
 20
163.7156294444444
 30
0.0
 10
61.02801555555555
 20
164.8039488888889
 30
0.0
 10
55.99528777777777
 20
166.1004072222222
 30
0.0
 10
55.4629461111111
 20
163.8482738888889
 30
0.0
 10
54.54043222222221
 20
159.9596044444444
 30
0.0
 10
53.53501555555555
 20
163.0569933333333
 30
0.0
 10
50.19667944444443
 20
162.1937461111111
 30
0.0
 10
47.73040999999998
 20
161.5566294444444
 30
0.0
 10
53.29195166666666
 20
169.2482433333333
 30
0.0
 10
41.73177666666665
 20
163.2344405555555
 30
0.0
 10
39.66226462962962
 20
162.1577627777777
 30
0.0
 10
37.59275259259258
 20
161.0810849999999
 30
0.0
 10
35.52324055555555
 20
160.0044072222222
 30
0.0
 10
34.0507461111111
 20
159.2399377777778
 30
0.0
 10
33.47889333333332
 20
157.4337155555556
 30
0.0
 10
34.24689055555555
 20
155.9615738888889
 30
0.0
 10
34.27123222222222
 20
155.9125377777778
 30
0.0
 10
34.9873711111111
 20
156.2332127777778
 30
0.0
 10
35.84426833333332
 20
156.6791238888889
 30
0.0
 10
36.70434055555555
 20
157.1260933333333
 30
0.0
 10
37.19822944444444
 20
157.4954516666667
 30
0.0
 10
37.35450999999999
 20
157.5772961111111
 30
0.0
 10
38.12603499999999
 20
157.9808738888889
 30
0.0
 10
40.45542666666666
 20
159.1916072222222
 30
0.0
 10
40.45542666666666
 20
159.1916072222222
 30
0.0
 10
40.66309518518518
 20
158.7920275925926
 30
0.0
 10
40.8707637037037
 20
158.392447962963
 30
0.0
 10
41.07843222222222
 20
157.9928683333333
 30
0.0
  0
SPLINE
  5
7C
330
1F
100
AcDbEntity
  8
DEFAULT
 62
     1
100
AcDbSpline
210
0.0
220
0.0
230
1.0
 70
     8
 71
     3
 72
    71
 73
    67
 74
     0
 42
0.000000001
 43
0.0000000001
 40
0.0
 40
0.0
 40
0.0
 40
0.0
 40
3.826526492786895
 40
3.826526492786895
 40
3.826526492786895
 40
4.826526492786895
 40
4.826526492786895
 40
4.826526492786895
 40
5.826526492786895
 40
5.826526492786895
 40
5.826526492786895
 40
6.826526492786895
 40
6.826526492786895
 40
6.826526492786895
 40
7.826526492786895
 40
7.826526492786895
 40
7.826526492786895
 40
8.826526492786895
 40
8.826526492786895
 40
8.826526492786895
 40
18.74953153158437
 40
18.74953153158437
 40
18.74953153158437
 40
19.74953153158437
 40
19.74953153158437
 40
19.74953153158437
 40
20.74953153158437
 40
20.74953153158437
 40
20.74953153158437
 40
21.74953153158437
 40
21.74953153158437
 40
21.74953153158437
 40
22.74953153158437
 40
22.74953153158437
 40
22.74953153158437
 40
31.25653153158437
 40
31.25653153158437
 40
31.25653153158437
 40
32.25653153158437
 40
32.25653153158437
 40
32.25653153158437
 40
33.25653153158437
 40
33.25653153158437
 40
33.25653153158437
 40
34.26672957061158
 40
34.26672957061158
 40
34.26672957061158
 40
35.26672957061158
 40
35.26672957061158
 40
35.26672957061158
 40
36.26672957061158
 40
36.26672957061158
 40
36.26672957061158
 40
37.26672957061158
 40
37.26672957061158
 40
37.26672957061158
 40
38.26672957061158
 40
38.26672957061158
 40
38.26672957061158
 40
39.26672957061158
 40
39.26672957061158
 40
39.26672957061158
 40
40.26672957061158
 40
40.26672957061158
 40
40.26672957061158
 40
44.1055774446488
 40
44.1055774446488
 40
44.1055774446488
 40
44.1055774446488
 10
65.94369166666665
 20
158.3737272222222
 30
0.0
 10
65.808225
 20
157.9446318518518
 30
0.0
 10
65.67275833333333
 20
157.5155364814815
 30
0.0
 10
65.53729166666666
 20
157.0864411111111
 30
0.0
 10
65.53729166666666
 20
157.0864411111111
 30
0.0
 10
68.03883888888888
 20
156.2983355555556
 30
0.0
 10
68.87280555555554
 20
156.0344577777778
 30
0.0
 10
69.03825833333332
 20
155.9815411111111
 30
0.0
 10
69.65279722222222
 20
155.8965216666666
 30
0.0
 10
70.57178333333333
 20
155.6030105555556
 30
0.0
 10
71.49394444444444
 20
155.3137327777778
 30
0.0
 10
72.23019166666666
 20
155.03398
 30
0.0
 10
72.21255277777777
 20
154.980005
 30
0.0
 10
71.71443055555555
 20
153.3967383333333
 30
0.0
 10
70.03026944444444
 20
152.5214966666666
 30
0.0
 10
68.45017777777777
 20
153.0234994444444
 30
0.0
 10
61.77491666666666
 20
155.1299355555555
 30
0.0
 10
54.937025
 20
150.8450966666666
 30
0.0
 10
54.93490833333333
 20
148.3541327777778
 30
0.0
 10
54.93608425925925
 20
147.1872614814815
 30
0.0
 10
54.93726018518517
 20
146.0203901851852
 30
0.0
 10
54.9384361111111
 20
144.8535188888889
 30
0.0
 10
54.93773055555555
 20
143.194405
 30
0.0
 10
53.59611666666666
 20
141.8517327777778
 30
0.0
 10
51.93700277777777
 20
141.8520855555556
 30
0.0
 10
51.87985277777776
 20
141.85138
 30
0.0
 10
51.83293333333333
 20
142.6373688888889
 30
0.0
 10
51.83222777777777
 20
143.6053911111111
 30
0.0
 10
51.83152222222221
 20
144.5730605555555
 30
0.0
 10
51.93523888888888
 20
145.1840716666667
 30
0.0
 10
51.93312222222222
 20
145.35658
 30
0.0
 10
51.93312222222222
 20
146.2311161111111
 30
0.0
 10
51.93347499999999
 20
148.8543716666667
 30
0.0
 10
51.93347499999999
 20
148.8543716666667
 30
0.0
 10
50.93311481481481
 20
148.8543716666667
 30
0.0
 10
49.93275462962962
 20
148.8543716666667
 30
0.0
 10
48.93239444444443
 20
148.8543716666667
 30
0.0
 10
48.93239444444443
 20
148.8543716666667
 30
0.0
 10
48.93168888888889
 20
146.2311161111111
 30
0.0
 10
48.93239444444443
 20
145.3530522222222
 30
0.0
 10
48.93133611111111
 20
145.1801911111111
 30
0.0
 10
49.03575833333333
 20
144.5712966666667
 30
0.0
 10
49.03646388888887
 20
143.6036272222222
 30
0.0
 10
49.03575833333333
 20
142.6602994444444
 30
0.0
 10
48.99307222222221
 20
141.8891272222222
 30
0.0
 10
48.93239444444443
 20
141.85138
 30
0.0
 10
47.27680833333332
 20
141.8527911111111
 30
0.0
 10
45.93836944444444
 20
143.1915827777778
 30
0.0
 10
45.93519444444443
 20
144.8499911111111
 30
0.0
 10
45.93519444444443
 20
151.8529827777778
 30
0.0
 10
45.88474722222222
 20
155.2470577777778
 30
0.0
 10
39.67233055555555
 20
152.0201994444444
 30
0.0
 10
38.20406944444444
 20
151.2529077777778
 30
0.0
 10
36.3932611111111
 20
151.82723
 30
0.0
 10
35.62949722222221
 20
153.2965494444444
 30
0.0
 10
35.60092222222222
 20
153.3484077777778
 30
0.0
 10
36.27931388888889
 20
153.75128
 30
0.0
 10
37.13585833333333
 20
154.1971911111111
 30
0.0
 10
37.99240277777777
 20
154.643455
 30
0.0
 10
38.58365833333333
 20
154.8343077777778
 30
0.0
 10
38.73711666666667
 20
154.9122716666666
 30
0.0
 10
39.51216944444444
 20
155.316555
 30
0.0
 10
41.84120833333333
 20
156.5269355555555
 30
0.0
 10
41.84120833333333
 20
156.5269355555555
 30
0.0
 10
41.63342222222222
 20
156.9276911111111
 30
0.0
 10
41.42563611111111
 20
157.3284466666667
 30
0.0
 10
41.21784999999999
 20
157.7292022222222
 30
0.0
  0
SPLINE
  5
7D
330
1F
100
AcDbEntity
  8
DEFAULT
 62
   250
100
AcDbSpline
210
0.0
220
0.0
230
1.0
 70
     8
 71
     3
 72
    17
 73
    13
 74
     0
 42
0.000000001
 43
0.0000000001
 40
0.0
 40
0.0
 40
0.0
 40
0.0
 40
1.0
 40
1.0
 40
1.0
 40
2.0
 40
2.0
 40
2.0
 40
3.0
 40
3.0
 40
3.0
 40
4.0
 40
4.0
 40
4.0
 40
4.0
 10
216.4528027777777
 20
139.4031727777778
 30
0.0
 10
216.6644694444444
 20
139.501245
 30
0.0
 10
216.9279944444444
 20
139.5019505555555
 30
0.0
 10
216.9279944444444
 20
138.7268977777778
 30
0.0
 10
216.9279944444444
 20
138.2323033333333
 30
0.0
 10
217.2349111111111
 20
137.92962
 30
0.0
 10
217.5919222222222
 20
137.92962
 30
0.0
 10
217.9489333333333
 20
137.92962
 30
0.0
 10
218.2770166666667
 20
138.2524116666667
 30
0.0
 10
218.2770166666667
 20
138.6387033333333
 30
0.0
 10
218.2770166666667
 20
139.0253477777777
 30
0.0
 10
218.31935
 20
139.4335116666666
 30
0.0
 10
218.538425
 20
139.501245
 30
0.0
  0
POLYLINE
  5
7E
330
1F
100
AcDbEntity
  8
DEFAULT
 62
   250
100
AcDb2dPolyline
 66
     1
 10
0.0
 20
0.0
 30
0.0
  0
VERTEX
  5
7F
330
7E
100
AcDbEntity
  8
DEFAULT
 62
   250
100
AcDbVertex
100
AcDb2dVertex
 10
217.5938625
 20
136.8641252777778
 30
0.0
  0
VERTEX
  5
80
330
7E
100
AcDbEntity
  8
DEFAULT
 62
   250
100
AcDbVertex
100
AcDb2dVertex
 10
217.5938625
 20
139.8641475
 30
0.0
  0
SEQEND
  5
81
330
7E
100
AcDbEntity
  8
DEFAULT
 62
   250
  0
SPLINE
  5
82
330
1F
100
AcDbEntity
  8
DEFAULT
 62
   250
100
AcDbSpline
210
0.0
220
0.0
230
1.0
 70
     8
 71
     3
 72
    17
 73
    13
 74
     0
 42
0.000000001
 43
0.0000000001
 40
0.0
 40
0.0
 40
0.0
 40
0.0
 40
1.0
 40
1.0
 40
1.0
 40
2.0
 40
2.0
 40
2.0
 40
3.0
 40
3.0
 40
3.0
 40
4.0
 40
4.0
 40
4.0
 40
4.0
 10
230.4474972222222
 20
139.4031727777778
 30
0.0
 10
230.6591638888889
 20
139.501245
 30
0.0
 10
230.9226888888888
 20
139.5019505555555
 30
0.0
 10
230.9226888888888
 20
138.7268977777778
 30
0.0
 10
230.9226888888888
 20
138.2323033333333
 30
0.0
 10
231.2296055555555
 20
137.92962
 30
0.0
 10
231.5866166666667
 20
137.92962
 30
0.0
 10
231.9436277777777
 20
137.92962
 30
0.0
 10
232.2717111111111
 20
138.2524116666667
 30
0.0
 10
232.2717111111111
 20
138.6387033333333
 30
0.0
 10
232.2717111111111
 20
139.0253477777777
 30
0.0
 10
232.3140444444444
 20
139.4335116666666
 30
0.0
 10
232.5331194444444
 20
139.501245
 30
0.0
  0
POLYLINE
  5
83
330
1F
100
AcDbEntity
  8
DEFAULT
 62
   250
100
AcDb2dPolyline
 66
     1
 10
0.0
 20
0.0
 30
0.0
  0
VERTEX
  5
84
330
83
100
AcDbEntity
  8
DEFAULT
 62
   250
100
AcDbVertex
100
AcDb2dVertex
 10
231.5885569444444
 20
136.8641252777778
 30
0.0
  0
VERTEX
  5
85
330
83
100
AcDbEntity
  8
DEFAULT
 62
   250
100
AcDbVertex
100
AcDb2dVertex
 10
231.5885569444444
 20
139.8641475
 30
0.0
  0
SEQEND
  5
86
330
83
100
AcDbEntity
  8
DEFAULT
 62
   250
  0
SPLINE
  5
87
330
1F
100
AcDbEntity
  8
DEFAULT
 62
     5
100
AcDbSpline
210
0.0
220
0.0
230
1.0
 70
    11
 71
     3
 72
    17
 73
    13
 74
     0
 42
0.000000001
 43
0.0000000001
 40
0.0
 40
0.0
 40
0.0
 40
0.0
 40
1.0
 40
1.0
 40
1.0
 40
2.0
 40
2.0
 40
2.0
 40
3.0
 40
3.0
 40
3.0
 40
4.0
 40
4.0
 40
4.0
 40
4.0
 10
211.6187947222222
 20
134.4303819444444
 30
0.0
 10
209.9018252777778
 20
136.1861569444444
 30
0.0
 10
212.1790058333333
 20
137.0836236111111
 30
0.0
 10
211.4942641666667
 20
139.5544791666667
 30
0.0
 10
210.8095225
 20
142.0253347222222
 30
0.0
 10
212.8016586111111
 20
138.9515819444444
 30
0.0
 10
213.6733724999999
 20
139.5544791666667
 30
0.0
 10
214.5447336111111
 20
140.1577291666667
 30
0.0
 10
213.2373391666666
 20
135.3020958333333
 30
0.0
 10
213.9845225
 20
133.7456402777778
 30
0.0
 10
214.7317058333333
 20
132.1891847222222
 30
0.0
 10
214.3581141666666
 20
131.6289736111111
 30
0.0
 10
211.6187947222222
 20
134.4303819444444
 30
0.0
  0
SPLINE
  5
88
330
1F
100
AcDbEntity
  8
DEFAULT
 62
     5
100
AcDbSpline
210
0.0
220
0.0
230
1.0
 70
    11
 71
     3
 72
    23
 73
    19
 74
     0
 42
0.000000001
 43
0.0000000001
 40
0.0
 40
0.0
 40
0.0
 40
0.0
 40
1.0
 40
1.0
 40
1.0
 40
2.0
 40
2.0
 40
2.0
 40
3.0
 40
3.0
 40
3.0
 40
4.0
 40
4.0
 40
4.0
 40
5.0
 40
5.0
 40
5.0
 40
6.0
 40
6.0
 40
6.0
 40
6.0
 10
224.4998402777778
 20
150.3676472222222
 30
0.0
 10
222.3020347222222
 20
150.3676472222222
 30
0.0
 10
223.3776541666666
 20
145.3352722222222
 30
0.0
 10
221.6416347222222
 20
141.4653
 30
0.0
 10
220.0968208333333
 20
138.0151333333333
 30
0.0
 10
221.0285069444444
 20
135.0648527777778
 30
0.0
 10
221.9810069444445
 20
131.3747972222222
 30
0.0
 10
222.9440902777778
 20
127.6247694444444
 30
0.0
 10
223.5014791666667
 20
132.8741027777778
 30
0.0
 10
224.4998402777778
 20
132.8741027777778
 30
0.0
 10
225.4982013888889
 20
132.8741027777778
 30
0.0
 10
226.0555902777778
 20
127.6247694444444
 30
0.0
 10
227.0186736111111
 20
131.3747972222222
 30
0.0
 10
227.9711736111111
 20
135.0648527777778
 30
0.0
 10
228.9028597222222
 20
138.0151333333333
 30
0.0
 10
227.3580458333333
 20
141.4653
 30
0.0
 10
225.6220263888889
 20
145.3352722222222
 30
0.0
 10
226.6976458333333
 20
150.3676472222222
 30
0.0
 10
224.4998402777778
 20
150.3676472222222
 30
0.0
  0
SPLINE
  5
89
330
1F
100
AcDbEntity
  8
DEFAULT
 62
     5
100
AcDbSpline
210
0.0
220
0.0
230
1.0
 70
    11
 71
     3
 72
    17
 73
    13
 74
     0
 42
0.000000001
 43
0.0000000001
 40
0.0
 40
0.0
 40
0.0
 40
0.0
 40
1.0
 40
1.0
 40
1.0
 40
2.0
 40
2.0
 40
2.0
 40
3.0
 40
3.0
 40
3.0
 40
4.0
 40
4.0
 40
4.0
 40
4.0
 10
237.3808858333333
 20
134.4303819444444
 30
0.0
 10
239.0978552777778
 20
136.1861569444444
 30
0.0
 10
236.8206747222222
 20
137.0836236111111
 30
0.0
 10
237.5054163888889
 20
139.5544791666667
 30
0.0
 10
238.1901580555555
 20
142.0253347222222
 30
0.0
 10
236.1980219444445
 20
138.9515819444444
 30
0.0
 10
235.3263080555556
 20
139.5544791666667
 30
0.0
 10
234.4549469444444
 20
140.1577291666667
 30
0.0
 10
235.7623413888889
 20
135.3020958333333
 30
0.0
 10
235.0151580555555
 20
133.7456402777778
 30
0.0
 10
234.2679747222222
 20
132.1891847222222
 30
0.0
 10
234.6415663888889
 20
131.6289736111111
 30
0.0
 10
237.3808858333333
 20
134.4303819444444
 30
0.0
  0
SPLINE
  5
8A
330
1F
100
AcDbEntity
  8
DEFAULT
 62
     3
100
AcDbSpline
210
0.0
220
0.0
230
1.0
 70
    11
 71
     3
 72
    17
 73
    13
 74
     0
 42
0.000000001
 43
0.0000000001
 40
0.0
 40
0.0
 40
0.0
 40
0.0
 40
1.0
 40
1.0
 40
1.0
 40
2.0
 40
2.0
 40
2.0
 40
3.0
 40
3.0
 40
3.0
 40
4.0
 40
4.0
 40
4.0
 40
4.0
 10
224.4998402777778
 20
142.5857927777778
 30
0.0
 10
223.6284791666667
 20
142.5857927777778
 30
0.0
 10
223.6249513888889
 20
138.4268955555555
 30
0.0
 10
222.9440902777778
 20
136.9946177777778
 30
0.0
 10
221.9245625
 20
134.8497288888889
 30
0.0
 10
223.5649791666667
 20
135.68934
 30
0.0
 10
224.4998402777778
 20
135.68934
 30
0.0
 10
225.4347013888889
 20
135.68934
 30
0.0
 10
227.0751180555555
 20
134.8497288888889
 30
0.0
 10
226.0555902777778
 20
136.9946177777778
 30
0.0
 10
225.3747291666667
 20
138.4268955555555
 30
0.0
 10
225.3712013888889
 20
142.5857927777778
 30
0.0
 10
224.4998402777778
 20
142.5857927777778
 30
0.0
  0
SPLINE
  5
8B
330
1F
100
AcDbEntity
  8
DEFAULT
 62
     1
100
AcDbSpline
210
0.0
220
0.0
230
1.0
 70
     8
 71
     3
 72
    71
 73
    67
 74
     0
 42
0.000000001
 43
0.0000000001
 40
0.0
 40
0.0
 40
0.0
 40
0.0
 40
1.0
 40
1.0
 40
1.0
 40
2.0
 40
2.0
 40
2.0
 40
3.0
 40
3.0
 40
3.0
 40
4.0
 40
4.0
 40
4.0
 40
5.0
 40
5.0
 40
5.0
 40
14.92000000000002
 40
14.92000000000002
 40
14.92000000000002
 40
23.43000000000001
 40
23.43000000000001
 40
23.43000000000001
 40
33.35000000000002
 40
33.35000000000002
 40
33.35000000000002
 40
34.35000000000002
 40
34.35000000000002
 40
34.35000000000002
 40
35.35000000000002
 40
35.35000000000002
 40
35.35000000000002
 40
36.35000000000002
 40
36.35000000000002
 40
36.35000000000002
 40
37.35000000000002
 40
37.35000000000002
 40
37.35000000000002
 40
38.35000000000002
 40
38.35000000000002
 40
38.35000000000002
 40
39.35000000000002
 40
39.35000000000002
 40
39.35000000000002
 40
49.27000000000004
 40
49.27000000000004
 40
49.27000000000004
 40
57.78000000000003
 40
57.78000000000003
 40
57.78000000000003
 40
67.70000000000005
 40
67.70000000000005
 40
67.70000000000005
 40
68.70000000000005
 40
68.70000000000005
 40
68.70000000000005
 40
69.70000000000005
 40
69.70000000000005
 40
69.70000000000005
 40
70.70000000000005
 40
70.70000000000005
 40
70.70000000000005
 40
71.70000000000005
 40
71.70000000000005
 40
71.70000000000005
 40
72.70000000000005
 40
72.70000000000005
 40
72.70000000000005
 40
72.70000000000005
 10
239.5324069444444
 20
142.3018066666667
 30
0.0
 10
238.7174902777778
 20
137.4405288888889
 30
0.0
 10
243.6387402777778
 20
139.1091677777778
 30
0.0
 10
238.0366291666666
 20
131.9477788888889
 30
0.0
 10
236.8865736111111
 20
130.4802233333333
 30
0.0
 10
239.2925180555555
 20
127.1394177777778
 30
0.0
 10
237.5497958333333
 20
127.8873066666666
 30
0.0
 10
235.5072125
 20
128.7621955555555
 30
0.0
 10
234.6499625
 20
127.8626122222222
 30
0.0
 10
232.9919069444445
 20
127.8626122222222
 30
0.0
 10
232.9354625
 20
127.8626122222222
 30
0.0
 10
232.8896013888888
 20
128.6493066666667
 30
0.0
 10
232.8896013888888
 20
129.6159177777778
 30
0.0
 10
232.8896013888888
 20
130.5825288888889
 30
0.0
 10
232.9919069444445
 20
131.1928344444444
 30
0.0
 10
232.9919069444445
 20
131.3656955555555
 30
0.0
 10
232.9919069444444
 20
132.5322140740741
 30
0.0
 10
232.9919069444444
 20
133.6987325925926
 30
0.0
 10
232.9919069444445
 20
134.8652511111111
 30
0.0
 10
231.9911939814815
 20
134.8652511111111
 30
0.0
 10
230.9904810185185
 20
134.8652511111111
 30
0.0
 10
229.9897680555555
 20
134.8652511111111
 30
0.0
 10
229.9897680555556
 20
133.6987325925926
 30
0.0
 10
229.9897680555556
 20
132.5322140740741
 30
0.0
 10
229.9897680555555
 20
131.3656955555555
 30
0.0
 10
229.9897680555555
 20
131.1928344444444
 30
0.0
 10
230.0920736111111
 20
130.5825288888889
 30
0.0
 10
230.0920736111111
 20
129.6159177777778
 30
0.0
 10
230.0920736111111
 20
128.6493066666667
 30
0.0
 10
230.0462125
 20
127.8626122222222
 30
0.0
 10
229.9897680555555
 20
127.8626122222222
 30
0.0
 10
228.0212680555555
 20
127.8626122222222
 30
0.0
 10
226.1268513888889
 20
126.3668344444444
 30
0.0
 10
224.4934902777778
 20
126.3668344444444
 30
0.0
 10
222.8601291666667
 20
126.3668344444444
 30
0.0
 10
220.9657125
 20
127.8626122222222
 30
0.0
 10
218.9972125
 20
127.8626122222222
 30
0.0
 10
218.9407680555555
 20
127.8626122222222
 30
0.0
 10
218.8949069444444
 20
128.6493066666667
 30
0.0
 10
218.8949069444444
 20
129.6159177777778
 30
0.0
 10
218.8949069444444
 20
130.5825288888889
 30
0.0
 10
218.9972125
 20
131.1928344444444
 30
0.0
 10
218.9972125
 20
131.3656955555555
 30
0.0
 10
218.9972125
 20
132.5322140740741
 30
0.0
 10
218.9972125
 20
133.6987325925926
 30
0.0
 10
218.9972125
 20
134.8652511111111
 30
0.0
 10
217.996499537037
 20
134.8652511111111
 30
0.0
 10
216.9957865740741
 20
134.8652511111111
 30
0.0
 10
215.9950736111111
 20
134.8652511111111
 30
0.0
 10
215.9950736111111
 20
133.6987325925926
 30
0.0
 10
215.9950736111111
 20
132.5322140740741
 30
0.0
 10
215.9950736111111
 20
131.3656955555555
 30
0.0
 10
215.9950736111111
 20
131.1928344444444
 30
0.0
 10
216.0973791666667
 20
130.5825288888889
 30
0.0
 10
216.0973791666667
 20
129.6159177777778
 30
0.0
 10
216.0973791666667
 20
128.6493066666667
 30
0.0
 10
216.0515180555555
 20
127.8626122222222
 30
0.0
 10
215.9950736111111
 20
127.8626122222222
 30
0.0
 10
214.3370180555555
 20
127.8626122222222
 30
0.0
 10
213.4832958333333
 20
128.7621955555555
 30
0.0
 10
211.4407125
 20
127.8873066666666
 30
0.0
 10
209.6979902777778
 20
127.1394177777778
 30
0.0
 10
212.1004069444444
 20
130.4802233333333
 30
0.0
 10
210.9538791666667
 20
131.9477788888889
 30
0.0
 10
205.3482402777778
 20
139.1091677777778
 30
0.0
 10
210.2730180555556
 20
137.4405288888889
 30
0.0
 10
209.4545736111111
 20
142.3018066666667
 30
0.0
  0
SPLINE
  5
8C
330
1F
100
AcDbEntity
  8
DEFAULT
 62
     1
100
AcDbSpline
210
0.0
220
0.0
230
1.0
 70
     8
 71
     3
 72
    17
 73
    13
 74
     0
 42
0.000000001
 43
0.0000000001
 40
0.0
 40
0.0
 40
0.0
 40
0.0
 40
1.002499999999998
 40
1.002499999999998
 40
1.002499999999998
 40
2.004999999999995
 40
2.004999999999995
 40
2.004999999999995
 40
3.007499999999993
 40
3.007499999999993
 40
3.007499999999993
 40
4.009999999999991
 40
4.009999999999991
 40
4.009999999999991
 40
4.009999999999991
 10
209.4051847222222
 20
142.5945769444444
 30
0.0
 10
208.4562125
 20
147.9991325
 30
0.0
 10
213.3951013888889
 20
139.5430491666667
 30
0.0
 10
217.4979069444445
 20
144.5771880555556
 30
0.0
 10
221.7453513888889
 20
149.7877158333333
 30
0.0
 10
221.6148236111111
 20
154.3173825
 30
0.0
 10
224.4970180555555
 20
154.3244380555556
 30
0.0
 10
227.3792125
 20
154.3173825
 30
0.0
 10
227.2416291666667
 20
149.7877158333333
 30
0.0
 10
231.4890736111111
 20
144.5771880555556
 30
0.0
 10
235.5918791666667
 20
139.5430491666667
 30
0.0
 10
240.5342958333333
 20
147.9991325
 30
0.0
 10
239.5853236111111
 20
142.5945769444444
 30
0.0
  0
SPLINE
  5
8D
330
1F
100
AcDbEntity
  8
DEFAULT
 62
   250
100
AcDbSpline
210
0.0
220
0.0
230
1.0
 70
     8
 71
     3
 72
    20
 73
    16
 74
     0
 42
0.000000001
 43
0.0000000001
 40
0.0
 40
0.0
 40
0.0
 40
0.0
 40
1.0
 40
1.0
 40
1.0
 40
2.0
 40
2.0
 40
2.0
 40
3.0
 40
3.0
 40
3.0
 40
4.0
 40
4.0
 40
4.0
 40
5.0
 40
5.0
 40
5.0
 40
5.0
 10
77.70657277777777
 20
131.0814977777778
 30
0.0
 10
78.20751722222221
 20
131.0814977777778
 30
0.0
 10
80.44800888888888
 20
131.1079561111111
 30
0.0
 10
80.64097833333334
 20
130.9146338888889
 30
0.0
 10
80.83430055555554
 20
130.7213116666667
 30
0.0
 10
80.60605333333332
 20
130.1325255555555
 30
0.0
 10
79.86804222222221
 20
130.1325255555555
 30
0.0
 10
79.13003111111111
 20
130.1325255555555
 30
0.0
 10
78.88343944444445
 20
130.6257088888889
 30
0.0
 10
78.88343944444445
 20
131.1171283333333
 30
0.0
 10
78.88343944444445
 20
131.6085477777778
 30
0.0
 10
79.41860333333332
 20
132.0572811111111
 30
0.0
 10
79.82359222222222
 20
132.0572811111111
 30
0.0
 10
80.22822833333332
 20
132.0572811111111
 30
0.0
 10
80.52244499999999
 20
131.8371477777777
 30
0.0
 10
80.6476811111111
 20
131.6459422222222
 30
0.0
  0
SPLINE
  5
8E
330
1F
100
AcDbEntity
  8
DEFAULT
 62
   250
100
AcDbSpline
210
0.0
220
0.0
230
1.0
 70
     8
 71
     3
 72
    20
 73
    16
 74
     0
 42
0.000000001
 43
0.0000000001
 40
0.0
 40
0.0
 40
0.0
 40
0.0
 40
1.0
 40
1.0
 40
1.0
 40
2.0
 40
2.0
 40
2.0
 40
3.0
 40
3.0
 40
3.0
 40
4.0
 40
4.0
 40
4.0
 40
5.0
 40
5.0
 40
5.0
 40
5.0
 10
77.70657277777777
 20
145.07972
 30
0.0
 10
78.20751722222221
 20
145.07972
 30
0.0
 10
80.44800888888888
 20
145.1061783333333
 30
0.0
 10
80.64097833333334
 20
144.9128561111111
 30
0.0
 10
80.83430055555554
 20
144.7195338888889
 30
0.0
 10
80.60605333333332
 20
144.1307477777778
 30
0.0
 10
79.86804222222221
 20
144.1307477777778
 30
0.0
 10
79.13003111111111
 20
144.1307477777778
 30
0.0
 10
78.88343944444445
 20
144.6239311111111
 30
0.0
 10
78.88343944444445
 20
145.1153505555556
 30
0.0
 10
78.88343944444445
 20
145.60677
 30
0.0
 10
79.41860333333332
 20
146.0555033333333
 30
0.0
 10
79.82359222222222
 20
146.0555033333333
 30
0.0
 10
80.22822833333332
 20
146.0555033333333
 30
0.0
 10
80.52244499999999
 20
145.83537
 30
0.0
 10
80.6476811111111
 20
145.6441644444444
 30
0.0
  0
SPLINE
  5
8F
330
1F
100
AcDbEntity
  8
DEFAULT
 62
     1
100
AcDbSpline
210
0.0
220
0.0
230
1.0
 70
     8
 71
     3
 72
    71
 73
    67
 74
     0
 42
0.000000001
 43
0.0000000001
 40
0.0
 40
0.0
 40
0.0
 40
0.0
 40
1.0
 40
1.0
 40
1.0
 40
2.0
 40
2.0
 40
2.0
 40
3.0
 40
3.0
 40
3.0
 40
4.0
 40
4.0
 40
4.0
 40
13.91999999999999
 40
13.91999999999999
 40
13.91999999999999
 40
22.43000000000004
 40
22.43000000000004
 40
22.43000000000004
 40
32.35000000000002
 40
32.35000000000002
 40
32.35000000000002
 40
33.35000000000002
 40
33.35000000000002
 40
33.35000000000002
 40
34.35000000000002
 40
34.35000000000002
 40
34.35000000000002
 40
35.35000000000002
 40
35.35000000000002
 40
35.35000000000002
 40
36.35000000000002
 40
36.35000000000002
 40
36.35000000000002
 40
37.35000000000002
 40
37.35000000000002
 40
37.35000000000002
 40
38.35000000000002
 40
38.35000000000002
 40
38.35000000000002
 40
39.35000000000002
 40
39.35000000000002
 40
39.35000000000002
 40
40.35000000000002
 40
40.35000000000002
 40
40.35000000000002
 40
50.27000000000001
 40
50.27000000000001
 40
50.27000000000001
 40
58.78000000000006
 40
58.78000000000006
 40
58.78000000000006
 40
68.70000000000005
 40
68.70000000000005
 40
68.70000000000005
 40
69.70000000000005
 40
69.70000000000005
 40
69.70000000000005
 40
70.70000000000005
 40
70.70000000000005
 40
70.70000000000005
 40
71.70000000000005
 40
71.70000000000005
 40
71.70000000000005
 40
72.70000000000005
 40
72.70000000000005
 40
72.70000000000005
 40
72.70000000000005
 10
75.47045555555555
 20
126.5845688888889
 30
0.0
 10
72.85284444444444
 20
126.4540411111111
 30
0.0
 10
75.41048333333333
 20
122.88393
 30
0.0
 10
70.93020555555555
 20
126.05893
 30
0.0
 10
69.57553888888887
 20
127.0184855555556
 30
0.0
 10
68.70417777777776
 20
127.9357077777778
 30
0.0
 10
68.70417777777776
 20
129.5937633333333
 30
0.0
 10
68.70417777777776
 20
129.6502077777778
 30
0.0
 10
69.49087222222222
 20
129.6960688888889
 30
0.0
 10
70.45748333333331
 20
129.6960688888889
 30
0.0
 10
71.42409444444444
 20
129.6960688888889
 30
0.0
 10
72.03439999999999
 20
129.5937633333333
 30
0.0
 10
72.2072611111111
 20
129.5937633333333
 30
0.0
 10
73.37377962962961
 20
129.5937633333333
 30
0.0
 10
74.54029814814812
 20
129.5937633333333
 30
0.0
 10
75.70681666666665
 20
129.5937633333333
 30
0.0
 10
75.70681666666665
 20
130.5944762962963
 30
0.0
 10
75.70681666666665
 20
131.5951892592593
 30
0.0
 10
75.70681666666665
 20
132.5959022222222
 30
0.0
 10
74.54029814814812
 20
132.5959022222222
 30
0.0
 10
73.37377962962961
 20
132.5959022222222
 30
0.0
 10
72.2072611111111
 20
132.5959022222222
 30
0.0
 10
72.03439999999999
 20
132.5959022222222
 30
0.0
 10
71.42409444444444
 20
132.4935966666667
 30
0.0
 10
70.45748333333331
 20
132.4935966666667
 30
0.0
 10
69.49087222222222
 20
132.4935966666667
 30
0.0
 10
68.70417777777776
 20
132.5394577777778
 30
0.0
 10
68.70417777777776
 20
132.5959022222222
 30
0.0
 10
68.70417777777776
 20
134.5644022222222
 30
0.0
 10
67.14842777777777
 20
134.7196244444444
 30
0.0
 10
65.26812222222222
 20
134.1728188888889
 30
0.0
 10
58.9675111111111
 20
132.3277911111111
 30
0.0
 10
61.70506666666665
 20
136.4588188888889
 30
0.0
 10
61.70506666666665
 20
138.09218
 30
0.0
 10
61.70506666666665
 20
139.7255411111111
 30
0.0
 10
58.9675111111111
 20
143.8600966666667
 30
0.0
 10
65.26812222222222
 20
142.0150688888889
 30
0.0
 10
67.14842777777777
 20
141.4682633333333
 30
0.0
 10
68.70417777777776
 20
141.6234855555555
 30
0.0
 10
68.70417777777776
 20
143.5919855555555
 30
0.0
 10
68.70417777777776
 20
143.64843
 30
0.0
 10
69.49087222222222
 20
143.6942911111111
 30
0.0
 10
70.45748333333331
 20
143.6942911111111
 30
0.0
 10
71.42409444444444
 20
143.6942911111111
 30
0.0
 10
72.03439999999999
 20
143.5919855555555
 30
0.0
 10
72.2072611111111
 20
143.5919855555555
 30
0.0
 10
73.37377962962961
 20
143.5919855555555
 30
0.0
 10
74.54029814814812
 20
143.5919855555555
 30
0.0
 10
75.70681666666665
 20
143.5919855555555
 30
0.0
 10
75.70681666666665
 20
144.5926985185185
 30
0.0
 10
75.70681666666665
 20
145.5934114814815
 30
0.0
 10
75.70681666666665
 20
146.5941244444444
 30
0.0
 10
74.54029814814812
 20
146.5941244444444
 30
0.0
 10
73.37377962962961
 20
146.5941244444444
 30
0.0
 10
72.2072611111111
 20
146.5941244444444
 30
0.0
 10
72.03439999999999
 20
146.5941244444444
 30
0.0
 10
71.42409444444444
 20
146.4918188888889
 30
0.0
 10
70.45748333333331
 20
146.4918188888889
 30
0.0
 10
69.49087222222222
 20
146.4918188888889
 30
0.0
 10
68.70417777777776
 20
146.53768
 30
0.0
 10
68.70417777777776
 20
146.5941244444444
 30
0.0
 10
68.70417777777776
 20
148.25218
 30
0.0
 10
69.57553888888887
 20
149.1694022222222
 30
0.0
 10
70.93020555555555
 20
150.1289577777778
 30
0.0
 10
75.41048333333333
 20
153.3074855555556
 30
0.0
 10
72.85284444444444
 20
149.7338466666667
 30
0.0
 10
75.47045555555555
 20
149.6033188888889
 30
0.0
  0
SPLINE
  5
90
330
1F
100
AcDbEntity
  8
DEFAULT
 62
     1
100
AcDbSpline
210
0.0
220
0.0
230
1.0
 70
     8
 71
     3
 72
    17
 73
    13
 74
     0
 42
0.000000001
 43
0.0000000001
 40
0.0
 40
0.0
 40
0.0
 40
0.0
 40
1.0
 40
1.0
 40
1.0
 40
2.0
 40
2.0
 40
2.0
 40
3.0
 40
3.0
 40
3.0
 40
4.0
 40
4.0
 40
4.0
 40
4.0
 10
75.77031666666666
 20
149.5962986111111
 30
0.0
 10
81.39006666666667
 20
149.5716041666666
 30
0.0
 10
79.7320111111111
 20
148.1957708333333
 30
0.0
 10
84.76615
 20
144.0929652777778
 30
0.0
 10
89.98020555555556
 20
139.8455208333333
 30
0.0
 10
95.16603888888888
 20
140.9814652777778
 30
0.0
 10
95.16603888888888
 20
138.0957430555555
 30
0.0
 10
95.16603888888888
 20
135.2064930555555
 30
0.0
 10
89.98020555555556
 20
136.3459652777778
 30
0.0
 10
84.76615
 20
132.0949930555555
 30
0.0
 10
79.7320111111111
 20
127.9921875
 30
0.0
 10
81.39006666666667
 20
126.6163541666667
 30
0.0
 10
75.77031666666666
 20
126.5916597222222
 30
0.0
  0
SPLINE
  5
91
330
1F
100
AcDbEntity
  8
DEFAULT
 62
     3
100
AcDbSpline
210
0.0
220
0.0
230
1.0
 70
    11
 71
     3
 72
    17
 73
    13
 74
     0
 42
0.000000001
 43
0.0000000001
 40
0.0
 40
0.0
 40
0.0
 40
0.0
 40
1.0
 40
1.0
 40
1.0
 40
2.0
 40
2.0
 40
2.0
 40
3.0
 40
3.0
 40
3.0
 40
4.0
 40
4.0
 40
4.0
 40
4.0
 10
74.5220125
 20
138.0969072222222
 30
0.0
 10
74.5220125
 20
139.0317683333333
 30
0.0
 10
73.68240138888889
 20
140.672185
 30
0.0
 10
75.82729027777778
 20
139.6526572222222
 30
0.0
 10
77.25956805555555
 20
138.9717961111111
 30
0.0
 10
78.7479375
 20
138.9682683333333
 30
0.0
 10
78.7479375
 20
138.0969072222222
 30
0.0
 10
78.7479375
 20
137.2255461111111
 30
0.0
 10
77.25956805555555
 20
137.2220183333333
 30
0.0
 10
75.82729027777778
 20
136.5411572222222
 30
0.0
 10
73.68240138888889
 20
135.5216294444444
 30
0.0
 10
74.5220125
 20
137.1620461111111
 30
0.0
 10
74.5220125
 20
138.0969072222222
 30
0.0
  0
SPLINE
  5
92
330
1F
100
AcDbEntity
  8
DEFAULT
 62
     5
100
AcDbSpline
210
0.0
220
0.0
230
1.0
 70
    11
 71
     3
 72
    23
 73
    19
 74
     0
 42
0.000000001
 43
0.0000000001
 40
0.0
 40
0.0
 40
0.0
 40
0.0
 40
1.0
 40
1.0
 40
1.0
 40
2.0
 40
2.0
 40
2.0
 40
3.0
 40
3.0
 40
3.0
 40
4.0
 40
4.0
 40
4.0
 40
5.0
 40
5.0
 40
5.0
 40
6.0
 40
6.0
 40
6.0
 40
6.0
 10
70.20736388888888
 20
135.5780738888889
 30
0.0
 10
66.4573361111111
 20
136.5411572222222
 30
0.0
 10
71.70666944444444
 20
137.0985461111111
 30
0.0
 10
71.70666944444444
 20
138.0969072222222
 30
0.0
 10
71.70666944444444
 20
139.0952683333333
 30
0.0
 10
66.4573361111111
 20
139.6526572222222
 30
0.0
 10
70.20736388888888
 20
140.6157405555555
 30
0.0
 10
73.89741944444444
 20
141.5682405555555
 30
0.0
 10
74.62061388888888
 20
142.4219627777778
 30
0.0
 10
78.07078055555554
 20
140.8767961111111
 30
0.0
 10
81.94075277777777
 20
139.1411294444445
 30
0.0
 10
91.0318361111111
 20
140.2947127777778
 30
0.0
 10
91.0318361111111
 20
138.0969072222222
 30
0.0
 10
91.0318361111111
 20
135.8991016666667
 30
0.0
 10
81.94075277777777
 20
137.052685
 30
0.0
 10
78.07078055555554
 20
135.3170183333333
 30
0.0
 10
74.62061388888888
 20
133.7718516666667
 30
0.0
 10
73.89741944444444
 20
134.6255738888889
 30
0.0
 10
70.20736388888888
 20
135.5780738888889
 30
0.0
  0
POLYLINE
  5
93
330
1F
100
AcDbEntity
  8
DEFAULT
 62
   250
100
AcDb2dPolyline
 66
     1
 10
0.0
 20
0.0
 30
0.0
  0
VERTEX
  5
94
330
93
100
AcDbEntity
  8
DEFAULT
 62
   250
100
AcDbVertex
100
AcDb2dVertex
 10
205.3218172222222
 20
160.6855152777777
 30
0.0
  0
VERTEX
  5
95
330
93
100
AcDbEntity
  8
DEFAULT
 62
   250
100
AcDbVertex
100
AcDb2dVertex
 10
205.8820283333333
 20
161.6535375
 30
0.0
  0
VERTEX
  5
96
330
93
100
AcDbEntity
  8
DEFAULT
 62
   250
100
AcDbVertex
100
AcDb2dVertex
 10
206.525495
 20
159.9887791666666
 30
0.0
  0
VERTEX
  5
97
330
93
100
AcDbEntity
  8
DEFAULT
 62
   250
100
AcDbVertex
100
AcDb2dVertex
 10
207.0797088888888
 20
160.9465708333333
 30
0.0
  0
SEQEND
  5
98
330
93
100
AcDbEntity
  8
DEFAULT
 62
   250
  0
POLYLINE
  5
99
330
1F
100
AcDbEntity
  8
DEFAULT
 62
   250
100
AcDb2dPolyline
 66
     1
 10
0.0
 20
0.0
 30
0.0
  0
VERTEX
  5
9A
330
99
100
AcDbEntity
  8
DEFAULT
 62
   250
100
AcDbVertex
100
AcDb2dVertex
 10
195.4687691666667
 20
155.0092855555555
 30
0.0
  0
VERTEX
  5
9B
330
99
100
AcDbEntity
  8
DEFAULT
 62
   250
100
AcDbVertex
100
AcDb2dVertex
 10
196.0289802777778
 20
155.9773077777778
 30
0.0
  0
VERTEX
  5
9C
330
99
100
AcDbEntity
  8
DEFAULT
 62
   250
100
AcDbVertex
100
AcDb2dVertex
 10
196.6724469444444
 20
154.3125494444444
 30
0.0
  0
VERTEX
  5
9D
330
99
100
AcDbEntity
  8
DEFAULT
 62
   250
100
AcDbVertex
100
AcDb2dVertex
 10
197.2266608333333
 20
155.2703411111111
 30
0.0
  0
SEQEND
  5
9E
330
99
100
AcDbEntity
  8
DEFAULT
 62
   250
  0
POLYLINE
  5
9F
330
1F
100
AcDbEntity
  8
DEFAULT
 62
   250
100
AcDb2dPolyline
 66
     1
 10
0.0
 20
0.0
 30
0.0
  0
VERTEX
  5
A0
330
9F
100
AcDbEntity
  8
DEFAULT
 62
   250
100
AcDbVertex
100
AcDb2dVertex
 10
185.6297263888889
 20
149.3225430555556
 30
0.0
  0
VERTEX
  5
A1
330
9F
100
AcDbEntity
  8
DEFAULT
 62
   250
100
AcDbVertex
100
AcDb2dVertex
 10
186.1899375
 20
150.2905652777778
 30
0.0
  0
VERTEX
  5
A2
330
9F
100
AcDbEntity
  8
DEFAULT
 62
   250
100
AcDbVertex
100
AcDb2dVertex
 10
186.8334041666666
 20
148.6258069444444
 30
0.0
  0
VERTEX
  5
A3
330
9F
100
AcDbEntity
  8
DEFAULT
 62
   250
100
AcDbVertex
100
AcDb2dVertex
 10
187.3876180555555
 20
149.5835986111111
 30
0.0
  0
SEQEND
  5
A4
330
9F
100
AcDbEntity
  8
DEFAULT
 62
   250
  0
POLYLINE
  5
A5
330
1F
100
AcDbEntity
  8
DEFAULT
 62
   250
100
AcDb2dPolyline
 66
     1
 10
0.0
 20
0.0
 30
0.0
  0
VERTEX
  5
A6
330
A5
100
AcDbEntity
  8
DEFAULT
 62
   250
100
AcDbVertex
100
AcDb2dVertex
 10
180.9044797222222
 20
139.9121252777778
 30
0.0
  0
VERTEX
  5
A7
330
A5
100
AcDbEntity
  8
DEFAULT
 62
   250
100
AcDbVertex
100
AcDb2dVertex
 10
181.4530491666667
 20
140.8868502777777
 30
0.0
  0
VERTEX
  5
A8
330
A5
100
AcDbEntity
  8
DEFAULT
 62
   250
100
AcDbVertex
100
AcDb2dVertex
 10
182.1162713888889
 20
139.2302058333333
 30
0.0
  0
VERTEX
  5
A9
330
A5
100
AcDbEntity
  8
DEFAULT
 62
   250
100
AcDbVertex
100
AcDb2dVertex
 10
182.6588436111111
 20
140.1943475
 30
0.0
  0
SEQEND
  5
AA
330
A5
100
AcDbEntity
  8
DEFAULT
 62
   250
  0
POLYLINE
  5
AB
330
1F
100
AcDbEntity
  8
DEFAULT
 62
   250
100
AcDb2dPolyline
 66
     1
 10
0.0
 20
0.0
 30
0.0
  0
VERTEX
  5
AC
330
AB
100
AcDbEntity
  8
DEFAULT
 62
   250
100
AcDbVertex
100
AcDb2dVertex
 10
182.5941441666666
 20
128.967865
 30
0.0
  0
VERTEX
  5
AD
330
AB
100
AcDbEntity
  8
DEFAULT
 62
   250
100
AcDbVertex
100
AcDb2dVertex
 10
182.9645608333333
 20
130.0230233333333
 30
0.0
  0
VERTEX
  5
AE
330
AB
100
AcDbEntity
  8
DEFAULT
 62
   250
100
AcDbVertex
100
AcDb2dVertex
 10
183.9061247222222
 20
128.5071372222222
 30
0.0
  0
VERTEX
  5
AF
330
AB
100
AcDbEntity
  8
DEFAULT
 62
   250
100
AcDbVertex
100
AcDb2dVertex
 10
184.2726608333333
 20
129.5510066666667
 30
0.0
  0
SEQEND
  5
B0
330
AB
100
AcDbEntity
  8
DEFAULT
 62
   250
  0
POLYLINE
  5
B1
330
1F
100
AcDbEntity
  8
DEFAULT
 62
   250
100
AcDb2dPolyline
 66
     1
 10
0.0
 20
0.0
 30
0.0
  0
VERTEX
  5
B2
330
B1
100
AcDbEntity
  8
DEFAULT
 62
   250
100
AcDbVertex
100
AcDb2dVertex
 10
189.923243611111
 20
118.3902819444444
 30
0.0
  0
VERTEX
  5
B3
330
B1
100
AcDbEntity
  8
DEFAULT
 62
   250
100
AcDbVertex
100
AcDb2dVertex
 10
190.1059825
 20
119.4937708333333
 30
0.0
  0
VERTEX
  5
B4
330
B1
100
AcDbEntity
  8
DEFAULT
 62
   250
100
AcDbVertex
100
AcDb2dVertex
 10
191.2951963888889
 20
118.1630930555555
 30
0.0
  0
VERTEX
  5
B5
330
B1
100
AcDbEntity
  8
DEFAULT
 62
   250
100
AcDbVertex
100
AcDb2dVertex
 10
191.4758186111111
 20
119.2545875
 30
0.0
  0
SEQEND
  5
B6
330
B1
100
AcDbEntity
  8
DEFAULT
 62
   250
  0
POLYLINE
  5
B7
330
1F
100
AcDbEntity
  8
DEFAULT
 62
   250
100
AcDb2dPolyline
 66
     1
 10
0.0
 20
0.0
 30
0.0
  0
VERTEX
  5
B8
330
B7
100
AcDbEntity
  8
DEFAULT
 62
   250
100
AcDbVertex
100
AcDb2dVertex
 10
200.3580575
 20
110.4684452777777
 30
0.0
  0
VERTEX
  5
B9
330
B7
100
AcDbEntity
  8
DEFAULT
 62
   250
100
AcDbVertex
100
AcDb2dVertex
 10
200.3450047222222
 20
111.5867508333333
 30
0.0
  0
VERTEX
  5
BA
330
B7
100
AcDbEntity
  8
DEFAULT
 62
   250
100
AcDbVertex
100
AcDb2dVertex
 10
201.7487075
 20
110.4846730555555
 30
0.0
  0
VERTEX
  5
BB
330
B7
100
AcDbEntity
  8
DEFAULT
 62
   250
100
AcDbVertex
100
AcDb2dVertex
 10
201.7356547222222
 20
111.5909841666667
 30
0.0
  0
SEQEND
  5
BC
330
B7
100
AcDbEntity
  8
DEFAULT
 62
   250
  0
POLYLINE
  5
BD
330
1F
100
AcDbEntity
  8
DEFAULT
 62
   250
100
AcDb2dPolyline
 66
     1
 10
0.0
 20
0.0
 30
0.0
  0
VERTEX
  5
BE
330
BD
100
AcDbEntity
  8
DEFAULT
 62
   250
100
AcDbVertex
100
AcDb2dVertex
 10
214.9635866666667
 20
104.9969677777778
 30
0.0
  0
VERTEX
  5
BF
330
BD
100
AcDbEntity
  8
DEFAULT
 62
   250
100
AcDbVertex
100
AcDb2dVertex
 10
214.7572116666666
 20
106.0962233333333
 30
0.0
  0
VERTEX
  5
C0
330
BD
100
AcDbEntity
  8
DEFAULT
 62
   250
100
AcDbVertex
100
AcDb2dVertex
 10
216.3302477777778
 20
105.25379
 30
0.0
  0
VERTEX
  5
C1
330
BD
100
AcDbEntity
  8
DEFAULT
 62
   250
100
AcDbVertex
100
AcDb2dVertex
 10
216.1259894444444
 20
106.3410511111111
 30
0.0
  0
SEQEND
  5
C2
330
BD
100
AcDbEntity
  8
DEFAULT
 62
   250
  0
POLYLINE
  5
C3
330
1F
100
AcDbEntity
  8
DEFAULT
 62
   250
100
AcDb2dPolyline
 66
     1
 10
0.0
 20
0.0
 30
0.0
  0
VERTEX
  5
C4
330
C3
100
AcDbEntity
  8
DEFAULT
 62
   250
100
AcDbVertex
100
AcDb2dVertex
 10
229.7955638888888
 20
103.1459427777778
 30
0.0
  0
VERTEX
  5
C5
330
C3
100
AcDbEntity
  8
DEFAULT
 62
   250
100
AcDbVertex
100
AcDb2dVertex
 10
229.4011583333333
 20
104.1926344444444
 30
0.0
  0
VERTEX
  5
C6
330
C3
100
AcDbEntity
  8
DEFAULT
 62
   250
100
AcDbVertex
100
AcDb2dVertex
 10
231.0969611111111
 20
103.6363038888889
 30
0.0
  0
VERTEX
  5
C7
330
C3
100
AcDbEntity
  8
DEFAULT
 62
   250
100
AcDbVertex
100
AcDb2dVertex
 10
230.7067888888889
 20
104.6717066666667
 30
0.0
  0
SEQEND
  5
C8
330
C3
100
AcDbEntity
  8
DEFAULT
 62
   250
  0
POLYLINE
  5
C9
330
1F
100
AcDbEntity
  8
DEFAULT
 62
   250
100
AcDb2dPolyline
 66
     1
 10
0.0
 20
0.0
 30
0.0
  0
VERTEX
  5
CA
330
C9
100
AcDbEntity
  8
DEFAULT
 62
   250
100
AcDbVertex
100
AcDb2dVertex
 10
245.8925669444444
 20
105.0001075
 30
0.0
  0
VERTEX
  5
CB
330
C9
100
AcDbEntity
  8
DEFAULT
 62
   250
100
AcDbVertex
100
AcDb2dVertex
 10
245.3221252777777
 20
105.9621325
 30
0.0
  0
VERTEX
  5
CC
330
C9
100
AcDbEntity
  8
DEFAULT
 62
   250
100
AcDbVertex
100
AcDb2dVertex
 10
247.0888363888888
 20
105.7091908333333
 30
0.0
  0
VERTEX
  5
CD
330
C9
100
AcDbEntity
  8
DEFAULT
 62
   250
100
AcDbVertex
100
AcDb2dVertex
 10
246.5243919444444
 20
106.6609852777778
 30
0.0
  0
SEQEND
  5
CE
330
C9
100
AcDbEntity
  8
DEFAULT
 62
   250
  0
POLYLINE
  5
CF
330
1F
100
AcDbEntity
  8
DEFAULT
 62
   250
100
AcDb2dPolyline
 66
     1
 10
0.0
 20
0.0
 30
0.0
  0
VERTEX
  5
D0
330
CF
100
AcDbEntity
  8
DEFAULT
 62
   250
100
AcDbVertex
100
AcDb2dVertex
 10
261.2748069444444
 20
109.5637819444445
 30
0.0
  0
VERTEX
  5
D1
330
CF
100
AcDbEntity
  8
DEFAULT
 62
   250
100
AcDbVertex
100
AcDb2dVertex
 10
260.5459680555555
 20
110.4122125
 30
0.0
  0
VERTEX
  5
D2
330
CF
100
AcDbEntity
  8
DEFAULT
 62
   250
100
AcDbVertex
100
AcDb2dVertex
 10
262.3296125
 20
110.4697152777778
 30
0.0
  0
VERTEX
  5
D3
330
CF
100
AcDbEntity
  8
DEFAULT
 62
   250
100
AcDbVertex
100
AcDb2dVertex
 10
261.6088875
 20
111.3093263888889
 30
0.0
  0
SEQEND
  5
D4
330
CF
100
AcDbEntity
  8
DEFAULT
 62
   250
  0
POLYLINE
  5
D5
330
1F
100
AcDbEntity
  8
DEFAULT
 62
   250
100
AcDb2dPolyline
 66
     1
 10
0.0
 20
0.0
 30
0.0
  0
VERTEX
  5
D6
330
D5
100
AcDbEntity
  8
DEFAULT
 62
   250
100
AcDbVertex
100
AcDb2dVertex
 10
275.9825358333333
 20
114.7595283333333
 30
0.0
  0
VERTEX
  5
D7
330
D5
100
AcDbEntity
  8
DEFAULT
 62
   250
100
AcDbVertex
100
AcDb2dVertex
 10
275.1178775
 20
115.4689644444444
 30
0.0
  0
VERTEX
  5
D8
330
D5
100
AcDbEntity
  8
DEFAULT
 62
   250
100
AcDbVertex
100
AcDb2dVertex
 10
276.8644802777777
 20
115.834795
 30
0.0
  0
VERTEX
  5
D9
330
D5
100
AcDbEntity
  8
DEFAULT
 62
   250
100
AcDbVertex
100
AcDb2dVertex
 10
276.0089941666666
 20
116.53647
 30
0.0
  0
SEQEND
  5
DA
330
D5
100
AcDbEntity
  8
DEFAULT
 62
   250
  0
POLYLINE
  5
DB
330
1F
100
AcDbEntity
  8
DEFAULT
 62
   250
100
AcDb2dPolyline
 66
     1
 10
0.0
 20
0.0
 30
0.0
  0
VERTEX
  5
DC
330
DB
100
AcDbEntity
  8
DEFAULT
 62
   250
100
AcDbVertex
100
AcDb2dVertex
 10
284.1575963888889
 20
116.1104555555556
 30
0.0
  0
VERTEX
  5
DD
330
DB
100
AcDbEntity
  8
DEFAULT
 62
   250
100
AcDbVertex
100
AcDb2dVertex
 10
285.2240436111111
 20
117.9530138888889
 30
0.0
  0
VERTEX
  5
DE
330
DB
100
AcDbEntity
  8
DEFAULT
 62
   250
100
AcDbVertex
100
AcDb2dVertex
 10
284.9068963888889
 20
118.1361055555556
 30
0.0
  0
SEQEND
  5
DF
330
DB
100
AcDbEntity
  8
DEFAULT
 62
   250
  0
POLYLINE
  5
E0
330
1F
100
AcDbEntity
  8
DEFAULT
 62
   250
100
AcDb2dPolyline
 66
     1
 10
0.0
 20
0.0
 30
0.0
  0
VERTEX
  5
E1
330
E0
100
AcDbEntity
  8
DEFAULT
 62
   250
100
AcDbVertex
100
AcDb2dVertex
 10
214.1100055555556
 20
114.5053519444445
 30
0.0
  0
VERTEX
  5
E2
330
E0
100
AcDbEntity
  8
DEFAULT
 62
   250
100
AcDbVertex
100
AcDb2dVertex
 10
215.1764527777778
 20
116.3479102777778
 30
0.0
  0
VERTEX
  5
E3
330
E0
100
AcDbEntity
  8
DEFAULT
 62
   250
100
AcDbVertex
100
AcDb2dVertex
 10
214.8593055555556
 20
116.5310019444445
 30
0.0
  0
SEQEND
  5
E4
330
E0
100
AcDbEntity
  8
DEFAULT
 62
   250
  0
SPLINE
  5
E5
330
1F
100
AcDbEntity
  8
DEFAULT
 62
     1
100
AcDbSpline
210
0.0
220
0.0
230
1.0
 70
    11
 71
     3
 72
   380
 73
   376
 74
     0
 42
0.000000001
 43
0.0000000001
 40
1.0
 40
1.0
 40
1.0
 40
1.0
 40
2.0
 40
2.0
 40
2.0
 40
3.0
 40
3.0
 40
3.0
 40
4.0
 40
4.0
 40
4.0
 40
12.50760835958027
 40
12.50760835958027
 40
12.50760835958027
 40
13.50760835958027
 40
13.50760835958027
 40
13.50760835958027
 40
14.50760835958027
 40
14.50760835958027
 40
14.50760835958027
 40
15.50760835958027
 40
15.50760835958027
 40
15.50760835958027
 40
16.50760835958027
 40
16.50760835958027
 40
16.50760835958027
 40
17.50760835958027
 40
17.50760835958027
 40
17.50760835958027
 40
18.50760835958027
 40
18.50760835958027
 40
18.50760835958027
 40
19.50760835958027
 40
19.50760835958027
 40
19.50760835958027
 40
20.50760835958027
 40
20.50760835958027
 40
20.50760835958027
 40
21.50760835958027
 40
21.50760835958027
 40
21.50760835958027
 40
22.50760835958027
 40
22.50760835958027
 40
22.50760835958027
 40
31.01156038202254
 40
31.01156038202254
 40
31.01156038202254
 40
32.01156038202254
 40
32.01156038202254
 40
32.01156038202254
 40
33.01156038202254
 40
33.01156038202254
 40
33.01156038202254
 40
34.01156038202254
 40
34.01156038202254
 40
34.01156038202254
 40
35.01156038202254
 40
35.01156038202254
 40
35.01156038202254
 40
36.01156038202254
 40
36.01156038202254
 40
36.01156038202254
 40
37.01156038202254
 40
37.01156038202254
 40
37.01156038202254
 40
38.01156038202254
 40
38.01156038202254
 40
38.01156038202254
 40
39.01156038202254
 40
39.01156038202254
 40
39.01156038202254
 40
40.01156038202254
 40
40.01156038202254
 40
40.01156038202254
 40
41.01156038202254
 40
41.01156038202254
 40
41.01156038202254
 40
42.01156038202254
 40
42.01156038202254
 40
42.01156038202254
 40
43.01156038202254
 40
43.01156038202254
 40
43.01156038202254
 40
44.01156038202254
 40
44.01156038202254
 40
44.01156038202254
 40
45.01156038202254
 40
45.01156038202254
 40
45.01156038202254
 40
46.01156038202254
 40
46.01156038202254
 40
46.01156038202254
 40
54.51050737562119
 40
54.51050737562119
 40
54.51050737562119
 40
55.51050737562119
 40
55.51050737562119
 40
55.51050737562119
 40
56.51050737562119
 40
56.51050737562119
 40
56.51050737562119
 40
57.51050737562119
 40
57.51050737562119
 40
57.51050737562119
 40
58.51050737562119
 40
58.51050737562119
 40
58.51050737562119
 40
59.51050737562119
 40
59.51050737562119
 40
59.51050737562119
 40
60.51050737562119
 40
60.51050737562119
 40
60.51050737562119
 40
61.51050737562119
 40
61.51050737562119
 40
61.51050737562119
 40
70.01811573520146
 40
70.01811573520146
 40
70.01811573520146
 40
71.01811573520146
 40
71.01811573520146
 40
71.01811573520146
 40
72.01811573520146
 40
72.01811573520146
 40
72.01811573520146
 40
73.01811573520146
 40
73.01811573520146
 40
73.01811573520146
 40
74.01811573520146
 40
74.01811573520146
 40
74.01811573520146
 40
75.01811573520146
 40
75.01811573520146
 40
75.01811573520146
 40
76.01811573520146
 40
76.01811573520146
 40
76.01811573520146
 40
77.01811573520146
 40
77.01811573520146
 40
77.01811573520146
 40
85.52206775764374
 40
85.52206775764374
 40
85.52206775764374
 40
86.52206775764374
 40
86.52206775764374
 40
86.52206775764374
 40
87.52206775764374
 40
87.52206775764374
 40
87.52206775764374
 40
88.52206775764374
 40
88.52206775764374
 40
88.52206775764374
 40
89.52206775764374
 40
89.52206775764374
 40
89.52206775764374
 40
90.52206775764374
 40
90.52206775764374
 40
90.52206775764374
 40
91.52206775764374
 40
91.52206775764374
 40
91.52206775764374
 40
92.52206775764374
 40
92.52206775764374
 40
92.52206775764374
 40
101.0248320140489
 40
101.0248320140489
 40
101.0248320140489
 40
102.0248320140489
 40
102.0248320140489
 40
102.0248320140489
 40
103.0248320140489
 40
103.0248320140489
 40
103.0248320140489
 40
104.0248320140489
 40
104.0248320140489
 40
104.0248320140489
 40
105.0248320140489
 40
105.0248320140489
 40
105.0248320140489
 40
106.0248320140489
 40
106.0248320140489
 40
106.0248320140489
 40
107.0248320140489
 40
107.0248320140489
 40
107.0248320140489
 40
108.0248320140489
 40
108.0248320140489
 40
108.0248320140489
 40
116.5356075368787
 40
116.5356075368787
 40
116.5356075368787
 40
117.5356075368787
 40
117.5356075368787
 40
117.5356075368787
 40
118.5356075368787
 40
118.5356075368787
 40
118.5356075368787
 40
119.5356075368787
 40
119.5356075368787
 40
119.5356075368787
 40
120.5356075368787
 40
120.5356075368787
 40
120.5356075368787
 40
121.5356075368787
 40
121.5356075368787
 40
121.5356075368787
 40
122.5356075368787
 40
122.5356075368787
 40
122.5356075368787
 40
123.5356075368787
 40
123.5356075368787
 40
123.5356075368787
 40
132.0399711227092
 40
132.0399711227092
 40
132.0399711227092
 40
133.0399711227092
 40
133.0399711227092
 40
133.0399711227092
 40
134.0399711227092
 40
134.0399711227092
 40
134.0399711227092
 40
135.0399711227092
 40
135.0399711227092
 40
135.0399711227092
 40
136.0399711227092
 40
136.0399711227092
 40
136.0399711227092
 40
137.0399711227092
 40
137.0399711227092
 40
137.0399711227092
 40
138.0399711227092
 40
138.0399711227092
 40
138.0399711227092
 40
139.0399711227092
 40
139.0399711227092
 40
139.0399711227092
 40
147.550558646494
 40
147.550558646494
 40
147.550558646494
 40
148.550558646494
 40
148.550558646494
 40
148.550558646494
 40
149.550558646494
 40
149.550558646494
 40
149.550558646494
 40
150.550558646494
 40
150.550558646494
 40
150.550558646494
 40
151.550558646494
 40
151.550558646494
 40
151.550558646494
 40
152.550558646494
 40
152.550558646494
 40
152.550558646494
 40
153.550558646494
 40
153.550558646494
 40
153.550558646494
 40
154.550558646494
 40
154.550558646494
 40
154.550558646494
 40
163.0567034841981
 40
163.0567034841981
 40
163.0567034841981
 40
164.0567034841981
 40
164.0567034841981
 40
164.0567034841981
 40
165.0567034841981
 40
165.0567034841981
 40
165.0567034841981
 40
166.0567034841981
 40
166.0567034841981
 40
166.0567034841981
 40
167.0567034841981
 40
167.0567034841981
 40
167.0567034841981
 40
168.0567034841981
 40
168.0567034841981
 40
168.0567034841981
 40
169.0567034841981
 40
169.0567034841981
 40
169.0567034841981
 40
170.0567034841981
 40
170.0567034841981
 40
170.0567034841981
 40
178.563265657015
 40
178.563265657015
 40
178.563265657015
 40
179.563265657015
 40
179.563265657015
 40
179.563265657015
 40
180.563265657015
 40
180.563265657015
 40
180.563265657015
 40
181.563265657015
 40
181.563265657015
 40
181.563265657015
 40
182.563265657015
 40
182.563265657015
 40
182.563265657015
 40
183.563265657015
 40
183.563265657015
 40
183.563265657015
 40
184.563265657015
 40
184.563265657015
 40
184.563265657015
 40
185.563265657015
 40
185.563265657015
 40
185.563265657015
 40
194.0731422718667
 40
194.0731422718667
 40
194.0731422718667
 40
195.0731422718667
 40
195.0731422718667
 40
195.0731422718667
 40
196.0731422718667
 40
196.0731422718667
 40
196.0731422718667
 40
197.0731422718667
 40
197.0731422718667
 40
197.0731422718667
 40
198.0731422718667
 40
198.0731422718667
 40
198.0731422718667
 40
199.0731422718667
 40
199.0731422718667
 40
199.0731422718667
 40
200.0731422718667
 40
200.0731422718667
 40
200.0731422718667
 40
201.0731422718667
 40
201.0731422718667
 40
201.0731422718667
 40
209.5757359937847
 40
209.5757359937847
 40
209.5757359937847
 40
210.5757359937847
 40
210.5757359937847
 40
210.5757359937847
 40
211.5757359937847
 40
211.5757359937847
 40
211.5757359937847
 40
212.5757359937847
 40
212.5757359937847
 40
212.5757359937847
 40
213.5757359937847
 40
213.5757359937847
 40
213.5757359937847
 40
214.5757359937847
 40
214.5757359937847
 40
214.5757359937847
 40
215.5757359937847
 40
215.5757359937847
 40
215.5757359937847
 40
216.5757359937847
 40
216.5757359937847
 40
216.5757359937847
 40
225.0737945956067
 40
225.0737945956067
 40
225.0737945956067
 40
226.0737945956067
 40
226.0737945956067
 40
226.0737945956067
 40
227.0737945956067
 40
227.0737945956067
 40
227.0737945956067
 40
228.0737945956067
 40
228.0737945956067
 40
228.0737945956067
 40
229.0737945956067
 40
229.0737945956067
 40
229.0737945956067
 40
230.0737945956067
 40
230.0737945956067
 40
230.0737945956067
 40
231.0737945956067
 40
231.0737945956067
 40
231.0737945956067
 40
231.0737945956067
 10
290.6898061111111
 20
124.7758419444444
 30
0.0
 10
290.6404172222222
 20
124.8005363888889
 30
0.0
 10
290.2100283333333
 20
124.1478975
 30
0.0
 10
289.7267227777778
 20
123.3082863888889
 30
0.0
 10
289.2434172222222
 20
122.4722030555555
 30
0.0
 10
289.024695
 20
121.8936475
 30
0.0
 10
288.9365005555555
 20
121.7454808333333
 30
0.0
 10
288.4990561111111
 20
120.9870086111111
 30
0.0
 10
287.1867227777778
 20
118.7151197222222
 30
0.0
 10
287.1867227777778
 20
118.7151197222222
 30
0.0
 10
286.3200653703704
 20
119.2148882407407
 30
0.0
 10
285.453407962963
 20
119.7146567592592
 30
0.0
 10
284.5867505555556
 20
120.2144252777777
 30
0.0
 10
284.5867505555556
 20
120.2144252777777
 30
0.0
 10
285.9026116666666
 20
122.4863141666666
 30
0.0
 10
286.3400561111111
 20
123.2447863888889
 30
0.0
 10
286.4282505555555
 20
123.3964808333333
 30
0.0
 10
286.8163061111111
 20
123.8727308333333
 30
0.0
 10
287.3031394444444
 20
124.7088141666666
 30
0.0
 10
287.786445
 20
125.5484252777778
 30
0.0
 10
288.1392227777778
 20
126.2469252777778
 30
0.0
 10
288.0898338888888
 20
126.2751475
 30
0.0
 10
286.0225561111111
 20
127.4710641666666
 30
0.0
 10
283.8000561111111
 20
131.1999252777777
 30
0.0
 10
281.309445
 20
127.6545086111111
 30
0.0
 10
278.8188338888889
 20
124.1090919444444
 30
0.0
 10
269.7947783333333
 20
118.2494530555555
 30
0.0
 10
236.7606672222222
 20
114.5100086111111
 30
0.0
 10
230.8657505555555
 20
113.8432586111111
 30
0.0
 10
219.5380561111111
 20
115.2649530555555
 30
0.0
 10
221.7393894444444
 20
119.0714252777777
 30
0.0
 10
222.5684172222222
 20
120.5072308333333
 30
0.0
 10
222.0780561111111
 20
122.3416752777778
 30
0.0
 10
220.6422505555556
 20
123.1707030555555
 30
0.0
 10
220.5963894444444
 20
123.1989252777777
 30
0.0
 10
220.1660005555556
 20
122.5427586111111
 30
0.0
 10
219.682695
 20
121.7066752777778
 30
0.0
 10
219.1958616666667
 20
120.8705919444444
 30
0.0
 10
218.9806672222222
 20
120.2920363888889
 30
0.0
 10
218.8924727777778
 20
120.1403419444444
 30
0.0
 10
218.4550283333333
 20
119.3853975
 30
0.0
 10
217.1391672222222
 20
117.1099808333333
 30
0.0
 10
217.1391672222222
 20
117.1099808333333
 30
0.0
 10
216.2736857407407
 20
117.6109252777778
 30
0.0
 10
215.4082042592593
 20
118.1118697222222
 30
0.0
 10
214.5427227777778
 20
118.6128141666666
 30
0.0
 10
214.5427227777778
 20
118.6128141666666
 30
0.0
 10
215.8585838888889
 20
120.8847030555555
 30
0.0
 10
216.2960283333333
 20
121.6431752777778
 30
0.0
 10
216.380695
 20
121.7948697222222
 30
0.0
 10
216.7722783333333
 20
122.2711197222222
 30
0.0
 10
217.2555838888889
 20
123.1072030555555
 30
0.0
 10
217.7424172222222
 20
123.9468141666666
 30
0.0
 10
218.095195
 20
124.6453141666667
 30
0.0
 10
218.0458061111111
 20
124.6735363888889
 30
0.0
 10
216.6100005555555
 20
125.5025641666666
 30
0.0
 10
214.7790838888889
 20
125.0122030555555
 30
0.0
 10
213.9465283333333
 20
123.5763975
 30
0.0
 10
210.6762783333334
 20
117.9178419444444
 30
0.0
 10
195.6550005555555
 20
123.2342030555555
 30
0.0
 10
191.3228894444444
 20
138.9610363888889
 30
0.0
 10
188.8710838888889
 20
147.8757308333333
 30
0.0
 10
201.172445
 20
150.0100363888889
 30
0.0
 10
211.0996116666666
 20
151.9573697222222
 30
0.0
 10
215.1918338888889
 20
152.7581752777778
 30
0.0
 10
218.3421394444444
 20
154.8007586111111
 30
0.0
 10
220.6457783333333
 20
156.7904252777778
 30
0.0
 10
222.9494172222222
 20
158.7836197222222
 30
0.0
 10
218.8078061111111
 20
164.3539808333333
 30
0.0
 10
217.6260005555555
 20
162.2373141666666
 30
0.0
 10
216.444195
 20
160.1206475
 30
0.0
 10
216.2113616666666
 20
159.7396475
 30
0.0
 10
214.221695
 20
160.8897030555555
 30
0.0
 10
212.3943061111111
 20
161.9480363888889
 30
0.0
 10
213.1175005555556
 20
161.5317586111111
 30
0.0
 10
211.6252505555555
 20
162.3925363888889
 30
0.0
 10
210.3411394444445
 20
163.1368975
 30
0.0
 10
212.8952505555555
 20
165.6451475
 30
0.0
 10
209.4697783333333
 20
167.6983141666666
 30
0.0
 10
206.0478338888888
 20
169.7550086111111
 30
0.0
 10
199.9800561111111
 20
169.4375086111111
 30
0.0
 10
198.5548338888889
 20
166.9786475
 30
0.0
 10
198.5266116666667
 20
166.9327863888889
 30
0.0
 10
199.1792505555556
 20
166.5023975
 30
0.0
 10
200.0188616666667
 20
166.0155641666666
 30
0.0
 10
200.854945
 20
165.5322586111111
 30
0.0
 10
201.4335005555556
 20
165.3170641666667
 30
0.0
 10
201.5816672222222
 20
165.2288697222222
 30
0.0
 10
202.3401394444444
 20
164.7914252777778
 30
0.0
 10
204.6120283333333
 20
163.4755641666666
 30
0.0
 10
204.6120283333333
 20
163.4755641666666
 30
0.0
 10
204.1122598148148
 20
162.6100826851852
 30
0.0
 10
203.6124912962963
 20
161.7446012037037
 30
0.0
 10
203.1127227777778
 20
160.8791197222222
 30
0.0
 10
203.1127227777778
 20
160.8791197222222
 30
0.0
 10
200.8408338888889
 20
162.1914530555555
 30
0.0
 10
200.0823616666667
 20
162.6324252777777
 30
0.0
 10
199.9306672222222
 20
162.7170919444444
 30
0.0
 10
199.4544172222222
 20
163.1086752777777
 30
0.0
 10
198.6183338888889
 20
163.5919808333333
 30
0.0
 10
197.7787227777778
 20
164.0788141666666
 30
0.0
 10
197.0802227777777
 20
164.4315919444444
 30
0.0
 10
197.0520005555555
 20
164.3822030555555
 30
0.0
 10
196.2370838888889
 20
162.9358141666667
 30
0.0
 10
190.2010561111111
 20
163.8988975
 30
0.0
 10
188.6982227777778
 20
161.3024530555555
 30
0.0
 10
188.6735283333333
 20
161.2530641666666
 30
0.0
 10
189.3261672222222
 20
160.8226752777778
 30
0.0
 10
190.1657783333333
 20
160.3393697222222
 30
0.0
 10
191.0018616666667
 20
159.8560641666666
 30
0.0
 10
191.5804172222222
 20
159.6373419444444
 30
0.0
 10
191.7285838888889
 20
159.5491475
 30
0.0
 10
192.4870561111111
 20
159.1117030555555
 30
0.0
 10
194.758945
 20
157.7993697222222
 30
0.0
 10
194.758945
 20
157.7993697222222
 30
0.0
 10
194.2591764814814
 20
156.9327123148148
 30
0.0
 10
193.7594079629629
 20
156.0660549074074
 30
0.0
 10
193.2596394444444
 20
155.1993975
 30
0.0
 10
193.2596394444444
 20
155.1993975
 30
0.0
 10
190.9877505555556
 20
156.5152586111111
 30
0.0
 10
190.2292783333333
 20
156.9527030555555
 30
0.0
 10
190.0775838888889
 20
157.0408975
 30
0.0
 10
189.6013338888889
 20
157.4324808333333
 30
0.0
 10
188.7652505555555
 20
157.9157863888889
 30
0.0
 10
187.9256394444444
 20
158.3990919444444
 30
0.0
 10
187.2271394444444
 20
158.7518697222222
 30
0.0
 10
187.1989172222222
 20
158.7024808333333
 30
0.0
 10
186.3840005555555
 20
157.2596197222222
 30
0.0
 10
180.3585561111111
 20
158.2121197222222
 30
0.0
 10
178.8592505555555
 20
155.6156752777778
 30
0.0
 10
178.8310283333333
 20
155.5698141666666
 30
0.0
 10
179.487195
 20
155.1394252777777
 30
0.0
 10
180.3232783333333
 20
154.6525919444444
 30
0.0
 10
181.1593616666667
 20
154.1692863888888
 30
0.0
 10
181.7379172222223
 20
153.9505641666667
 30
0.0
 10
181.8896116666666
 20
153.8658975
 30
0.0
 10
182.6445561111111
 20
153.4249252777778
 30
0.0
 10
184.9199727777778
 20
152.1125919444444
 30
0.0
 10
184.9199727777778
 20
152.1125919444444
 30
0.0
 10
184.4190283333333
 20
151.247110462963
 30
0.0
 10
183.9180838888889
 20
150.3816289814814
 30
0.0
 10
183.4171394444445
 20
149.5161475
 30
0.0
 10
183.4171394444445
 20
149.5161475
 30
0.0
 10
181.1452505555555
 20
150.8284808333333
 30
0.0
 10
180.3867783333333
 20
151.2659252777778
 30
0.0
 10
180.2350838888889
 20
151.3541197222222
 30
0.0
 10
179.7588338888889
 20
151.7457030555555
 30
0.0
 10
178.9227505555556
 20
152.2290086111111
 30
0.0
 10
178.0831394444444
 20
152.7123141666666
 30
0.0
 10
177.3846394444444
 20
153.0650919444444
 30
0.0
 10
177.3564172222222
 20
153.0192308333333
 30
0.0
 10
176.5450283333333
 20
151.5728419444444
 30
0.0
 10
175.5325561111111
 20
148.7400363888889
 30
0.0
 10
174.0614727777778
 20
146.1259530555555
 30
0.0
 10
174.0332505555556
 20
146.0765641666667
 30
0.0
 10
174.692945
 20
145.6567586111111
 30
0.0
 10
175.5360838888889
 20
145.1805086111111
 30
0.0
 10
176.3792227777778
 20
144.7077863888889
 30
0.0
 10
176.9577783333333
 20
144.4961197222222
 30
0.0
 10
177.1130005555555
 20
144.4114530555555
 30
0.0
 10
177.8750005555555
 20
143.9810641666666
 30
0.0
 10
180.1610005555555
 20
142.6934252777778
 30
0.0
 10
180.1610005555555
 20
142.6934252777778
 30
0.0
 10
179.6706394444444
 20
141.8220641666667
 30
0.0
 10
179.1802783333333
 20
140.9507030555556
 30
0.0
 10
178.6899172222222
 20
140.0793419444444
 30
0.0
 10
178.6899172222222
 20
140.0793419444444
 30
0.0
 10
176.4039172222222
 20
141.3669808333333
 30
0.0
 10
175.6419172222222
 20
141.7938419444444
 30
0.0
 10
175.486695
 20
141.8820363888889
 30
0.0
 10
175.0069172222222
 20
142.2665641666666
 30
0.0
 10
174.1637783333333
 20
142.7392863888889
 30
0.0
 10
173.3206394444445
 20
143.2155363888889
 30
0.0
 10
172.6186116666667
 20
143.5577308333333
 30
0.0
 10
172.5903894444444
 20
143.5118697222222
 30
0.0
 10
171.1193061111111
 20
140.8977863888889
 30
0.0
 10
175.7653894444445
 20
136.7279530555555
 30
0.0
 10
174.7705561111111
 20
133.8951475
 30
0.0
 10
174.7529172222222
 20
133.8422308333333
 30
0.0
 10
175.4761116666667
 20
133.5423697222222
 30
0.0
 10
176.3898061111111
 20
133.2213419444444
 30
0.0
 10
177.3035005555555
 20
132.9003141666666
 30
0.0
 10
177.9102783333333
 20
132.7944808333333
 30
0.0
 10
178.0725561111111
 20
132.7345086111111
 30
0.0
 10
178.8980561111111
 20
132.4452308333333
 30
0.0
 10
181.3780838888889
 20
131.5773975
 30
0.0
 10
181.3780838888889
 20
131.5773975
 30
0.0
 10
181.0464727777778
 20
130.6331289814815
 30
0.0
 10
180.7148616666667
 20
129.6888604629629
 30
0.0
 10
180.3832505555555
 20
128.7445919444444
 30
0.0
 10
180.3832505555555
 20
128.7445919444444
 30
0.0
 10
177.9067505555556
 20
129.6159530555555
 30
0.0
 10
177.0812505555556
 20
129.9052308333333
 30
0.0
 10
176.915445
 20
129.9616752777777
 30
0.0
 10
176.375695
 20
130.2580086111111
 30
0.0
 10
175.4620005555556
 20
130.5790363888889
 30
0.0
 10
174.5483061111111
 20
130.9000641666667
 30
0.0
 10
173.7968894444444
 20
131.1187863888889
 30
0.0
 10
173.7792505555556
 20
131.0658697222222
 30
0.0
 10
171.7895838888889
 20
125.4037863888889
 30
0.0
 10
181.8543338888889
 20
124.8499252777778
 30
0.0
 10
181.3675005555556
 20
121.8901197222222
 30
0.0
 10
181.3675005555556
 20
121.8301475
 30
0.0
 10
182.1295005555556
 20
121.6643419444444
 30
0.0
 10
183.0784727777778
 20
121.5055919444444
 30
0.0
 10
184.0309727777778
 20
121.3503697222222
 30
0.0
 10
184.6483338888889
 20
121.3503697222222
 30
0.0
 10
184.821195
 20
121.3186197222222
 30
0.0
 10
185.6819727777777
 20
121.1775086111111
 30
0.0
 10
188.2748894444445
 20
120.7506475
 30
0.0
 10
188.2748894444445
 20
120.7506475
 30
0.0
 10
188.1114357407407
 20
119.7640456481481
 30
0.0
 10
187.947982037037
 20
118.7774437962963
 30
0.0
 10
187.7845283333333
 20
117.7908419444444
 30
0.0
 10
187.7845283333333
 20
117.7908419444444
 30
0.0
 10
185.1951394444445
 20
118.2177030555555
 30
0.0
 10
184.3308338888889
 20
118.3588141666666
 30
0.0
 10
184.1615005555555
 20
118.3870363888889
 30
0.0
 10
183.5758894444444
 20
118.5845919444444
 30
0.0
 10
182.6233894444445
 20
118.7433419444444
 30
0.0
 10
181.6673616666667
 20
118.9020919444444
 30
0.0
 10
180.8877227777778
 20
118.9832308333333
 30
0.0
 10
180.8806672222222
 20
118.9303141666666
 30
0.0
 10
179.9034727777778
 20
113.0107030555555
 30
0.0
 10
191.2911394444444
 20
115.4272308333333
 30
0.0
 10
191.3228894444444
 20
112.4250919444444
 30
0.0
 10
191.3228894444444
 20
112.3721752777778
 30
0.0
 10
192.1060561111111
 20
112.3333697222222
 30
0.0
 10
193.0726672222222
 20
112.3474808333333
 30
0.0
 10
194.0428061111111
 20
112.3580641666667
 30
0.0
 10
194.6495838888889
 20
112.4638975
 30
0.0
 10
194.822445
 20
112.4638975
 30
0.0
 10
195.6973338888889
 20
112.4744808333333
 30
0.0
 10
198.3220005555556
 20
112.5062308333333
 30
0.0
 10
198.3220005555556
 20
112.5062308333333
 30
0.0
 10
198.3337598148148
 20
111.5055178703703
 30
0.0
 10
198.3455190740741
 20
110.5048049074074
 30
0.0
 10
198.3572783333333
 20
109.5040919444444
 30
0.0
 10
198.3572783333333
 20
109.5040919444444
 30
0.0
 10
195.7326116666666
 20
109.4758697222222
 30
0.0
 10
194.8577227777778
 20
109.4652863888889
 30
0.0
 10
194.6813338888889
 20
109.4652863888889
 30
0.0
 10
194.0710283333333
 20
109.5570086111111
 30
0.0
 10
193.1044172222222
 20
109.5464252777778
 30
0.0
 10
192.1413338888889
 20
109.5358419444444
 30
0.0
 10
191.3581672222222
 20
109.4829252777778
 30
0.0
 10
191.3581672222222
 20
109.4264808333333
 30
0.0
 10
191.4216672222222
 20
103.6162308333333
 30
0.0
 10
205.2117505555556
 20
108.0965086111111
 30
0.0
 10
205.7268061111111
 20
105.3554252777778
 30
0.0
 10
205.7373894444445
 20
105.3025086111111
 30
0.0
 10
206.5135005555555
 20
105.4012863888889
 30
0.0
 10
207.4624727777778
 20
105.5812030555555
 30
0.0
 10
208.4149727777778
 20
105.7611197222222
 30
0.0
 10
208.9935283333333
 20
105.9692586111111
 30
0.0
 10
209.1663894444444
 20
106.0045363888889
 30
0.0
 10
210.0236394444445
 20
106.1632863888889
 30
0.0
 10
212.6059727777778
 20
106.6501197222222
 30
0.0
 10
212.6059727777778
 20
106.6501197222222
 30
0.0
 10
212.7905931481481
 20
105.6670456481481
 30
0.0
 10
212.9752135185185
 20
104.6839715740741
 30
0.0
 10
213.1598338888889
 20
103.7008975
 30
0.0
 10
213.1598338888889
 20
103.7008975
 30
0.0
 10
210.5775005555555
 20
103.2175919444444
 30
0.0
 10
209.7202505555556
 20
103.0553141666666
 30
0.0
 10
209.5473894444444
 20
103.0235641666667
 30
0.0
 10
208.9300283333333
 20
103.0094530555555
 30
0.0
 10
207.9810561111111
 20
102.8295363888889
 30
0.0
 10
207.0356116666667
 20
102.6496197222222
 30
0.0
 10
206.2806672222222
 20
102.4661752777778
 30
0.0
 10
206.2806672222222
 20
102.4097308333333
 30
0.0
 10
207.3883894444444
 20
96.51128638888886
 30
0.0
 10
220.1095561111111
 20
103.4680641666667
 30
0.0
 10
220.635195
 20
101.8946752777778
 30
0.0
 10
220.6563616666667
 20
101.8452863888889
 30
0.0
 10
221.4042505555556
 20
102.0781197222222
 30
0.0
 10
222.3108894444444
 20
102.4203141666666
 30
0.0
 10
223.2140005555555
 20
102.7589808333333
 30
0.0
 10
223.7502227777778
 20
103.0658975
 30
0.0
 10
223.9125005555556
 20
103.1293975
 30
0.0
 10
224.730945
 20
103.4363141666666
 30
0.0
 10
227.1862783333333
 20
104.3641197222222
 30
0.0
 10
227.1862783333333
 20
104.3641197222222
 30
0.0
 10
227.5390561111111
 20
103.4280826851852
 30
0.0
 10
227.8918338888889
 20
102.4920456481481
 30
0.0
 10
228.2446116666667
 20
101.5560086111111
 30
0.0
 10
228.2446116666667
 20
101.5560086111111
 30
0.0
 10
225.7892783333333
 20
100.6317308333333
 30
0.0
 10
224.9708338888889
 20
100.3212863888889
 30
0.0
 10
224.8050283333333
 20
100.2613141666667
 30
0.0
 10
224.2017783333333
 20
100.1378419444444
 30
0.0
 10
223.2951394444445
 20
99.79917527777775
 30
0.0
 10
222.3920283333333
 20
99.45698083333332
 30
0.0
 10
221.6758894444444
 20
99.13948083333331
 30
0.0
 10
221.6935283333333
 20
99.08656416666665
 30
0.0
 10
223.810195
 20
93.4738697222222
 30
0.0
 10
236.0480561111111
 20
103.9337308333333
 30
0.0
 10
237.0887505555555
 20
102.1768975
 30
0.0
 10
237.1169727777778
 20
102.1310363888889
 30
0.0
 10
237.811945
 20
102.4908697222222
 30
0.0
 10
238.6445005555556
 20
102.9847586111111
 30
0.0
 10
239.4770561111111
 20
103.4751197222222
 30
0.0
 10
239.9497783333333
 20
103.8737586111111
 30
0.0
 10
240.1014727777778
 20
103.9619530555555
 30
0.0
 10
240.8528894444444
 20
104.4064530555555
 30
0.0
 10
243.1106672222222
 20
105.7470086111111
 30
0.0
 10
243.1106672222222
 20
105.7470086111111
 30
0.0
 10
243.6210190740741
 20
104.8862308333333
 30
0.0
 10
244.1313709259259
 20
104.0254530555555
 30
0.0
 10
244.6417227777778
 20
103.1646752777778
 30
0.0
 10
244.6417227777778
 20
103.1646752777778
 30
0.0
 10
242.3804172222222
 20
101.8276475
 30
0.0
 10
241.6290005555556
 20
101.3796197222222
 30
0.0
 10
241.4773061111111
 20
101.2914252777778
 30
0.0
 10
240.9058061111111
 20
101.0691752777778
 30
0.0
 10
240.0732505555555
 20
100.5752863888889
 30
0.0
 10
239.240695
 20
100.0813975
 30
0.0
 10
238.5880561111111
 20
99.64395305555553
 30
0.0
 10
238.6162783333333
 20
99.59809194444442
 30
0.0
 10
241.6748616666666
 20
94.43342527777776
 30
0.0
 10
251.9971394444444
 20
106.5372308333333
 30
0.0
 10
253.0978061111111
 20
105.2566475
 30
0.0
 10
253.1330838888889
 20
105.2143141666667
 30
0.0
 10
253.7539727777778
 20
105.6905641666666
 30
0.0
 10
254.4877505555556
 20
106.3220363888889
 30
0.0
 10
255.2215283333333
 20
106.9499808333333
 30
0.0
 10
255.6201672222222
 20
107.4227030555555
 30
0.0
 10
255.750695
 20
107.5355919444444
 30
0.0
 10
256.417445
 20
108.1070919444444
 30
0.0
 10
258.4071116666667
 20
109.8145363888889
 30
0.0
 10
258.4071116666667
 20
109.8145363888889
 30
0.0
 10
259.0585746296296
 20
109.0560641666667
 30
0.0
 10
259.7100375925925
 20
108.2975919444444
 30
0.0
 10
260.3615005555556
 20
107.5391197222222
 30
0.0
 10
260.3615005555556
 20
107.5391197222222
 30
0.0
 10
258.3683061111111
 20
105.8281475
 30
0.0
 10
257.7050838888889
 20
105.2601752777778
 30
0.0
 10
257.5745561111111
 20
105.1472863888889
 30
0.0
 10
257.0453894444444
 20
104.8262586111111
 30
0.0
 10
256.3116116666666
 20
104.1947863888889
 30
0.0
 10
255.5778338888889
 20
103.5668419444444
 30
0.0
 10
255.0133894444444
 20
103.0235641666667
 30
0.0
 10
255.0486672222222
 20
102.9812308333333
 30
0.0
 10
258.957445
 20
98.42686972222221
 30
0.0
 10
267.0925005555555
 20
110.3966197222222
 30
0.0
 10
268.672945
 20
109.0983975
 30
0.0
 10
268.7152783333333
 20
109.0631197222222
 30
0.0
 10
269.2479727777778
 20
109.6416752777778
 30
0.0
 10
269.8618061111111
 20
110.3895641666667
 30
0.0
 10
270.4756394444444
 20
111.1374530555556
 30
0.0
 10
270.7825561111111
 20
111.6701475
 30
0.0
 10
270.8919172222222
 20
111.8042030555555
 30
0.0
 10
271.4493061111111
 20
112.4815363888889
 30
0.0
 10
273.1144172222222
 20
114.5100086111111
 30
0.0
 10
273.1144172222222
 20
114.5100086111111
 30
0.0
 10
273.8870005555555
 20
113.876184537037
 30
0.0
 10
274.6595838888888
 20
113.2423604629629
 30
0.0
 10
275.4321672222222
 20
112.6085363888889
 30
0.0
 10
275.4321672222222
 20
112.6085363888889
 30
0.0
 10
273.7670561111111
 20
110.5800641666666
 30
0.0
 10
273.213195
 20
109.9027308333333
 30
0.0
 10
273.1003061111111
 20
109.7686752777777
 30
0.0
 10
272.6381672222223
 20
109.3594530555555
 30
0.0
 10
272.0243338888889
 20
108.6115641666667
 30
0.0
 10
271.4105005555555
 20
107.8636752777778
 30
0.0
 10
270.9518894444444
 20
107.2322030555555
 30
0.0
 10
270.9942227777777
 20
107.1969252777778
 30
0.0
 10
272.2853894444444
 20
106.1597586111111
 30
0.0
 10
274.1727505555555
 20
106.3678975
 30
0.0
 10
275.2099172222222
 20
107.6590641666667
 30
0.0
 10
279.6478616666666
 20
113.0742030555555
 30
0.0
 10
285.2323338888889
 20
108.4316475
 30
0.0
 10
290.7145005555556
 20
116.9794530555555
 30
0.0
 10
292.5313061111111
 20
119.8122586111111
 30
0.0
 10
294.5668338888889
 20
122.5321752777778
 30
0.0
 10
290.6898061111111
 20
124.7758419444444
 30
0.0
  0
POLYLINE
  5
E6
330
1F
100
AcDbEntity
  8
DEFAULT
 62
   250
100
AcDb2dPolyline
 66
     1
 10
0.0
 20
0.0
 30
0.0
  0
VERTEX
  5
E7
330
E6
100
AcDbEntity
  8
DEFAULT
 62
   250
100
AcDbVertex
100
AcDb2dVertex
 10
93.47457527777777
 20
159.988885
 30
0.0
  0
VERTEX
  5
E8
330
E6
100
AcDbEntity
  8
DEFAULT
 62
   250
100
AcDbVertex
100
AcDb2dVertex
 10
92.92036138888888
 20
160.9463238888889
 30
0.0
  0
VERTEX
  5
E9
330
E6
100
AcDbEntity
  8
DEFAULT
 62
   250
100
AcDbVertex
100
AcDb2dVertex
 10
94.67825305555554
 20
160.6856211111111
 30
0.0
  0
VERTEX
  5
EA
330
E6
100
AcDbEntity
  8
DEFAULT
 62
   250
100
AcDbVertex
100
AcDb2dVertex
 10
94.11804194444444
 20
161.6536433333333
 30
0.0
  0
SEQEND
  5
EB
330
E6
100
AcDbEntity
  8
DEFAULT
 62
   250
  0
POLYLINE
  5
EC
330
1F
100
AcDbEntity
  8
DEFAULT
 62
   250
100
AcDb2dPolyline
 66
     1
 10
0.0
 20
0.0
 30
0.0
  0
VERTEX
  5
ED
330
EC
100
AcDbEntity
  8
DEFAULT
 62
   250
100
AcDbVertex
100
AcDb2dVertex
 10
103.3276233333333
 20
154.3126552777778
 30
0.0
  0
VERTEX
  5
EE
330
EC
100
AcDbEntity
  8
DEFAULT
 62
   250
100
AcDbVertex
100
AcDb2dVertex
 10
102.7734094444444
 20
155.2700941666666
 30
0.0
  0
VERTEX
  5
EF
330
EC
100
AcDbEntity
  8
DEFAULT
 62
   250
100
AcDbVertex
100
AcDb2dVertex
 10
104.5313011111111
 20
155.0093913888889
 30
0.0
  0
VERTEX
  5
F0
330
EC
100
AcDbEntity
  8
DEFAULT
 62
   250
100
AcDbVertex
100
AcDb2dVertex
 10
103.97109
 20
155.9774136111111
 30
0.0
  0
SEQEND
  5
F1
330
EC
100
AcDbEntity
  8
DEFAULT
 62
   250
  0
POLYLINE
  5
F2
330
1F
100
AcDbEntity
  8
DEFAULT
 62
   250
100
AcDb2dPolyline
 66
     1
 10
0.0
 20
0.0
 30
0.0
  0
VERTEX
  5
F3
330
F2
100
AcDbEntity
  8
DEFAULT
 62
   250
100
AcDbVertex
100
AcDb2dVertex
 10
113.1666661111111
 20
148.6259127777778
 30
0.0
  0
VERTEX
  5
F4
330
F2
100
AcDbEntity
  8
DEFAULT
 62
   250
100
AcDbVertex
100
AcDb2dVertex
 10
112.6124522222222
 20
149.5833516666666
 30
0.0
  0
VERTEX
  5
F5
330
F2
100
AcDbEntity
  8
DEFAULT
 62
   250
100
AcDbVertex
100
AcDb2dVertex
 10
114.3703438888889
 20
149.3226488888889
 30
0.0
  0
VERTEX
  5
F6
330
F2
100
AcDbEntity
  8
DEFAULT
 62
   250
100
AcDbVertex
100
AcDb2dVertex
 10
113.80978
 20
150.2906711111111
 30
0.0
  0
SEQEND
  5
F7
330
F2
100
AcDbEntity
  8
DEFAULT
 62
   250
  0
POLYLINE
  5
F8
330
1F
100
AcDbEntity
  8
DEFAULT
 62
   250
100
AcDb2dPolyline
 66
     1
 10
0.0
 20
0.0
 30
0.0
  0
VERTEX
  5
F9
330
F8
100
AcDbEntity
  8
DEFAULT
 62
   250
100
AcDbVertex
100
AcDb2dVertex
 10
117.8835519444444
 20
139.2301352777778
 30
0.0
  0
VERTEX
  5
FA
330
F8
100
AcDbEntity
  8
DEFAULT
 62
   250
100
AcDbVertex
100
AcDb2dVertex
 10
117.3409797222222
 20
140.1942769444445
 30
0.0
  0
VERTEX
  5
FB
330
F8
100
AcDbEntity
  8
DEFAULT
 62
   250
100
AcDbVertex
100
AcDb2dVertex
 10
119.0953436111111
 20
139.9120547222222
 30
0.0
  0
VERTEX
  5
FC
330
F8
100
AcDbEntity
  8
DEFAULT
 62
   250
100
AcDbVertex
100
AcDb2dVertex
 10
118.5467741666667
 20
140.8867797222222
 30
0.0
  0
SEQEND
  5
FD
330
F8
100
AcDbEntity
  8
DEFAULT
 62
   250
  0
POLYLINE
  5
FE
330
1F
100
AcDbEntity
  8
DEFAULT
 62
   250
100
AcDb2dPolyline
 66
     1
 10
0.0
 20
0.0
 30
0.0
  0
VERTEX
  5
FF
330
FE
100
AcDbEntity
  8
DEFAULT
 62
   250
100
AcDbVertex
100
AcDb2dVertex
 10
116.0937691666667
 20
128.5071019444445
 30
0.0
  0
VERTEX
  5
100
330
FE
100
AcDbEntity
  8
DEFAULT
 62
   250
100
AcDbVertex
100
AcDb2dVertex
 10
115.7272330555556
 20
129.5509713888889
 30
0.0
  0
VERTEX
  5
101
330
FE
100
AcDbEntity
  8
DEFAULT
 62
   250
100
AcDbVertex
100
AcDb2dVertex
 10
117.4057497222222
 20
128.9678297222222
 30
0.0
  0
VERTEX
  5
102
330
FE
100
AcDbEntity
  8
DEFAULT
 62
   250
100
AcDbVertex
100
AcDb2dVertex
 10
117.0353330555555
 20
130.0229880555556
 30
0.0
  0
SEQEND
  5
103
330
FE
100
AcDbEntity
  8
DEFAULT
 62
   250
  0
POLYLINE
  5
104
330
1F
100
AcDbEntity
  8
DEFAULT
 62
   250
100
AcDb2dPolyline
 66
     1
 10
0.0
 20
0.0
 30
0.0
  0
VERTEX
  5
105
330
104
100
AcDbEntity
  8
DEFAULT
 62
   250
100
AcDbVertex
100
AcDb2dVertex
 10
108.7048033333333
 20
118.1630225
 30
0.0
  0
VERTEX
  5
106
330
104
100
AcDbEntity
  8
DEFAULT
 62
   250
100
AcDbVertex
100
AcDb2dVertex
 10
108.5238283333333
 20
119.2545169444444
 30
0.0
  0
VERTEX
  5
107
330
104
100
AcDbEntity
  8
DEFAULT
 62
   250
100
AcDbVertex
100
AcDb2dVertex
 10
110.0767561111111
 20
118.3902113888889
 30
0.0
  0
VERTEX
  5
108
330
104
100
AcDbEntity
  8
DEFAULT
 62
   250
100
AcDbVertex
100
AcDb2dVertex
 10
109.8940172222222
 20
119.4937002777778
 30
0.0
  0
SEQEND
  5
109
330
104
100
AcDbEntity
  8
DEFAULT
 62
   250
  0
POLYLINE
  5
10A
330
1F
100
AcDbEntity
  8
DEFAULT
 62
   250
100
AcDb2dPolyline
 66
     1
 10
0.0
 20
0.0
 30
0.0
  0
VERTEX
  5
10B
330
10A
100
AcDbEntity
  8
DEFAULT
 62
   250
100
AcDbVertex
100
AcDb2dVertex
 10
98.25136277777776
 20
110.4847788888889
 30
0.0
  0
VERTEX
  5
10C
330
10A
100
AcDbEntity
  8
DEFAULT
 62
   250
100
AcDbVertex
100
AcDb2dVertex
 10
98.26441555555553
 20
111.59109
 30
0.0
  0
VERTEX
  5
10D
330
10A
100
AcDbEntity
  8
DEFAULT
 62
   250
100
AcDbVertex
100
AcDb2dVertex
 10
99.64201277777777
 20
110.4685511111111
 30
0.0
  0
VERTEX
  5
10E
330
10A
100
AcDbEntity
  8
DEFAULT
 62
   250
100
AcDbVertex
100
AcDb2dVertex
 10
99.65506555555554
 20
111.5868566666667
 30
0.0
  0
SEQEND
  5
10F
330
10A
100
AcDbEntity
  8
DEFAULT
 62
   250
  0
POLYLINE
  5
110
330
1F
100
AcDbEntity
  8
DEFAULT
 62
   250
100
AcDb2dPolyline
 66
     1
 10
0.0
 20
0.0
 30
0.0
  0
VERTEX
  5
111
330
110
100
AcDbEntity
  8
DEFAULT
 62
   250
100
AcDbVertex
100
AcDb2dVertex
 10
83.66964611111109
 20
105.2536488888889
 30
0.0
  0
VERTEX
  5
112
330
110
100
AcDbEntity
  8
DEFAULT
 62
   250
100
AcDbVertex
100
AcDb2dVertex
 10
83.87390444444443
 20
106.34091
 30
0.0
  0
VERTEX
  5
113
330
110
100
AcDbEntity
  8
DEFAULT
 62
   250
100
AcDbVertex
100
AcDb2dVertex
 10
85.0363072222222
 20
104.9968266666667
 30
0.0
  0
VERTEX
  5
114
330
110
100
AcDbEntity
  8
DEFAULT
 62
   250
100
AcDbVertex
100
AcDb2dVertex
 10
85.24268222222221
 20
106.0960822222222
 30
0.0
  0
SEQEND
  5
115
330
110
100
AcDbEntity
  8
DEFAULT
 62
   250
  0
POLYLINE
  5
116
330
1F
100
AcDbEntity
  8
DEFAULT
 62
   250
100
AcDb2dPolyline
 66
     1
 10
0.0
 20
0.0
 30
0.0
  0
VERTEX
  5
117
330
116
100
AcDbEntity
  8
DEFAULT
 62
   250
100
AcDbVertex
100
AcDb2dVertex
 10
68.90314444444444
 20
103.6363744444444
 30
0.0
  0
VERTEX
  5
118
330
116
100
AcDbEntity
  8
DEFAULT
 62
   250
100
AcDbVertex
100
AcDb2dVertex
 10
69.29331666666666
 20
104.6717772222222
 30
0.0
  0
VERTEX
  5
119
330
116
100
AcDbEntity
  8
DEFAULT
 62
   250
100
AcDbVertex
100
AcDb2dVertex
 10
70.20454166666666
 20
103.1460133333333
 30
0.0
  0
VERTEX
  5
11A
330
116
100
AcDbEntity
  8
DEFAULT
 62
   250
100
AcDbVertex
100
AcDb2dVertex
 10
70.59894722222221
 20
104.1923522222222
 30
0.0
  0
SEQEND
  5
11B
330
116
100
AcDbEntity
  8
DEFAULT
 62
   250
  0
POLYLINE
  5
11C
330
1F
100
AcDbEntity
  8
DEFAULT
 62
   250
100
AcDb2dPolyline
 66
     1
 10
0.0
 20
0.0
 30
0.0
  0
VERTEX
  5
11D
330
11C
100
AcDbEntity
  8
DEFAULT
 62
   250
100
AcDbVertex
100
AcDb2dVertex
 10
52.9111986111111
 20
105.7093319444444
 30
0.0
  0
VERTEX
  5
11E
330
11C
100
AcDbEntity
  8
DEFAULT
 62
   250
100
AcDbVertex
100
AcDb2dVertex
 10
53.47564305555554
 20
106.6611263888889
 30
0.0
  0
VERTEX
  5
11F
330
11C
100
AcDbEntity
  8
DEFAULT
 62
   250
100
AcDbVertex
100
AcDb2dVertex
 10
54.10746805555554
 20
105.0002486111111
 30
0.0
  0
VERTEX
  5
120
330
11C
100
AcDbEntity
  8
DEFAULT
 62
   250
100
AcDbVertex
100
AcDb2dVertex
 10
54.67790972222222
 20
105.9622736111111
 30
0.0
  0
SEQEND
  5
121
330
11C
100
AcDbEntity
  8
DEFAULT
 62
   250
  0
POLYLINE
  5
122
330
1F
100
AcDbEntity
  8
DEFAULT
 62
   250
100
AcDb2dPolyline
 66
     1
 10
0.0
 20
0.0
 30
0.0
  0
VERTEX
  5
123
330
122
100
AcDbEntity
  8
DEFAULT
 62
   250
100
AcDbVertex
100
AcDb2dVertex
 10
37.6702461111111
 20
110.4698563888889
 30
0.0
  0
VERTEX
  5
124
330
122
100
AcDbEntity
  8
DEFAULT
 62
   250
100
AcDbVertex
100
AcDb2dVertex
 10
38.3909711111111
 20
111.3091147222222
 30
0.0
  0
VERTEX
  5
125
330
122
100
AcDbEntity
  8
DEFAULT
 62
   250
100
AcDbVertex
100
AcDb2dVertex
 10
38.72505166666667
 20
109.5639230555555
 30
0.0
  0
VERTEX
  5
126
330
122
100
AcDbEntity
  8
DEFAULT
 62
   250
100
AcDbVertex
100
AcDb2dVertex
 10
39.45389055555555
 20
110.4123536111111
 30
0.0
  0
SEQEND
  5
127
330
122
100
AcDbEntity
  8
DEFAULT
 62
   250
  0
POLYLINE
  5
128
330
1F
100
AcDbEntity
  8
DEFAULT
 62
   250
100
AcDb2dPolyline
 66
     1
 10
0.0
 20
0.0
 30
0.0
  0
VERTEX
  5
129
330
128
100
AcDbEntity
  8
DEFAULT
 62
   250
100
AcDbVertex
100
AcDb2dVertex
 10
23.13541361111111
 20
115.8346538888889
 30
0.0
  0
VERTEX
  5
12A
330
128
100
AcDbEntity
  8
DEFAULT
 62
   250
100
AcDbVertex
100
AcDb2dVertex
 10
23.99089972222222
 20
116.5363288888889
 30
0.0
  0
VERTEX
  5
12B
330
128
100
AcDbEntity
  8
DEFAULT
 62
   250
100
AcDbVertex
100
AcDb2dVertex
 10
24.01735805555555
 20
114.7593872222222
 30
0.0
  0
VERTEX
  5
12C
330
128
100
AcDbEntity
  8
DEFAULT
 62
   250
100
AcDbVertex
100
AcDb2dVertex
 10
24.88201638888888
 20
115.4688233333333
 30
0.0
  0
SEQEND
  5
12D
330
128
100
AcDbEntity
  8
DEFAULT
 62
   250
  0
POLYLINE
  5
12E
330
1F
100
AcDbEntity
  8
DEFAULT
 62
   250
100
AcDb2dPolyline
 66
     1
 10
0.0
 20
0.0
 30
0.0
  0
VERTEX
  5
12F
330
12E
100
AcDbEntity
  8
DEFAULT
 62
   250
100
AcDbVertex
100
AcDb2dVertex
 10
16.15930361111111
 20
116.2939705555556
 30
0.0
  0
VERTEX
  5
130
330
12E
100
AcDbEntity
  8
DEFAULT
 62
   250
100
AcDbVertex
100
AcDb2dVertex
 10
15.09285638888888
 20
118.1361761111111
 30
0.0
  0
VERTEX
  5
131
330
12E
100
AcDbEntity
  8
DEFAULT
 62
   250
100
AcDbVertex
100
AcDb2dVertex
 10
14.77606194444444
 20
117.9527316666667
 30
0.0
  0
SEQEND
  5
132
330
12E
100
AcDbEntity
  8
DEFAULT
 62
   250
  0
POLYLINE
  5
133
330
1F
100
AcDbEntity
  8
DEFAULT
 62
   250
100
AcDb2dPolyline
 66
     1
 10
0.0
 20
0.0
 30
0.0
  0
VERTEX
  5
134
330
133
100
AcDbEntity
  8
DEFAULT
 62
   250
100
AcDbVertex
100
AcDb2dVertex
 10
86.20689444444447
 20
114.6887963888889
 30
0.0
  0
VERTEX
  5
135
330
133
100
AcDbEntity
  8
DEFAULT
 62
   250
100
AcDbVertex
100
AcDb2dVertex
 10
85.14044722222224
 20
116.5310019444445
 30
0.0
  0
VERTEX
  5
136
330
133
100
AcDbEntity
  8
DEFAULT
 62
   250
100
AcDbVertex
100
AcDb2dVertex
 10
84.82365277777778
 20
116.3475575
 30
0.0
  0
SEQEND
  5
137
330
133
100
AcDbEntity
  8
DEFAULT
 62
   250
  0
SPLINE
  5
138
330
1F
100
AcDbEntity
  8
DEFAULT
 62
     1
100
AcDbSpline
210
0.0
220
0.0
230
1.0
 70
    11
 71
     3
 72
   380
 73
   376
 74
     0
 42
0.000000001
 43
0.0000000001
 40
1.0
 40
1.0
 40
1.0
 40
1.0
 40
2.0
 40
2.0
 40
2.0
 40
3.0
 40
3.0
 40
3.0
 40
4.0
 40
4.0
 40
4.0
 40
12.50760835958027
 40
12.50760835958027
 40
12.50760835958027
 40
13.50760835958027
 40
13.50760835958027
 40
13.50760835958027
 40
14.50760835958027
 40
14.50760835958027
 40
14.50760835958027
 40
15.50760835958027
 40
15.50760835958027
 40
15.50760835958027
 40
16.50760835958027
 40
16.50760835958027
 40
16.50760835958027
 40
17.50760835958027
 40
17.50760835958027
 40
17.50760835958027
 40
18.50760835958027
 40
18.50760835958027
 40
18.50760835958027
 40
19.50760835958027
 40
19.50760835958027
 40
19.50760835958027
 40
20.50760835958027
 40
20.50760835958027
 40
20.50760835958027
 40
21.50760835958027
 40
21.50760835958027
 40
21.50760835958027
 40
22.50760835958027
 40
22.50760835958027
 40
22.50760835958027
 40
31.01156038202252
 40
31.01156038202252
 40
31.01156038202252
 40
32.01156038202252
 40
32.01156038202252
 40
32.01156038202252
 40
33.01156038202252
 40
33.01156038202252
 40
33.01156038202252
 40
34.01156038202252
 40
34.01156038202252
 40
34.01156038202252
 40
35.01156038202252
 40
35.01156038202252
 40
35.01156038202252
 40
36.01156038202252
 40
36.01156038202252
 40
36.01156038202252
 40
37.01156038202252
 40
37.01156038202252
 40
37.01156038202252
 40
38.01156038202252
 40
38.01156038202252
 40
38.01156038202252
 40
39.01156038202252
 40
39.01156038202252
 40
39.01156038202252
 40
40.01156038202252
 40
40.01156038202252
 40
40.01156038202252
 40
41.01156038202252
 40
41.01156038202252
 40
41.01156038202252
 40
42.01156038202252
 40
42.01156038202252
 40
42.01156038202252
 40
43.01156038202252
 40
43.01156038202252
 40
43.01156038202252
 40
44.01156038202252
 40
44.01156038202252
 40
44.01156038202252
 40
45.01156038202252
 40
45.01156038202252
 40
45.01156038202252
 40
46.01156038202252
 40
46.01156038202252
 40
46.01156038202252
 40
54.51050737562116
 40
54.51050737562116
 40
54.51050737562116
 40
55.51050737562116
 40
55.51050737562116
 40
55.51050737562116
 40
56.51050737562116
 40
56.51050737562116
 40
56.51050737562116
 40
57.51050737562116
 40
57.51050737562116
 40
57.51050737562116
 40
58.51050737562116
 40
58.51050737562116
 40
58.51050737562116
 40
59.51050737562116
 40
59.51050737562116
 40
59.51050737562116
 40
60.51050737562116
 40
60.51050737562116
 40
60.51050737562116
 40
61.51050737562116
 40
61.51050737562116
 40
61.51050737562116
 40
70.01811573520143
 40
70.01811573520143
 40
70.01811573520143
 40
71.01811573520143
 40
71.01811573520143
 40
71.01811573520143
 40
72.01811573520143
 40
72.01811573520143
 40
72.01811573520143
 40
73.01811573520143
 40
73.01811573520143
 40
73.01811573520143
 40
74.01811573520143
 40
74.01811573520143
 40
74.01811573520143
 40
75.01811573520143
 40
75.01811573520143
 40
75.01811573520143
 40
76.01811573520143
 40
76.01811573520143
 40
76.01811573520143
 40
77.01811573520143
 40
77.01811573520143
 40
77.01811573520143
 40
85.52206775764371
 40
85.52206775764371
 40
85.52206775764371
 40
86.52206775764371
 40
86.52206775764371
 40
86.52206775764371
 40
87.52206775764371
 40
87.52206775764371
 40
87.52206775764371
 40
88.52206775764371
 40
88.52206775764371
 40
88.52206775764371
 40
89.52206775764371
 40
89.52206775764371
 40
89.52206775764371
 40
90.52206775764371
 40
90.52206775764371
 40
90.52206775764371
 40
91.52206775764371
 40
91.52206775764371
 40
91.52206775764371
 40
92.52206775764371
 40
92.52206775764371
 40
92.52206775764371
 40
101.0248320140488
 40
101.0248320140488
 40
101.0248320140488
 40
102.0248320140488
 40
102.0248320140488
 40
102.0248320140488
 40
103.0248320140488
 40
103.0248320140488
 40
103.0248320140488
 40
104.0248320140488
 40
104.0248320140488
 40
104.0248320140488
 40
105.0248320140488
 40
105.0248320140488
 40
105.0248320140488
 40
106.0248320140488
 40
106.0248320140488
 40
106.0248320140488
 40
107.0248320140488
 40
107.0248320140488
 40
107.0248320140488
 40
108.0248320140488
 40
108.0248320140488
 40
108.0248320140488
 40
116.5356075368787
 40
116.5356075368787
 40
116.5356075368787
 40
117.5356075368787
 40
117.5356075368787
 40
117.5356075368787
 40
118.5356075368787
 40
118.5356075368787
 40
118.5356075368787
 40
119.5356075368787
 40
119.5356075368787
 40
119.5356075368787
 40
120.5356075368787
 40
120.5356075368787
 40
120.5356075368787
 40
121.5356075368787
 40
121.5356075368787
 40
121.5356075368787
 40
122.5356075368787
 40
122.5356075368787
 40
122.5356075368787
 40
123.5356075368787
 40
123.5356075368787
 40
123.5356075368787
 40
132.0399711227092
 40
132.0399711227092
 40
132.0399711227092
 40
133.0399711227092
 40
133.0399711227092
 40
133.0399711227092
 40
134.0399711227092
 40
134.0399711227092
 40
134.0399711227092
 40
135.0399711227092
 40
135.0399711227092
 40
135.0399711227092
 40
136.0399711227092
 40
136.0399711227092
 40
136.0399711227092
 40
137.0399711227092
 40
137.0399711227092
 40
137.0399711227092
 40
138.0399711227092
 40
138.0399711227092
 40
138.0399711227092
 40
139.0399711227092
 40
139.0399711227092
 40
139.0399711227092
 40
147.5505586464939
 40
147.5505586464939
 40
147.5505586464939
 40
148.5505586464939
 40
148.5505586464939
 40
148.5505586464939
 40
149.5505586464939
 40
149.5505586464939
 40
149.5505586464939
 40
150.5505586464939
 40
150.5505586464939
 40
150.5505586464939
 40
151.5505586464939
 40
151.5505586464939
 40
151.5505586464939
 40
152.5505586464939
 40
152.5505586464939
 40
152.5505586464939
 40
153.5505586464939
 40
153.5505586464939
 40
153.5505586464939
 40
154.5505586464939
 40
154.5505586464939
 40
154.5505586464939
 40
163.056703484198
 40
163.056703484198
 40
163.056703484198
 40
164.056703484198
 40
164.056703484198
 40
164.056703484198
 40
165.056703484198
 40
165.056703484198
 40
165.056703484198
 40
166.056703484198
 40
166.056703484198
 40
166.056703484198
 40
167.056703484198
 40
167.056703484198
 40
167.056703484198
 40
168.056703484198
 40
168.056703484198
 40
168.056703484198
 40
169.056703484198
 40
169.056703484198
 40
169.056703484198
 40
170.056703484198
 40
170.056703484198
 40
170.056703484198
 40
178.563265657015
 40
178.563265657015
 40
178.563265657015
 40
179.563265657015
 40
179.563265657015
 40
179.563265657015
 40
180.563265657015
 40
180.563265657015
 40
180.563265657015
 40
181.563265657015
 40
181.563265657015
 40
181.563265657015
 40
182.563265657015
 40
182.563265657015
 40
182.563265657015
 40
183.563265657015
 40
183.563265657015
 40
183.563265657015
 40
184.563265657015
 40
184.563265657015
 40
184.563265657015
 40
185.563265657015
 40
185.563265657015
 40
185.563265657015
 40
194.0731422718667
 40
194.0731422718667
 40
194.0731422718667
 40
195.0731422718667
 40
195.0731422718667
 40
195.0731422718667
 40
196.0731422718667
 40
196.0731422718667
 40
196.0731422718667
 40
197.0731422718667
 40
197.0731422718667
 40
197.0731422718667
 40
198.0731422718667
 40
198.0731422718667
 40
198.0731422718667
 40
199.0731422718667
 40
199.0731422718667
 40
199.0731422718667
 40
200.0731422718667
 40
200.0731422718667
 40
200.0731422718667
 40
201.0731422718667
 40
201.0731422718667
 40
201.0731422718667
 40
209.5757359937848
 40
209.5757359937848
 40
209.5757359937848
 40
210.5757359937848
 40
210.5757359937848
 40
210.5757359937848
 40
211.5757359937848
 40
211.5757359937848
 40
211.5757359937848
 40
212.5757359937848
 40
212.5757359937848
 40
212.5757359937848
 40
213.5757359937848
 40
213.5757359937848
 40
213.5757359937848
 40
214.5757359937848
 40
214.5757359937848
 40
214.5757359937848
 40
215.5757359937848
 40
215.5757359937848
 40
215.5757359937848
 40
216.5757359937848
 40
216.5757359937848
 40
216.5757359937848
 40
225.0737945956067
 40
225.0737945956067
 40
225.0737945956067
 40
226.0737945956067
 40
226.0737945956067
 40
226.0737945956067
 40
227.0737945956067
 40
227.0737945956067
 40
227.0737945956067
 40
228.0737945956067
 40
228.0737945956067
 40
228.0737945956067
 40
229.0737945956067
 40
229.0737945956067
 40
229.0737945956067
 40
230.0737945956067
 40
230.0737945956067
 40
230.0737945956067
 40
231.0737945956067
 40
231.0737945956067
 40
231.0737945956067
 40
231.0737945956067
 10
9.310158333333332
 20
124.7758419444444
 30
0.0
 10
9.35954722222222
 20
124.8005363888889
 30
0.0
 10
9.789936111111109
 20
124.1478975
 30
0.0
 10
10.27324166666667
 20
123.3082863888889
 30
0.0
 10
10.75654722222222
 20
122.4722030555555
 30
0.0
 10
10.97526944444444
 20
121.8936475
 30
0.0
 10
11.06346388888889
 20
121.7454808333333
 30
0.0
 10
11.50090833333333
 20
120.9870086111111
 30
0.0
 10
12.81324166666666
 20
118.7151197222222
 30
0.0
 10
12.81324166666666
 20
118.7151197222222
 30
0.0
 10
13.67989907407407
 20
119.2148882407407
 30
0.0
 10
14.54655648148148
 20
119.7146567592592
 30
0.0
 10
15.41321388888889
 20
120.2144252777777
 30
0.0
 10
15.41321388888889
 20
120.2144252777777
 30
0.0
 10
14.09735277777778
 20
122.4863141666666
 30
0.0
 10
13.65990833333333
 20
123.2447863888889
 30
0.0
 10
13.57171388888889
 20
123.3964808333333
 30
0.0
 10
13.18365833333333
 20
123.8727308333333
 30
0.0
 10
12.696825
 20
124.7088141666666
 30
0.0
 10
12.21351944444444
 20
125.5484252777778
 30
0.0
 10
11.86074166666666
 20
126.2469252777778
 30
0.0
 10
11.91013055555555
 20
126.2751475
 30
0.0
 10
13.97740833333333
 20
127.4710641666666
 30
0.0
 10
16.19990833333333
 20
131.1999252777777
 30
0.0
 10
18.69051944444444
 20
127.6545086111111
 30
0.0
 10
21.18113055555555
 20
124.1090919444444
 30
0.0
 10
30.20518611111111
 20
118.2494530555555
 30
0.0
 10
63.23929722222221
 20
114.5100086111111
 30
0.0
 10
69.13421388888888
 20
113.8432586111111
 30
0.0
 10
80.46190833333333
 20
115.2649530555555
 30
0.0
 10
78.26057499999999
 20
119.0714252777777
 30
0.0
 10
77.4315472222222
 20
120.5072308333333
 30
0.0
 10
77.92190833333332
 20
122.3416752777778
 30
0.0
 10
79.35771388888888
 20
123.1707030555555
 30
0.0
 10
79.40357499999999
 20
123.1989252777777
 30
0.0
 10
79.83396388888887
 20
122.5427586111111
 30
0.0
 10
80.31726944444443
 20
121.7066752777778
 30
0.0
 10
80.80410277777777
 20
120.8705919444444
 30
0.0
 10
81.01929722222222
 20
120.2920363888889
 30
0.0
 10
81.10749166666666
 20
120.1403419444444
 30
0.0
 10
81.5449361111111
 20
119.3853975
 30
0.0
 10
82.86079722222222
 20
117.1099808333333
 30
0.0
 10
82.86079722222222
 20
117.1099808333333
 30
0.0
 10
83.7262787037037
 20
117.6109252777778
 30
0.0
 10
84.59176018518517
 20
118.1118697222222
 30
0.0
 10
85.45724166666665
 20
118.6128141666666
 30
0.0
 10
85.45724166666665
 20
118.6128141666666
 30
0.0
 10
84.14138055555554
 20
120.8847030555555
 30
0.0
 10
83.7039361111111
 20
121.6431752777778
 30
0.0
 10
83.61926944444443
 20
121.7948697222222
 30
0.0
 10
83.2276861111111
 20
122.2711197222222
 30
0.0
 10
82.74438055555554
 20
123.1072030555555
 30
0.0
 10
82.25754722222221
 20
123.9468141666666
 30
0.0
 10
81.90476944444444
 20
124.6453141666667
 30
0.0
 10
81.95415833333333
 20
124.6735363888889
 30
0.0
 10
83.38996388888889
 20
125.5025641666666
 30
0.0
 10
85.22088055555555
 20
125.0122030555555
 30
0.0
 10
86.0534361111111
 20
123.5763975
 30
0.0
 10
89.3236861111111
 20
117.9178419444444
 30
0.0
 10
104.3449638888889
 20
123.2342030555555
 30
0.0
 10
108.677075
 20
138.9610363888889
 30
0.0
 10
111.1288805555556
 20
147.8757308333333
 30
0.0
 10
98.82751944444445
 20
150.0100363888889
 30
0.0
 10
88.90035277777777
 20
151.9573697222222
 30
0.0
 10
84.80813055555554
 20
152.7581752777778
 30
0.0
 10
81.65782499999999
 20
154.8007586111111
 30
0.0
 10
79.3541861111111
 20
156.7904252777778
 30
0.0
 10
77.05054722222222
 20
158.7836197222222
 30
0.0
 10
81.19215833333332
 20
164.3539808333333
 30
0.0
 10
82.37396388888888
 20
162.2373141666666
 30
0.0
 10
83.55576944444444
 20
160.1206475
 30
0.0
 10
83.78860277777777
 20
159.7396475
 30
0.0
 10
85.77826944444443
 20
160.8897030555555
 30
0.0
 10
87.60565833333332
 20
161.9480363888889
 30
0.0
 10
86.88246388888888
 20
161.5317586111111
 30
0.0
 10
88.37471388888888
 20
162.3925363888889
 30
0.0
 10
89.65882499999998
 20
163.1368975
 30
0.0
 10
87.10471388888888
 20
165.6451475
 30
0.0
 10
90.53018611111109
 20
167.6983141666666
 30
0.0
 10
93.95213055555556
 20
169.7550086111111
 30
0.0
 10
100.0199083333333
 20
169.4375086111111
 30
0.0
 10
101.4451305555556
 20
166.9786475
 30
0.0
 10
101.4733527777778
 20
166.9327863888889
 30
0.0
 10
100.8207138888889
 20
166.5023975
 30
0.0
 10
99.98110277777776
 20
166.0155641666666
 30
0.0
 10
99.14501944444443
 20
165.5322586111111
 30
0.0
 10
98.56646388888889
 20
165.3170641666667
 30
0.0
 10
98.41829722222221
 20
165.2288697222222
 30
0.0
 10
97.659825
 20
164.7914252777778
 30
0.0
 10
95.3879361111111
 20
163.4755641666666
 30
0.0
 10
95.3879361111111
 20
163.4755641666666
 30
0.0
 10
95.88770462962962
 20
162.6100826851852
 30
0.0
 10
96.38747314814815
 20
161.7446012037037
 30
0.0
 10
96.88724166666667
 20
160.8791197222222
 30
0.0
 10
96.88724166666667
 20
160.8791197222222
 30
0.0
 10
99.15913055555555
 20
162.1914530555555
 30
0.0
 10
99.91760277777777
 20
162.6324252777777
 30
0.0
 10
100.0692972222222
 20
162.7170919444444
 30
0.0
 10
100.5455472222222
 20
163.1086752777777
 30
0.0
 10
101.3816305555556
 20
163.5919808333333
 30
0.0
 10
102.2212416666667
 20
164.0788141666666
 30
0.0
 10
102.9197416666667
 20
164.4315919444444
 30
0.0
 10
102.9479638888889
 20
164.3822030555555
 30
0.0
 10
103.7628805555556
 20
162.9358141666667
 30
0.0
 10
109.7989083333333
 20
163.8988975
 30
0.0
 10
111.3017416666667
 20
161.3024530555555
 30
0.0
 10
111.3264361111111
 20
161.2530641666666
 30
0.0
 10
110.6737972222222
 20
160.8226752777778
 30
0.0
 10
109.8341861111111
 20
160.3393697222222
 30
0.0
 10
108.9981027777778
 20
159.8560641666666
 30
0.0
 10
108.4195472222222
 20
159.6373419444444
 30
0.0
 10
108.2713805555556
 20
159.5491475
 30
0.0
 10
107.5129083333333
 20
159.1117030555555
 30
0.0
 10
105.2410194444444
 20
157.7993697222222
 30
0.0
 10
105.2410194444444
 20
157.7993697222222
 30
0.0
 10
105.740787962963
 20
156.9327123148148
 30
0.0
 10
106.2405564814815
 20
156.0660549074074
 30
0.0
 10
106.740325
 20
155.1993975
 30
0.0
 10
106.740325
 20
155.1993975
 30
0.0
 10
109.0122138888889
 20
156.5152586111111
 30
0.0
 10
109.7706861111111
 20
156.9527030555555
 30
0.0
 10
109.9223805555555
 20
157.0408975
 30
0.0
 10
110.3986305555556
 20
157.4324808333333
 30
0.0
 10
111.2347138888889
 20
157.9157863888889
 30
0.0
 10
112.074325
 20
158.3990919444444
 30
0.0
 10
112.772825
 20
158.7518697222222
 30
0.0
 10
112.8010472222222
 20
158.7024808333333
 30
0.0
 10
113.6159638888889
 20
157.2596197222222
 30
0.0
 10
119.6414083333333
 20
158.2121197222222
 30
0.0
 10
121.1407138888889
 20
155.6156752777778
 30
0.0
 10
121.1689361111111
 20
155.5698141666666
 30
0.0
 10
120.5127694444444
 20
155.1394252777777
 30
0.0
 10
119.6766861111111
 20
154.6525919444444
 30
0.0
 10
118.8406027777778
 20
154.1692863888888
 30
0.0
 10
118.2620472222222
 20
153.9505641666667
 30
0.0
 10
118.1103527777778
 20
153.8658975
 30
0.0
 10
117.3554083333333
 20
153.4249252777778
 30
0.0
 10
115.0799916666667
 20
152.1125919444444
 30
0.0
 10
115.0799916666667
 20
152.1125919444444
 30
0.0
 10
115.5809361111111
 20
151.247110462963
 30
0.0
 10
116.0818805555555
 20
150.3816289814814
 30
0.0
 10
116.582825
 20
149.5161475
 30
0.0
 10
116.582825
 20
149.5161475
 30
0.0
 10
118.8547138888889
 20
150.8284808333333
 30
0.0
 10
119.6131861111111
 20
151.2659252777778
 30
0.0
 10
119.7648805555556
 20
151.3541197222222
 30
0.0
 10
120.2411305555555
 20
151.7457030555555
 30
0.0
 10
121.0772138888889
 20
152.2290086111111
 30
0.0
 10
121.916825
 20
152.7123141666666
 30
0.0
 10
122.615325
 20
153.0650919444444
 30
0.0
 10
122.6435472222222
 20
153.0192308333333
 30
0.0
 10
123.4549361111111
 20
151.5728419444444
 30
0.0
 10
124.4674083333333
 20
148.7400363888889
 30
0.0
 10
125.9384916666667
 20
146.1259530555555
 30
0.0
 10
125.9667138888889
 20
146.0765641666667
 30
0.0
 10
125.3070194444444
 20
145.6567586111111
 30
0.0
 10
124.4638805555556
 20
145.1805086111111
 30
0.0
 10
123.6207416666666
 20
144.7077863888889
 30
0.0
 10
123.0421861111111
 20
144.4961197222222
 30
0.0
 10
122.8869638888889
 20
144.4114530555555
 30
0.0
 10
122.1249638888889
 20
143.9810641666666
 30
0.0
 10
119.8389638888889
 20
142.6934252777778
 30
0.0
 10
119.8389638888889
 20
142.6934252777778
 30
0.0
 10
120.329325
 20
141.8220641666667
 30
0.0
 10
120.8196861111111
 20
140.9507030555556
 30
0.0
 10
121.3100472222222
 20
140.0793419444444
 30
0.0
 10
121.3100472222222
 20
140.0793419444444
 30
0.0
 10
123.5960472222222
 20
141.3669808333333
 30
0.0
 10
124.3580472222222
 20
141.7938419444444
 30
0.0
 10
124.5132694444444
 20
141.8820363888889
 30
0.0
 10
124.9930472222222
 20
142.2665641666666
 30
0.0
 10
125.8361861111111
 20
142.7392863888889
 30
0.0
 10
126.679325
 20
143.2155363888889
 30
0.0
 10
127.3813527777778
 20
143.5577308333333
 30
0.0
 10
127.409575
 20
143.5118697222222
 30
0.0
 10
128.8806583333333
 20
140.8977863888889
 30
0.0
 10
124.234575
 20
136.7279530555555
 30
0.0
 10
125.2294083333333
 20
133.8951475
 30
0.0
 10
125.2470472222222
 20
133.8422308333333
 30
0.0
 10
124.5238527777778
 20
133.5423697222222
 30
0.0
 10
123.6101583333333
 20
133.2213419444444
 30
0.0
 10
122.6964638888889
 20
132.9003141666666
 30
0.0
 10
122.0896861111111
 20
132.7944808333333
 30
0.0
 10
121.9274083333333
 20
132.7345086111111
 30
0.0
 10
121.1019083333333
 20
132.4452308333333
 30
0.0
 10
118.6218805555556
 20
131.5773975
 30
0.0
 10
118.6218805555556
 20
131.5773975
 30
0.0
 10
118.9534916666667
 20
130.6331289814815
 30
0.0
 10
119.2851027777778
 20
129.6888604629629
 30
0.0
 10
119.6167138888889
 20
128.7445919444444
 30
0.0
 10
119.6167138888889
 20
128.7445919444444
 30
0.0
 10
122.0932138888889
 20
129.6159530555555
 30
0.0
 10
122.9187138888889
 20
129.9052308333333
 30
0.0
 10
123.0845194444444
 20
129.9616752777777
 30
0.0
 10
123.6242694444445
 20
130.2580086111111
 30
0.0
 10
124.5379638888889
 20
130.5790363888889
 30
0.0
 10
125.4516583333333
 20
130.9000641666667
 30
0.0
 10
126.203075
 20
131.1187863888889
 30
0.0
 10
126.2207138888889
 20
131.0658697222222
 30
0.0
 10
128.2103805555556
 20
125.4037863888889
 30
0.0
 10
118.1456305555555
 20
124.8499252777778
 30
0.0
 10
118.6324638888889
 20
121.8901197222222
 30
0.0
 10
118.6324638888889
 20
121.8301475
 30
0.0
 10
117.8704638888889
 20
121.6643419444444
 30
0.0
 10
116.9214916666667
 20
121.5055919444444
 30
0.0
 10
115.9689916666667
 20
121.3503697222222
 30
0.0
 10
115.3516305555555
 20
121.3503697222222
 30
0.0
 10
115.1787694444445
 20
121.3186197222222
 30
0.0
 10
114.3179916666667
 20
121.1775086111111
 30
0.0
 10
111.725075
 20
120.7506475
 30
0.0
 10
111.725075
 20
120.7506475
 30
0.0
 10
111.8885287037037
 20
119.7640456481481
 30
0.0
 10
112.0519824074074
 20
118.7774437962963
 30
0.0
 10
112.2154361111111
 20
117.7908419444444
 30
0.0
 10
112.2154361111111
 20
117.7908419444444
 30
0.0
 10
114.804825
 20
118.2177030555555
 30
0.0
 10
115.6691305555556
 20
118.3588141666666
 30
0.0
 10
115.8384638888889
 20
118.3870363888889
 30
0.0
 10
116.424075
 20
118.5845919444444
 30
0.0
 10
117.376575
 20
118.7433419444444
 30
0.0
 10
118.3326027777778
 20
118.9020919444444
 30
0.0
 10
119.1122416666667
 20
118.9832308333333
 30
0.0
 10
119.1192972222222
 20
118.9303141666666
 30
0.0
 10
120.0964916666667
 20
113.0107030555555
 30
0.0
 10
108.708825
 20
115.4272308333333
 30
0.0
 10
108.677075
 20
112.4250919444444
 30
0.0
 10
108.677075
 20
112.3721752777778
 30
0.0
 10
107.8939083333333
 20
112.3333697222222
 30
0.0
 10
106.9272972222222
 20
112.3474808333333
 30
0.0
 10
105.9571583333333
 20
112.3580641666667
 30
0.0
 10
105.3503805555556
 20
112.4638975
 30
0.0
 10
105.1775194444444
 20
112.4638975
 30
0.0
 10
104.3026305555556
 20
112.4744808333333
 30
0.0
 10
101.6779638888889
 20
112.5062308333333
 30
0.0
 10
101.6779638888889
 20
112.5062308333333
 30
0.0
 10
101.6662046296296
 20
111.5055178703703
 30
0.0
 10
101.6544453703704
 20
110.5048049074074
 30
0.0
 10
101.6426861111111
 20
109.5040919444444
 30
0.0
 10
101.6426861111111
 20
109.5040919444444
 30
0.0
 10
104.2673527777778
 20
109.4758697222222
 30
0.0
 10
105.1422416666666
 20
109.4652863888889
 30
0.0
 10
105.3186305555555
 20
109.4652863888889
 30
0.0
 10
105.9289361111111
 20
109.5570086111111
 30
0.0
 10
106.8955472222222
 20
109.5464252777778
 30
0.0
 10
107.8586305555556
 20
109.5358419444444
 30
0.0
 10
108.6417972222222
 20
109.4829252777778
 30
0.0
 10
108.6417972222222
 20
109.4264808333333
 30
0.0
 10
108.5782972222222
 20
103.6162308333333
 30
0.0
 10
94.78821388888889
 20
108.0965086111111
 30
0.0
 10
94.27315833333333
 20
105.3554252777778
 30
0.0
 10
94.262575
 20
105.3025086111111
 30
0.0
 10
93.48646388888889
 20
105.4012863888889
 30
0.0
 10
92.53749166666665
 20
105.5812030555555
 30
0.0
 10
91.58499166666665
 20
105.7611197222222
 30
0.0
 10
91.0064361111111
 20
105.9692586111111
 30
0.0
 10
90.833575
 20
106.0045363888889
 30
0.0
 10
89.97632499999999
 20
106.1632863888889
 30
0.0
 10
87.39399166666665
 20
106.6501197222222
 30
0.0
 10
87.39399166666665
 20
106.6501197222222
 30
0.0
 10
87.20937129629628
 20
105.6670456481481
 30
0.0
 10
87.0247509259259
 20
104.6839715740741
 30
0.0
 10
86.84013055555555
 20
103.7008975
 30
0.0
 10
86.84013055555555
 20
103.7008975
 30
0.0
 10
89.42246388888888
 20
103.2175919444444
 30
0.0
 10
90.27971388888888
 20
103.0553141666666
 30
0.0
 10
90.452575
 20
103.0235641666667
 30
0.0
 10
91.0699361111111
 20
103.0094530555555
 30
0.0
 10
92.01890833333333
 20
102.8295363888889
 30
0.0
 10
92.96435277777778
 20
102.6496197222222
 30
0.0
 10
93.71929722222221
 20
102.4661752777778
 30
0.0
 10
93.71929722222221
 20
102.4097308333333
 30
0.0
 10
92.611575
 20
96.51128638888886
 30
0.0
 10
79.89040833333333
 20
103.4680641666667
 30
0.0
 10
79.36476944444443
 20
101.8946752777778
 30
0.0
 10
79.34360277777778
 20
101.8452863888889
 30
0.0
 10
78.59571388888888
 20
102.0781197222222
 30
0.0
 10
77.68907499999999
 20
102.4203141666666
 30
0.0
 10
76.78596388888889
 20
102.7589808333333
 30
0.0
 10
76.24974166666665
 20
103.0658975
 30
0.0
 10
76.08746388888888
 20
103.1293975
 30
0.0
 10
75.26901944444444
 20
103.4363141666666
 30
0.0
 10
72.8136861111111
 20
104.3641197222222
 30
0.0
 10
72.8136861111111
 20
104.3641197222222
 30
0.0
 10
72.46090833333331
 20
103.4280826851852
 30
0.0
 10
72.10813055555553
 20
102.4920456481481
 30
0.0
 10
71.75535277777776
 20
101.5560086111111
 30
0.0
 10
71.75535277777776
 20
101.5560086111111
 30
0.0
 10
74.2106861111111
 20
100.6317308333333
 30
0.0
 10
75.02913055555554
 20
100.3212863888889
 30
0.0
 10
75.1949361111111
 20
100.2613141666667
 30
0.0
 10
75.79818611111111
 20
100.1378419444444
 30
0.0
 10
76.70482499999999
 20
99.79917527777775
 30
0.0
 10
77.6079361111111
 20
99.45698083333332
 30
0.0
 10
78.324075
 20
99.13948083333331
 30
0.0
 10
78.30643611111111
 20
99.08656416666665
 30
0.0
 10
76.18976944444444
 20
93.4738697222222
 30
0.0
 10
63.95190833333332
 20
103.9337308333333
 30
0.0
 10
62.91121388888888
 20
102.1768975
 30
0.0
 10
62.88299166666666
 20
102.1310363888889
 30
0.0
 10
62.18801944444443
 20
102.4908697222222
 30
0.0
 10
61.35546388888888
 20
102.9847586111111
 30
0.0
 10
60.52290833333332
 20
103.4751197222222
 30
0.0
 10
60.05018611111111
 20
103.8737586111111
 30
0.0
 10
59.89849166666666
 20
103.9619530555555
 30
0.0
 10
59.14707499999999
 20
104.4064530555555
 30
0.0
 10
56.88929722222222
 20
105.7470086111111
 30
0.0
 10
56.88929722222222
 20
105.7470086111111
 30
0.0
 10
56.37894537037036
 20
104.8862308333333
 30
0.0
 10
55.86859351851851
 20
104.0254530555555
 30
0.0
 10
55.35824166666666
 20
103.1646752777778
 30
0.0
 10
55.35824166666666
 20
103.1646752777778
 30
0.0
 10
57.61954722222222
 20
101.8276475
 30
0.0
 10
58.37096388888888
 20
101.3796197222222
 30
0.0
 10
58.52265833333333
 20
101.2914252777778
 30
0.0
 10
59.09415833333333
 20
101.0691752777778
 30
0.0
 10
59.92671388888888
 20
100.5752863888889
 30
0.0
 10
60.75926944444443
 20
100.0813975
 30
0.0
 10
61.41190833333332
 20
99.64395305555553
 30
0.0
 10
61.38368611111111
 20
99.59809194444442
 30
0.0
 10
58.32510277777777
 20
94.43342527777776
 30
0.0
 10
48.00282499999999
 20
106.5372308333333
 30
0.0
 10
46.90215833333333
 20
105.2566475
 30
0.0
 10
46.86688055555555
 20
105.2143141666667
 30
0.0
 10
46.24599166666667
 20
105.6905641666666
 30
0.0
 10
45.51221388888888
 20
106.3220363888889
 30
0.0
 10
44.77843611111111
 20
106.9499808333333
 30
0.0
 10
44.37979722222222
 20
107.4227030555555
 30
0.0
 10
44.24926944444444
 20
107.5355919444444
 30
0.0
 10
43.58251944444444
 20
108.1070919444444
 30
0.0
 10
41.59285277777778
 20
109.8145363888889
 30
0.0
 10
41.59285277777778
 20
109.8145363888889
 30
0.0
 10
40.94138981481481
 20
109.0560641666667
 30
0.0
 10
40.28992685185185
 20
108.2975919444444
 30
0.0
 10
39.63846388888888
 20
107.5391197222222
 30
0.0
 10
39.63846388888888
 20
107.5391197222222
 30
0.0
 10
41.63165833333333
 20
105.8281475
 30
0.0
 10
42.29488055555555
 20
105.2601752777778
 30
0.0
 10
42.42540833333333
 20
105.1472863888889
 30
0.0
 10
42.95457499999999
 20
104.8262586111111
 30
0.0
 10
43.68835277777778
 20
104.1947863888889
 30
0.0
 10
44.42213055555555
 20
103.5668419444444
 30
0.0
 10
44.98657499999999
 20
103.0235641666667
 30
0.0
 10
44.95129722222222
 20
102.9812308333333
 30
0.0
 10
41.04251944444444
 20
98.42686972222221
 30
0.0
 10
32.90746388888889
 20
110.3966197222222
 30
0.0
 10
31.32701944444444
 20
109.0983975
 30
0.0
 10
31.28468611111111
 20
109.0631197222222
 30
0.0
 10
30.75199166666666
 20
109.6416752777778
 30
0.0
 10
30.13815833333333
 20
110.3895641666667
 30
0.0
 10
29.524325
 20
111.1374530555556
 30
0.0
 10
29.21740833333333
 20
111.6701475
 30
0.0
 10
29.10804722222222
 20
111.8042030555555
 30
0.0
 10
28.55065833333333
 20
112.4815363888889
 30
0.0
 10
26.88554722222222
 20
114.5100086111111
 30
0.0
 10
26.88554722222222
 20
114.5100086111111
 30
0.0
 10
26.11296388888888
 20
113.876184537037
 30
0.0
 10
25.34038055555556
 20
113.2423604629629
 30
0.0
 10
24.56779722222222
 20
112.6085363888889
 30
0.0
 10
24.56779722222222
 20
112.6085363888889
 30
0.0
 10
26.23290833333333
 20
110.5800641666666
 30
0.0
 10
26.78676944444444
 20
109.9027308333333
 30
0.0
 10
26.89965833333333
 20
109.7686752777777
 30
0.0
 10
27.36179722222222
 20
109.3594530555555
 30
0.0
 10
27.97563055555555
 20
108.6115641666667
 30
0.0
 10
28.58946388888889
 20
107.8636752777778
 30
0.0
 10
29.048075
 20
107.2322030555555
 30
0.0
 10
29.00574166666667
 20
107.1969252777778
 30
0.0
 10
27.714575
 20
106.1597586111111
 30
0.0
 10
25.82721388888888
 20
106.3678975
 30
0.0
 10
24.79004722222222
 20
107.6590641666667
 30
0.0
 10
20.35210277777778
 20
113.0742030555555
 30
0.0
 10
14.76763055555555
 20
108.4316475
 30
0.0
 10
9.285463888888888
 20
116.9794530555555
 30
0.0
 10
7.468658333333332
 20
119.8122586111111
 30
0.0
 10
5.433130555555555
 20
122.5321752777778
 30
0.0
 10
9.310158333333332
 20
124.7758419444444
 30
0.0
  0
SPLINE
  5
139
330
1F
100
AcDbEntity
  8
DEFAULT
 62
   250
100
AcDbSpline
210
0.0
220
0.0
230
1.0
 70
    11
 71
     3
 72
    17
 73
    13
 74
     0
 42
0.000000001
 43
0.0000000001
 40
0.0
 40
0.0
 40
0.0
 40
0.0
 40
1.0
 40
1.0
 40
1.0
 40
2.0
 40
2.0
 40
2.0
 40
3.0
 40
3.0
 40
3.0
 40
4.0
 40
4.0
 40
4.0
 40
4.0
 10
146.2499544444444
 20
166.0351433333333
 30
0.0
 10
145.0071183333333
 20
166.0351433333333
 30
0.0
 10
143.999585
 20
167.0426766666666
 30
0.0
 10
143.999585
 20
168.2855127777778
 30
0.0
 10
143.999585
 20
169.5283488888889
 30
0.0
 10
145.0071183333333
 20
170.5358822222222
 30
0.0
 10
146.2499544444444
 20
170.5358822222222
 30
0.0
 10
147.4927905555556
 20
170.5358822222222
 30
0.0
 10
148.5003238888889
 20
169.5283488888889
 30
0.0
 10
148.5003238888889
 20
168.2855127777778
 30
0.0
 10
148.5003238888889
 20
167.0426766666666
 30
0.0
 10
147.4927905555556
 20
166.0351433333333
 30
0.0
 10
146.2499544444444
 20
166.0351433333333
 30
0.0
  0
SPLINE
  5
13A
330
1F
100
AcDbEntity
  8
DEFAULT
 62
   250
100
AcDbSpline
210
0.0
220
0.0
230
1.0
 70
    11
 71
     3
 72
    17
 73
    13
 74
     0
 42
0.000000001
 43
0.0000000001
 40
0.0
 40
0.0
 40
0.0
 40
0.0
 40
1.0
 40
1.0
 40
1.0
 40
2.0
 40
2.0
 40
2.0
 40
3.0
 40
3.0
 40
3.0
 40
4.0
 40
4.0
 40
4.0
 40
4.0
 10
153.75001
 20
266.0353666666666
 30
0.0
 10
152.5071738888889
 20
266.0353666666666
 30
0.0
 10
151.4996405555555
 20
267.0429
 30
0.0
 10
151.4996405555555
 20
268.2857361111111
 30
0.0
 10
151.4996405555555
 20
269.5285722222222
 30
0.0
 10
152.5071738888889
 20
270.5361055555555
 30
0.0
 10
153.75001
 20
270.5361055555555
 30
0.0
 10
154.9928461111111
 20
270.5361055555555
 30
0.0
 10
156.0003794444444
 20
269.5285722222222
 30
0.0
 10
156.0003794444444
 20
268.2857361111111
 30
0.0
 10
156.0003794444444
 20
267.0429
 30
0.0
 10
154.9928461111111
 20
266.0353666666666
 30
0.0
 10
153.75001
 20
266.0353666666666
 30
0.0
  0
SPLINE
  5
13B
330
1F
100
AcDbEntity
  8
DEFAULT
 62
     1
100
AcDbSpline
210
0.0
220
0.0
230
1.0
 70
     8
 71
     3
 72
    23
 73
    19
 74
     0
 42
0.000000001
 43
0.0000000001
 40
0.0
 40
0.0
 40
0.0
 40
0.0
 40
1.0
 40
1.0
 40
1.0
 40
2.0
 40
2.0
 40
2.0
 40
3.0
 40
3.0
 40
3.0
 40
4.0
 40
4.0
 40
4.0
 40
5.0
 40
5.0
 40
5.0
 40
6.0
 40
6.0
 40
6.0
 40
6.0
 10
151.2505794444444
 20
168.2838547222222
 30
0.0
 10
151.2505794444444
 20
165.5216047222222
 30
0.0
 10
149.0139683333333
 20
163.2849936111111
 30
0.0
 10
146.2517183333333
 20
163.2849936111111
 30
0.0
 10
143.4894683333333
 20
163.2849936111111
 30
0.0
 10
141.2493294444444
 20
165.5216047222222
 30
0.0
 10
141.2493294444444
 20
168.2838547222222
 30
0.0
 10
141.2493294444444
 20
184.9490769444444
 30
0.0
 10
142.5016905555555
 20
201.6178269444444
 30
0.0
 10
142.5016905555555
 20
218.2830491666666
 30
0.0
 10
142.5016905555555
 20
234.9517991666666
 30
0.0
 10
143.7505238888889
 20
251.6170213888889
 30
0.0
 10
143.7505238888889
 20
268.2857713888889
 30
0.0
 10
143.7505238888889
 20
269.6651325
 30
0.0
 10
144.8688294444445
 20
270.7834380555556
 30
0.0
 10
146.2517183333333
 20
270.7834380555556
 30
0.0
 10
147.6310794444445
 20
270.7834380555556
 30
0.0
 10
148.749385
 20
269.6651325
 30
0.0
 10
148.749385
 20
268.2857713888889
 30
0.0
  0
SPLINE
  5
13C
330
1F
100
AcDbEntity
  8
DEFAULT
 62
     1
100
AcDbSpline
210
0.0
220
0.0
230
1.0
 70
    11
 71
     3
 72
    29
 73
    25
 74
     0
 42
0.000000001
 43
0.0000000001
 40
0.0
 40
0.0
 40
0.0
 40
0.0
 40
1.0
 40
1.0
 40
1.0
 40
2.0
 40
2.0
 40
2.0
 40
3.0
 40
3.0
 40
3.0
 40
4.0
 40
4.0
 40
4.0
 40
5.0
 40
5.0
 40
5.0
 40
6.0
 40
6.0
 40
6.0
 40
7.0
 40
7.0
 40
7.0
 40
8.0
 40
8.0
 40
8.0
 40
8.0
 10
153.7481755555555
 20
165.7861527777778
 30
0.0
 10
152.3688144444444
 20
165.7861527777778
 30
0.0
 10
151.2505088888889
 20
166.9044583333333
 30
0.0
 10
151.2505088888889
 20
168.2838194444444
 30
0.0
 10
151.2505088888889
 20
184.9525694444444
 30
0.0
 10
149.9981477777778
 20
201.6177916666666
 30
0.0
 10
149.9981477777778
 20
218.2865416666666
 30
0.0
 10
149.9981477777778
 20
234.9517638888889
 30
0.0
 10
148.7493144444444
 20
251.6205138888889
 30
0.0
 10
148.7493144444444
 20
268.2857361111111
 30
0.0
 10
148.7493144444444
 20
271.0479861111111
 30
0.0
 10
150.9859255555556
 20
273.2845972222222
 30
0.0
 10
153.7481755555555
 20
273.2845972222222
 30
0.0
 10
156.5104255555555
 20
273.2845972222222
 30
0.0
 10
158.7505644444444
 20
271.0479861111111
 30
0.0
 10
158.7505644444444
 20
268.2857361111111
 30
0.0
 10
158.7505644444444
 20
251.6205138888889
 30
0.0
 10
157.4982033333333
 20
234.9517638888889
 30
0.0
 10
157.4982033333333
 20
218.2865416666666
 30
0.0
 10
157.4982033333333
 20
201.6177916666666
 30
0.0
 10
156.24937
 20
184.9525694444444
 30
0.0
 10
156.24937
 20
168.2838194444444
 30
0.0
 10
156.24937
 20
166.9044583333333
 30
0.0
 10
155.1310644444444
 20
165.7861527777778
 30
0.0
 10
153.7481755555555
 20
165.7861527777778
 30
0.0
  0
SPLINE
  5
13D
330
1F
100
AcDbEntity
  8
DEFAULT
 62
     1
100
AcDbSpline
210
0.0
220
0.0
230
1.0
 70
    11
 71
     3
 72
    29
 73
    25
 74
     0
 42
0.000000001
 43
0.0000000001
 40
0.0
 40
0.0
 40
0.0
 40
0.0
 40
822.047
 40
822.047
 40
822.047
 40
823.047
 40
823.047
 40
823.047
 40
1645.094
 40
1645.094
 40
1645.094
 40
1646.094
 40
1646.094
 40
1646.094
 40
2468.141
 40
2468.141
 40
2468.141
 40
2469.141
 40
2469.141
 40
2469.141
 40
3291.188
 40
3291.188
 40
3291.188
 40
3292.188
 40
3292.188
 40
3292.188
 40
3292.188
 10
295.0000097222222
 20
0.1000125
 30
0.0
 10
198.3333717592592
 20
0.1000125
 30
0.0
 10
101.6667337962963
 20
0.1000125
 30
0.0
 10
5.000095833333329
 20
0.1000125
 30
0.0
 10
2.249840277777797
 20
0.1000125
 30
0.0
 10
-0.0001763888888847
 20
2.350029166666666
 30
0.0
 10
-0.0001763888888847
 20
5.099931944444444
 30
0.0
 10
-0.0001763888888847
 20
101.7665699074074
 30
0.0
 10
-0.0001763888888847
 20
198.4332078703703
 30
0.0
 10
-0.0001763888888847
 20
295.0998458333333
 30
0.0
 10
-0.0001763888888847
 20
297.8501013888888
 30
0.0
 10
2.249840277777797
 20
300.1001180555555
 30
0.0
 10
5.000095833333329
 20
300.1001180555555
 30
0.0
 10
101.6667337962963
 20
300.1001180555555
 30
0.0
 10
198.3333717592593
 20
300.1001180555555
 30
0.0
 10
295.0000097222222
 20
300.1001180555555
 30
0.0
 10
297.7499124999999
 20
300.1001180555555
 30
0.0
 10
299.9999291666666
 20
297.8501013888888
 30
0.0
 10
299.9999291666666
 20
295.0998458333333
 30
0.0
 10
299.9999291666666
 20
198.4332078703703
 30
0.0
 10
299.9999291666666
 20
101.7665699074074
 30
0.0
 10
299.9999291666666
 20
5.099931944444444
 30
0.0
 10
299.9999291666666
 20
2.350029166666666
 30
0.0
 10
297.7499124999999
 20
0.1000125
 30
0.0
 10
295.0000097222222
 20
0.1000125
 30
0.0
  0
SPLINE
  5
13E
330
1F
100
AcDbEntity
  8
DEFAULT
 62
     3
100
AcDbSpline
210
0.0
220
0.0
230
1.0
 70
    11
 71
     3
 72
    17
 73
    13
 74
     0
 42
0.000000001
 43
0.0000000001
 40
0.0
 40
0.0
 40
0.0
 40
0.0
 40
1.0
 40
1.0
 40
1.0
 40
2.0
 40
2.0
 40
2.0
 40
3.0
 40
3.0
 40
3.0
 40
4.0
 40
4.0
 40
4.0
 40
4.0
 10
186.3401502777778
 20
92.44478166666666
 30
0.0
 10
186.7073919444445
 20
90.77332055555556
 30
0.0
 10
185.4095225
 20
92.87234833333332
 30
0.0
 10
184.2545280555555
 20
92.68749277777776
 30
0.0
 10
181.4005558333333
 20
92.23029277777778
 30
0.0
 10
185.3495502777778
 20
92.96689277777777
 30
0.0
 10
184.2132530555556
 20
96.63648722222221
 30
0.0
 10
183.7151308333333
 20
98.2448011111111
 30
0.0
 10
184.3790586111111
 20
96.55358444444444
 30
0.0
 10
186.2156197222222
 20
96.80264555555556
 30
0.0
 10
188.6702475
 20
97.13531499999999
 30
0.0
 10
185.4165780555555
 20
96.64707055555554
 30
0.0
 10
186.3401502777778
 20
92.44478166666666
 30
0.0
  0
SPLINE
  5
13F
330
1F
100
AcDbEntity
  8
DEFAULT
 62
     3
100
AcDbSpline
210
0.0
220
0.0
230
1.0
 70
    11
 71
     3
 72
    20
 73
    16
 74
     0
 42
0.000000001
 43
0.0000000001
 40
0.0
 40
0.0
 40
0.0
 40
0.0
 40
1.0
 40
1.0
 40
1.0
 40
2.0
 40
2.0
 40
2.0
 40
3.0
 40
3.0
 40
3.0
 40
4.0
 40
4.0
 40
4.0
 40
5.0
 40
5.0
 40
5.0
 40
5.0
 10
158.1570511111111
 20
98.59080555555556
 30
0.0
 10
157.0652038888889
 20
99.85868888888889
 30
0.0
 10
156.4139761111111
 20
100.0019166666667
 30
0.0
 10
156.7043122222222
 20
98.466275
 30
0.0
 10
156.9950011111111
 20
96.93063333333333
 30
0.0
 10
155.2102983333333
 20
96.01764444444446
 30
0.0
 10
155.8329511111111
 20
94.64780833333333
 30
0.0
 10
156.4552511111111
 20
93.278325
 30
0.0
 10
156.3307205555555
 20
92.82500555555556
 30
0.0
 10
157.2024344444444
 20
94.75328888888889
 30
0.0
 10
158.0741483333333
 20
96.68157222222223
 30
0.0
 10
160.1375455555555
 20
96.34960833333334
 30
0.0
 10
160.7245677777778
 20
96.10054722222222
 30
0.0
 10
161.3112372222222
 20
95.85148611111111
 30
0.0
 10
159.4436316666666
 20
97.09679166666666
 30
0.0
 10
158.1570511111111
 20
98.59080555555556
 30
0.0
  0
SPLINE
  5
140
330
1F
100
AcDbEntity
  8
DEFAULT
 62
     3
100
AcDbSpline
210
0.0
220
0.0
230
1.0
 70
    11
 71
     3
 72
    20
 73
    16
 74
     0
 42
0.000000001
 43
0.0000000001
 40
0.0
 40
0.0
 40
0.0
 40
0.0
 40
1.0
 40
1.0
 40
1.0
 40
2.0
 40
2.0
 40
2.0
 40
3.0
 40
3.0
 40
3.0
 40
4.0
 40
4.0
 40
4.0
 40
5.0
 40
5.0
 40
5.0
 40
5.0
 10
169.0724188888889
 20
94.72961749999999
 30
0.0
 10
167.9124855555555
 20
92.85107583333333
 30
0.0
 10
169.0724188888889
 20
91.74264805555555
 30
0.0
 10
169.4043827777778
 20
90.95418972222221
 30
0.0
 10
169.7363466666667
 20
90.16573138888887
 30
0.0
 10
167.4122466666666
 20
89.59917027777777
 30
0.0
 10
166.7066911111111
 20
88.18065083333333
 30
0.0
 10
166.0011355555555
 20
86.76248416666665
 30
0.0
 10
167.2877161111111
 20
90.70512861111109
 30
0.0
 10
166.45763
 20
92.28239805555555
 30
0.0
 10
165.6275438888889
 20
93.85931472222222
 30
0.0
 10
164.0919022222222
 20
95.43658416666666
 30
0.0
 10
166.2501966666667
 20
95.27042583333333
 30
0.0
 10
168.4084911111111
 20
95.10462027777777
 30
0.0
 10
170.2760966666666
 20
96.67871472222221
 30
0.0
 10
169.0724188888889
 20
94.72961749999999
 30
0.0
  0
SPLINE
  5
141
330
1F
100
AcDbEntity
  8
DEFAULT
 62
     3
100
AcDbSpline
210
0.0
220
0.0
230
1.0
 70
    11
 71
     3
 72
    20
 73
    16
 74
     0
 42
0.000000001
 43
0.0000000001
 40
0.0
 40
0.0
 40
0.0
 40
0.0
 40
1.0
 40
1.0
 40
1.0
 40
2.0
 40
2.0
 40
2.0
 40
3.0
 40
3.0
 40
3.0
 40
4.0
 40
4.0
 40
4.0
 40
5.0
 40
5.0
 40
5.0
 40
5.0
 10
141.7940536111111
 20
98.59080555555556
 30
0.0
 10
142.8859008333333
 20
99.85868888888889
 30
0.0
 10
143.5371286111111
 20
100.0019166666667
 30
0.0
 10
143.2467925
 20
98.466275
 30
0.0
 10
142.9561036111111
 20
96.93063333333333
 30
0.0
 10
144.7408063888889
 20
96.01764444444446
 30
0.0
 10
144.1181536111111
 20
94.64780833333333
 30
0.0
 10
143.4958536111111
 20
93.278325
 30
0.0
 10
143.6200313888889
 20
92.82500555555556
 30
0.0
 10
142.7486702777778
 20
94.75328888888889
 30
0.0
 10
141.8769563888889
 20
96.68157222222223
 30
0.0
 10
139.8135591666667
 20
96.34960833333334
 30
0.0
 10
139.2265369444444
 20
96.10054722222222
 30
0.0
 10
138.6398675
 20
95.85148611111111
 30
0.0
 10
140.5074730555556
 20
97.09679166666666
 30
0.0
 10
141.7940536111111
 20
98.59080555555556
 30
0.0
  0
SPLINE
  5
142
330
1F
100
AcDbEntity
  8
DEFAULT
 62
     3
100
AcDbSpline
210
0.0
220
0.0
230
1.0
 70
    11
 71
     3
 72
    20
 73
    16
 74
     0
 42
0.000000001
 43
0.0000000001
 40
0.0
 40
0.0
 40
0.0
 40
0.0
 40
1.0
 40
1.0
 40
1.0
 40
2.0
 40
2.0
 40
2.0
 40
3.0
 40
3.0
 40
3.0
 40
4.0
 40
4.0
 40
4.0
 40
5.0
 40
5.0
 40
5.0
 40
5.0
 10
130.8787211111111
 20
94.72961749999999
 30
0.0
 10
132.0386544444444
 20
92.85107583333333
 30
0.0
 10
130.8787211111111
 20
91.74264805555555
 30
0.0
 10
130.5467572222222
 20
90.95418972222221
 30
0.0
 10
130.2147933333333
 20
90.16573138888887
 30
0.0
 10
132.5388933333333
 20
89.59917027777777
 30
0.0
 10
133.2444488888889
 20
88.18065083333333
 30
0.0
 10
133.9500044444444
 20
86.76248416666665
 30
0.0
 10
132.6634238888889
 20
90.70512861111109
 30
0.0
 10
133.49351
 20
92.28239805555555
 30
0.0
 10
134.3235961111111
 20
93.85931472222222
 30
0.0
 10
135.8592377777778
 20
95.43658416666666
 30
0.0
 10
133.7009433333333
 20
95.27042583333333
 30
0.0
 10
131.5426488888889
 20
95.10462027777777
 30
0.0
 10
129.6750433333333
 20
96.67871472222221
 30
0.0
 10
130.8787211111111
 20
94.72961749999999
 30
0.0
  0
SPLINE
  5
143
330
1F
100
AcDbEntity
  8
DEFAULT
 62
     3
100
AcDbSpline
210
0.0
220
0.0
230
1.0
 70
    11
 71
     3
 72
    17
 73
    13
 74
     0
 42
0.000000001
 43
0.0000000001
 40
0.0
 40
0.0
 40
0.0
 40
0.0
 40
1.0
 40
1.0
 40
1.0
 40
2.0
 40
2.0
 40
2.0
 40
3.0
 40
3.0
 40
3.0
 40
4.0
 40
4.0
 40
4.0
 40
4.0
 10
113.6597788888889
 20
92.44478166666666
 30
0.0
 10
113.2925372222222
 20
90.77332055555556
 30
0.0
 10
114.5904066666667
 20
92.87234833333332
 30
0.0
 10
115.7454011111111
 20
92.68749277777776
 30
0.0
 10
118.5993733333333
 20
92.23029277777778
 30
0.0
 10
114.6503788888889
 20
92.96689277777777
 30
0.0
 10
115.7866761111111
 20
96.63648722222221
 30
0.0
 10
116.2847983333333
 20
98.2448011111111
 30
0.0
 10
115.6208705555556
 20
96.55358444444444
 30
0.0
 10
113.7843094444444
 20
96.80264555555556
 30
0.0
 10
111.3296816666667
 20
97.13531499999999
 30
0.0
 10
114.5833511111111
 20
96.64707055555554
 30
0.0
 10
113.6597788888889
 20
92.44478166666666
 30
0.0
  0
SPLINE
  5
144
330
1F
100
AcDbEntity
  8
DEFAULT
 62
     5
100
AcDbSpline
210
0.0
220
0.0
230
1.0
 70
    11
 71
     3
 72
    23
 73
    19
 74
     0
 42
0.000000001
 43
0.0000000001
 40
0.0
 40
0.0
 40
0.0
 40
0.0
 40
1.0
 40
1.0
 40
1.0
 40
2.0
 40
2.0
 40
2.0
 40
3.0
 40
3.0
 40
3.0
 40
4.0
 40
4.0
 40
4.0
 40
5.0
 40
5.0
 40
5.0
 40
6.0
 40
6.0
 40
6.0
 40
6.0
 10
198.3553733333333
 20
98.11000472222221
 30
0.0
 10
200.2649594444444
 20
98.30509083333332
 30
0.0
 10
199.7872983333333
 20
97.67714638888889
 30
0.0
 10
198.3553733333333
 20
94.90537138888888
 30
0.0
 10
196.9234483333333
 20
92.13359638888889
 30
0.0
 10
197.0479788888889
 20
89.49940472222221
 30
0.0
 10
197.4215705555555
 20
87.98387138888889
 30
0.0
 10
197.7951622222222
 20
86.46833805555555
 30
0.0
 10
196.3043233333333
 20
87.40919638888889
 30
0.0
 10
195.3049038888888
 20
86.2817186111111
 30
0.0
 10
194.0909955555555
 20
84.91188249999999
 30
0.0
 10
193.4993872222222
 20
85.75854916666665
 30
0.0
 10
195.0558427777778
 20
87.80219083333333
 30
0.0
 10
196.0626705555555
 20
89.12404916666665
 30
0.0
 10
197.014465
 20
93.36020472222222
 30
0.0
 10
196.8899344444444
 20
95.7146436111111
 30
0.0
 10
196.7654038888889
 20
98.0690825
 30
0.0
 10
196.2387066666666
 20
97.89375194444443
 30
0.0
 10
198.3553733333333
 20
98.11000472222221
 30
0.0
  0
SPLINE
  5
145
330
1F
100
AcDbEntity
  8
DEFAULT
 62
     5
100
AcDbSpline
210
0.0
220
0.0
230
1.0
 70
    11
 71
     3
 72
    20
 73
    16
 74
     0
 42
0.000000001
 43
0.0000000001
 40
0.0
 40
0.0
 40
0.0
 40
0.0
 40
1.0
 40
1.0
 40
1.0
 40
2.0
 40
2.0
 40
2.0
 40
3.0
 40
3.0
 40
3.0
 40
4.0
 40
4.0
 40
4.0
 40
5.0
 40
5.0
 40
5.0
 40
5.0
 10
188.8926033333333
 20
98.79478166666667
 30
0.0
 10
185.1573922222222
 20
97.92306777777777
 30
0.0
 10
181.6719477777777
 20
101.3386622222222
 30
0.0
 10
182.1118616666666
 20
98.95811777777779
 30
0.0
 10
182.7966033333333
 20
95.24971777777778
 30
0.0
 10
182.1739505555555
 20
92.44830944444443
 30
0.0
 10
180.5554061111111
 20
91.26544555555554
 30
0.0
 10
178.9368616666666
 20
90.08258166666666
 30
0.0
 10
181.3615033333333
 20
92.47406222222223
 30
0.0
 10
186.9286894444444
 20
89.49414833333333
 30
0.0
 10
189.9474088888888
 20
87.87807333333333
 30
0.0
 10
188.3853088888889
 20
89.15301222222222
 30
0.0
 10
187.8967116666666
 20
92.3202511111111
 30
0.0
 10
187.3985894444444
 20
95.54710944444443
 30
0.0
 10
190.8159477777778
 20
99.24351499999999
 30
0.0
 10
188.8926033333333
 20
98.79478166666667
 30
0.0
  0
SPLINE
  5
146
330
1F
100
AcDbEntity
  8
DEFAULT
 62
     5
100
AcDbSpline
210
0.0
220
0.0
230
1.0
 70
    11
 71
     3
 72
    32
 73
    28
 74
     0
 42
0.000000001
 43
0.0000000001
 40
1.0
 40
1.0
 40
1.0
 40
1.0
 40
2.0
 40
2.0
 40
2.0
 40
3.0
 40
3.0
 40
3.0
 40
4.0
 40
4.0
 40
4.0
 40
5.0
 40
5.0
 40
5.0
 40
6.0
 40
6.0
 40
6.0
 40
7.0
 40
7.0
 40
7.0
 40
8.0
 40
8.0
 40
8.0
 40
9.0
 40
9.0
 40
9.0
 40
10.0
 40
10.0
 40
10.0
 40
10.0
 10
173.0982130555555
 20
97.8022061111111
 30
0.0
 10
176.2337019444444
 20
101.9519311111111
 30
0.0
 10
172.7870630555555
 20
98.42485888888888
 30
0.0
 10
168.3667575
 20
97.86429499999998
 30
0.0
 10
163.9468047222222
 20
97.30408388888888
 30
0.0
 10
161.7676963888889
 20
97.50022833333333
 30
0.0
 10
160.1491519444444
 20
99.64335333333332
 30
0.0
 10
158.5306075
 20
101.7864783333333
 30
0.0
 10
156.7875325
 20
102.0355394444444
 30
0.0
 10
154.5463352777778
 20
103.7786144444444
 30
0.0
 10
152.3051380555555
 20
105.5216894444444
 30
0.0
 10
155.9158186111111
 20
98.05126722222222
 30
0.0
 10
154.1727436111111
 20
95.81007
 30
0.0
 10
152.4296686111111
 20
93.56887277777777
 30
0.0
 10
155.4176963888889
 20
94.25361444444442
 30
0.0
 10
156.0403491666667
 20
89.7091311111111
 30
0.0
 10
156.6630019444444
 20
85.16429499999998
 30
0.0
 10
155.9697936111111
 20
96.34770333333333
 30
0.0
 10
161.7324186111111
 20
93.96221999999999
 30
0.0
 10
167.4953963888889
 20
91.57673666666666
 30
0.0
 10
160.5848325
 20
79.31453388888887
 30
0.0
 10
165.9389408333333
 20
83.82691444444444
 30
0.0
 10
171.2926963888889
 20
88.33929499999999
 30
0.0
 10
173.9074852777778
 20
88.58835611111111
 30
0.0
 10
173.0982130555555
 20
90.64293388888889
 30
0.0
 10
172.2889408333333
 20
92.69715888888888
 30
0.0
 10
170.9815463888889
 20
95.00079777777778
 30
0.0
 10
173.0982130555555
 20
97.8022061111111
 30
0.0
  0
SPLINE
  5
147
330
1F
100
AcDbEntity
  8
DEFAULT
 62
     5
100
AcDbSpline
210
0.0
220
0.0
230
1.0
 70
    11
 71
     3
 72
    32
 73
    28
 74
     0
 42
0.000000001
 43
0.0000000001
 40
1.0
 40
1.0
 40
1.0
 40
1.0
 40
2.0
 40
2.0
 40
2.0
 40
3.0
 40
3.0
 40
3.0
 40
4.0
 40
4.0
 40
4.0
 40
5.0
 40
5.0
 40
5.0
 40
6.0
 40
6.0
 40
6.0
 40
7.0
 40
7.0
 40
7.0
 40
8.0
 40
8.0
 40
8.0
 40
9.0
 40
9.0
 40
9.0
 40
10.0
 40
10.0
 40
10.0
 40
10.0
 10
126.8528916666667
 20
97.8022061111111
 30
0.0
 10
123.7174027777778
 20
101.9519311111111
 30
0.0
 10
127.1640416666667
 20
98.42485888888888
 30
0.0
 10
131.5843472222222
 20
97.86429499999998
 30
0.0
 10
136.0043
 20
97.30408388888888
 30
0.0
 10
138.1834083333333
 20
97.50022833333333
 30
0.0
 10
139.8019527777778
 20
99.64335333333332
 30
0.0
 10
141.4204972222222
 20
101.7864783333333
 30
0.0
 10
143.1635722222222
 20
102.0355394444444
 30
0.0
 10
145.4047694444444
 20
103.7786144444444
 30
0.0
 10
147.6459666666667
 20
105.5216894444444
 30
0.0
 10
144.0352861111111
 20
98.05126722222222
 30
0.0
 10
145.7783611111111
 20
95.81007
 30
0.0
 10
147.5214361111111
 20
93.56887277777777
 30
0.0
 10
144.5334083333333
 20
94.25361444444442
 30
0.0
 10
143.9107555555556
 20
89.7091311111111
 30
0.0
 10
143.2881027777778
 20
85.16429499999998
 30
0.0
 10
143.9816638888889
 20
96.34770333333333
 30
0.0
 10
138.2186861111111
 20
93.96221999999999
 30
0.0
 10
132.4557083333333
 20
91.57673666666666
 30
0.0
 10
139.3662722222222
 20
79.31453388888887
 30
0.0
 10
134.0121638888889
 20
83.82691444444444
 30
0.0
 10
128.6584083333333
 20
88.33929499999999
 30
0.0
 10
126.0436194444444
 20
88.58835611111111
 30
0.0
 10
126.8528916666667
 20
90.64293388888889
 30
0.0
 10
127.6621638888889
 20
92.69715888888888
 30
0.0
 10
128.9695583333333
 20
95.00079777777778
 30
0.0
 10
126.8528916666667
 20
97.8022061111111
 30
0.0
  0
SPLINE
  5
148
330
1F
100
AcDbEntity
  8
DEFAULT
 62
     5
100
AcDbSpline
210
0.0
220
0.0
230
1.0
 70
    11
 71
     3
 72
    23
 73
    19
 74
     0
 42
0.000000001
 43
0.0000000001
 40
0.0
 40
0.0
 40
0.0
 40
0.0
 40
1.0
 40
1.0
 40
1.0
 40
2.0
 40
2.0
 40
2.0
 40
3.0
 40
3.0
 40
3.0
 40
4.0
 40
4.0
 40
4.0
 40
5.0
 40
5.0
 40
5.0
 40
6.0
 40
6.0
 40
6.0
 40
6.0
 10
101.6445911111111
 20
98.11000472222221
 30
0.0
 10
99.73500499999999
 20
98.30509083333332
 30
0.0
 10
100.2126661111111
 20
97.67714638888889
 30
0.0
 10
101.6445911111111
 20
94.90537138888888
 30
0.0
 10
103.0765161111111
 20
92.13359638888889
 30
0.0
 10
102.9519855555556
 20
89.49940472222221
 30
0.0
 10
102.5783938888889
 20
87.98387138888889
 30
0.0
 10
102.2048022222222
 20
86.46833805555555
 30
0.0
 10
103.6952883333333
 20
87.40919638888889
 30
0.0
 10
104.6950605555555
 20
86.2817186111111
 30
0.0
 10
105.9089688888889
 20
84.91188249999999
 30
0.0
 10
106.5005772222222
 20
85.75854916666665
 30
0.0
 10
104.9441216666667
 20
87.80219083333333
 30
0.0
 10
103.9372938888889
 20
89.12404916666665
 30
0.0
 10
102.9854994444444
 20
93.36020472222222
 30
0.0
 10
103.11003
 20
95.7146436111111
 30
0.0
 10
103.2345605555555
 20
98.0690825
 30
0.0
 10
103.7612577777778
 20
97.89375194444443
 30
0.0
 10
101.6445911111111
 20
98.11000472222221
 30
0.0
  0
SPLINE
  5
149
330
1F
100
AcDbEntity
  8
DEFAULT
 62
     5
100
AcDbSpline
210
0.0
220
0.0
230
1.0
 70
    11
 71
     3
 72
    20
 73
    16
 74
     0
 42
0.000000001
 43
0.0000000001
 40
0.0
 40
0.0
 40
0.0
 40
0.0
 40
1.0
 40
1.0
 40
1.0
 40
2.0
 40
2.0
 40
2.0
 40
3.0
 40
3.0
 40
3.0
 40
4.0
 40
4.0
 40
4.0
 40
5.0
 40
5.0
 40
5.0
 40
5.0
 10
111.1073258333333
 20
98.79478166666667
 30
0.0
 10
114.8425369444444
 20
97.92306777777777
 30
0.0
 10
118.3279813888889
 20
101.3386622222222
 30
0.0
 10
117.8880675
 20
98.95811777777779
 30
0.0
 10
117.2033258333333
 20
95.24971777777778
 30
0.0
 10
117.8259786111111
 20
92.44830944444443
 30
0.0
 10
119.4445230555555
 20
91.26544555555554
 30
0.0
 10
121.0630675
 20
90.08258166666666
 30
0.0
 10
118.6384258333333
 20
92.47406222222223
 30
0.0
 10
113.0712397222222
 20
89.49414833333333
 30
0.0
 10
110.0525202777778
 20
87.87807333333333
 30
0.0
 10
111.6146202777778
 20
89.15301222222222
 30
0.0
 10
112.1035702777778
 20
92.3202511111111
 30
0.0
 10
112.6013397222222
 20
95.54710944444443
 30
0.0
 10
109.1839813888889
 20
99.24351499999999
 30
0.0
 10
111.1073258333333
 20
98.79478166666667
 30
0.0
  0
POLYLINE
  5
14A
330
1F
100
AcDbEntity
  8
DEFAULT
 62
   250
100
AcDb2dPolyline
 66
     1
 10
0.0
 20
0.0
 30
0.0
  0
VERTEX
  5
14B
330
14A
100
AcDbEntity
  8
DEFAULT
 62
   250
100
AcDbVertex
100
AcDb2dVertex
 10
177.332005
 20
93.8050575
 30
0.0
  0
VERTEX
  5
14C
330
14A
100
AcDbEntity
  8
DEFAULT
 62
   250
100
AcDbVertex
100
AcDb2dVertex
 10
177.7927327777777
 20
95.8832713888889
 30
0.0
  0
VERTEX
  5
14D
330
14A
100
AcDbEntity
  8
DEFAULT
 62
   250
100
AcDbVertex
100
AcDb2dVertex
 10
177.4350161111111
 20
95.96264638888888
 30
0.0
  0
SEQEND
  5
14E
330
14A
100
AcDbEntity
  8
DEFAULT
 62
   250
  0
POLYLINE
  5
14F
330
1F
100
AcDbEntity
  8
DEFAULT
 62
   250
100
AcDb2dPolyline
 66
     1
 10
0.0
 20
0.0
 30
0.0
  0
VERTEX
  5
150
330
14F
100
AcDbEntity
  8
DEFAULT
 62
   250
100
AcDbVertex
100
AcDb2dVertex
 10
108.3899138888889
 20
90.6097375
 30
0.0
  0
VERTEX
  5
151
330
14F
100
AcDbEntity
  8
DEFAULT
 62
   250
100
AcDbVertex
100
AcDb2dVertex
 10
107.9263638888889
 20
92.68724583333332
 30
0.0
  0
VERTEX
  5
152
330
14F
100
AcDbEntity
  8
DEFAULT
 62
   250
100
AcDbVertex
100
AcDb2dVertex
 10
107.5686472222222
 20
92.60751805555554
 30
0.0
  0
SEQEND
  5
153
330
14F
100
AcDbEntity
  8
DEFAULT
 62
   250
  0
POLYLINE
  5
154
330
1F
100
AcDbEntity
  8
DEFAULT
 62
   250
100
AcDb2dPolyline
 66
     1
 10
0.0
 20
0.0
 30
0.0
  0
VERTEX
  5
155
330
154
100
AcDbEntity
  8
DEFAULT
 62
   250
100
AcDbVertex
100
AcDb2dVertex
 10
191.9722827777778
 20
90.53135027777775
 30
0.0
  0
VERTEX
  5
156
330
154
100
AcDbEntity
  8
DEFAULT
 62
   250
100
AcDbVertex
100
AcDb2dVertex
 10
192.4330105555556
 20
92.60956416666664
 30
0.0
  0
VERTEX
  5
157
330
154
100
AcDbEntity
  8
DEFAULT
 62
   250
100
AcDbVertex
100
AcDb2dVertex
 10
192.0752938888889
 20
92.68893916666666
 30
0.0
  0
SEQEND
  5
158
330
154
100
AcDbEntity
  8
DEFAULT
 62
   250
  0
POLYLINE
  5
159
330
1F
100
AcDbEntity
  8
DEFAULT
 62
   250
100
AcDb2dPolyline
 66
     1
 10
0.0
 20
0.0
 30
0.0
  0
VERTEX
  5
15A
330
159
100
AcDbEntity
  8
DEFAULT
 62
   250
100
AcDbVertex
100
AcDb2dVertex
 10
123.0301916666666
 20
93.88700777777777
 30
0.0
  0
VERTEX
  5
15B
330
159
100
AcDbEntity
  8
DEFAULT
 62
   250
100
AcDbVertex
100
AcDb2dVertex
 10
122.5666416666666
 20
95.9645161111111
 30
0.0
  0
VERTEX
  5
15C
330
159
100
AcDbEntity
  8
DEFAULT
 62
   250
100
AcDbVertex
100
AcDb2dVertex
 10
122.208925
 20
95.88478833333332
 30
0.0
  0
SEQEND
  5
15D
330
159
100
AcDbEntity
  8
DEFAULT
 62
   250
  0
SPLINE
  5
15E
330
1F
100
AcDbEntity
  8
DEFAULT
 62
   250
100
AcDbSpline
210
0.0
220
0.0
230
1.0
 70
     8
 71
     3
 72
    17
 73
    13
 74
     0
 42
0.000000001
 43
0.0000000001
 40
0.0
 40
0.0
 40
0.0
 40
0.0
 40
2.363
 40
2.363
 40
2.363
 40
3.363
 40
3.363
 40
3.363
 40
4.363
 40
4.363
 40
4.363
 40
5.363
 40
5.363
 40
5.363
 40
5.363
 10
160.4211083333333
 20
86.53691805555555
 30
0.0
 10
160.4211083333333
 20
86.81478935185184
 30
0.0
 10
160.4211083333333
 20
87.09266064814813
 30
0.0
 10
160.4211083333333
 20
87.37053194444444
 30
0.0
 10
160.4211083333333
 20
87.6044236111111
 30
0.0
 10
160.3209194444444
 20
87.80197916666667
 30
0.0
 10
160.0337583333333
 20
87.80197916666667
 30
0.0
 10
159.8365555555555
 20
87.80197916666667
 30
0.0
 10
159.6806277777778
 20
87.68238749999999
 30
0.0
 10
159.6255944444444
 20
87.53845416666665
 30
0.0
 10
159.6079555555555
 20
87.50247083333332
 30
0.0
 10
159.6044277777778
 20
87.46366527777778
 30
0.0
 10
159.6044277777778
 20
87.41251249999999
 30
0.0
  0
POLYLINE
  5
15F
330
1F
100
AcDbEntity
  8
DEFAULT
 62
   250
100
AcDb2dPolyline
 66
     1
 10
0.0
 20
0.0
 30
0.0
  0
VERTEX
  5
160
330
15F
100
AcDbEntity
  8
DEFAULT
 62
   250
100
AcDbVertex
100
AcDb2dVertex
 10
159.6045688888889
 20
86.53691805555555
 30
0.0
  0
VERTEX
  5
161
330
15F
100
AcDbEntity
  8
DEFAULT
 62
   250
100
AcDbVertex
100
AcDb2dVertex
 10
159.6045688888889
 20
88.66557916666666
 30
0.0
  0
SEQEND
  5
162
330
15F
100
AcDbEntity
  8
DEFAULT
 62
   250
  0
SPLINE
  5
163
330
1F
100
AcDbEntity
  8
DEFAULT
 62
   250
100
AcDbSpline
210
0.0
220
0.0
230
1.0
 70
     8
 71
     3
 72
    17
 73
    13
 74
     0
 42
0.000000001
 43
0.0000000001
 40
0.0
 40
0.0
 40
0.0
 40
0.0
 40
2.363
 40
2.363
 40
2.363
 40
3.363
 40
3.363
 40
3.363
 40
4.363
 40
4.363
 40
4.363
 40
5.363
 40
5.363
 40
5.363
 40
5.363
 10
140.3974416666667
 20
86.53691805555555
 30
0.0
 10
140.3974416666667
 20
86.81478935185184
 30
0.0
 10
140.3974416666667
 20
87.09266064814813
 30
0.0
 10
140.3974416666667
 20
87.37053194444444
 30
0.0
 10
140.3974416666667
 20
87.6044236111111
 30
0.0
 10
140.2972527777778
 20
87.80197916666667
 30
0.0
 10
140.0100916666667
 20
87.80197916666667
 30
0.0
 10
139.8128888888889
 20
87.80197916666667
 30
0.0
 10
139.6569611111111
 20
87.68238749999999
 30
0.0
 10
139.6019277777777
 20
87.53845416666665
 30
0.0
 10
139.5842888888889
 20
87.50247083333332
 30
0.0
 10
139.5807611111111
 20
87.46366527777778
 30
0.0
 10
139.5807611111111
 20
87.41251249999999
 30
0.0
  0
POLYLINE
  5
164
330
1F
100
AcDbEntity
  8
DEFAULT
 62
   250
100
AcDb2dPolyline
 66
     1
 10
0.0
 20
0.0
 30
0.0
  0
VERTEX
  5
165
330
164
100
AcDbEntity
  8
DEFAULT
 62
   250
100
AcDbVertex
100
AcDb2dVertex
 10
139.5809022222222
 20
86.53691805555555
 30
0.0
  0
VERTEX
  5
166
330
164
100
AcDbEntity
  8
DEFAULT
 62
   250
100
AcDbVertex
100
AcDb2dVertex
 10
139.5809022222222
 20
88.66557916666666
 30
0.0
  0
SEQEND
  5
167
330
164
100
AcDbEntity
  8
DEFAULT
 62
   250
  0
SPLINE
  5
168
330
1F
100
AcDbEntity
  8
DEFAULT
 62
   250
100
AcDbSpline
210
0.0
220
0.0
230
1.0
 70
     8
 71
     3
 72
    29
 73
    25
 74
     0
 42
0.000000001
 43
0.0000000001
 40
0.0
 40
0.0
 40
0.0
 40
0.0
 40
1.0
 40
1.0
 40
1.0
 40
2.0
 40
2.0
 40
2.0
 40
3.0
 40
3.0
 40
3.0
 40
4.0
 40
4.0
 40
4.0
 40
5.0
 40
5.0
 40
5.0
 40
6.0
 40
6.0
 40
6.0
 40
7.0
 40
7.0
 40
7.0
 40
8.0
 40
8.0
 40
8.0
 40
8.0
 10
150.5552544444444
 20
101.6733425
 30
0.0
 10
150.4776433333333
 20
101.5608063888889
 30
0.0
 10
150.247985
 20
101.4708480555555
 30
0.0
 10
150.0324377777777
 20
101.4708480555555
 30
0.0
 10
149.6877738888889
 20
101.4708480555555
 30
0.0
 10
149.4404766666667
 20
101.7252008333333
 30
0.0
 10
149.4404766666667
 20
102.0596341666667
 30
0.0
 10
149.4404766666667
 20
102.4688563888889
 30
0.0
 10
149.7480988888889
 20
102.7009841666667
 30
0.0
 10
150.06701
 20
102.7009841666667
 30
0.0
 10
150.30831
 20
102.7009841666667
 30
0.0
 10
150.5012794444444
 20
102.5912702777778
 30
0.0
 10
150.5616044444444
 20
102.4914341666667
 30
0.0
 10
150.55596
 20
102.3863063888889
 30
0.0
 10
150.5552544444444
 20
101.3413786111111
 30
0.0
 10
150.5552544444444
 20
101.3413786111111
 30
0.0
 10
150.5552544444444
 20
101.0087091666666
 30
0.0
 10
150.4970461111111
 20
100.8048036111111
 30
0.0
 10
150.3732211111111
 20
100.6788619444444
 30
0.0
 10
150.2490433333333
 20
100.5469230555556
 30
0.0
 10
150.0698322222222
 20
100.5049425
 30
0.0
 10
149.9089655555555
 20
100.5049425
 30
0.0
 10
149.75586
 20
100.5049425
 30
0.0
 10
149.5868794444444
 20
100.5469230555556
 30
0.0
 10
149.4842211111111
 20
100.6248869444444
 30
0.0
  0
SPLINE
  5
169
330
1F
100
AcDbEntity
  8
DEFAULT
 62
     1
100
AcDbSpline
210
0.0
220
0.0
230
1.0
 70
    11
 71
     3
 72
   218
 73
   214
 74
     0
 42
0.000000001
 43
0.0000000001
 40
1.0
 40
1.0
 40
1.0
 40
1.0
 40
2.0
 40
2.0
 40
2.0
 40
3.0
 40
3.0
 40
3.0
 40
4.0
 40
4.0
 40
4.0
 40
5.0
 40
5.0
 40
5.0
 40
6.0
 40
6.0
 40
6.0
 40
7.0
 40
7.0
 40
7.0
 40
8.0
 40
8.0
 40
8.0
 40
9.0
 40
9.0
 40
9.0
 40
17.4939154693227
 40
17.4939154693227
 40
17.4939154693227
 40
18.4939154693227
 40
18.4939154693227
 40
18.4939154693227
 40
19.4939154693227
 40
19.4939154693227
 40
19.4939154693227
 40
20.4939154693227
 40
20.4939154693227
 40
20.4939154693227
 40
21.4939154693227
 40
21.4939154693227
 40
21.4939154693227
 40
22.4939154693227
 40
22.4939154693227
 40
22.4939154693227
 40
23.4939154693227
 40
23.4939154693227
 40
23.4939154693227
 40
24.4939154693227
 40
24.4939154693227
 40
24.4939154693227
 40
25.4939154693227
 40
25.4939154693227
 40
25.4939154693227
 40
33.99542121830618
 40
33.99542121830618
 40
33.99542121830618
 40
34.99542121830618
 40
34.99542121830618
 40
34.99542121830618
 40
35.99542121830618
 40
35.99542121830618
 40
35.99542121830618
 40
36.99542121830618
 40
36.99542121830618
 40
36.99542121830618
 40
37.99542121830618
 40
37.99542121830618
 40
37.99542121830618
 40
38.99542121830618
 40
38.99542121830618
 40
38.99542121830618
 40
39.99542121830618
 40
39.99542121830618
 40
39.99542121830618
 40
40.99542121830618
 40
40.99542121830618
 40
40.99542121830618
 40
41.99542121830618
 40
41.99542121830618
 40
41.99542121830618
 40
42.99542121830618
 40
42.99542121830618
 40
42.99542121830618
 40
43.99542121830618
 40
43.99542121830618
 40
43.99542121830618
 40
53.92542121830618
 40
53.92542121830618
 40
53.92542121830618
 40
62.42542121830618
 40
62.42542121830618
 40
62.42542121830618
 40
63.42542121830618
 40
63.42542121830618
 40
63.42542121830618
 40
64.42542121830618
 40
64.42542121830618
 40
64.42542121830618
 40
65.42542121830618
 40
65.42542121830618
 40
65.42542121830618
 40
66.42542121830618
 40
66.42542121830618
 40
66.42542121830618
 40
67.42542121830618
 40
67.42542121830618
 40
67.42542121830618
 40
68.42542121830618
 40
68.42542121830618
 40
68.42542121830618
 40
78.3454212183062
 40
78.3454212183062
 40
78.3454212183062
 40
86.8454212183062
 40
86.8454212183062
 40
86.8454212183062
 40
87.8454212183062
 40
87.8454212183062
 40
87.8454212183062
 40
88.8454212183062
 40
88.8454212183062
 40
88.8454212183062
 40
89.8454212183062
 40
89.8454212183062
 40
89.8454212183062
 40
90.8454212183062
 40
90.8454212183062
 40
90.8454212183062
 40
91.8454212183062
 40
91.8454212183062
 40
91.8454212183062
 40
92.8454212183062
 40
92.8454212183062
 40
92.8454212183062
 40
102.7654212183062
 40
102.7654212183062
 40
102.7654212183062
 40
111.2754212183062
 40
111.2754212183062
 40
111.2754212183062
 40
112.2754212183062
 40
112.2754212183062
 40
112.2754212183062
 40
113.2754212183062
 40
113.2754212183062
 40
113.2754212183062
 40
114.2754212183062
 40
114.2754212183062
 40
114.2754212183062
 40
115.2754212183062
 40
115.2754212183062
 40
115.2754212183062
 40
116.2754212183062
 40
116.2754212183062
 40
116.2754212183062
 40
117.2754212183062
 40
117.2754212183062
 40
117.2754212183062
 40
118.2754212183062
 40
118.2754212183062
 40
118.2754212183062
 40
119.2754212183062
 40
119.2754212183062
 40
119.2754212183062
 40
120.2754212183062
 40
120.2754212183062
 40
120.2754212183062
 40
121.2754212183062
 40
121.2754212183062
 40
121.2754212183062
 40
122.2754212183062
 40
122.2754212183062
 40
122.2754212183062
 40
130.7681405119129
 40
130.7681405119129
 40
130.7681405119129
 40
131.7681405119129
 40
131.7681405119129
 40
131.7681405119129
 40
132.7681405119129
 40
132.7681405119129
 40
132.7681405119129
 40
133.7681405119129
 40
133.7681405119129
 40
133.7681405119129
 40
134.7681405119129
 40
134.7681405119129
 40
134.7681405119129
 40
135.7681405119129
 40
135.7681405119129
 40
135.7681405119129
 40
136.7681405119129
 40
136.7681405119129
 40
136.7681405119129
 40
137.7681405119129
 40
137.7681405119129
 40
137.7681405119129
 40
138.7681405119129
 40
138.7681405119129
 40
138.7681405119129
 40
147.2630319767875
 40
147.2630319767875
 40
147.2630319767875
 40
148.2630319767875
 40
148.2630319767875
 40
148.2630319767875
 40
149.2630319767875
 40
149.2630319767875
 40
149.2630319767875
 40
150.2630319767875
 40
150.2630319767875
 40
150.2630319767875
 40
151.2630319767875
 40
151.2630319767875
 40
151.2630319767875
 40
151.2630319767875
 10
135.9701511111111
 20
101.1445638888889
 30
0.0
 10
138.73734
 20
101.6575027777778
 30
0.0
 10
138.9765233333333
 20
103.235125
 30
0.0
 10
142.4612622222222
 20
104.9545638888889
 30
0.0
 10
145.9474122222222
 20
106.6747083333333
 30
0.0
 10
147.2008316666667
 20
109.5417333333333
 30
0.0
 10
150.0018872222222
 20
109.5417333333333
 30
0.0
 10
152.8029427777778
 20
109.5417333333333
 30
0.0
 10
154.0524816666667
 20
106.6747083333333
 30
0.0
 10
157.5386316666667
 20
104.9545638888889
 30
0.0
 10
161.0233705555555
 20
103.235125
 30
0.0
 10
161.2625538888889
 20
101.6575027777778
 30
0.0
 10
164.0297427777778
 20
101.1445638888889
 30
0.0
 10
172.9377344444445
 20
99.49321111111111
 30
0.0
 10
171.9234983333333
 20
106.0499388888889
 30
0.0
 10
178.0300816666667
 20
104.6882166666667
 30
0.0
 10
178.0829983333333
 20
104.6741055555555
 30
0.0
 10
177.9559983333333
 20
103.8979944444444
 30
0.0
 10
177.7478594444444
 20
102.9560777777778
 30
0.0
 10
177.5361927777778
 20
102.0106333333333
 30
0.0
 10
177.3068872222222
 20
101.4391333333333
 30
0.0
 10
177.2680816666667
 20
101.2698
 30
0.0
 10
177.0775816666667
 20
100.4160777777778
 30
0.0
 10
176.5096094444444
 20
97.85491111111111
 30
0.0
 10
176.5096094444444
 20
97.85491111111111
 30
0.0
 10
177.484452037037
 20
97.6373648148148
 30
0.0
 10
178.4592946296296
 20
97.41981851851851
 30
0.0
 10
179.4341372222222
 20
97.2022722222222
 30
0.0
 10
179.4341372222222
 20
97.2022722222222
 30
0.0
 10
180.0056372222222
 20
99.7599111111111
 30
0.0
 10
180.1961372222222
 20
100.6171611111111
 30
0.0
 10
180.2384705555556
 20
100.7864944444444
 30
0.0
 10
180.2666927777778
 20
101.4038555555556
 30
0.0
 10
180.4818872222222
 20
102.3457722222222
 30
0.0
 10
180.6900261111111
 20
103.2841611111111
 30
0.0
 10
180.9016927777778
 20
104.03205
 30
0.0
 10
180.961665
 20
104.03205
 30
0.0
 10
183.3393872222222
 20
103.4993555555556
 30
0.0
 10
183.3252761111111
 20
102.3246055555556
 30
0.0
 10
186.5634233333333
 20
101.5943555555555
 30
0.0
 10
189.7952205555555
 20
100.8746888888889
 30
0.0
 10
190.2926372222222
 20
101.9436055555555
 30
0.0
 10
192.6703594444444
 20
101.4109111111111
 30
0.0
 10
192.7232761111111
 20
101.3968
 30
0.0
 10
192.5962761111111
 20
100.6242166666667
 30
0.0
 10
192.3842566666667
 20
99.6823
 30
0.0
 10
192.1729427777778
 20
98.73685555555555
 30
0.0
 10
191.9468122222222
 20
98.16535555555555
 30
0.0
 10
191.9048316666667
 20
97.99602222222221
 30
0.0
 10
191.7143316666666
 20
97.13877222222222
 30
0.0
 10
191.1463594444444
 20
94.57760555555555
 30
0.0
 10
191.1463594444444
 20
94.57760555555555
 30
0.0
 10
192.122377962963
 20
94.36123518518518
 30
0.0
 10
193.0983964814815
 20
94.14486481481481
 30
0.0
 10
194.074415
 20
93.92849444444444
 30
0.0
 10
194.074415
 20
93.92849444444444
 30
0.0
 10
194.645915
 20
96.48613333333333
 30
0.0
 10
194.8328872222222
 20
97.34338333333334
 30
0.0
 10
194.8752205555555
 20
97.51271666666665
 30
0.0
 10
194.9069705555555
 20
98.12655
 30
0.0
 10
195.1182844444444
 20
99.07199444444444
 30
0.0
 10
195.3303038888889
 20
100.0103833333333
 30
0.0
 10
195.5384427777778
 20
100.7582722222222
 30
0.0
 10
195.598415
 20
100.7582722222222
 30
0.0
 10
199.8458594444444
 20
99.80929999999998
 30
0.0
 10
204.5977761111111
 20
101.5590777777778
 30
0.0
 10
202.3788038888889
 20
97.47743888888888
 30
0.0
 10
200.1668872222222
 20
93.39932777777777
 30
0.0
 10
198.4488594444444
 20
90.4254111111111
 30
0.0
 10
199.7153316666667
 20
87.14457777777777
 30
0.0
 10
200.9818038888889
 20
83.86374444444444
 30
0.0
 10
197.7186094444444
 20
84.68571666666666
 30
0.0
 10
195.7148316666666
 20
83.21110555555555
 30
0.0
 10
193.7145816666666
 20
81.73649444444445
 30
0.0
 10
184.0484705555556
 20
89.45527222222222
 30
0.0
 10
177.0846372222222
 20
86.59071666666667
 30
0.0
 10
170.1243316666666
 20
83.72616111111111
 30
0.0
 10
168.8366927777778
 20
77.89121666666665
 30
0.0
 10
161.5094983333333
 20
77.89474444444444
 30
0.0
 10
161.4565816666667
 20
77.89827222222222
 30
0.0
 10
161.4142483333333
 20
78.6779111111111
 30
0.0
 10
161.4142483333333
 20
79.64452222222222
 30
0.0
 10
161.4142483333333
 20
80.61113333333333
 30
0.0
 10
161.5094983333333
 20
81.22496666666666
 30
0.0
 10
161.5130261111111
 20
81.39077222222221
 30
0.0
 10
161.5130261111111
 20
82.55846666666666
 30
0.0
 10
161.5130261111111
 20
83.7261611111111
 30
0.0
 10
161.5130261111111
 20
84.89385555555555
 30
0.0
 10
160.5134890740741
 20
84.89385555555555
 30
0.0
 10
159.513952037037
 20
84.89385555555555
 30
0.0
 10
158.514415
 20
84.89385555555555
 30
0.0
 10
158.514415
 20
84.89385555555555
 30
0.0
 10
158.514415
 20
82.27271666666665
 30
0.0
 10
158.5108872222222
 20
81.39429999999999
 30
0.0
 10
158.5179427777778
 20
81.22143888888888
 30
0.0
 10
158.6131927777778
 20
80.6146611111111
 30
0.0
 10
158.6131927777778
 20
79.64805
 30
0.0
 10
158.609665
 20
78.68496666666667
 30
0.0
 10
158.5708594444444
 20
77.89827222222222
 30
0.0
 10
158.5108872222222
 20
77.89827222222222
 30
0.0
 10
152.5108427777778
 20
77.89827222222222
 30
0.0
 10
154.5386094444444
 20
91.89296666666665
 30
0.0
 10
151.5011927777778
 20
91.89296666666665
 30
0.0
 10
151.4447483333333
 20
91.89296666666665
 30
0.0
 10
151.402415
 20
92.67613333333333
 30
0.0
 10
151.402415
 20
93.64627222222222
 30
0.0
 10
151.402415
 20
94.61288333333333
 30
0.0
 10
151.5011927777778
 20
95.2196611111111
 30
0.0
 10
151.5011927777778
 20
95.39604999999999
 30
0.0
 10
151.5011927777778
 20
96.5625685185185
 30
0.0
 10
151.5011927777778
 20
97.72908703703702
 30
0.0
 10
151.5011927777778
 20
98.89560555555555
 30
0.0
 10
150.5016557407407
 20
98.89560555555555
 30
0.0
 10
149.5021187037037
 20
98.89560555555555
 30
0.0
 10
148.5025816666667
 20
98.89560555555555
 30
0.0
 10
148.5025816666667
 20
98.89560555555555
 30
0.0
 10
148.4990538888889
 20
96.27093888888888
 30
0.0
 10
148.4990538888889
 20
95.39604999999999
 30
0.0
 10
148.4990538888889
 20
95.2196611111111
 30
0.0
 10
148.6010066666667
 20
94.61288333333333
 30
0.0
 10
148.6010066666667
 20
93.64627222222222
 30
0.0
 10
148.6010066666667
 20
92.67613333333333
 30
0.0
 10
148.5554983333333
 20
91.89296666666665
 30
0.0
 10
148.4990538888889
 20
91.89296666666665
 30
0.0
 10
145.4616372222222
 20
91.89296666666665
 30
0.0
 10
147.4890511111111
 20
77.89827222222222
 30
0.0
 10
141.4893594444444
 20
77.89827222222222
 30
0.0
 10
141.432915
 20
77.89827222222222
 30
0.0
 10
141.3941094444444
 20
78.68496666666667
 30
0.0
 10
141.3905816666667
 20
79.64805
 30
0.0
 10
141.3905816666667
 20
80.6146611111111
 30
0.0
 10
141.4858316666667
 20
81.22143888888888
 30
0.0
 10
141.4893594444444
 20
81.39429999999999
 30
0.0
 10
141.4893594444444
 20
82.5608185185185
 30
0.0
 10
141.4893594444444
 20
83.72733703703703
 30
0.0
 10
141.4893594444444
 20
84.89385555555555
 30
0.0
 10
140.4886464814815
 20
84.89385555555555
 30
0.0
 10
139.4879335185185
 20
84.89385555555555
 30
0.0
 10
138.4872205555556
 20
84.89385555555555
 30
0.0
 10
138.4872205555556
 20
84.89385555555555
 30
0.0
 10
138.4872205555556
 20
82.26918888888889
 30
0.0
 10
138.4907483333333
 20
81.39077222222221
 30
0.0
 10
138.4907483333333
 20
81.22496666666666
 30
0.0
 10
138.5895261111111
 20
80.61113333333333
 30
0.0
 10
138.5895261111111
 20
79.64452222222222
 30
0.0
 10
138.5895261111111
 20
78.6779111111111
 30
0.0
 10
138.543665
 20
77.89827222222222
 30
0.0
 10
138.4942761111111
 20
77.89474444444444
 30
0.0
 10
131.1670816666667
 20
77.89121666666665
 30
0.0
 10
129.875915
 20
83.72616111111111
 30
0.0
 10
122.9156094444444
 20
86.59071666666667
 30
0.0
 10
115.9517761111111
 20
89.45527222222222
 30
0.0
 10
106.2891927777778
 20
81.73649444444445
 30
0.0
 10
104.285415
 20
83.21110555555555
 30
0.0
 10
102.285165
 20
84.68571666666666
 30
0.0
 10
99.01844277777778
 20
83.86374444444444
 30
0.0
 10
100.2884427777778
 20
87.14457777777777
 30
0.0
 10
101.5513872222222
 20
90.4254111111111
 30
0.0
 10
99.83653444444445
 20
93.39932777777777
 30
0.0
 10
97.62144277777779
 20
97.47743888888888
 30
0.0
 10
95.40247055555555
 20
101.5590777777778
 30
0.0
 10
100.1543872222222
 20
99.80929999999998
 30
0.0
 10
104.4018316666667
 20
100.7582722222222
 30
0.0
 10
104.4618038888889
 20
100.7582722222222
 30
0.0
 10
104.6699427777778
 20
100.0103833333333
 30
0.0
 10
104.8816094444445
 20
99.07199444444444
 30
0.0
 10
105.0932761111111
 20
98.12655
 30
0.0
 10
105.1282011111111
 20
97.51271666666665
 30
0.0
 10
105.1673594444444
 20
97.34338333333334
 30
0.0
 10
105.3578594444444
 20
96.48613333333333
 30
0.0
 10
105.9290066666667
 20
93.92849444444444
 30
0.0
 10
105.9290066666667
 20
93.92849444444444
 30
0.0
 10
106.9039668518518
 20
94.14486481481481
 30
0.0
 10
107.878927037037
 20
94.36123518518518
 30
0.0
 10
108.8538872222222
 20
94.57760555555555
 30
0.0
 10
108.8538872222222
 20
94.57760555555555
 30
0.0
 10
108.285915
 20
97.13877222222222
 30
0.0
 10
108.095415
 20
97.99602222222221
 30
0.0
 10
108.0566094444444
 20
98.16535555555555
 30
0.0
 10
107.8273038888889
 20
98.73685555555555
 30
0.0
 10
107.6156372222222
 20
99.6823
 30
0.0
 10
107.4074983333333
 20
100.6242166666667
 30
0.0
 10
107.2804983333333
 20
101.3968
 30
0.0
 10
107.3330622222222
 20
101.4109111111111
 30
0.0
 10
109.7111372222222
 20
101.9436055555555
 30
0.0
 10
110.2050261111111
 20
100.8746888888889
 30
0.0
 10
113.4399983333333
 20
101.5943555555555
 30
0.0
 10
116.6746177777778
 20
102.3246055555556
 30
0.0
 10
116.6643872222222
 20
103.4993555555556
 30
0.0
 10
119.0421094444444
 20
104.03205
 30
0.0
 10
119.1020816666667
 20
104.03205
 30
0.0
 10
119.3137483333333
 20
103.2841611111111
 30
0.0
 10
119.5218872222222
 20
102.3457722222222
 30
0.0
 10
119.7335538888889
 20
101.4038555555556
 30
0.0
 10
119.7653038888889
 20
100.7864944444444
 30
0.0
 10
119.8041094444444
 20
100.6171611111111
 30
0.0
 10
119.9946094444444
 20
99.7599111111111
 30
0.0
 10
120.5692844444444
 20
97.2022722222222
 30
0.0
 10
120.5692844444444
 20
97.2022722222222
 30
0.0
 10
121.5442446296296
 20
97.41981851851851
 30
0.0
 10
122.5192048148148
 20
97.63736481481482
 30
0.0
 10
123.494165
 20
97.85491111111111
 30
0.0
 10
123.494165
 20
97.85491111111111
 30
0.0
 10
122.922665
 20
100.4160777777778
 30
0.0
 10
122.732165
 20
101.2698
 30
0.0
 10
122.6933594444444
 20
101.4391333333333
 30
0.0
 10
122.4675816666667
 20
102.0106333333333
 30
0.0
 10
122.255915
 20
102.9560777777778
 30
0.0
 10
122.0442483333333
 20
103.8979944444444
 30
0.0
 10
121.9172483333333
 20
104.6741055555555
 30
0.0
 10
121.970165
 20
104.6882166666667
 30
0.0
 10
128.0802761111111
 20
106.0499388888889
 30
0.0
 10
127.0656872222222
 20
99.49356388888887
 30
0.0
 10
135.9701511111111
 20
101.1445638888889
 30
0.0
  0
SPLINE
  5
16A
330
1F
100
AcDbEntity
  8
DEFAULT
 62
     3
100
AcDbSpline
210
0.0
220
0.0
230
1.0
 70
    11
 71
     3
 72
    14
 73
    10
 74
     0
 42
0.000000001
 43
0.0000000001
 40
0.0
 40
0.0
 40
0.0
 40
0.0
 40
1.0
 40
1.0
 40
1.0
 40
2.0
 40
2.0
 40
2.0
 40
3.0
 40
3.0
 40
3.0
 40
3.0
 10
195.1115111111111
 20
176.1747880555556
 30
0.0
 10
196.0269694444444
 20
177.8271991666667
 30
0.0
 10
195.8586944444444
 20
178.2050241666666
 30
0.0
 10
196.4809944444444
 20
176.9032741666666
 30
0.0
 10
197.1036472222222
 20
175.6011713888889
 30
0.0
 10
197.2281777777778
 20
175.8343575
 30
0.0
 10
195.8586944444444
 20
175.3753936111111
 30
0.0
 10
194.4888583333333
 20
174.9164297222222
 30
0.0
 10
194.4571083333333
 20
174.9933352777778
 30
0.0
 10
195.1115111111111
 20
176.1747880555556
 30
0.0
  0
SPLINE
  5
16B
330
1F
100
AcDbEntity
  8
DEFAULT
 62
     3
100
AcDbSpline
210
0.0
220
0.0
230
1.0
 70
    11
 71
     3
 72
    29
 73
    25
 74
     0
 42
0.000000001
 43
0.0000000001
 40
0.0
 40
0.0
 40
0.0
 40
0.0
 40
1.0
 40
1.0
 40
1.0
 40
2.0
 40
2.0
 40
2.0
 40
3.0
 40
3.0
 40
3.0
 40
4.0
 40
4.0
 40
4.0
 40
5.0
 40
5.0
 40
5.0
 40
6.0
 40
6.0
 40
6.0
 40
7.0
 40
7.0
 40
7.0
 40
8.0
 40
8.0
 40
8.0
 40
8.0
 10
239.2081336111111
 20
183.0542722222222
 30
0.0
 10
240.6404113888889
 20
183.5277
 30
0.0
 10
240.4125169444444
 20
184.2759416666666
 30
0.0
 10
241.4913113888888
 20
182.1197638888889
 30
0.0
 10
242.1499475
 20
180.8039027777778
 30
0.0
 10
243.2347391666666
 20
180.8518805555555
 30
0.0
 10
244.5213197222222
 20
180.9968722222222
 30
0.0
 10
245.8079002777777
 20
181.1418638888888
 30
0.0
 10
243.8157641666666
 20
180.1043444444444
 30
0.0
 10
244.2306308333333
 20
179.2742583333333
 30
0.0
 10
244.6458502777778
 20
178.4441722222222
 30
0.0
 10
240.9102863888889
 20
181.2646305555556
 30
0.0
 10
235.6394336111111
 20
181.1824333333333
 30
0.0
 10
230.3685808333333
 20
181.1002361111111
 30
0.0
 10
227.2972975
 20
181.0766
 30
0.0
 10
223.4375558333333
 20
180.4659416666667
 30
0.0
 10
219.5778141666667
 20
179.8552833333333
 30
0.0
 10
220.8227669444444
 20
179.9364222222222
 30
0.0
 10
224.0185808333333
 20
182.6351722222222
 30
0.0
 10
227.2143947222222
 20
185.3335694444444
 30
0.0
 10
225.6011419444444
 20
185.143775
 30
0.0
 10
227.0076669444444
 20
183.6860972222222
 30
0.0
 10
228.5242586111111
 20
182.114825
 30
0.0
 10
232.7343086111111
 20
180.9139694444444
 30
0.0
 10
239.2081336111111
 20
183.0542722222222
 30
0.0
  0
SPLINE
  5
16C
330
1F
100
AcDbEntity
  8
DEFAULT
 62
     3
100
AcDbSpline
210
0.0
220
0.0
230
1.0
 70
    11
 71
     3
 72
    17
 73
    13
 74
     0
 42
0.000000001
 43
0.0000000001
 40
0.0
 40
0.0
 40
0.0
 40
0.0
 40
1.0
 40
1.0
 40
1.0
 40
2.0
 40
2.0
 40
2.0
 40
3.0
 40
3.0
 40
3.0
 40
4.0
 40
4.0
 40
4.0
 40
4.0
 10
263.6541519444444
 20
174.58436
 30
0.0
 10
265.3968741666666
 20
174.0364961111111
 30
0.0
 10
264.2644575
 20
173.6988877777778
 30
0.0
 10
265.2666991666666
 20
172.3156461111111
 30
0.0
 10
266.2689408333333
 20
170.9320516666666
 30
0.0
 10
259.9605686111111
 20
175.3456544444444
 30
0.0
 10
256.6402241666667
 20
174.5984711111111
 30
0.0
 10
253.3198797222222
 20
173.8516405555555
 30
0.0
 10
257.0670852777777
 20
175.0930655555555
 30
0.0
 10
256.8060297222221
 20
176.7373627777777
 30
0.0
 10
256.5156936111111
 20
178.5686322222222
 30
0.0
 10
256.8060297222221
 20
176.7373627777777
 30
0.0
 10
263.6541519444444
 20
174.58436
 30
0.0
  0
SPLINE
  5
16D
330
1F
100
AcDbEntity
  8
DEFAULT
 62
     5
100
AcDbSpline
210
0.0
220
0.0
230
1.0
 70
    11
 71
     3
 72
    17
 73
    13
 74
     0
 42
0.000000001
 43
0.0000000001
 40
0.0
 40
0.0
 40
0.0
 40
0.0
 40
1.0
 40
1.0
 40
1.0
 40
2.0
 40
2.0
 40
2.0
 40
3.0
 40
3.0
 40
3.0
 40
4.0
 40
4.0
 40
4.0
 40
4.0
 10
268.8213233333333
 20
140.5516761111111
 30
0.0
 10
266.1331566666667
 20
141.1552788888889
 30
0.0
 10
268.8213233333333
 20
141.4854788888889
 30
0.0
 10
270.4356344444444
 20
143.1699927777778
 30
0.0
 10
272.8122983333333
 20
145.6500205555555
 30
0.0
 10
271.3898983333333
 20
138.8015455555555
 30
0.0
 10
278.2313177777777
 20
138.3725677777778
 30
0.0
 10
282.0190927777777
 20
138.1351483333333
 30
0.0
 10
277.2191983333333
 20
137.5989261111111
 30
0.0
 10
276.6653372222222
 20
136.6294927777778
 30
0.0
 10
275.9185066666666
 20
135.3224511111111
 30
0.0
 10
274.9222622222222
 20
139.1821927777778
 30
0.0
 10
268.8213233333333
 20
140.5516761111111
 30
0.0
  0
SPLINE
  5
16E
330
1F
100
AcDbEntity
  8
DEFAULT
 62
     5
100
AcDbSpline
210
0.0
220
0.0
230
1.0
 70
    11
 71
     3
 72
    26
 73
    22
 74
     0
 42
0.000000001
 43
0.0000000001
 40
0.0
 40
0.0
 40
0.0
 40
0.0
 40
1.0
 40
1.0
 40
1.0
 40
2.0
 40
2.0
 40
2.0
 40
3.0
 40
3.0
 40
3.0
 40
4.0
 40
4.0
 40
4.0
 40
5.0
 40
5.0
 40
5.0
 40
6.0
 40
6.0
 40
6.0
 40
7.0
 40
7.0
 40
7.0
 40
7.0
 10
261.3290994444444
 20
139.8045633333333
 30
0.0
 10
257.3822216666666
 20
139.5392744444444
 30
0.0
 10
254.7519105555555
 20
138.7254161111111
 30
0.0
 10
252.2986938888889
 20
137.5672466666666
 30
0.0
 10
246.3194633333333
 20
134.7436133333333
 30
0.0
 10
249.6010022222222
 20
135.9899772222222
 30
0.0
 10
251.5102355555555
 20
134.7033966666667
 30
0.0
 10
253.4194688888888
 20
133.4168161111111
 30
0.0
 10
251.9251022222222
 20
134.9940855555555
 30
0.0
 10
254.9551105555555
 20
136.3219411111111
 30
0.0
 10
257.9847661111111
 20
137.6501494444444
 30
0.0
 10
262.9070744444444
 20
135.4054244444444
 30
0.0
 10
265.1482716666666
 20
132.0018244444444
 30
0.0
 10
266.1956688888889
 20
130.4115022222222
 30
0.0
 10
266.8514827777777
 20
129.9179661111111
 30
0.0
 10
269.9418161111111
 20
131.5869577777778
 30
0.0
 10
271.0625911111111
 20
132.1471688888889
 30
0.0
 10
262.6396688888889
 20
135.1859966666667
 30
0.0
 10
261.8487411111111
 20
137.9101466666667
 30
0.0
 10
261.3290994444444
 20
139.7008466666666
 30
0.0
 10
262.9695161111111
 20
139.9149827777778
 30
0.0
 10
261.3290994444444
 20
139.8045633333333
 30
0.0
  0
SPLINE
  5
16F
330
1F
100
AcDbEntity
  8
DEFAULT
 62
     5
100
AcDbSpline
210
0.0
220
0.0
230
1.0
 70
    11
 71
     3
 72
    98
 73
    94
 74
     0
 42
0.000000001
 43
0.0000000001
 40
1.0
 40
1.0
 40
1.0
 40
1.0
 40
2.0
 40
2.0
 40
2.0
 40
3.0
 40
3.0
 40
3.0
 40
4.0
 40
4.0
 40
4.0
 40
5.0
 40
5.0
 40
5.0
 40
6.0
 40
6.0
 40
6.0
 40
7.0
 40
7.0
 40
7.0
 40
8.0
 40
8.0
 40
8.0
 40
9.0
 40
9.0
 40
9.0
 40
10.0
 40
10.0
 40
10.0
 40
11.0
 40
11.0
 40
11.0
 40
12.0
 40
12.0
 40
12.0
 40
13.0
 40
13.0
 40
13.0
 40
14.0
 40
14.0
 40
14.0
 40
15.0
 40
15.0
 40
15.0
 40
16.0
 40
16.0
 40
16.0
 40
17.0
 40
17.0
 40
17.0
 40
18.0
 40
18.0
 40
18.0
 40
19.0
 40
19.0
 40
19.0
 40
20.0
 40
20.0
 40
20.0
 40
21.0
 40
21.0
 40
21.0
 40
22.0
 40
22.0
 40
22.0
 40
23.0
 40
23.0
 40
23.0
 40
24.0
 40
24.0
 40
24.0
 40
25.0
 40
25.0
 40
25.0
 40
26.0
 40
26.0
 40
26.0
 40
27.0
 40
27.0
 40
27.0
 40
28.0
 40
28.0
 40
28.0
 40
29.0
 40
29.0
 40
29.0
 40
30.0
 40
30.0
 40
30.0
 40
31.0
 40
31.0
 40
31.0
 40
32.0
 40
32.0
 40
32.0
 40
32.0
 10
179.9835886111111
 20
167.4768755555555
 30
0.0
 10
181.4465580555556
 20
168.0684838888889
 30
0.0
 10
182.2381913888889
 20
168.4434866666666
 30
0.0
 10
182.9853747222222
 20
170.6564616666666
 30
0.0
 10
184.0108997222222
 20
173.6935255555555
 30
0.0
 10
183.8736691666667
 20
171.3129811111111
 30
0.0
 10
186.0213802777778
 20
170.9319811111111
 30
0.0
 10
188.8852302777777
 20
170.4239811111111
 30
0.0
 10
194.4016163888889
 20
178.4962422222222
 30
0.0
 10
196.8918747222222
 20
181.4602811111111
 30
0.0
 10
199.3821330555555
 20
184.42432
 30
0.0
 10
194.5804747222222
 20
174.2202227777778
 30
0.0
 10
203.5389136111111
 20
176.9517811111111
 30
0.0
 10
211.3599969444444
 20
179.3365588888889
 30
0.0
 10
210.3828025
 20
184.014745
 30
0.0
 10
211.7297080555556
 20
182.8551644444444
 30
0.0
 10
213.8058052777778
 20
181.068345
 30
0.0
 10
215.8840191666667
 20
178.2701116666666
 30
0.0
 10
225.5540108333333
 20
186.3924672222222
 30
0.0
 10
229.4352719444444
 20
189.6521338888889
 30
0.0
 10
226.0323775
 20
183.1793672222222
 30
0.0
 10
232.5044386111111
 20
183.4280755555555
 30
0.0
 10
238.9761469444445
 20
183.6771366666666
 30
0.0
 10
240.2697830555555
 20
185.0363894444444
 30
0.0
 10
241.8886802777778
 20
186.9043477777778
 30
0.0
 10
242.7141802777778
 20
187.8572005555556
 30
0.0
 10
241.0674136111111
 20
183.5804755555555
 30
0.0
 10
243.5456775
 20
182.6593727777777
 30
0.0
 10
245.9251636111111
 20
181.7746061111111
 30
0.0
 10
252.3732358333333
 20
184.2585144444444
 30
0.0
 10
255.9094802777778
 20
184.42432
 30
0.0
 10
261.2219608333334
 20
184.6733811111111
 30
0.0
 10
253.3641886111111
 20
180.7561366666666
 30
0.0
 10
259.9198580555556
 20
177.994945
 30
0.0
 10
265.0728830555555
 20
175.8250088888889
 30
0.0
 10
265.2104663888888
 20
175.6916588888889
 30
0.0
 10
268.7590580555556
 20
177.0953616666666
 30
0.0
 10
270.2096802777777
 20
177.6689783333333
 30
0.0
 10
265.4828108333333
 20
174.6678977777778
 30
0.0
 10
267.6993136111111
 20
171.5546338888889
 30
0.0
 10
270.0040108333333
 20
168.3171922222222
 30
0.0
 10
274.0419052777777
 20
170.4970061111111
 30
0.0
 10
276.9145747222222
 20
169.3755255555555
 30
0.0
 10
282.9738858333333
 20
167.0101505555556
 30
0.0
 10
275.7412358333333
 20
170.514645
 30
0.0
 10
274.9859386111111
 20
166.14267
 30
0.0
 10
274.2380497222222
 20
161.8144394444444
 30
0.0
 10
275.1408080555555
 20
159.1873033333333
 30
0.0
 10
282.0810052777778
 20
158.2944227777778
 30
0.0
 10
287.5973913888889
 20
157.5846338888889
 30
0.0
 10
277.5393441666666
 20
159.2141144444444
 30
0.0
 10
277.5393441666666
 20
154.3101505555555
 30
0.0
 10
277.5393441666666
 20
150.3865561111111
 30
0.0
 10
280.4673997222222
 20
148.45792
 30
0.0
 10
282.9583636111111
 20
147.83562
 30
0.0
 10
285.5922025
 20
147.1773366666667
 30
0.0
 10
283.3700552777777
 20
146.8393755555555
 30
0.0
 10
283.8357219444444
 20
144.5360894444444
 30
0.0
 10
284.2527052777777
 20
142.4709283333333
 30
0.0
 10
283.7358858333333
 20
143.0625366666666
 30
0.0
 10
282.5794802777777
 20
144.3491172222222
 30
0.0
 10
278.7197386111111
 20
148.6448922222222
 30
0.0
 10
275.2582830555556
 20
146.2086088888889
 30
0.0
 10
276.0802552777777
 20
149.7275672222222
 30
0.0
 10
276.6545775
 20
152.1878394444444
 30
0.0
 10
275.7475858333333
 20
159.2582116666666
 30
0.0
 10
269.5640969444444
 20
165.7380338888889
 30
0.0
 10
263.2969997222222
 20
172.305345
 30
0.0
 10
258.2752080555555
 20
173.3015894444444
 30
0.0
 10
254.5812719444444
 20
172.8447422222222
 30
0.0
 10
250.8876886111111
 20
172.3882477777778
 30
0.0
 10
255.4529858333333
 20
175.4595311111111
 30
0.0
 10
255.1210219444444
 20
178.3039783333333
 30
0.0
 10
254.7043913888889
 20
181.8723255555555
 30
0.0
 10
251.6884941666667
 20
183.2834366666666
 30
0.0
 10
249.1446136111111
 20
182.0585922222222
 30
0.0
 10
246.9034163888889
 20
180.979445
 30
0.0
 10
245.9487997222222
 20
179.1118394444444
 30
0.0
 10
245.6997386111111
 20
176.0821838888889
 30
0.0
 10
245.5356969444444
 20
174.0858144444444
 30
0.0
 10
245.2883997222222
 20
179.6639366666666
 30
0.0
 10
234.4937525
 20
179.8498505555555
 30
0.0
 10
224.3256386111111
 20
180.0248283333333
 30
0.0
 10
216.1235552777777
 20
178.39817
 30
0.0
 10
210.2621525
 20
177.1574505555555
 30
0.0
 10
199.0833302777777
 20
174.7917227777777
 30
0.0
 10
191.1193719444445
 20
171.8467338888889
 30
0.0
 10
187.3460608333333
 20
169.6492811111111
 30
0.0
 10
183.5632247222222
 20
167.4458311111111
 30
0.0
 10
181.4483219444444
 20
164.6094977777778
 30
0.0
 10
180.6013025
 20
165.5157838888888
 30
0.0
 10
178.9492441666667
 20
167.2832005555555
 30
0.0
 10
178.1392663888889
 20
166.7314561111111
 30
0.0
 10
179.9835886111111
 20
167.4768755555555
 30
0.0
  0
POLYLINE
  5
170
330
1F
100
AcDbEntity
  8
DEFAULT
 62
   250
100
AcDb2dPolyline
 66
     1
 10
0.0
 20
0.0
 30
0.0
  0
VERTEX
  5
171
330
170
100
AcDbEntity
  8
DEFAULT
 62
   250
100
AcDbVertex
100
AcDb2dVertex
 10
259.4182786111111
 20
131.5374983333333
 30
0.0
  0
VERTEX
  5
172
330
170
100
AcDbEntity
  8
DEFAULT
 62
   250
100
AcDbVertex
100
AcDb2dVertex
 10
258.8580674999999
 20
130.5694761111111
 30
0.0
  0
VERTEX
  5
173
330
170
100
AcDbEntity
  8
DEFAULT
 62
   250
100
AcDbVertex
100
AcDb2dVertex
 10
258.2146008333333
 20
132.2342344444444
 30
0.0
  0
VERTEX
  5
174
330
170
100
AcDbEntity
  8
DEFAULT
 62
   250
100
AcDbVertex
100
AcDb2dVertex
 10
257.6603869444444
 20
131.2764427777778
 30
0.0
  0
SEQEND
  5
175
330
170
100
AcDbEntity
  8
DEFAULT
 62
   250
  0
POLYLINE
  5
176
330
1F
100
AcDbEntity
  8
DEFAULT
 62
   250
100
AcDb2dPolyline
 66
     1
 10
0.0
 20
0.0
 30
0.0
  0
VERTEX
  5
177
330
176
100
AcDbEntity
  8
DEFAULT
 62
   250
100
AcDbVertex
100
AcDb2dVertex
 10
269.2713266666667
 20
137.2136927777778
 30
0.0
  0
VERTEX
  5
178
330
176
100
AcDbEntity
  8
DEFAULT
 62
   250
100
AcDbVertex
100
AcDb2dVertex
 10
268.7111155555556
 20
136.2456705555556
 30
0.0
  0
VERTEX
  5
179
330
176
100
AcDbEntity
  8
DEFAULT
 62
   250
100
AcDbVertex
100
AcDb2dVertex
 10
268.0676488888889
 20
137.9104288888889
 30
0.0
  0
VERTEX
  5
17A
330
176
100
AcDbEntity
  8
DEFAULT
 62
   250
100
AcDbVertex
100
AcDb2dVertex
 10
267.513435
 20
136.9526372222222
 30
0.0
  0
SEQEND
  5
17B
330
176
100
AcDbEntity
  8
DEFAULT
 62
   250
  0
POLYLINE
  5
17C
330
1F
100
AcDbEntity
  8
DEFAULT
 62
   250
100
AcDb2dPolyline
 66
     1
 10
0.0
 20
0.0
 30
0.0
  0
VERTEX
  5
17D
330
17C
100
AcDbEntity
  8
DEFAULT
 62
   250
100
AcDbVertex
100
AcDb2dVertex
 10
279.1103694444445
 20
142.9004352777778
 30
0.0
  0
VERTEX
  5
17E
330
17C
100
AcDbEntity
  8
DEFAULT
 62
   250
100
AcDbVertex
100
AcDb2dVertex
 10
278.5501583333333
 20
141.9324130555555
 30
0.0
  0
VERTEX
  5
17F
330
17C
100
AcDbEntity
  8
DEFAULT
 62
   250
100
AcDbVertex
100
AcDb2dVertex
 10
277.9066916666666
 20
143.5971713888889
 30
0.0
  0
VERTEX
  5
180
330
17C
100
AcDbEntity
  8
DEFAULT
 62
   250
100
AcDbVertex
100
AcDb2dVertex
 10
277.3524777777778
 20
142.6393797222222
 30
0.0
  0
SEQEND
  5
181
330
17C
100
AcDbEntity
  8
DEFAULT
 62
   250
  0
POLYLINE
  5
182
330
1F
100
AcDbEntity
  8
DEFAULT
 62
   250
100
AcDb2dPolyline
 66
     1
 10
0.0
 20
0.0
 30
0.0
  0
VERTEX
  5
183
330
182
100
AcDbEntity
  8
DEFAULT
 62
   250
100
AcDbVertex
100
AcDb2dVertex
 10
283.8356161111111
 20
152.3108530555555
 30
0.0
  0
VERTEX
  5
184
330
182
100
AcDbEntity
  8
DEFAULT
 62
   250
100
AcDbVertex
100
AcDb2dVertex
 10
283.2870466666667
 20
151.3361280555555
 30
0.0
  0
VERTEX
  5
185
330
182
100
AcDbEntity
  8
DEFAULT
 62
   250
100
AcDbVertex
100
AcDb2dVertex
 10
282.6238244444444
 20
152.9927725
 30
0.0
  0
VERTEX
  5
186
330
182
100
AcDbEntity
  8
DEFAULT
 62
   250
100
AcDbVertex
100
AcDb2dVertex
 10
282.0812522222222
 20
152.0286308333333
 30
0.0
  0
SEQEND
  5
187
330
182
100
AcDbEntity
  8
DEFAULT
 62
   250
  0
POLYLINE
  5
188
330
1F
100
AcDbEntity
  8
DEFAULT
 62
   250
100
AcDb2dPolyline
 66
     1
 10
0.0
 20
0.0
 30
0.0
  0
VERTEX
  5
189
330
188
100
AcDbEntity
  8
DEFAULT
 62
   250
100
AcDbVertex
100
AcDb2dVertex
 10
282.1459516666666
 20
163.2551133333333
 30
0.0
  0
VERTEX
  5
18A
330
188
100
AcDbEntity
  8
DEFAULT
 62
   250
100
AcDbVertex
100
AcDb2dVertex
 10
281.775535
 20
162.199955
 30
0.0
  0
VERTEX
  5
18B
330
188
100
AcDbEntity
  8
DEFAULT
 62
   250
100
AcDbVertex
100
AcDb2dVertex
 10
280.8339711111111
 20
163.7158411111111
 30
0.0
  0
VERTEX
  5
18C
330
188
100
AcDbEntity
  8
DEFAULT
 62
   250
100
AcDbVertex
100
AcDb2dVertex
 10
280.467435
 20
162.6719716666666
 30
0.0
  0
SEQEND
  5
18D
330
188
100
AcDbEntity
  8
DEFAULT
 62
   250
  0
POLYLINE
  5
18E
330
1F
100
AcDbEntity
  8
DEFAULT
 62
   250
100
AcDb2dPolyline
 66
     1
 10
0.0
 20
0.0
 30
0.0
  0
VERTEX
  5
18F
330
18E
100
AcDbEntity
  8
DEFAULT
 62
   250
100
AcDbVertex
100
AcDb2dVertex
 10
274.8168522222222
 20
173.8326963888888
 30
0.0
  0
VERTEX
  5
190
330
18E
100
AcDbEntity
  8
DEFAULT
 62
   250
100
AcDbVertex
100
AcDb2dVertex
 10
274.6341133333333
 20
172.7292075
 30
0.0
  0
VERTEX
  5
191
330
18E
100
AcDbEntity
  8
DEFAULT
 62
   250
100
AcDbVertex
100
AcDb2dVertex
 10
273.4448994444444
 20
174.0598852777778
 30
0.0
  0
VERTEX
  5
192
330
18E
100
AcDbEntity
  8
DEFAULT
 62
   250
100
AcDbVertex
100
AcDb2dVertex
 10
273.2639244444444
 20
172.9683908333333
 30
0.0
  0
SEQEND
  5
193
330
18E
100
AcDbEntity
  8
DEFAULT
 62
   250
  0
POLYLINE
  5
194
330
1F
100
AcDbEntity
  8
DEFAULT
 62
   250
100
AcDb2dPolyline
 66
     1
 10
0.0
 20
0.0
 30
0.0
  0
VERTEX
  5
195
330
194
100
AcDbEntity
  8
DEFAULT
 62
   250
100
AcDbVertex
100
AcDb2dVertex
 10
264.3820383333333
 20
181.7545683333333
 30
0.0
  0
VERTEX
  5
196
330
194
100
AcDbEntity
  8
DEFAULT
 62
   250
100
AcDbVertex
100
AcDb2dVertex
 10
264.3950911111111
 20
180.6362627777778
 30
0.0
  0
VERTEX
  5
197
330
194
100
AcDbEntity
  8
DEFAULT
 62
   250
100
AcDbVertex
100
AcDb2dVertex
 10
262.9913883333333
 20
181.7383405555555
 30
0.0
  0
VERTEX
  5
198
330
194
100
AcDbEntity
  8
DEFAULT
 62
   250
100
AcDbVertex
100
AcDb2dVertex
 10
263.0044411111111
 20
180.6320294444444
 30
0.0
  0
SEQEND
  5
199
330
194
100
AcDbEntity
  8
DEFAULT
 62
   250
  0
POLYLINE
  5
19A
330
1F
100
AcDbEntity
  8
DEFAULT
 62
   250
100
AcDb2dPolyline
 66
     1
 10
0.0
 20
0.0
 30
0.0
  0
VERTEX
  5
19B
330
19A
100
AcDbEntity
  8
DEFAULT
 62
   250
100
AcDbVertex
100
AcDb2dVertex
 10
249.7765091666668
 20
187.2260105555556
 30
0.0
  0
VERTEX
  5
19C
330
19A
100
AcDbEntity
  8
DEFAULT
 62
   250
100
AcDbVertex
100
AcDb2dVertex
 10
249.9828841666668
 20
186.126755
 30
0.0
  0
VERTEX
  5
19D
330
19A
100
AcDbEntity
  8
DEFAULT
 62
   250
100
AcDbVertex
100
AcDb2dVertex
 10
248.4098480555555
 20
186.9691883333333
 30
0.0
  0
VERTEX
  5
19E
330
19A
100
AcDbEntity
  8
DEFAULT
 62
   250
100
AcDbVertex
100
AcDb2dVertex
 10
248.6141063888889
 20
185.8819272222222
 30
0.0
  0
SEQEND
  5
19F
330
19A
100
AcDbEntity
  8
DEFAULT
 62
   250
  0
POLYLINE
  5
1A0
330
1F
100
AcDbEntity
  8
DEFAULT
 62
   250
100
AcDb2dPolyline
 66
     1
 10
0.0
 20
0.0
 30
0.0
  0
VERTEX
  5
1A1
330
1A0
100
AcDbEntity
  8
DEFAULT
 62
   250
100
AcDbVertex
100
AcDb2dVertex
 10
234.9445319444444
 20
189.0770355555555
 30
0.0
  0
VERTEX
  5
1A2
330
1A0
100
AcDbEntity
  8
DEFAULT
 62
   250
100
AcDbVertex
100
AcDb2dVertex
 10
235.3389375
 20
188.0303438888889
 30
0.0
  0
VERTEX
  5
1A3
330
1A0
100
AcDbEntity
  8
DEFAULT
 62
   250
100
AcDbVertex
100
AcDb2dVertex
 10
233.6431347222222
 20
188.5866744444444
 30
0.0
  0
VERTEX
  5
1A4
330
1A0
100
AcDbEntity
  8
DEFAULT
 62
   250
100
AcDbVertex
100
AcDb2dVertex
 10
234.0333069444444
 20
187.5512716666667
 30
0.0
  0
SEQEND
  5
1A5
330
1A0
100
AcDbEntity
  8
DEFAULT
 62
   250
  0
POLYLINE
  5
1A6
330
1F
100
AcDbEntity
  8
DEFAULT
 62
   250
100
AcDb2dPolyline
 66
     1
 10
0.0
 20
0.0
 30
0.0
  0
VERTEX
  5
1A7
330
1A6
100
AcDbEntity
  8
DEFAULT
 62
   250
100
AcDbVertex
100
AcDb2dVertex
 10
218.8475288888889
 20
187.2229061111111
 30
0.0
  0
VERTEX
  5
1A8
330
1A6
100
AcDbEntity
  8
DEFAULT
 62
   250
100
AcDbVertex
100
AcDb2dVertex
 10
219.4179705555555
 20
186.2608811111111
 30
0.0
  0
VERTEX
  5
1A9
330
1A6
100
AcDbEntity
  8
DEFAULT
 62
   250
100
AcDbVertex
100
AcDb2dVertex
 10
217.6512594444444
 20
186.5138227777778
 30
0.0
  0
VERTEX
  5
1AA
330
1A6
100
AcDbEntity
  8
DEFAULT
 62
   250
100
AcDbVertex
100
AcDb2dVertex
 10
218.2157038888888
 20
185.5620283333333
 30
0.0
  0
SEQEND
  5
1AB
330
1A6
100
AcDbEntity
  8
DEFAULT
 62
   250
  0
POLYLINE
  5
1AC
330
1F
100
AcDbEntity
  8
DEFAULT
 62
   250
100
AcDb2dPolyline
 66
     1
 10
0.0
 20
0.0
 30
0.0
  0
VERTEX
  5
1AD
330
1AC
100
AcDbEntity
  8
DEFAULT
 62
   250
100
AcDbVertex
100
AcDb2dVertex
 10
203.4652888888888
 20
182.6592316666666
 30
0.0
  0
VERTEX
  5
1AE
330
1AC
100
AcDbEntity
  8
DEFAULT
 62
   250
100
AcDbVertex
100
AcDb2dVertex
 10
204.1941277777777
 20
181.8108011111111
 30
0.0
  0
VERTEX
  5
1AF
330
1AC
100
AcDbEntity
  8
DEFAULT
 62
   250
100
AcDbVertex
100
AcDb2dVertex
 10
202.4104833333333
 20
181.7532983333333
 30
0.0
  0
VERTEX
  5
1B0
330
1AC
100
AcDbEntity
  8
DEFAULT
 62
   250
100
AcDbVertex
100
AcDb2dVertex
 10
203.1312083333333
 20
180.9136872222222
 30
0.0
  0
SEQEND
  5
1B1
330
1AC
100
AcDbEntity
  8
DEFAULT
 62
   250
  0
POLYLINE
  5
1B2
330
1F
100
AcDbEntity
  8
DEFAULT
 62
   250
100
AcDb2dPolyline
 66
     1
 10
0.0
 20
0.0
 30
0.0
  0
VERTEX
  5
1B3
330
1B2
100
AcDbEntity
  8
DEFAULT
 62
   250
100
AcDbVertex
100
AcDb2dVertex
 10
188.75756
 20
177.4634852777778
 30
0.0
  0
VERTEX
  5
1B4
330
1B2
100
AcDbEntity
  8
DEFAULT
 62
   250
100
AcDbVertex
100
AcDb2dVertex
 10
189.6222183333334
 20
176.7540491666667
 30
0.0
  0
VERTEX
  5
1B5
330
1B2
100
AcDbEntity
  8
DEFAULT
 62
   250
100
AcDbVertex
100
AcDb2dVertex
 10
187.8756155555555
 20
176.3882186111111
 30
0.0
  0
VERTEX
  5
1B6
330
1B2
100
AcDbEntity
  8
DEFAULT
 62
   250
100
AcDbVertex
100
AcDb2dVertex
 10
188.7311016666666
 20
175.6865436111111
 30
0.0
  0
SEQEND
  5
1B7
330
1B2
100
AcDbEntity
  8
DEFAULT
 62
   250
  0
POLYLINE
  5
1B8
330
1F
100
AcDbEntity
  8
DEFAULT
 62
   250
100
AcDb2dPolyline
 66
     1
 10
0.0
 20
0.0
 30
0.0
  0
VERTEX
  5
1B9
330
1B8
100
AcDbEntity
  8
DEFAULT
 62
   250
100
AcDbVertex
100
AcDb2dVertex
 10
180.5824994444444
 20
176.1125227777778
 30
0.0
  0
VERTEX
  5
1BA
330
1B8
100
AcDbEntity
  8
DEFAULT
 62
   250
100
AcDbVertex
100
AcDb2dVertex
 10
179.5160522222222
 20
174.2699644444444
 30
0.0
  0
VERTEX
  5
1BB
330
1B8
100
AcDbEntity
  8
DEFAULT
 62
   250
100
AcDbVertex
100
AcDb2dVertex
 10
179.8331994444444
 20
174.0868727777778
 30
0.0
  0
SEQEND
  5
1BC
330
1B8
100
AcDbEntity
  8
DEFAULT
 62
   250
  0
POLYLINE
  5
1BD
330
1F
100
AcDbEntity
  8
DEFAULT
 62
   250
100
AcDb2dPolyline
 66
     1
 10
0.0
 20
0.0
 30
0.0
  0
VERTEX
  5
1BE
330
1BD
100
AcDbEntity
  8
DEFAULT
 62
   250
100
AcDbVertex
100
AcDb2dVertex
 10
250.6300902777778
 20
177.7176263888888
 30
0.0
  0
VERTEX
  5
1BF
330
1BD
100
AcDbEntity
  8
DEFAULT
 62
   250
100
AcDbVertex
100
AcDb2dVertex
 10
249.5636430555555
 20
175.8750680555555
 30
0.0
  0
VERTEX
  5
1C0
330
1BD
100
AcDbEntity
  8
DEFAULT
 62
   250
100
AcDbVertex
100
AcDb2dVertex
 10
249.8807902777777
 20
175.6919763888889
 30
0.0
  0
SEQEND
  5
1C1
330
1BD
100
AcDbEntity
  8
DEFAULT
 62
   250
  0
SPLINE
  5
1C2
330
1F
100
AcDbEntity
  8
DEFAULT
 62
     1
100
AcDbSpline
210
0.0
220
0.0
230
1.0
 70
    11
 71
     3
 72
   380
 73
   376
 74
     0
 42
0.000000001
 43
0.0000000001
 40
1.0
 40
1.0
 40
1.0
 40
1.0
 40
2.0
 40
2.0
 40
2.0
 40
3.0
 40
3.0
 40
3.0
 40
4.0
 40
4.0
 40
4.0
 40
12.50760835958027
 40
12.50760835958027
 40
12.50760835958027
 40
13.50760835958027
 40
13.50760835958027
 40
13.50760835958027
 40
14.50760835958027
 40
14.50760835958027
 40
14.50760835958027
 40
15.50760835958027
 40
15.50760835958027
 40
15.50760835958027
 40
16.50760835958027
 40
16.50760835958027
 40
16.50760835958027
 40
17.50760835958027
 40
17.50760835958027
 40
17.50760835958027
 40
18.50760835958027
 40
18.50760835958027
 40
18.50760835958027
 40
19.50760835958027
 40
19.50760835958027
 40
19.50760835958027
 40
20.50760835958027
 40
20.50760835958027
 40
20.50760835958027
 40
21.50760835958027
 40
21.50760835958027
 40
21.50760835958027
 40
22.50760835958027
 40
22.50760835958027
 40
22.50760835958027
 40
31.01156038202257
 40
31.01156038202257
 40
31.01156038202257
 40
32.01156038202257
 40
32.01156038202257
 40
32.01156038202257
 40
33.01156038202257
 40
33.01156038202257
 40
33.01156038202257
 40
34.01156038202257
 40
34.01156038202257
 40
34.01156038202257
 40
35.01156038202257
 40
35.01156038202257
 40
35.01156038202257
 40
36.01156038202257
 40
36.01156038202257
 40
36.01156038202257
 40
37.01156038202257
 40
37.01156038202257
 40
37.01156038202257
 40
38.01156038202257
 40
38.01156038202257
 40
38.01156038202257
 40
39.01156038202257
 40
39.01156038202257
 40
39.01156038202257
 40
40.01156038202257
 40
40.01156038202257
 40
40.01156038202257
 40
41.01156038202257
 40
41.01156038202257
 40
41.01156038202257
 40
42.01156038202257
 40
42.01156038202257
 40
42.01156038202257
 40
43.01156038202257
 40
43.01156038202257
 40
43.01156038202257
 40
44.01156038202257
 40
44.01156038202257
 40
44.01156038202257
 40
45.01156038202257
 40
45.01156038202257
 40
45.01156038202257
 40
46.01156038202257
 40
46.01156038202257
 40
46.01156038202257
 40
54.51050737562126
 40
54.51050737562126
 40
54.51050737562126
 40
55.51050737562126
 40
55.51050737562126
 40
55.51050737562126
 40
56.51050737562126
 40
56.51050737562126
 40
56.51050737562126
 40
57.51050737562126
 40
57.51050737562126
 40
57.51050737562126
 40
58.51050737562126
 40
58.51050737562126
 40
58.51050737562126
 40
59.51050737562126
 40
59.51050737562126
 40
59.51050737562126
 40
60.51050737562126
 40
60.51050737562126
 40
60.51050737562126
 40
61.51050737562126
 40
61.51050737562126
 40
61.51050737562126
 40
70.01811573520152
 40
70.01811573520152
 40
70.01811573520152
 40
71.01811573520152
 40
71.01811573520152
 40
71.01811573520152
 40
72.01811573520152
 40
72.01811573520152
 40
72.01811573520152
 40
73.01811573520152
 40
73.01811573520152
 40
73.01811573520152
 40
74.01811573520152
 40
74.01811573520152
 40
74.01811573520152
 40
75.01811573520152
 40
75.01811573520152
 40
75.01811573520152
 40
76.01811573520152
 40
76.01811573520152
 40
76.01811573520152
 40
77.01811573520152
 40
77.01811573520152
 40
77.01811573520152
 40
85.5220677576438
 40
85.5220677576438
 40
85.5220677576438
 40
86.5220677576438
 40
86.5220677576438
 40
86.5220677576438
 40
87.5220677576438
 40
87.5220677576438
 40
87.5220677576438
 40
88.5220677576438
 40
88.5220677576438
 40
88.5220677576438
 40
89.5220677576438
 40
89.5220677576438
 40
89.5220677576438
 40
90.5220677576438
 40
90.5220677576438
 40
90.5220677576438
 40
91.5220677576438
 40
91.5220677576438
 40
91.5220677576438
 40
92.5220677576438
 40
92.5220677576438
 40
92.5220677576438
 40
101.0248320140489
 40
101.0248320140489
 40
101.0248320140489
 40
102.0248320140489
 40
102.0248320140489
 40
102.0248320140489
 40
103.0248320140489
 40
103.0248320140489
 40
103.0248320140489
 40
104.0248320140489
 40
104.0248320140489
 40
104.0248320140489
 40
105.0248320140489
 40
105.0248320140489
 40
105.0248320140489
 40
106.0248320140489
 40
106.0248320140489
 40
106.0248320140489
 40
107.0248320140489
 40
107.0248320140489
 40
107.0248320140489
 40
108.0248320140489
 40
108.0248320140489
 40
108.0248320140489
 40
116.5356075368788
 40
116.5356075368788
 40
116.5356075368788
 40
117.5356075368788
 40
117.5356075368788
 40
117.5356075368788
 40
118.5356075368788
 40
118.5356075368788
 40
118.5356075368788
 40
119.5356075368788
 40
119.5356075368788
 40
119.5356075368788
 40
120.5356075368788
 40
120.5356075368788
 40
120.5356075368788
 40
121.5356075368788
 40
121.5356075368788
 40
121.5356075368788
 40
122.5356075368788
 40
122.5356075368788
 40
122.5356075368788
 40
123.5356075368788
 40
123.5356075368788
 40
123.5356075368788
 40
132.0399711227092
 40
132.0399711227092
 40
132.0399711227092
 40
133.0399711227092
 40
133.0399711227092
 40
133.0399711227092
 40
134.0399711227092
 40
134.0399711227092
 40
134.0399711227092
 40
135.0399711227092
 40
135.0399711227092
 40
135.0399711227092
 40
136.0399711227092
 40
136.0399711227092
 40
136.0399711227092
 40
137.0399711227092
 40
137.0399711227092
 40
137.0399711227092
 40
138.0399711227092
 40
138.0399711227092
 40
138.0399711227092
 40
139.0399711227092
 40
139.0399711227092
 40
139.0399711227092
 40
147.5505586464939
 40
147.5505586464939
 40
147.5505586464939
 40
148.5505586464939
 40
148.5505586464939
 40
148.5505586464939
 40
149.5505586464939
 40
149.5505586464939
 40
149.5505586464939
 40
150.5505586464939
 40
150.5505586464939
 40
150.5505586464939
 40
151.5505586464939
 40
151.5505586464939
 40
151.5505586464939
 40
152.5505586464939
 40
152.5505586464939
 40
152.5505586464939
 40
153.5505586464939
 40
153.5505586464939
 40
153.5505586464939
 40
154.5505586464939
 40
154.5505586464939
 40
154.5505586464939
 40
163.0567034841979
 40
163.0567034841979
 40
163.0567034841979
 40
164.0567034841979
 40
164.0567034841979
 40
164.0567034841979
 40
165.0567034841979
 40
165.0567034841979
 40
165.0567034841979
 40
166.0567034841979
 40
166.0567034841979
 40
166.0567034841979
 40
167.0567034841979
 40
167.0567034841979
 40
167.0567034841979
 40
168.0567034841979
 40
168.0567034841979
 40
168.0567034841979
 40
169.0567034841979
 40
169.0567034841979
 40
169.0567034841979
 40
170.0567034841979
 40
170.0567034841979
 40
170.0567034841979
 40
178.5632656570149
 40
178.5632656570149
 40
178.5632656570149
 40
179.5632656570149
 40
179.5632656570149
 40
179.5632656570149
 40
180.5632656570149
 40
180.5632656570149
 40
180.5632656570149
 40
181.5632656570149
 40
181.5632656570149
 40
181.5632656570149
 40
182.5632656570149
 40
182.5632656570149
 40
182.5632656570149
 40
183.5632656570149
 40
183.5632656570149
 40
183.5632656570149
 40
184.5632656570149
 40
184.5632656570149
 40
184.5632656570149
 40
185.5632656570149
 40
185.5632656570149
 40
185.5632656570149
 40
194.0731422718667
 40
194.0731422718667
 40
194.0731422718667
 40
195.0731422718667
 40
195.0731422718667
 40
195.0731422718667
 40
196.0731422718667
 40
196.0731422718667
 40
196.0731422718667
 40
197.0731422718667
 40
197.0731422718667
 40
197.0731422718667
 40
198.0731422718667
 40
198.0731422718667
 40
198.0731422718667
 40
199.0731422718667
 40
199.0731422718667
 40
199.0731422718667
 40
200.0731422718667
 40
200.0731422718667
 40
200.0731422718667
 40
201.0731422718667
 40
201.0731422718667
 40
201.0731422718667
 40
209.5757359937846
 40
209.5757359937846
 40
209.5757359937846
 40
210.5757359937846
 40
210.5757359937846
 40
210.5757359937846
 40
211.5757359937846
 40
211.5757359937846
 40
211.5757359937846
 40
212.5757359937846
 40
212.5757359937846
 40
212.5757359937846
 40
213.5757359937846
 40
213.5757359937846
 40
213.5757359937846
 40
214.5757359937846
 40
214.5757359937846
 40
214.5757359937846
 40
215.5757359937846
 40
215.5757359937846
 40
215.5757359937846
 40
216.5757359937846
 40
216.5757359937846
 40
216.5757359937846
 40
225.0737945956066
 40
225.0737945956066
 40
225.0737945956066
 40
226.0737945956066
 40
226.0737945956066
 40
226.0737945956066
 40
227.0737945956066
 40
227.0737945956066
 40
227.0737945956066
 40
228.0737945956066
 40
228.0737945956066
 40
228.0737945956066
 40
229.0737945956066
 40
229.0737945956066
 40
229.0737945956066
 40
230.0737945956066
 40
230.0737945956066
 40
230.0737945956066
 40
231.0737945956066
 40
231.0737945956066
 40
231.0737945956066
 40
231.0737945956066
 10
174.0502897222222
 20
167.4471716666666
 30
0.0
 10
174.0996786111111
 20
167.4224772222222
 30
0.0
 10
174.5300675
 20
168.0751161111111
 30
0.0
 10
175.0133730555555
 20
168.9147272222222
 30
0.0
 10
175.4966786111111
 20
169.7508105555555
 30
0.0
 10
175.7154008333333
 20
170.3293661111111
 30
0.0
 10
175.8035952777778
 20
170.4775327777778
 30
0.0
 10
176.2410397222222
 20
171.236005
 30
0.0
 10
177.5533730555555
 20
173.5078938888889
 30
0.0
 10
177.5533730555555
 20
173.5078938888889
 30
0.0
 10
178.420030462963
 20
173.0081253703703
 30
0.0
 10
179.2866878703703
 20
172.5083568518518
 30
0.0
 10
180.1533452777778
 20
172.0085883333333
 30
0.0
 10
180.1533452777778
 20
172.0085883333333
 30
0.0
 10
178.8374841666667
 20
169.7366994444444
 30
0.0
 10
178.4000397222222
 20
168.9782272222222
 30
0.0
 10
178.3118452777778
 20
168.8265327777778
 30
0.0
 10
177.9237897222222
 20
168.3502827777777
 30
0.0
 10
177.4369563888889
 20
167.5141994444444
 30
0.0
 10
176.9536508333333
 20
166.6745883333333
 30
0.0
 10
176.6008730555556
 20
165.9760883333333
 30
0.0
 10
176.6502619444444
 20
165.9478661111111
 30
0.0
 10
178.7175397222222
 20
164.7519494444444
 30
0.0
 10
180.9400397222222
 20
161.0230883333333
 30
0.0
 10
183.4306508333333
 20
164.568505
 30
0.0
 10
185.9212619444444
 20
168.1139216666666
 30
0.0
 10
194.9453175
 20
173.9735605555555
 30
0.0
 10
227.9794286111111
 20
177.713005
 30
0.0
 10
233.8743452777778
 20
178.379755
 30
0.0
 10
245.2020397222222
 20
176.9580605555555
 30
0.0
 10
243.0007063888889
 20
173.1515883333333
 30
0.0
 10
242.1716786111111
 20
171.7157827777778
 30
0.0
 10
242.6620397222222
 20
169.8813383333333
 30
0.0
 10
244.0978452777778
 20
169.0523105555555
 30
0.0
 10
244.1437063888889
 20
169.0240883333333
 30
0.0
 10
244.5740952777778
 20
169.680255
 30
0.0
 10
245.0574008333333
 20
170.5163383333333
 30
0.0
 10
245.5442341666666
 20
171.3524216666666
 30
0.0
 10
245.7594286111111
 20
171.9309772222222
 30
0.0
 10
245.8476230555555
 20
172.0826716666666
 30
0.0
 10
246.2850675
 20
172.8376161111111
 30
0.0
 10
247.6009286111111
 20
175.1130327777778
 30
0.0
 10
247.6009286111111
 20
175.1130327777778
 30
0.0
 10
248.4664100925926
 20
174.6120883333333
 30
0.0
 10
249.3318915740741
 20
174.1111438888888
 30
0.0
 10
250.1973730555555
 20
173.6101994444444
 30
0.0
 10
250.1973730555555
 20
173.6101994444444
 30
0.0
 10
248.8815119444444
 20
171.3383105555555
 30
0.0
 10
248.4440675
 20
170.5798383333333
 30
0.0
 10
248.3594008333333
 20
170.4281438888889
 30
0.0
 10
247.9678175
 20
169.9518938888889
 30
0.0
 10
247.4845119444444
 20
169.1158105555555
 30
0.0
 10
246.9976786111111
 20
168.2761994444444
 30
0.0
 10
246.6449008333333
 20
167.5776994444444
 30
0.0
 10
246.6942897222222
 20
167.5494772222222
 30
0.0
 10
248.1300952777778
 20
166.7204494444444
 30
0.0
 10
249.9610119444444
 20
167.2108105555555
 30
0.0
 10
250.7935675
 20
168.6466161111111
 30
0.0
 10
254.0638175
 20
174.3051716666666
 30
0.0
 10
269.0850952777777
 20
168.9888105555555
 30
0.0
 10
273.4172063888889
 20
153.2619772222222
 30
0.0
 10
275.8690119444444
 20
144.3472827777778
 30
0.0
 10
263.5676508333333
 20
142.2129772222222
 30
0.0
 10
253.6404841666667
 20
140.2656438888889
 30
0.0
 10
249.5482619444444
 20
139.4648383333333
 30
0.0
 10
246.3979563888889
 20
137.422255
 30
0.0
 10
244.0943175
 20
135.4325883333333
 30
0.0
 10
241.7906786111111
 20
133.4393938888888
 30
0.0
 10
245.9322897222222
 20
127.8690327777778
 30
0.0
 10
247.1140952777777
 20
129.9856994444444
 30
0.0
 10
248.2959008333333
 20
132.1023661111111
 30
0.0
 10
248.5287341666667
 20
132.4833661111111
 30
0.0
 10
250.5184008333333
 20
131.3333105555555
 30
0.0
 10
252.3457897222222
 20
130.2749772222222
 30
0.0
 10
251.6225952777777
 20
130.691255
 30
0.0
 10
253.1148452777778
 20
129.8304772222222
 30
0.0
 10
254.3989563888889
 20
129.0861161111111
 30
0.0
 10
251.8448452777778
 20
126.5778661111111
 30
0.0
 10
255.2703175
 20
124.5246994444444
 30
0.0
 10
258.6922619444444
 20
122.468005
 30
0.0
 10
264.7600397222222
 20
122.785505
 30
0.0
 10
266.1852619444444
 20
125.2443661111111
 30
0.0
 10
266.2134841666667
 20
125.2902272222222
 30
0.0
 10
265.5608452777777
 20
125.7206161111111
 30
0.0
 10
264.7212341666666
 20
126.2074494444444
 30
0.0
 10
263.8851508333333
 20
126.690755
 30
0.0
 10
263.3065952777778
 20
126.9059494444444
 30
0.0
 10
263.1584286111111
 20
126.9941438888889
 30
0.0
 10
262.3999563888888
 20
127.4315883333333
 30
0.0
 10
260.1280675
 20
128.7474494444444
 30
0.0
 10
260.1280675
 20
128.7474494444444
 30
0.0
 10
260.6278360185185
 20
129.6129309259259
 30
0.0
 10
261.127604537037
 20
130.4784124074074
 30
0.0
 10
261.6273730555556
 20
131.3438938888889
 30
0.0
 10
261.6273730555556
 20
131.3438938888889
 30
0.0
 10
263.8992619444444
 20
130.0315605555555
 30
0.0
 10
264.6577341666667
 20
129.5905883333333
 30
0.0
 10
264.8094286111111
 20
129.5059216666666
 30
0.0
 10
265.2856786111111
 20
129.1143383333333
 30
0.0
 10
266.1217619444444
 20
128.6310327777777
 30
0.0
 10
266.9613730555556
 20
128.1441994444444
 30
0.0
 10
267.6598730555555
 20
127.7914216666666
 30
0.0
 10
267.6880952777777
 20
127.8408105555555
 30
0.0
 10
268.5030119444444
 20
129.2871994444444
 30
0.0
 10
274.5390397222222
 20
128.3241161111111
 30
0.0
 10
276.0418730555555
 20
130.9205605555555
 30
0.0
 10
276.0665675
 20
130.9699494444444
 30
0.0
 10
275.4139286111111
 20
131.4003383333333
 30
0.0
 10
274.5743174999999
 20
131.8836438888889
 30
0.0
 10
273.7382341666666
 20
132.3669494444444
 30
0.0
 10
273.1596786111111
 20
132.5856716666667
 30
0.0
 10
273.0115119444444
 20
132.6738661111111
 30
0.0
 10
272.2530397222222
 20
133.1113105555555
 30
0.0
 10
269.9811508333333
 20
134.4236438888889
 30
0.0
 10
269.9811508333333
 20
134.4236438888889
 30
0.0
 10
270.4809193518518
 20
135.2903012962963
 30
0.0
 10
270.9806878703703
 20
136.1569587037037
 30
0.0
 10
271.4804563888889
 20
137.0236161111111
 30
0.0
 10
271.4804563888889
 20
137.0236161111111
 30
0.0
 10
273.7523452777777
 20
135.707755
 30
0.0
 10
274.5108175
 20
135.2703105555555
 30
0.0
 10
274.6625119444444
 20
135.1821161111111
 30
0.0
 10
275.1387619444445
 20
134.7905327777778
 30
0.0
 10
275.9748452777777
 20
134.3072272222222
 30
0.0
 10
276.8144563888889
 20
133.8239216666666
 30
0.0
 10
277.5129563888889
 20
133.4711438888889
 30
0.0
 10
277.5411786111111
 20
133.5205327777778
 30
0.0
 10
278.3560952777777
 20
134.9633938888889
 30
0.0
 10
284.3815397222222
 20
134.0108938888889
 30
0.0
 10
285.8808452777778
 20
136.6073383333333
 30
0.0
 10
285.9090675
 20
136.6531994444444
 30
0.0
 10
285.2529008333333
 20
137.0835883333333
 30
0.0
 10
284.4168175
 20
137.5704216666666
 30
0.0
 10
283.5807341666667
 20
138.0537272222222
 30
0.0
 10
283.0021786111111
 20
138.2724494444444
 30
0.0
 10
282.8504841666666
 20
138.3571161111111
 30
0.0
 10
282.0955397222222
 20
138.7980883333333
 30
0.0
 10
279.8201230555555
 20
140.1104216666666
 30
0.0
 10
279.8201230555555
 20
140.1104216666666
 30
0.0
 10
280.3210675
 20
140.9759031481481
 30
0.0
 10
280.8220119444445
 20
141.8413846296296
 30
0.0
 10
281.3229563888889
 20
142.7068661111111
 30
0.0
 10
281.3229563888889
 20
142.7068661111111
 30
0.0
 10
283.5948452777777
 20
141.3945327777778
 30
0.0
 10
284.3533174999999
 20
140.9570883333333
 30
0.0
 10
284.5050119444444
 20
140.8688938888889
 30
0.0
 10
284.9812619444444
 20
140.4773105555555
 30
0.0
 10
285.8173452777777
 20
139.994005
 30
0.0
 10
286.6569563888888
 20
139.5106994444444
 30
0.0
 10
287.3554563888889
 20
139.1579216666667
 30
0.0
 10
287.3836786111111
 20
139.2037827777777
 30
0.0
 10
288.1950675
 20
140.6501716666667
 30
0.0
 10
289.2075397222222
 20
143.4829772222222
 30
0.0
 10
290.6786230555555
 20
146.0970605555555
 30
0.0
 10
290.7068452777777
 20
146.1464494444444
 30
0.0
 10
290.0471508333333
 20
146.566255
 30
0.0
 10
289.2040119444444
 20
147.042505
 30
0.0
 10
288.3608730555555
 20
147.5152272222222
 30
0.0
 10
287.7823175
 20
147.7268938888889
 30
0.0
 10
287.6270952777778
 20
147.8115605555555
 30
0.0
 10
286.8650952777778
 20
148.2419494444444
 30
0.0
 10
284.5790952777778
 20
149.5295883333333
 30
0.0
 10
284.5790952777778
 20
149.5295883333333
 30
0.0
 10
285.0694563888889
 20
150.4009494444444
 30
0.0
 10
285.5598175
 20
151.2723105555555
 30
0.0
 10
286.0501786111111
 20
152.1436716666666
 30
0.0
 10
286.0501786111111
 20
152.1436716666666
 30
0.0
 10
288.3361786111111
 20
150.8560327777778
 30
0.0
 10
289.0981786111111
 20
150.4291716666666
 30
0.0
 10
289.2534008333333
 20
150.3409772222222
 30
0.0
 10
289.7331786111111
 20
149.9564494444444
 30
0.0
 10
290.5763175
 20
149.4837272222222
 30
0.0
 10
291.4194563888888
 20
149.0074772222222
 30
0.0
 10
292.1214841666666
 20
148.6652827777777
 30
0.0
 10
292.1497063888888
 20
148.7111438888889
 30
0.0
 10
293.6207897222222
 20
151.3252272222222
 30
0.0
 10
288.9747063888889
 20
155.4950605555555
 30
0.0
 10
289.9695397222222
 20
158.3278661111111
 30
0.0
 10
289.9871786111111
 20
158.3807827777778
 30
0.0
 10
289.2639841666667
 20
158.6806438888889
 30
0.0
 10
288.3502897222222
 20
159.0016716666667
 30
0.0
 10
287.4365952777778
 20
159.3226994444444
 30
0.0
 10
286.8298174999999
 20
159.4285327777777
 30
0.0
 10
286.6675397222222
 20
159.488505
 30
0.0
 10
285.8420397222222
 20
159.7777827777778
 30
0.0
 10
283.3620119444444
 20
160.6456161111111
 30
0.0
 10
283.3620119444444
 20
160.6456161111111
 30
0.0
 10
283.6936230555555
 20
161.5898846296296
 30
0.0
 10
284.0252341666666
 20
162.5341531481481
 30
0.0
 10
284.3568452777777
 20
163.4784216666666
 30
0.0
 10
284.3568452777777
 20
163.4784216666666
 30
0.0
 10
286.8333452777777
 20
162.6070605555555
 30
0.0
 10
287.6588452777778
 20
162.3177827777778
 30
0.0
 10
287.8246508333333
 20
162.2613383333333
 30
0.0
 10
288.3644008333333
 20
161.965005
 30
0.0
 10
289.2780952777778
 20
161.6439772222222
 30
0.0
 10
290.1917897222222
 20
161.3229494444444
 30
0.0
 10
290.9432063888889
 20
161.1042272222222
 30
0.0
 10
290.9608452777778
 20
161.1571438888889
 30
0.0
 10
292.9505119444444
 20
166.8192272222222
 30
0.0
 10
282.8857619444444
 20
167.3730883333333
 30
0.0
 10
283.3725952777777
 20
170.3328938888889
 30
0.0
 10
283.3725952777777
 20
170.3928661111111
 30
0.0
 10
282.6105952777777
 20
170.5586716666666
 30
0.0
 10
281.6616230555555
 20
170.7174216666666
 30
0.0
 10
280.7091230555556
 20
170.8726438888889
 30
0.0
 10
280.0917619444444
 20
170.8726438888889
 30
0.0
 10
279.9189008333333
 20
170.9043938888889
 30
0.0
 10
279.0581230555555
 20
171.045505
 30
0.0
 10
276.4652063888889
 20
171.4723661111111
 30
0.0
 10
276.4652063888889
 20
171.4723661111111
 30
0.0
 10
276.6286600925926
 20
172.4589679629629
 30
0.0
 10
276.7921137962963
 20
173.4455698148148
 30
0.0
 10
276.9555675
 20
174.4321716666666
 30
0.0
 10
276.9555675
 20
174.4321716666666
 30
0.0
 10
279.5449563888889
 20
174.0053105555555
 30
0.0
 10
280.4092619444444
 20
173.8641994444444
 30
0.0
 10
280.5785952777778
 20
173.8359772222222
 30
0.0
 10
281.1642063888889
 20
173.6384216666667
 30
0.0
 10
282.1167063888889
 20
173.4796716666667
 30
0.0
 10
283.0727341666667
 20
173.3209216666666
 30
0.0
 10
283.8523730555555
 20
173.2397827777777
 30
0.0
 10
283.8594286111111
 20
173.2926994444444
 30
0.0
 10
284.8366230555555
 20
179.2123105555555
 30
0.0
 10
273.4489563888889
 20
176.7957827777778
 30
0.0
 10
273.4172063888889
 20
179.7979216666666
 30
0.0
 10
273.4172063888889
 20
179.8508383333333
 30
0.0
 10
272.6340397222222
 20
179.8896438888889
 30
0.0
 10
271.6674286111111
 20
179.8755327777777
 30
0.0
 10
270.6972897222222
 20
179.8649494444444
 30
0.0
 10
270.0905119444444
 20
179.7591161111111
 30
0.0
 10
269.9176508333333
 20
179.7591161111111
 30
0.0
 10
269.0427619444444
 20
179.7485327777778
 30
0.0
 10
266.4180952777778
 20
179.7167827777778
 30
0.0
 10
266.4180952777778
 20
179.7167827777778
 30
0.0
 10
266.4063360185185
 20
180.7174957407407
 30
0.0
 10
266.3945767592592
 20
181.7182087037037
 30
0.0
 10
266.3828175
 20
182.7189216666667
 30
0.0
 10
266.3828175
 20
182.7189216666667
 30
0.0
 10
269.0074841666666
 20
182.7471438888888
 30
0.0
 10
269.8823730555555
 20
182.7577272222222
 30
0.0
 10
270.0587619444444
 20
182.7577272222222
 30
0.0
 10
270.6690675
 20
182.666005
 30
0.0
 10
271.6356786111111
 20
182.6765883333333
 30
0.0
 10
272.5987619444444
 20
182.6871716666666
 30
0.0
 10
273.3819286111111
 20
182.7400883333333
 30
0.0
 10
273.3819286111111
 20
182.7965327777778
 30
0.0
 10
273.3184286111111
 20
188.6067827777777
 30
0.0
 10
259.5283452777778
 20
184.126505
 30
0.0
 10
259.0132897222222
 20
186.8675883333333
 30
0.0
 10
259.0027063888889
 20
186.920505
 30
0.0
 10
258.2265952777777
 20
186.8217272222222
 30
0.0
 10
257.2776230555555
 20
186.6418105555555
 30
0.0
 10
256.3251230555555
 20
186.4618938888889
 30
0.0
 10
255.7465675
 20
186.253755
 30
0.0
 10
255.5737063888889
 20
186.2184772222222
 30
0.0
 10
254.7164563888888
 20
186.0597272222222
 30
0.0
 10
252.1341230555555
 20
185.5728938888889
 30
0.0
 10
252.1341230555555
 20
185.5728938888889
 30
0.0
 10
251.9495026851852
 20
186.5559679629629
 30
0.0
 10
251.7648823148148
 20
187.539042037037
 30
0.0
 10
251.5802619444444
 20
188.5221161111111
 30
0.0
 10
251.5802619444444
 20
188.5221161111111
 30
0.0
 10
254.1625952777778
 20
189.0054216666666
 30
0.0
 10
255.0198452777778
 20
189.1676994444444
 30
0.0
 10
255.1927063888889
 20
189.1994494444444
 30
0.0
 10
255.8100675
 20
189.2135605555555
 30
0.0
 10
256.7590397222222
 20
189.3934772222222
 30
0.0
 10
257.7044841666666
 20
189.5733938888889
 30
0.0
 10
258.4594286111111
 20
189.7568383333333
 30
0.0
 10
258.4594286111111
 20
189.8132827777778
 30
0.0
 10
257.3517063888889
 20
195.7117272222222
 30
0.0
 10
244.6305397222222
 20
188.7549494444444
 30
0.0
 10
244.1049008333333
 20
190.3283383333333
 30
0.0
 10
244.0837341666666
 20
190.3777272222222
 30
0.0
 10
243.3358452777777
 20
190.1448938888888
 30
0.0
 10
242.4292063888889
 20
189.8026994444444
 30
0.0
 10
241.5260952777778
 20
189.4640327777778
 30
0.0
 10
240.9898730555555
 20
189.1571161111111
 30
0.0
 10
240.8275952777777
 20
189.0936161111111
 30
0.0
 10
240.0091508333333
 20
188.7866994444444
 30
0.0
 10
237.5538175
 20
187.8588938888888
 30
0.0
 10
237.5538175
 20
187.8588938888888
 30
0.0
 10
237.2010397222222
 20
188.7949309259259
 30
0.0
 10
236.8482619444444
 20
189.7309679629629
 30
0.0
 10
236.4954841666666
 20
190.667005
 30
0.0
 10
236.4954841666666
 20
190.667005
 30
0.0
 10
238.9508175
 20
191.5912827777778
 30
0.0
 10
239.7692619444444
 20
191.9017272222222
 30
0.0
 10
239.9350675
 20
191.9616994444444
 30
0.0
 10
240.5383175
 20
192.0851716666666
 30
0.0
 10
241.4449563888889
 20
192.4238383333333
 30
0.0
 10
242.3480675
 20
192.7660327777778
 30
0.0
 10
243.0642063888889
 20
193.0835327777777
 30
0.0
 10
243.0465675
 20
193.1364494444444
 30
0.0
 10
240.9299008333333
 20
198.7491438888889
 30
0.0
 10
228.6920397222222
 20
188.2892827777777
 30
0.0
 10
227.6513452777778
 20
190.0461161111111
 30
0.0
 10
227.6231230555555
 20
190.0919772222222
 30
0.0
 10
226.9281508333333
 20
189.7321438888889
 30
0.0
 10
226.0955952777778
 20
189.238255
 30
0.0
 10
225.2630397222222
 20
188.7478938888889
 30
0.0
 10
224.7903175
 20
188.3492549999999
 30
0.0
 10
224.6386230555555
 20
188.2610605555555
 30
0.0
 10
223.8872063888889
 20
187.8165605555555
 30
0.0
 10
221.6294286111111
 20
186.476005
 30
0.0
 10
221.6294286111111
 20
186.476005
 30
0.0
 10
221.1190767592592
 20
187.3367827777778
 30
0.0
 10
220.6087249074074
 20
188.1975605555556
 30
0.0
 10
220.0983730555555
 20
189.0583383333333
 30
0.0
 10
220.0983730555555
 20
189.0583383333333
 30
0.0
 10
222.3596786111111
 20
190.3953661111111
 30
0.0
 10
223.1110952777778
 20
190.8433938888889
 30
0.0
 10
223.2627897222222
 20
190.9315883333333
 30
0.0
 10
223.8342897222222
 20
191.1538383333333
 30
0.0
 10
224.6668452777778
 20
191.6477272222222
 30
0.0
 10
225.4994008333333
 20
192.1416161111111
 30
0.0
 10
226.1520397222222
 20
192.5790605555555
 30
0.0
 10
226.1238175
 20
192.6249216666667
 30
0.0
 10
223.0652341666666
 20
197.7895883333333
 30
0.0
 10
212.7429563888888
 20
185.6857827777777
 30
0.0
 10
211.6422897222222
 20
186.9663661111111
 30
0.0
 10
211.6070119444445
 20
187.0086994444444
 30
0.0
 10
210.9861230555556
 20
186.5324494444444
 30
0.0
 10
210.2523452777777
 20
185.9009772222222
 30
0.0
 10
209.5185675
 20
185.2730327777778
 30
0.0
 10
209.1199286111111
 20
184.8003105555555
 30
0.0
 10
208.9894008333333
 20
184.6874216666666
 30
0.0
 10
208.3226508333333
 20
184.1159216666666
 30
0.0
 10
206.3329841666666
 20
182.4084772222222
 30
0.0
 10
206.3329841666666
 20
182.4084772222222
 30
0.0
 10
205.6815212037037
 20
183.1669494444444
 30
0.0
 10
205.0300582407407
 20
183.9254216666667
 30
0.0
 10
204.3785952777778
 20
184.6838938888889
 30
0.0
 10
204.3785952777778
 20
184.6838938888889
 30
0.0
 10
206.3717897222222
 20
186.3948661111111
 30
0.0
 10
207.0350119444444
 20
186.9628383333333
 30
0.0
 10
207.1655397222222
 20
187.0757272222222
 30
0.0
 10
207.6947063888889
 20
187.396755
 30
0.0
 10
208.4284841666667
 20
188.0282272222222
 30
0.0
 10
209.1622619444444
 20
188.6561716666666
 30
0.0
 10
209.7267063888889
 20
189.1994494444444
 30
0.0
 10
209.6914286111111
 20
189.2417827777778
 30
0.0
 10
205.7826508333333
 20
193.7961438888888
 30
0.0
 10
197.6475952777778
 20
181.8263938888889
 30
0.0
 10
196.0671508333333
 20
183.1246161111111
 30
0.0
 10
196.0248175
 20
183.1598938888889
 30
0.0
 10
195.4921230555555
 20
182.5813383333333
 30
0.0
 10
194.8782897222222
 20
181.8334494444444
 30
0.0
 10
194.2644563888888
 20
181.0855605555555
 30
0.0
 10
193.9575397222222
 20
180.5528661111111
 30
0.0
 10
193.8481786111111
 20
180.4188105555555
 30
0.0
 10
193.2907897222222
 20
179.7414772222222
 30
0.0
 10
191.6256786111111
 20
177.713005
 30
0.0
 10
191.6256786111111
 20
177.713005
 30
0.0
 10
190.8530952777778
 20
178.3468290740741
 30
0.0
 10
190.0805119444444
 20
178.9806531481481
 30
0.0
 10
189.3079286111111
 20
179.6144772222222
 30
0.0
 10
189.3079286111111
 20
179.6144772222222
 30
0.0
 10
190.9730397222222
 20
181.6429494444444
 30
0.0
 10
191.5269008333333
 20
182.3202827777777
 30
0.0
 10
191.6397897222222
 20
182.4543383333333
 30
0.0
 10
192.1019286111111
 20
182.8635605555555
 30
0.0
 10
192.7157619444444
 20
183.6114494444444
 30
0.0
 10
193.3295952777777
 20
184.3593383333333
 30
0.0
 10
193.7882063888889
 20
184.9908105555555
 30
0.0
 10
193.7458730555556
 20
185.0260883333333
 30
0.0
 10
192.4547063888889
 20
186.063255
 30
0.0
 10
190.5673452777778
 20
185.8551161111111
 30
0.0
 10
189.5301786111111
 20
184.5639494444444
 30
0.0
 10
185.0922341666666
 20
179.1488105555555
 30
0.0
 10
179.5077619444444
 20
183.7913661111111
 30
0.0
 10
174.0255952777778
 20
175.2435605555555
 30
0.0
 10
172.2087897222222
 20
172.410755
 30
0.0
 10
170.1732619444444
 20
169.6908383333333
 30
0.0
 10
174.0502897222222
 20
167.4471716666666
 30
0.0
  0
SPLINE
  5
1C3
330
1F
100
AcDbEntity
  8
DEFAULT
 62
     3
100
AcDbSpline
210
0.0
220
0.0
230
1.0
 70
    11
 71
     3
 72
    14
 73
    10
 74
     0
 42
0.000000001
 43
0.0000000001
 40
0.0
 40
0.0
 40
0.0
 40
0.0
 40
1.0
 40
1.0
 40
1.0
 40
2.0
 40
2.0
 40
2.0
 40
3.0
 40
3.0
 40
3.0
 40
3.0
 10
104.8884180555555
 20
176.1747880555556
 30
0.0
 10
103.9729597222222
 20
177.8271991666667
 30
0.0
 10
104.1412347222222
 20
178.2050241666666
 30
0.0
 10
103.5189347222222
 20
176.9032741666666
 30
0.0
 10
102.8962819444444
 20
175.6011713888889
 30
0.0
 10
102.7717513888889
 20
175.8343575
 30
0.0
 10
104.1412347222222
 20
175.3753936111111
 30
0.0
 10
105.5110708333333
 20
174.9164297222222
 30
0.0
 10
105.5428208333333
 20
174.9933352777778
 30
0.0
 10
104.8884180555555
 20
176.1747880555556
 30
0.0
  0
SPLINE
  5
1C4
330
1F
100
AcDbEntity
  8
DEFAULT
 62
     3
100
AcDbSpline
210
0.0
220
0.0
230
1.0
 70
    11
 71
     3
 72
    29
 73
    25
 74
     0
 42
0.000000001
 43
0.0000000001
 40
0.0
 40
0.0
 40
0.0
 40
0.0
 40
1.0
 40
1.0
 40
1.0
 40
2.0
 40
2.0
 40
2.0
 40
3.0
 40
3.0
 40
3.0
 40
4.0
 40
4.0
 40
4.0
 40
5.0
 40
5.0
 40
5.0
 40
6.0
 40
6.0
 40
6.0
 40
7.0
 40
7.0
 40
7.0
 40
8.0
 40
8.0
 40
8.0
 40
8.0
 10
60.79179555555555
 20
183.0542722222222
 30
0.0
 10
59.35951777777777
 20
183.5277
 30
0.0
 10
59.587765
 20
184.2759416666666
 30
0.0
 10
58.50861777777777
 20
182.1197638888889
 30
0.0
 10
57.84998166666666
 20
180.8039027777778
 30
0.0
 10
56.76554277777777
 20
180.8518805555555
 30
0.0
 10
55.47860944444444
 20
180.9968722222222
 30
0.0
 10
54.19202888888889
 20
181.1418638888888
 30
0.0
 10
56.184165
 20
180.1043444444444
 30
0.0
 10
55.76929833333333
 20
179.2742583333333
 30
0.0
 10
55.35443166666666
 20
178.4441722222222
 30
0.0
 10
59.08964277777778
 20
181.2646305555556
 30
0.0
 10
64.36049555555556
 20
181.1824333333333
 30
0.0
 10
69.63134833333332
 20
181.1002361111111
 30
0.0
 10
72.70263166666666
 20
181.0766
 30
0.0
 10
76.56237333333334
 20
180.4659416666667
 30
0.0
 10
80.422115
 20
179.8552833333333
 30
0.0
 10
79.17716222222222
 20
179.9364222222222
 30
0.0
 10
75.98134833333333
 20
182.6351722222222
 30
0.0
 10
72.78553444444444
 20
185.3335694444444
 30
0.0
 10
74.39878722222223
 20
185.143775
 30
0.0
 10
72.99226222222222
 20
183.6860972222222
 30
0.0
 10
71.47567055555555
 20
182.114825
 30
0.0
 10
67.26562055555556
 20
180.9139694444444
 30
0.0
 10
60.79179555555555
 20
183.0542722222222
 30
0.0
  0
SPLINE
  5
1C5
330
1F
100
AcDbEntity
  8
DEFAULT
 62
     3
100
AcDbSpline
210
0.0
220
0.0
230
1.0
 70
    11
 71
     3
 72
    17
 73
    13
 74
     0
 42
0.000000001
 43
0.0000000001
 40
0.0
 40
0.0
 40
0.0
 40
0.0
 40
1.0
 40
1.0
 40
1.0
 40
2.0
 40
2.0
 40
2.0
 40
3.0
 40
3.0
 40
3.0
 40
4.0
 40
4.0
 40
4.0
 40
4.0
 10
36.34577722222222
 20
174.58436
 30
0.0
 10
34.60340777777778
 20
174.0364961111111
 30
0.0
 10
35.73547166666666
 20
173.6988877777778
 30
0.0
 10
34.73323
 20
172.3156461111111
 30
0.0
 10
33.73098833333333
 20
170.9320516666666
 30
0.0
 10
40.03971333333333
 20
175.3456544444444
 30
0.0
 10
43.359705
 20
174.5984711111111
 30
0.0
 10
46.68004944444444
 20
173.8516405555555
 30
0.0
 10
42.93284388888888
 20
175.0930655555555
 30
0.0
 10
43.19389944444444
 20
176.7373627777777
 30
0.0
 10
43.48423555555555
 20
178.5686322222222
 30
0.0
 10
43.19389944444444
 20
176.7373627777777
 30
0.0
 10
36.34577722222222
 20
174.58436
 30
0.0
  0
SPLINE
  5
1C6
330
1F
100
AcDbEntity
  8
DEFAULT
 62
     5
100
AcDbSpline
210
0.0
220
0.0
230
1.0
 70
    11
 71
     3
 72
    17
 73
    13
 74
     0
 42
0.000000001
 43
0.0000000001
 40
0.0
 40
0.0
 40
0.0
 40
0.0
 40
1.0
 40
1.0
 40
1.0
 40
2.0
 40
2.0
 40
2.0
 40
3.0
 40
3.0
 40
3.0
 40
4.0
 40
4.0
 40
4.0
 40
4.0
 10
31.17860583333333
 20
140.5516761111111
 30
0.0
 10
33.86641972222222
 20
141.1552788888889
 30
0.0
 10
31.17860583333333
 20
141.4854788888889
 30
0.0
 10
29.56429472222223
 20
143.1699927777778
 30
0.0
 10
27.18763083333333
 20
145.6500205555555
 30
0.0
 10
28.61003083333333
 20
138.8015455555555
 30
0.0
 10
21.76861138888889
 20
138.3725677777778
 30
0.0
 10
17.98083638888889
 20
138.1351483333333
 30
0.0
 10
22.78073083333333
 20
137.5989261111111
 30
0.0
 10
23.33459194444444
 20
136.6294927777778
 30
0.0
 10
24.0814225
 20
135.3224511111111
 30
0.0
 10
25.07766694444445
 20
139.1821927777778
 30
0.0
 10
31.17860583333333
 20
140.5516761111111
 30
0.0
  0
SPLINE
  5
1C7
330
1F
100
AcDbEntity
  8
DEFAULT
 62
     5
100
AcDbSpline
210
0.0
220
0.0
230
1.0
 70
    11
 71
     3
 72
    26
 73
    22
 74
     0
 42
0.000000001
 43
0.0000000001
 40
0.0
 40
0.0
 40
0.0
 40
0.0
 40
1.0
 40
1.0
 40
1.0
 40
2.0
 40
2.0
 40
2.0
 40
3.0
 40
3.0
 40
3.0
 40
4.0
 40
4.0
 40
4.0
 40
5.0
 40
5.0
 40
5.0
 40
6.0
 40
6.0
 40
6.0
 40
7.0
 40
7.0
 40
7.0
 40
7.0
 10
38.67082972222222
 20
139.8045633333333
 30
0.0
 10
42.61770749999999
 20
139.5392744444444
 30
0.0
 10
45.24837138888888
 20
138.7254161111111
 30
0.0
 10
47.70123527777777
 20
137.5672466666666
 30
0.0
 10
53.68046583333333
 20
134.7436133333333
 30
0.0
 10
50.39892694444444
 20
135.9899772222222
 30
0.0
 10
48.48969361111111
 20
134.7033966666667
 30
0.0
 10
46.58046027777777
 20
133.4168161111111
 30
0.0
 10
48.07482694444445
 20
134.9940855555555
 30
0.0
 10
45.0448186111111
 20
136.3219411111111
 30
0.0
 10
42.01516305555555
 20
137.6501494444444
 30
0.0
 10
37.09285472222222
 20
135.4054244444444
 30
0.0
 10
34.8516575
 20
132.0018244444444
 30
0.0
 10
33.80426027777777
 20
130.4115022222222
 30
0.0
 10
33.14844638888889
 20
129.9179661111111
 30
0.0
 10
30.05811305555555
 20
131.5869577777778
 30
0.0
 10
28.93733805555555
 20
132.1471688888889
 30
0.0
 10
37.36061305555555
 20
135.1859966666667
 30
0.0
 10
38.15118805555555
 20
137.9101466666667
 30
0.0
 10
38.67082972222222
 20
139.7008466666666
 30
0.0
 10
37.03041305555555
 20
139.9149827777778
 30
0.0
 10
38.67082972222222
 20
139.8045633333333
 30
0.0
  0
SPLINE
  5
1C8
330
1F
100
AcDbEntity
  8
DEFAULT
 62
     5
100
AcDbSpline
210
0.0
220
0.0
230
1.0
 70
    11
 71
     3
 72
    98
 73
    94
 74
     0
 42
0.000000001
 43
0.0000000001
 40
1.0
 40
1.0
 40
1.0
 40
1.0
 40
2.0
 40
2.0
 40
2.0
 40
3.0
 40
3.0
 40
3.0
 40
4.0
 40
4.0
 40
4.0
 40
5.0
 40
5.0
 40
5.0
 40
6.0
 40
6.0
 40
6.0
 40
7.0
 40
7.0
 40
7.0
 40
8.0
 40
8.0
 40
8.0
 40
9.0
 40
9.0
 40
9.0
 40
10.0
 40
10.0
 40
10.0
 40
11.0
 40
11.0
 40
11.0
 40
12.0
 40
12.0
 40
12.0
 40
13.0
 40
13.0
 40
13.0
 40
14.0
 40
14.0
 40
14.0
 40
15.0
 40
15.0
 40
15.0
 40
16.0
 40
16.0
 40
16.0
 40
17.0
 40
17.0
 40
17.0
 40
18.0
 40
18.0
 40
18.0
 40
19.0
 40
19.0
 40
19.0
 40
20.0
 40
20.0
 40
20.0
 40
21.0
 40
21.0
 40
21.0
 40
22.0
 40
22.0
 40
22.0
 40
23.0
 40
23.0
 40
23.0
 40
24.0
 40
24.0
 40
24.0
 40
25.0
 40
25.0
 40
25.0
 40
26.0
 40
26.0
 40
26.0
 40
27.0
 40
27.0
 40
27.0
 40
28.0
 40
28.0
 40
28.0
 40
29.0
 40
29.0
 40
29.0
 40
30.0
 40
30.0
 40
30.0
 40
31.0
 40
31.0
 40
31.0
 40
32.0
 40
32.0
 40
32.0
 40
32.0
 10
120.0163758333333
 20
167.4768755555555
 30
0.0
 10
118.5534063888889
 20
168.0684838888889
 30
0.0
 10
117.7617730555555
 20
168.4434866666666
 30
0.0
 10
117.0145897222222
 20
170.6564616666666
 30
0.0
 10
115.9890647222222
 20
173.6935255555555
 30
0.0
 10
116.1262952777778
 20
171.3129811111111
 30
0.0
 10
113.9782313888889
 20
170.9319811111111
 30
0.0
 10
111.1147341666667
 20
170.4239811111111
 30
0.0
 10
105.5983480555555
 20
178.4962422222222
 30
0.0
 10
103.1080897222222
 20
181.4602811111111
 30
0.0
 10
100.6178313888889
 20
184.42432
 30
0.0
 10
105.4194897222222
 20
174.2202227777778
 30
0.0
 10
96.46105083333332
 20
176.9517811111111
 30
0.0
 10
88.63996749999998
 20
179.3365588888889
 30
0.0
 10
89.61716194444443
 20
184.014745
 30
0.0
 10
88.27025638888887
 20
182.8551644444444
 30
0.0
 10
86.19415916666665
 20
181.068345
 30
0.0
 10
84.11594527777777
 20
178.2701116666666
 30
0.0
 10
74.4459536111111
 20
186.3924672222222
 30
0.0
 10
70.56469249999999
 20
189.6521338888889
 30
0.0
 10
73.96758694444442
 20
183.1793672222222
 30
0.0
 10
67.49552583333332
 20
183.4280755555555
 30
0.0
 10
61.02381749999998
 20
183.6771366666666
 30
0.0
 10
59.73018138888888
 20
185.0363894444444
 30
0.0
 10
58.11128416666665
 20
186.9043477777778
 30
0.0
 10
57.28578416666666
 20
187.8572005555556
 30
0.0
 10
58.93255083333332
 20
183.5804755555555
 30
0.0
 10
56.45428694444443
 20
182.6593727777777
 30
0.0
 10
54.07480083333332
 20
181.7746061111111
 30
0.0
 10
47.62672861111109
 20
184.2585144444444
 30
0.0
 10
44.09048416666665
 20
184.42432
 30
0.0
 10
38.7780036111111
 20
184.6733811111111
 30
0.0
 10
46.63577583333332
 20
180.7561366666666
 30
0.0
 10
40.08010638888887
 20
177.994945
 30
0.0
 10
34.92708138888887
 20
175.8250088888889
 30
0.0
 10
34.78949805555555
 20
175.6916588888889
 30
0.0
 10
31.24090638888888
 20
177.0953616666666
 30
0.0
 10
29.79028416666666
 20
177.6689783333333
 30
0.0
 10
34.5171536111111
 20
174.6678977777778
 30
0.0
 10
32.30065083333332
 20
171.5546338888889
 30
0.0
 10
29.9959536111111
 20
168.3171922222222
 30
0.0
 10
25.95805916666665
 20
170.4970061111111
 30
0.0
 10
23.08538972222222
 20
169.3755255555555
 30
0.0
 10
17.02607861111111
 20
167.0101505555556
 30
0.0
 10
24.25872861111109
 20
170.514645
 30
0.0
 10
25.01402583333332
 20
166.14267
 30
0.0
 10
25.76191472222221
 20
161.8144394444444
 30
0.0
 10
24.85915638888887
 20
159.1873033333333
 30
0.0
 10
17.91895916666665
 20
158.2944227777778
 30
0.0
 10
12.40257305555554
 20
157.5846338888889
 30
0.0
 10
22.46062027777777
 20
159.2141144444444
 30
0.0
 10
22.46062027777777
 20
154.3101505555555
 30
0.0
 10
22.46062027777777
 20
150.3865561111111
 30
0.0
 10
19.53256472222221
 20
148.45792
 30
0.0
 10
17.04160083333333
 20
147.83562
 30
0.0
 10
14.40776194444443
 20
147.1773366666667
 30
0.0
 10
16.62990916666665
 20
146.8393755555555
 30
0.0
 10
16.16424249999999
 20
144.5360894444444
 30
0.0
 10
15.74725916666667
 20
142.4709283333333
 30
0.0
 10
16.2640786111111
 20
143.0625366666666
 30
0.0
 10
17.42013138888888
 20
144.3491172222222
 30
0.0
 10
21.28022583333332
 20
148.6448922222222
 30
0.0
 10
24.74168138888888
 20
146.2086088888889
 30
0.0
 10
23.91970916666666
 20
149.7275672222222
 30
0.0
 10
23.34538694444443
 20
152.1878394444444
 30
0.0
 10
24.2523786111111
 20
159.2582116666666
 30
0.0
 10
30.43586749999999
 20
165.7380338888889
 30
0.0
 10
36.70296472222221
 20
172.305345
 30
0.0
 10
41.72475638888888
 20
173.3015894444444
 30
0.0
 10
45.41869249999998
 20
172.8447422222222
 30
0.0
 10
49.11227583333332
 20
172.3882477777778
 30
0.0
 10
44.5469786111111
 20
175.4595311111111
 30
0.0
 10
44.87894249999999
 20
178.3039783333333
 30
0.0
 10
45.29557305555555
 20
181.8723255555555
 30
0.0
 10
48.31147027777776
 20
183.2834366666666
 30
0.0
 10
50.85535083333332
 20
182.0585922222222
 30
0.0
 10
53.09654805555554
 20
180.979445
 30
0.0
 10
54.05116472222221
 20
179.1118394444444
 30
0.0
 10
54.30022583333331
 20
176.0821838888889
 30
0.0
 10
54.46426749999998
 20
174.0858144444444
 30
0.0
 10
54.71156472222221
 20
179.6639366666666
 30
0.0
 10
65.50621194444443
 20
179.8498505555555
 30
0.0
 10
75.67432583333331
 20
180.0248283333333
 30
0.0
 10
83.87640916666665
 20
178.39817
 30
0.0
 10
89.73781194444443
 20
177.1574505555555
 30
0.0
 10
100.9166341666666
 20
174.7917227777777
 30
0.0
 10
108.8805925
 20
171.8467338888889
 30
0.0
 10
112.6539036111111
 20
169.6492811111111
 30
0.0
 10
116.4367397222222
 20
167.4458311111111
 30
0.0
 10
118.5516425
 20
164.6094977777778
 30
0.0
 10
119.3986619444444
 20
165.5157838888888
 30
0.0
 10
121.0507202777778
 20
167.2832005555555
 30
0.0
 10
121.8606980555555
 20
166.7314561111111
 30
0.0
 10
120.0163758333333
 20
167.4768755555555
 30
0.0
  0
POLYLINE
  5
1C9
330
1F
100
AcDbEntity
  8
DEFAULT
 62
   250
100
AcDb2dPolyline
 66
     1
 10
0.0
 20
0.0
 30
0.0
  0
VERTEX
  5
1CA
330
1C9
100
AcDbEntity
  8
DEFAULT
 62
   250
100
AcDbVertex
100
AcDb2dVertex
 10
41.78525777777779
 20
132.2340933333333
 30
0.0
  0
VERTEX
  5
1CB
330
1C9
100
AcDbEntity
  8
DEFAULT
 62
   250
100
AcDbVertex
100
AcDb2dVertex
 10
42.33947166666668
 20
131.2766544444445
 30
0.0
  0
VERTEX
  5
1CC
330
1C9
100
AcDbEntity
  8
DEFAULT
 62
   250
100
AcDbVertex
100
AcDb2dVertex
 10
40.58158
 20
131.5373572222222
 30
0.0
  0
VERTEX
  5
1CD
330
1C9
100
AcDbEntity
  8
DEFAULT
 62
   250
100
AcDbVertex
100
AcDb2dVertex
 10
41.1417911111111
 20
130.569335
 30
0.0
  0
SEQEND
  5
1CE
330
1C9
100
AcDbEntity
  8
DEFAULT
 62
   250
  0
POLYLINE
  5
1CF
330
1F
100
AcDbEntity
  8
DEFAULT
 62
   250
100
AcDb2dPolyline
 66
     1
 10
0.0
 20
0.0
 30
0.0
  0
VERTEX
  5
1D0
330
1CF
100
AcDbEntity
  8
DEFAULT
 62
   250
100
AcDbVertex
100
AcDb2dVertex
 10
31.93220972222223
 20
137.9102877777778
 30
0.0
  0
VERTEX
  5
1D1
330
1CF
100
AcDbEntity
  8
DEFAULT
 62
   250
100
AcDbVertex
100
AcDb2dVertex
 10
32.48642361111112
 20
136.9528488888889
 30
0.0
  0
VERTEX
  5
1D2
330
1CF
100
AcDbEntity
  8
DEFAULT
 62
   250
100
AcDbVertex
100
AcDb2dVertex
 10
30.72853194444444
 20
137.2135516666667
 30
0.0
  0
VERTEX
  5
1D3
330
1CF
100
AcDbEntity
  8
DEFAULT
 62
   250
100
AcDbVertex
100
AcDb2dVertex
 10
31.28874305555555
 20
136.2455294444444
 30
0.0
  0
SEQEND
  5
1D4
330
1CF
100
AcDbEntity
  8
DEFAULT
 62
   250
  0
POLYLINE
  5
1D5
330
1F
100
AcDbEntity
  8
DEFAULT
 62
   250
100
AcDb2dPolyline
 66
     1
 10
0.0
 20
0.0
 30
0.0
  0
VERTEX
  5
1D6
330
1D5
100
AcDbEntity
  8
DEFAULT
 62
   250
100
AcDbVertex
100
AcDb2dVertex
 10
22.09316694444445
 20
143.5970655555556
 30
0.0
  0
VERTEX
  5
1D7
330
1D5
100
AcDbEntity
  8
DEFAULT
 62
   250
100
AcDbVertex
100
AcDb2dVertex
 10
22.64738083333334
 20
142.6396266666667
 30
0.0
  0
VERTEX
  5
1D8
330
1D5
100
AcDbEntity
  8
DEFAULT
 62
   250
100
AcDbVertex
100
AcDb2dVertex
 10
20.88948916666666
 20
142.9003294444444
 30
0.0
  0
VERTEX
  5
1D9
330
1D5
100
AcDbEntity
  8
DEFAULT
 62
   250
100
AcDbVertex
100
AcDb2dVertex
 10
21.44970027777778
 20
141.9323072222222
 30
0.0
  0
SEQEND
  5
1DA
330
1D5
100
AcDbEntity
  8
DEFAULT
 62
   250
  0
POLYLINE
  5
1DB
330
1F
100
AcDbEntity
  8
DEFAULT
 62
   250
100
AcDb2dPolyline
 66
     1
 10
0.0
 20
0.0
 30
0.0
  0
VERTEX
  5
1DC
330
1DB
100
AcDbEntity
  8
DEFAULT
 62
   250
100
AcDbVertex
100
AcDb2dVertex
 10
17.3762811111111
 20
152.9928430555555
 30
0.0
  0
VERTEX
  5
1DD
330
1DB
100
AcDbEntity
  8
DEFAULT
 62
   250
100
AcDbVertex
100
AcDb2dVertex
 10
17.91885333333333
 20
152.0287013888889
 30
0.0
  0
VERTEX
  5
1DE
330
1DB
100
AcDbEntity
  8
DEFAULT
 62
   250
100
AcDbVertex
100
AcDb2dVertex
 10
16.16448944444444
 20
152.3109236111111
 30
0.0
  0
VERTEX
  5
1DF
330
1DB
100
AcDbEntity
  8
DEFAULT
 62
   250
100
AcDbVertex
100
AcDb2dVertex
 10
16.71305888888889
 20
151.3361986111111
 30
0.0
  0
SEQEND
  5
1E0
330
1DB
100
AcDbEntity
  8
DEFAULT
 62
   250
  0
POLYLINE
  5
1E1
330
1F
100
AcDbEntity
  8
DEFAULT
 62
   250
100
AcDb2dPolyline
 66
     1
 10
0.0
 20
0.0
 30
0.0
  0
VERTEX
  5
1E2
330
1E1
100
AcDbEntity
  8
DEFAULT
 62
   250
100
AcDbVertex
100
AcDb2dVertex
 10
19.16606388888889
 20
163.7158763888889
 30
0.0
  0
VERTEX
  5
1E3
330
1E1
100
AcDbEntity
  8
DEFAULT
 62
   250
100
AcDbVertex
100
AcDb2dVertex
 10
19.5326
 20
162.6720069444444
 30
0.0
  0
VERTEX
  5
1E4
330
1E1
100
AcDbEntity
  8
DEFAULT
 62
   250
100
AcDbVertex
100
AcDb2dVertex
 10
17.85408333333333
 20
163.2551486111111
 30
0.0
  0
VERTEX
  5
1E5
330
1E1
100
AcDbEntity
  8
DEFAULT
 62
   250
100
AcDbVertex
100
AcDb2dVertex
 10
18.2245
 20
162.1999902777777
 30
0.0
  0
SEQEND
  5
1E6
330
1E1
100
AcDbEntity
  8
DEFAULT
 62
   250
  0
POLYLINE
  5
1E7
330
1F
100
AcDbEntity
  8
DEFAULT
 62
   250
100
AcDb2dPolyline
 66
     1
 10
0.0
 20
0.0
 30
0.0
  0
VERTEX
  5
1E8
330
1E7
100
AcDbEntity
  8
DEFAULT
 62
   250
100
AcDbVertex
100
AcDb2dVertex
 10
26.55502972222222
 20
174.0599558333333
 30
0.0
  0
VERTEX
  5
1E9
330
1E7
100
AcDbEntity
  8
DEFAULT
 62
   250
100
AcDbVertex
100
AcDb2dVertex
 10
26.73600472222222
 20
172.9684613888889
 30
0.0
  0
VERTEX
  5
1EA
330
1E7
100
AcDbEntity
  8
DEFAULT
 62
   250
100
AcDbVertex
100
AcDb2dVertex
 10
25.18307694444444
 20
173.8327669444444
 30
0.0
  0
VERTEX
  5
1EB
330
1E7
100
AcDbEntity
  8
DEFAULT
 62
   250
100
AcDbVertex
100
AcDb2dVertex
 10
25.36581583333333
 20
172.7292780555555
 30
0.0
  0
SEQEND
  5
1EC
330
1E7
100
AcDbEntity
  8
DEFAULT
 62
   250
  0
POLYLINE
  5
1ED
330
1F
100
AcDbEntity
  8
DEFAULT
 62
   250
100
AcDb2dPolyline
 66
     1
 10
0.0
 20
0.0
 30
0.0
  0
VERTEX
  5
1EE
330
1ED
100
AcDbEntity
  8
DEFAULT
 62
   250
100
AcDbVertex
100
AcDb2dVertex
 10
37.00847027777777
 20
181.7381641666667
 30
0.0
  0
VERTEX
  5
1EF
330
1ED
100
AcDbEntity
  8
DEFAULT
 62
   250
100
AcDbVertex
100
AcDb2dVertex
 10
36.99541749999999
 20
180.6318530555555
 30
0.0
  0
VERTEX
  5
1F0
330
1ED
100
AcDbEntity
  8
DEFAULT
 62
   250
100
AcDbVertex
100
AcDb2dVertex
 10
35.61782027777777
 20
181.7543919444444
 30
0.0
  0
VERTEX
  5
1F1
330
1ED
100
AcDbEntity
  8
DEFAULT
 62
   250
100
AcDbVertex
100
AcDb2dVertex
 10
35.6047675
 20
180.6360863888889
 30
0.0
  0
SEQEND
  5
1F2
330
1ED
100
AcDbEntity
  8
DEFAULT
 62
   250
  0
POLYLINE
  5
1F3
330
1F
100
AcDbEntity
  8
DEFAULT
 62
   250
100
AcDb2dPolyline
 66
     1
 10
0.0
 20
0.0
 30
0.0
  0
VERTEX
  5
1F4
330
1F3
100
AcDbEntity
  8
DEFAULT
 62
   250
100
AcDbVertex
100
AcDb2dVertex
 10
51.59018694444443
 20
186.9693294444444
 30
0.0
  0
VERTEX
  5
1F5
330
1F3
100
AcDbEntity
  8
DEFAULT
 62
   250
100
AcDbVertex
100
AcDb2dVertex
 10
51.3859286111111
 20
185.8820683333333
 30
0.0
  0
VERTEX
  5
1F6
330
1F3
100
AcDbEntity
  8
DEFAULT
 62
   250
100
AcDbVertex
100
AcDb2dVertex
 10
50.22352583333333
 20
187.2261516666666
 30
0.0
  0
VERTEX
  5
1F7
330
1F3
100
AcDbEntity
  8
DEFAULT
 62
   250
100
AcDbVertex
100
AcDb2dVertex
 10
50.01715083333333
 20
186.1268961111111
 30
0.0
  0
SEQEND
  5
1F8
330
1F3
100
AcDbEntity
  8
DEFAULT
 62
   250
  0
POLYLINE
  5
1F9
330
1F
100
AcDbEntity
  8
DEFAULT
 62
   250
100
AcDb2dPolyline
 66
     1
 10
0.0
 20
0.0
 30
0.0
  0
VERTEX
  5
1FA
330
1F9
100
AcDbEntity
  8
DEFAULT
 62
   250
100
AcDbVertex
100
AcDb2dVertex
 10
66.35668861111111
 20
188.5866038888889
 30
0.0
  0
VERTEX
  5
1FB
330
1F9
100
AcDbEntity
  8
DEFAULT
 62
   250
100
AcDbVertex
100
AcDb2dVertex
 10
65.96651638888888
 20
187.5512011111111
 30
0.0
  0
VERTEX
  5
1FC
330
1F9
100
AcDbEntity
  8
DEFAULT
 62
   250
100
AcDbVertex
100
AcDb2dVertex
 10
65.05529138888889
 20
189.076965
 30
0.0
  0
VERTEX
  5
1FD
330
1F9
100
AcDbEntity
  8
DEFAULT
 62
   250
100
AcDbVertex
100
AcDb2dVertex
 10
64.66088583333334
 20
188.0306261111111
 30
0.0
  0
SEQEND
  5
1FE
330
1F9
100
AcDbEntity
  8
DEFAULT
 62
   250
  0
POLYLINE
  5
1FF
330
1F
100
AcDbEntity
  8
DEFAULT
 62
   250
100
AcDb2dPolyline
 66
     1
 10
0.0
 20
0.0
 30
0.0
  0
VERTEX
  5
200
330
1FF
100
AcDbEntity
  8
DEFAULT
 62
   250
100
AcDbVertex
100
AcDb2dVertex
 10
82.34863444444444
 20
186.5136463888889
 30
0.0
  0
VERTEX
  5
201
330
1FF
100
AcDbEntity
  8
DEFAULT
 62
   250
100
AcDbVertex
100
AcDb2dVertex
 10
81.78418999999998
 20
185.5618519444444
 30
0.0
  0
VERTEX
  5
202
330
1FF
100
AcDbEntity
  8
DEFAULT
 62
   250
100
AcDbVertex
100
AcDb2dVertex
 10
81.152365
 20
187.2227297222222
 30
0.0
  0
VERTEX
  5
203
330
1FF
100
AcDbEntity
  8
DEFAULT
 62
   250
100
AcDbVertex
100
AcDb2dVertex
 10
80.58192333333332
 20
186.2607047222222
 30
0.0
  0
SEQEND
  5
204
330
1FF
100
AcDbEntity
  8
DEFAULT
 62
   250
  0
POLYLINE
  5
205
330
1F
100
AcDbEntity
  8
DEFAULT
 62
   250
100
AcDb2dPolyline
 66
     1
 10
0.0
 20
0.0
 30
0.0
  0
VERTEX
  5
206
330
205
100
AcDbEntity
  8
DEFAULT
 62
   250
100
AcDbVertex
100
AcDb2dVertex
 10
97.58958694444442
 20
181.7531219444444
 30
0.0
  0
VERTEX
  5
207
330
205
100
AcDbEntity
  8
DEFAULT
 62
   250
100
AcDbVertex
100
AcDb2dVertex
 10
96.86886194444442
 20
180.9138636111111
 30
0.0
  0
VERTEX
  5
208
330
205
100
AcDbEntity
  8
DEFAULT
 62
   250
100
AcDbVertex
100
AcDb2dVertex
 10
96.53478138888887
 20
182.6590552777778
 30
0.0
  0
VERTEX
  5
209
330
205
100
AcDbEntity
  8
DEFAULT
 62
   250
100
AcDbVertex
100
AcDb2dVertex
 10
95.80594249999999
 20
181.8106247222222
 30
0.0
  0
SEQEND
  5
20A
330
205
100
AcDbEntity
  8
DEFAULT
 62
   250
  0
POLYLINE
  5
20B
330
1F
100
AcDbEntity
  8
DEFAULT
 62
   250
100
AcDb2dPolyline
 66
     1
 10
0.0
 20
0.0
 30
0.0
  0
VERTEX
  5
20C
330
20B
100
AcDbEntity
  8
DEFAULT
 62
   250
100
AcDbVertex
100
AcDb2dVertex
 10
112.1244194444444
 20
176.3883244444444
 30
0.0
  0
VERTEX
  5
20D
330
20B
100
AcDbEntity
  8
DEFAULT
 62
   250
100
AcDbVertex
100
AcDb2dVertex
 10
111.2689333333333
 20
175.6866494444445
 30
0.0
  0
VERTEX
  5
20E
330
20B
100
AcDbEntity
  8
DEFAULT
 62
   250
100
AcDbVertex
100
AcDb2dVertex
 10
111.242475
 20
177.4635911111111
 30
0.0
  0
VERTEX
  5
20F
330
20B
100
AcDbEntity
  8
DEFAULT
 62
   250
100
AcDbVertex
100
AcDb2dVertex
 10
110.3778166666667
 20
176.754155
 30
0.0
  0
SEQEND
  5
210
330
20B
100
AcDbEntity
  8
DEFAULT
 62
   250
  0
POLYLINE
  5
211
330
1F
100
AcDbEntity
  8
DEFAULT
 62
   250
100
AcDb2dPolyline
 66
     1
 10
0.0
 20
0.0
 30
0.0
  0
VERTEX
  5
212
330
211
100
AcDbEntity
  8
DEFAULT
 62
   250
100
AcDbVertex
100
AcDb2dVertex
 10
119.1005294444444
 20
175.9290077777777
 30
0.0
  0
VERTEX
  5
213
330
211
100
AcDbEntity
  8
DEFAULT
 62
   250
100
AcDbVertex
100
AcDb2dVertex
 10
120.1669766666666
 20
174.0868022222222
 30
0.0
  0
VERTEX
  5
214
330
211
100
AcDbEntity
  8
DEFAULT
 62
   250
100
AcDbVertex
100
AcDb2dVertex
 10
120.4837711111111
 20
174.2702466666667
 30
0.0
  0
SEQEND
  5
215
330
211
100
AcDbEntity
  8
DEFAULT
 62
   250
  0
POLYLINE
  5
216
330
1F
100
AcDbEntity
  8
DEFAULT
 62
   250
100
AcDb2dPolyline
 66
     1
 10
0.0
 20
0.0
 30
0.0
  0
VERTEX
  5
217
330
216
100
AcDbEntity
  8
DEFAULT
 62
   250
100
AcDbVertex
100
AcDb2dVertex
 10
49.0529386111111
 20
177.5341819444445
 30
0.0
  0
VERTEX
  5
218
330
216
100
AcDbEntity
  8
DEFAULT
 62
   250
100
AcDbVertex
100
AcDb2dVertex
 10
50.11938583333333
 20
175.6919763888889
 30
0.0
  0
VERTEX
  5
219
330
216
100
AcDbEntity
  8
DEFAULT
 62
   250
100
AcDbVertex
100
AcDb2dVertex
 10
50.43618027777777
 20
175.8754208333333
 30
0.0
  0
SEQEND
  5
21A
330
216
100
AcDbEntity
  8
DEFAULT
 62
   250
  0
SPLINE
  5
21B
330
1F
100
AcDbEntity
  8
DEFAULT
 62
     1
100
AcDbSpline
210
0.0
220
0.0
230
1.0
 70
    11
 71
     3
 72
   380
 73
   376
 74
     0
 42
0.000000001
 43
0.0000000001
 40
1.0
 40
1.0
 40
1.0
 40
1.0
 40
2.0
 40
2.0
 40
2.0
 40
3.0
 40
3.0
 40
3.0
 40
4.0
 40
4.0
 40
4.0
 40
12.50760835958027
 40
12.50760835958027
 40
12.50760835958027
 40
13.50760835958027
 40
13.50760835958027
 40
13.50760835958027
 40
14.50760835958027
 40
14.50760835958027
 40
14.50760835958027
 40
15.50760835958027
 40
15.50760835958027
 40
15.50760835958027
 40
16.50760835958027
 40
16.50760835958027
 40
16.50760835958027
 40
17.50760835958027
 40
17.50760835958027
 40
17.50760835958027
 40
18.50760835958027
 40
18.50760835958027
 40
18.50760835958027
 40
19.50760835958027
 40
19.50760835958027
 40
19.50760835958027
 40
20.50760835958027
 40
20.50760835958027
 40
20.50760835958027
 40
21.50760835958027
 40
21.50760835958027
 40
21.50760835958027
 40
22.50760835958027
 40
22.50760835958027
 40
22.50760835958027
 40
31.01156038202255
 40
31.01156038202255
 40
31.01156038202255
 40
32.01156038202255
 40
32.01156038202255
 40
32.01156038202255
 40
33.01156038202255
 40
33.01156038202255
 40
33.01156038202255
 40
34.01156038202255
 40
34.01156038202255
 40
34.01156038202255
 40
35.01156038202255
 40
35.01156038202255
 40
35.01156038202255
 40
36.01156038202255
 40
36.01156038202255
 40
36.01156038202255
 40
37.01156038202255
 40
37.01156038202255
 40
37.01156038202255
 40
38.01156038202255
 40
38.01156038202255
 40
38.01156038202255
 40
39.01156038202255
 40
39.01156038202255
 40
39.01156038202255
 40
40.01156038202255
 40
40.01156038202255
 40
40.01156038202255
 40
41.01156038202255
 40
41.01156038202255
 40
41.01156038202255
 40
42.01156038202255
 40
42.01156038202255
 40
42.01156038202255
 40
43.01156038202255
 40
43.01156038202255
 40
43.01156038202255
 40
44.01156038202255
 40
44.01156038202255
 40
44.01156038202255
 40
45.01156038202255
 40
45.01156038202255
 40
45.01156038202255
 40
46.01156038202255
 40
46.01156038202255
 40
46.01156038202255
 40
54.51050737562124
 40
54.51050737562124
 40
54.51050737562124
 40
55.51050737562124
 40
55.51050737562124
 40
55.51050737562124
 40
56.51050737562124
 40
56.51050737562124
 40
56.51050737562124
 40
57.51050737562124
 40
57.51050737562124
 40
57.51050737562124
 40
58.51050737562124
 40
58.51050737562124
 40
58.51050737562124
 40
59.51050737562124
 40
59.51050737562124
 40
59.51050737562124
 40
60.51050737562124
 40
60.51050737562124
 40
60.51050737562124
 40
61.51050737562124
 40
61.51050737562124
 40
61.51050737562124
 40
70.01811573520152
 40
70.01811573520152
 40
70.01811573520152
 40
71.01811573520152
 40
71.01811573520152
 40
71.01811573520152
 40
72.01811573520152
 40
72.01811573520152
 40
72.01811573520152
 40
73.01811573520152
 40
73.01811573520152
 40
73.01811573520152
 40
74.01811573520152
 40
74.01811573520152
 40
74.01811573520152
 40
75.01811573520152
 40
75.01811573520152
 40
75.01811573520152
 40
76.01811573520152
 40
76.01811573520152
 40
76.01811573520152
 40
77.01811573520152
 40
77.01811573520152
 40
77.01811573520152
 40
85.5220677576438
 40
85.5220677576438
 40
85.5220677576438
 40
86.5220677576438
 40
86.5220677576438
 40
86.5220677576438
 40
87.5220677576438
 40
87.5220677576438
 40
87.5220677576438
 40
88.5220677576438
 40
88.5220677576438
 40
88.5220677576438
 40
89.5220677576438
 40
89.5220677576438
 40
89.5220677576438
 40
90.5220677576438
 40
90.5220677576438
 40
90.5220677576438
 40
91.5220677576438
 40
91.5220677576438
 40
91.5220677576438
 40
92.5220677576438
 40
92.5220677576438
 40
92.5220677576438
 40
101.0248320140489
 40
101.0248320140489
 40
101.0248320140489
 40
102.0248320140489
 40
102.0248320140489
 40
102.0248320140489
 40
103.0248320140489
 40
103.0248320140489
 40
103.0248320140489
 40
104.0248320140489
 40
104.0248320140489
 40
104.0248320140489
 40
105.0248320140489
 40
105.0248320140489
 40
105.0248320140489
 40
106.0248320140489
 40
106.0248320140489
 40
106.0248320140489
 40
107.0248320140489
 40
107.0248320140489
 40
107.0248320140489
 40
108.0248320140489
 40
108.0248320140489
 40
108.0248320140489
 40
116.5356075368788
 40
116.5356075368788
 40
116.5356075368788
 40
117.5356075368788
 40
117.5356075368788
 40
117.5356075368788
 40
118.5356075368788
 40
118.5356075368788
 40
118.5356075368788
 40
119.5356075368788
 40
119.5356075368788
 40
119.5356075368788
 40
120.5356075368788
 40
120.5356075368788
 40
120.5356075368788
 40
121.5356075368788
 40
121.5356075368788
 40
121.5356075368788
 40
122.5356075368788
 40
122.5356075368788
 40
122.5356075368788
 40
123.5356075368788
 40
123.5356075368788
 40
123.5356075368788
 40
132.0399711227093
 40
132.0399711227093
 40
132.0399711227093
 40
133.0399711227093
 40
133.0399711227093
 40
133.0399711227093
 40
134.0399711227093
 40
134.0399711227093
 40
134.0399711227093
 40
135.0399711227093
 40
135.0399711227093
 40
135.0399711227093
 40
136.0399711227093
 40
136.0399711227093
 40
136.0399711227093
 40
137.0399711227093
 40
137.0399711227093
 40
137.0399711227093
 40
138.0399711227093
 40
138.0399711227093
 40
138.0399711227093
 40
139.0399711227093
 40
139.0399711227093
 40
139.0399711227093
 40
147.550558646494
 40
147.550558646494
 40
147.550558646494
 40
148.550558646494
 40
148.550558646494
 40
148.550558646494
 40
149.550558646494
 40
149.550558646494
 40
149.550558646494
 40
150.550558646494
 40
150.550558646494
 40
150.550558646494
 40
151.550558646494
 40
151.550558646494
 40
151.550558646494
 40
152.550558646494
 40
152.550558646494
 40
152.550558646494
 40
153.550558646494
 40
153.550558646494
 40
153.550558646494
 40
154.550558646494
 40
154.550558646494
 40
154.550558646494
 40
163.056703484198
 40
163.056703484198
 40
163.056703484198
 40
164.056703484198
 40
164.056703484198
 40
164.056703484198
 40
165.056703484198
 40
165.056703484198
 40
165.056703484198
 40
166.056703484198
 40
166.056703484198
 40
166.056703484198
 40
167.056703484198
 40
167.056703484198
 40
167.056703484198
 40
168.056703484198
 40
168.056703484198
 40
168.056703484198
 40
169.056703484198
 40
169.056703484198
 40
169.056703484198
 40
170.056703484198
 40
170.056703484198
 40
170.056703484198
 40
178.5632656570149
 40
178.5632656570149
 40
178.5632656570149
 40
179.5632656570149
 40
179.5632656570149
 40
179.5632656570149
 40
180.5632656570149
 40
180.5632656570149
 40
180.5632656570149
 40
181.5632656570149
 40
181.5632656570149
 40
181.5632656570149
 40
182.5632656570149
 40
182.5632656570149
 40
182.5632656570149
 40
183.5632656570149
 40
183.5632656570149
 40
183.5632656570149
 40
184.5632656570149
 40
184.5632656570149
 40
184.5632656570149
 40
185.5632656570149
 40
185.5632656570149
 40
185.5632656570149
 40
194.0731422718667
 40
194.0731422718667
 40
194.0731422718667
 40
195.0731422718667
 40
195.0731422718667
 40
195.0731422718667
 40
196.0731422718667
 40
196.0731422718667
 40
196.0731422718667
 40
197.0731422718667
 40
197.0731422718667
 40
197.0731422718667
 40
198.0731422718667
 40
198.0731422718667
 40
198.0731422718667
 40
199.0731422718667
 40
199.0731422718667
 40
199.0731422718667
 40
200.0731422718667
 40
200.0731422718667
 40
200.0731422718667
 40
201.0731422718667
 40
201.0731422718667
 40
201.0731422718667
 40
209.5757359937846
 40
209.5757359937846
 40
209.5757359937846
 40
210.5757359937846
 40
210.5757359937846
 40
210.5757359937846
 40
211.5757359937846
 40
211.5757359937846
 40
211.5757359937846
 40
212.5757359937846
 40
212.5757359937846
 40
212.5757359937846
 40
213.5757359937846
 40
213.5757359937846
 40
213.5757359937846
 40
214.5757359937846
 40
214.5757359937846
 40
214.5757359937846
 40
215.5757359937846
 40
215.5757359937846
 40
215.5757359937846
 40
216.5757359937846
 40
216.5757359937846
 40
216.5757359937846
 40
225.0737945956066
 40
225.0737945956066
 40
225.0737945956066
 40
226.0737945956066
 40
226.0737945956066
 40
226.0737945956066
 40
227.0737945956066
 40
227.0737945956066
 40
227.0737945956066
 40
228.0737945956066
 40
228.0737945956066
 40
228.0737945956066
 40
229.0737945956066
 40
229.0737945956066
 40
229.0737945956066
 40
230.0737945956066
 40
230.0737945956066
 40
230.0737945956066
 40
231.0737945956066
 40
231.0737945956066
 40
231.0737945956066
 40
231.0737945956066
 10
125.9496747222222
 20
167.4471716666666
 30
0.0
 10
125.9002858333333
 20
167.4224772222222
 30
0.0
 10
125.4698969444444
 20
168.0751161111111
 30
0.0
 10
124.9865913888889
 20
168.9147272222222
 30
0.0
 10
124.5032858333333
 20
169.7508105555555
 30
0.0
 10
124.2845636111111
 20
170.3293661111111
 30
0.0
 10
124.1963691666666
 20
170.4775327777778
 30
0.0
 10
123.7589247222222
 20
171.236005
 30
0.0
 10
122.4465913888889
 20
173.5078938888889
 30
0.0
 10
122.4465913888889
 20
173.5078938888889
 30
0.0
 10
121.5799339814815
 20
173.0081253703703
 30
0.0
 10
120.713276574074
 20
172.5083568518518
 30
0.0
 10
119.8466191666666
 20
172.0085883333333
 30
0.0
 10
119.8466191666666
 20
172.0085883333333
 30
0.0
 10
121.1624802777778
 20
169.7366994444444
 30
0.0
 10
121.5999247222222
 20
168.9782272222222
 30
0.0
 10
121.6881191666667
 20
168.8265327777778
 30
0.0
 10
122.0761747222222
 20
168.3502827777777
 30
0.0
 10
122.5630080555555
 20
167.5141994444444
 30
0.0
 10
123.0463136111111
 20
166.6745883333333
 30
0.0
 10
123.3990913888889
 20
165.9760883333333
 30
0.0
 10
123.3497025
 20
165.9478661111111
 30
0.0
 10
121.2824247222222
 20
164.7519494444444
 30
0.0
 10
119.0599247222222
 20
161.0230883333333
 30
0.0
 10
116.5693136111111
 20
164.568505
 30
0.0
 10
114.0787025
 20
168.1139216666666
 30
0.0
 10
105.0546469444444
 20
173.9735605555555
 30
0.0
 10
72.02053583333333
 20
177.713005
 30
0.0
 10
66.12561916666665
 20
178.379755
 30
0.0
 10
54.79792472222221
 20
176.9580605555555
 30
0.0
 10
56.99925805555555
 20
173.1515883333333
 30
0.0
 10
57.82828583333333
 20
171.7157827777778
 30
0.0
 10
57.33792472222221
 20
169.8813383333333
 30
0.0
 10
55.90211916666666
 20
169.0523105555555
 30
0.0
 10
55.85625805555555
 20
169.0240883333333
 30
0.0
 10
55.42586916666666
 20
169.680255
 30
0.0
 10
54.9425636111111
 20
170.5163383333333
 30
0.0
 10
54.45573027777777
 20
171.3524216666666
 30
0.0
 10
54.24053583333332
 20
171.9309772222222
 30
0.0
 10
54.15234138888888
 20
172.0826716666666
 30
0.0
 10
53.71489694444444
 20
172.8376161111111
 30
0.0
 10
52.39903583333332
 20
175.1130327777778
 30
0.0
 10
52.39903583333332
 20
175.1130327777778
 30
0.0
 10
51.53355435185184
 20
174.6120883333333
 30
0.0
 10
50.66807287037036
 20
174.1111438888888
 30
0.0
 10
49.80259138888888
 20
173.6101994444444
 30
0.0
 10
49.80259138888888
 20
173.6101994444444
 30
0.0
 10
51.11845249999999
 20
171.3383105555555
 30
0.0
 10
51.55589694444443
 20
170.5798383333333
 30
0.0
 10
51.64056361111111
 20
170.4281438888889
 30
0.0
 10
52.03214694444443
 20
169.9518938888889
 30
0.0
 10
52.51545249999999
 20
169.1158105555555
 30
0.0
 10
53.00228583333332
 20
168.2761994444444
 30
0.0
 10
53.3550636111111
 20
167.5776994444444
 30
0.0
 10
53.30567472222221
 20
167.5494772222222
 30
0.0
 10
51.86986916666665
 20
166.7204494444444
 30
0.0
 10
50.03895249999999
 20
167.2108105555555
 30
0.0
 10
49.20639694444444
 20
168.6466161111111
 30
0.0
 10
45.93614694444444
 20
174.3051716666666
 30
0.0
 10
30.91486916666666
 20
168.9888105555555
 30
0.0
 10
26.58275805555554
 20
153.2619772222222
 30
0.0
 10
24.13095249999999
 20
144.3472827777778
 30
0.0
 10
36.43231361111111
 20
142.2129772222222
 30
0.0
 10
46.35948027777776
 20
140.2656438888889
 30
0.0
 10
50.4517025
 20
139.4648383333333
 30
0.0
 10
53.60200805555554
 20
137.422255
 30
0.0
 10
55.90564694444443
 20
135.4325883333333
 30
0.0
 10
58.20928583333332
 20
133.4393938888888
 30
0.0
 10
54.06767472222221
 20
127.8690327777778
 30
0.0
 10
52.88586916666665
 20
129.9856994444444
 30
0.0
 10
51.7040636111111
 20
132.1023661111111
 30
0.0
 10
51.47123027777776
 20
132.4833661111111
 30
0.0
 10
49.48156361111111
 20
131.3333105555555
 30
0.0
 10
47.65417472222222
 20
130.2749772222222
 30
0.0
 10
48.37736916666666
 20
130.691255
 30
0.0
 10
46.88511916666666
 20
129.8304772222222
 30
0.0
 10
45.60100805555555
 20
129.0861161111111
 30
0.0
 10
48.15511916666665
 20
126.5778661111111
 30
0.0
 10
44.72964694444444
 20
124.5246994444444
 30
0.0
 10
41.30770249999999
 20
122.468005
 30
0.0
 10
35.23992472222221
 20
122.785505
 30
0.0
 10
33.81470249999999
 20
125.2443661111111
 30
0.0
 10
33.78648027777777
 20
125.2902272222222
 30
0.0
 10
34.43911916666666
 20
125.7206161111111
 30
0.0
 10
35.27873027777778
 20
126.2074494444444
 30
0.0
 10
36.1148136111111
 20
126.690755
 30
0.0
 10
36.69336916666666
 20
126.9059494444444
 30
0.0
 10
36.84153583333332
 20
126.9941438888889
 30
0.0
 10
37.60000805555555
 20
127.4315883333333
 30
0.0
 10
39.87189694444444
 20
128.7474494444444
 30
0.0
 10
39.87189694444444
 20
128.7474494444444
 30
0.0
 10
39.37212842592592
 20
129.6129309259259
 30
0.0
 10
38.8723599074074
 20
130.4784124074074
 30
0.0
 10
38.37259138888888
 20
131.3438938888889
 30
0.0
 10
38.37259138888888
 20
131.3438938888889
 30
0.0
 10
36.10070249999999
 20
130.0315605555555
 30
0.0
 10
35.34223027777778
 20
129.5905883333333
 30
0.0
 10
35.19053583333333
 20
129.5059216666666
 30
0.0
 10
34.71428583333332
 20
129.1143383333333
 30
0.0
 10
33.87820249999999
 20
128.6310327777777
 30
0.0
 10
33.03859138888888
 20
128.1441994444444
 30
0.0
 10
32.34009138888887
 20
127.7914216666666
 30
0.0
 10
32.31186916666665
 20
127.8408105555555
 30
0.0
 10
31.49695249999999
 20
129.2871994444444
 30
0.0
 10
25.46092472222221
 20
128.3241161111111
 30
0.0
 10
23.95809138888888
 20
130.9205605555555
 30
0.0
 10
23.93339694444444
 20
130.9699494444444
 30
0.0
 10
24.58603583333333
 20
131.4003383333333
 30
0.0
 10
25.42564694444444
 20
131.8836438888889
 30
0.0
 10
26.26173027777778
 20
132.3669494444444
 30
0.0
 10
26.84028583333333
 20
132.5856716666667
 30
0.0
 10
26.9884525
 20
132.6738661111111
 30
0.0
 10
27.74692472222221
 20
133.1113105555555
 30
0.0
 10
30.0188136111111
 20
134.4236438888889
 30
0.0
 10
30.0188136111111
 20
134.4236438888889
 30
0.0
 10
29.51904509259258
 20
135.2903012962963
 30
0.0
 10
29.01927657407406
 20
136.1569587037037
 30
0.0
 10
28.51950805555554
 20
137.0236161111111
 30
0.0
 10
28.51950805555554
 20
137.0236161111111
 30
0.0
 10
26.24761916666666
 20
135.707755
 30
0.0
 10
25.48914694444444
 20
135.2703105555555
 30
0.0
 10
25.3374525
 20
135.1821161111111
 30
0.0
 10
24.86120249999999
 20
134.7905327777778
 30
0.0
 10
24.02511916666666
 20
134.3072272222222
 30
0.0
 10
23.18550805555554
 20
133.8239216666666
 30
0.0
 10
22.48700805555556
 20
133.4711438888889
 30
0.0
 10
22.45878583333332
 20
133.5205327777778
 30
0.0
 10
21.64386916666665
 20
134.9633938888889
 30
0.0
 10
15.61842472222222
 20
134.0108938888889
 30
0.0
 10
14.11911916666666
 20
136.6073383333333
 30
0.0
 10
14.09089694444444
 20
136.6531994444444
 30
0.0
 10
14.74706361111109
 20
137.0835883333333
 30
0.0
 10
15.58314694444443
 20
137.5704216666666
 30
0.0
 10
16.41923027777776
 20
138.0537272222222
 30
0.0
 10
16.99778583333334
 20
138.2724494444444
 30
0.0
 10
17.14948027777776
 20
138.3571161111111
 30
0.0
 10
17.90442472222222
 20
138.7980883333333
 30
0.0
 10
20.17984138888889
 20
140.1104216666666
 30
0.0
 10
20.17984138888889
 20
140.1104216666666
 30
0.0
 10
19.67889694444444
 20
140.9759031481481
 30
0.0
 10
19.1779525
 20
141.8413846296296
 30
0.0
 10
18.67700805555555
 20
142.7068661111111
 30
0.0
 10
18.67700805555555
 20
142.7068661111111
 30
0.0
 10
16.40511916666667
 20
141.3945327777778
 30
0.0
 10
15.64664694444443
 20
140.9570883333333
 30
0.0
 10
15.49495249999999
 20
140.8688938888889
 30
0.0
 10
15.0187025
 20
140.4773105555555
 30
0.0
 10
14.18261916666666
 20
139.994005
 30
0.0
 10
13.34300805555555
 20
139.5106994444444
 30
0.0
 10
12.64450805555555
 20
139.1579216666667
 30
0.0
 10
12.61628583333333
 20
139.2037827777777
 30
0.0
 10
11.80489694444444
 20
140.6501716666667
 30
0.0
 10
10.79242472222221
 20
143.4829772222222
 30
0.0
 10
9.321341388888875
 20
146.0970605555555
 30
0.0
 10
9.293119166666658
 20
146.1464494444444
 30
0.0
 10
9.952813611111104
 20
146.566255
 30
0.0
 10
10.79595249999999
 20
147.042505
 30
0.0
 10
11.63909138888889
 20
147.5152272222222
 30
0.0
 10
12.21764694444444
 20
147.7268938888889
 30
0.0
 10
12.37286916666666
 20
147.8115605555555
 30
0.0
 10
13.13486916666665
 20
148.2419494444444
 30
0.0
 10
15.42086916666666
 20
149.5295883333333
 30
0.0
 10
15.42086916666666
 20
149.5295883333333
 30
0.0
 10
14.93050805555554
 20
150.4009494444444
 30
0.0
 10
14.44014694444443
 20
151.2723105555555
 30
0.0
 10
13.94978583333332
 20
152.1436716666666
 30
0.0
 10
13.94978583333332
 20
152.1436716666666
 30
0.0
 10
11.66378583333333
 20
150.8560327777778
 30
0.0
 10
10.90178583333333
 20
150.4291716666666
 30
0.0
 10
10.7465636111111
 20
150.3409772222222
 30
0.0
 10
10.26678583333332
 20
149.9564494444444
 30
0.0
 10
9.423646944444437
 20
149.4837272222222
 30
0.0
 10
8.580508055555553
 20
149.0074772222222
 30
0.0
 10
7.878480277777773
 20
148.6652827777777
 30
0.0
 10
7.850258055555557
 20
148.7111438888889
 30
0.0
 10
6.379174722222218
 20
151.3252272222222
 30
0.0
 10
11.02525805555556
 20
155.4950605555555
 30
0.0
 10
10.03042472222223
 20
158.3278661111111
 30
0.0
 10
10.01278583333333
 20
158.3807827777778
 30
0.0
 10
10.73598027777778
 20
158.6806438888889
 30
0.0
 10
11.64967472222222
 20
159.0016716666667
 30
0.0
 10
12.56336916666665
 20
159.3226994444444
 30
0.0
 10
13.17014694444444
 20
159.4285327777777
 30
0.0
 10
13.33242472222221
 20
159.488505
 30
0.0
 10
14.15792472222222
 20
159.7777827777778
 30
0.0
 10
16.63795249999999
 20
160.6456161111111
 30
0.0
 10
16.63795249999999
 20
160.6456161111111
 30
0.0
 10
16.30634138888888
 20
161.5898846296296
 30
0.0
 10
15.97473027777777
 20
162.5341531481481
 30
0.0
 10
15.64311916666666
 20
163.4784216666666
 30
0.0
 10
15.64311916666666
 20
163.4784216666666
 30
0.0
 10
13.16661916666667
 20
162.6070605555555
 30
0.0
 10
12.34111916666665
 20
162.3177827777778
 30
0.0
 10
12.17531361111111
 20
162.2613383333333
 30
0.0
 10
11.6355636111111
 20
161.965005
 30
0.0
 10
10.72186916666666
 20
161.6439772222222
 30
0.0
 10
9.808174722222207
 20
161.3229494444444
 30
0.0
 10
9.056758055555543
 20
161.1042272222222
 30
0.0
 10
9.03911916666667
 20
161.1571438888889
 30
0.0
 10
7.049452499999988
 20
166.8192272222222
 30
0.0
 10
17.1142025
 20
167.3730883333333
 30
0.0
 10
16.62736916666666
 20
170.3328938888889
 30
0.0
 10
16.62736916666666
 20
170.3928661111111
 30
0.0
 10
17.38936916666665
 20
170.5586716666666
 30
0.0
 10
18.33834138888887
 20
170.7174216666666
 30
0.0
 10
19.29084138888889
 20
170.8726438888889
 30
0.0
 10
19.9082025
 20
170.8726438888889
 30
0.0
 10
20.0810636111111
 20
170.9043938888889
 30
0.0
 10
20.94184138888888
 20
171.045505
 30
0.0
 10
23.53475805555555
 20
171.4723661111111
 30
0.0
 10
23.53475805555555
 20
171.4723661111111
 30
0.0
 10
23.37130435185184
 20
172.4589679629629
 30
0.0
 10
23.20785064814814
 20
173.4455698148148
 30
0.0
 10
23.04439694444444
 20
174.4321716666666
 30
0.0
 10
23.04439694444444
 20
174.4321716666666
 30
0.0
 10
20.45500805555554
 20
174.0053105555555
 30
0.0
 10
19.59070249999999
 20
173.8641994444444
 30
0.0
 10
19.42136916666665
 20
173.8359772222222
 30
0.0
 10
18.83575805555555
 20
173.6384216666667
 30
0.0
 10
17.88325805555555
 20
173.4796716666667
 30
0.0
 10
16.92723027777776
 20
173.3209216666666
 30
0.0
 10
16.14759138888888
 20
173.2397827777777
 30
0.0
 10
16.14053583333333
 20
173.2926994444444
 30
0.0
 10
15.16334138888888
 20
179.2123105555555
 30
0.0
 10
26.55100805555555
 20
176.7957827777778
 30
0.0
 10
26.58275805555554
 20
179.7979216666666
 30
0.0
 10
26.58275805555554
 20
179.8508383333333
 30
0.0
 10
27.36592472222222
 20
179.8896438888889
 30
0.0
 10
28.33253583333333
 20
179.8755327777777
 30
0.0
 10
29.30267472222222
 20
179.8649494444444
 30
0.0
 10
29.90945249999999
 20
179.7591161111111
 30
0.0
 10
30.0823136111111
 20
179.7591161111111
 30
0.0
 10
30.9572025
 20
179.7485327777778
 30
0.0
 10
33.58186916666666
 20
179.7167827777778
 30
0.0
 10
33.58186916666666
 20
179.7167827777778
 30
0.0
 10
33.59362842592592
 20
180.7174957407407
 30
0.0
 10
33.60538768518517
 20
181.7182087037037
 30
0.0
 10
33.61714694444443
 20
182.7189216666667
 30
0.0
 10
33.61714694444443
 20
182.7189216666667
 30
0.0
 10
30.99248027777777
 20
182.7471438888888
 30
0.0
 10
30.11759138888889
 20
182.7577272222222
 30
0.0
 10
29.9412025
 20
182.7577272222222
 30
0.0
 10
29.33089694444444
 20
182.666005
 30
0.0
 10
28.36428583333332
 20
182.6765883333333
 30
0.0
 10
27.40120249999999
 20
182.6871716666666
 30
0.0
 10
26.61803583333333
 20
182.7400883333333
 30
0.0
 10
26.61803583333333
 20
182.7965327777778
 30
0.0
 10
26.68153583333333
 20
188.6067827777777
 30
0.0
 10
40.47161916666666
 20
184.126505
 30
0.0
 10
40.98667472222221
 20
186.8675883333333
 30
0.0
 10
40.99725805555555
 20
186.920505
 30
0.0
 10
41.77336916666665
 20
186.8217272222222
 30
0.0
 10
42.72234138888889
 20
186.6418105555555
 30
0.0
 10
43.67484138888888
 20
186.4618938888889
 30
0.0
 10
44.25339694444443
 20
186.253755
 30
0.0
 10
44.42625805555554
 20
186.2184772222222
 30
0.0
 10
45.28350805555555
 20
186.0597272222222
 30
0.0
 10
47.86584138888888
 20
185.5728938888889
 30
0.0
 10
47.86584138888888
 20
185.5728938888889
 30
0.0
 10
48.05046175925926
 20
186.5559679629629
 30
0.0
 10
48.23508212962961
 20
187.539042037037
 30
0.0
 10
48.41970249999999
 20
188.5221161111111
 30
0.0
 10
48.41970249999999
 20
188.5221161111111
 30
0.0
 10
45.83736916666665
 20
189.0054216666666
 30
0.0
 10
44.98011916666665
 20
189.1676994444444
 30
0.0
 10
44.80725805555555
 20
189.1994494444444
 30
0.0
 10
44.18989694444444
 20
189.2135605555555
 30
0.0
 10
43.24092472222222
 20
189.3934772222222
 30
0.0
 10
42.29548027777777
 20
189.5733938888889
 30
0.0
 10
41.54053583333332
 20
189.7568383333333
 30
0.0
 10
41.54053583333332
 20
189.8132827777778
 30
0.0
 10
42.64825805555555
 20
195.7117272222222
 30
0.0
 10
55.36942472222221
 20
188.7549494444444
 30
0.0
 10
55.8950636111111
 20
190.3283383333333
 30
0.0
 10
55.91623027777776
 20
190.3777272222222
 30
0.0
 10
56.66411916666665
 20
190.1448938888888
 30
0.0
 10
57.57075805555554
 20
189.8026994444444
 30
0.0
 10
58.47386916666665
 20
189.4640327777778
 30
0.0
 10
59.01009138888888
 20
189.1571161111111
 30
0.0
 10
59.17236916666666
 20
189.0936161111111
 30
0.0
 10
59.9908136111111
 20
188.7866994444444
 30
0.0
 10
62.44614694444444
 20
187.8588938888888
 30
0.0
 10
62.44614694444444
 20
187.8588938888888
 30
0.0
 10
62.79892472222222
 20
188.7949309259259
 30
0.0
 10
63.1517025
 20
189.7309679629629
 30
0.0
 10
63.50448027777777
 20
190.667005
 30
0.0
 10
63.50448027777777
 20
190.667005
 30
0.0
 10
61.04914694444444
 20
191.5912827777778
 30
0.0
 10
60.23070249999999
 20
191.9017272222222
 30
0.0
 10
60.06489694444443
 20
191.9616994444444
 30
0.0
 10
59.46164694444443
 20
192.0851716666666
 30
0.0
 10
58.55500805555555
 20
192.4238383333333
 30
0.0
 10
57.65189694444444
 20
192.7660327777778
 30
0.0
 10
56.93575805555555
 20
193.0835327777777
 30
0.0
 10
56.95339694444443
 20
193.1364494444444
 30
0.0
 10
59.0700636111111
 20
198.7491438888889
 30
0.0
 10
71.30792472222221
 20
188.2892827777777
 30
0.0
 10
72.34861916666665
 20
190.0461161111111
 30
0.0
 10
72.37684138888888
 20
190.0919772222222
 30
0.0
 10
73.07181361111111
 20
189.7321438888889
 30
0.0
 10
73.90436916666665
 20
189.238255
 30
0.0
 10
74.73692472222221
 20
188.7478938888889
 30
0.0
 10
75.20964694444443
 20
188.3492549999999
 30
0.0
 10
75.36134138888887
 20
188.2610605555555
 30
0.0
 10
76.11275805555555
 20
187.8165605555555
 30
0.0
 10
78.37053583333332
 20
186.476005
 30
0.0
 10
78.37053583333332
 20
186.476005
 30
0.0
 10
78.88088768518517
 20
187.3367827777778
 30
0.0
 10
79.39123953703702
 20
188.1975605555556
 30
0.0
 10
79.90159138888887
 20
189.0583383333333
 30
0.0
 10
79.90159138888887
 20
189.0583383333333
 30
0.0
 10
77.64028583333332
 20
190.3953661111111
 30
0.0
 10
76.88886916666665
 20
190.8433938888889
 30
0.0
 10
76.7371747222222
 20
190.9315883333333
 30
0.0
 10
76.1656747222222
 20
191.1538383333333
 30
0.0
 10
75.33311916666666
 20
191.6477272222222
 30
0.0
 10
74.5005636111111
 20
192.1416161111111
 30
0.0
 10
73.84792472222222
 20
192.5790605555555
 30
0.0
 10
73.87614694444443
 20
192.6249216666667
 30
0.0
 10
76.93473027777776
 20
197.7895883333333
 30
0.0
 10
87.25700805555554
 20
185.6857827777777
 30
0.0
 10
88.35767472222221
 20
186.9663661111111
 30
0.0
 10
88.39295249999999
 20
187.0086994444444
 30
0.0
 10
89.01384138888888
 20
186.5324494444444
 30
0.0
 10
89.74761916666665
 20
185.9009772222222
 30
0.0
 10
90.48139694444443
 20
185.2730327777778
 30
0.0
 10
90.88003583333334
 20
184.8003105555555
 30
0.0
 10
91.0105636111111
 20
184.6874216666666
 30
0.0
 10
91.6773136111111
 20
184.1159216666666
 30
0.0
 10
93.66698027777777
 20
182.4084772222222
 30
0.0
 10
93.66698027777777
 20
182.4084772222222
 30
0.0
 10
94.31844324074073
 20
183.1669494444444
 30
0.0
 10
94.96990620370367
 20
183.9254216666667
 30
0.0
 10
95.62136916666664
 20
184.6838938888889
 30
0.0
 10
95.62136916666664
 20
184.6838938888889
 30
0.0
 10
93.62817472222221
 20
186.3948661111111
 30
0.0
 10
92.96495249999998
 20
186.9628383333333
 30
0.0
 10
92.83442472222221
 20
187.0757272222222
 30
0.0
 10
92.30525805555554
 20
187.396755
 30
0.0
 10
91.57148027777777
 20
188.0282272222222
 30
0.0
 10
90.83770249999999
 20
188.6561716666666
 30
0.0
 10
90.27325805555554
 20
189.1994494444444
 30
0.0
 10
90.30853583333332
 20
189.2417827777778
 30
0.0
 10
94.2173136111111
 20
193.7961438888888
 30
0.0
 10
102.3523691666667
 20
181.8263938888889
 30
0.0
 10
103.9328136111111
 20
183.1246161111111
 30
0.0
 10
103.9751469444444
 20
183.1598938888889
 30
0.0
 10
104.5078413888889
 20
182.5813383333333
 30
0.0
 10
105.1216747222222
 20
181.8334494444444
 30
0.0
 10
105.7355080555555
 20
181.0855605555555
 30
0.0
 10
106.0424247222222
 20
180.5528661111111
 30
0.0
 10
106.1517858333333
 20
180.4188105555555
 30
0.0
 10
106.7091747222222
 20
179.7414772222222
 30
0.0
 10
108.3742858333333
 20
177.713005
 30
0.0
 10
108.3742858333333
 20
177.713005
 30
0.0
 10
109.1468691666666
 20
178.3468290740741
 30
0.0
 10
109.9194525
 20
178.9806531481481
 30
0.0
 10
110.6920358333333
 20
179.6144772222222
 30
0.0
 10
110.6920358333333
 20
179.6144772222222
 30
0.0
 10
109.0269247222222
 20
181.6429494444444
 30
0.0
 10
108.4730636111111
 20
182.3202827777777
 30
0.0
 10
108.3601747222222
 20
182.4543383333333
 30
0.0
 10
107.8980358333333
 20
182.8635605555555
 30
0.0
 10
107.2842025
 20
183.6114494444444
 30
0.0
 10
106.6703691666667
 20
184.3593383333333
 30
0.0
 10
106.2117580555555
 20
184.9908105555555
 30
0.0
 10
106.2540913888889
 20
185.0260883333333
 30
0.0
 10
107.5452580555555
 20
186.063255
 30
0.0
 10
109.4326191666667
 20
185.8551161111111
 30
0.0
 10
110.4697858333333
 20
184.5639494444444
 30
0.0
 10
114.9077302777778
 20
179.1488105555555
 30
0.0
 10
120.4922025
 20
183.7913661111111
 30
0.0
 10
125.9743691666666
 20
175.2435605555555
 30
0.0
 10
127.7911747222222
 20
172.410755
 30
0.0
 10
129.8267025
 20
169.6908383333333
 30
0.0
 10
125.9496747222222
 20
167.4471716666666
 30
0.0
  0
SPLINE
  5
21C
330
1F
100
AcDbEntity
  8
DEFAULT
 62
     3
100
AcDbSpline
210
0.0
220
0.0
230
1.0
 70
    11
 71
     3
 72
    14
 73
    10
 74
     0
 42
0.000000001
 43
0.0000000001
 40
0.0
 40
0.0
 40
0.0
 40
0.0
 40
1.0
 40
1.0
 40
1.0
 40
2.0
 40
2.0
 40
2.0
 40
3.0
 40
3.0
 40
3.0
 40
3.0
 10
202.7255844444445
 20
202.2467944444444
 30
0.0
 10
202.6656122222222
 20
203.3887361111111
 30
0.0
 10
203.0116872222222
 20
203.7104694444444
 30
0.0
 10
203.79944
 20
204.2389305555556
 30
0.0
 10
205.0934288888889
 20
205.1071166666666
 30
0.0
 10
202.2743816666667
 20
204.5952361111111
 30
0.0
 10
201.3402261111111
 20
204.0364361111111
 30
0.0
 10
200.5531788888889
 20
203.5658305555556
 30
0.0
 10
202.7781483333333
 20
201.2487861111111
 30
0.0
 10
202.7255844444445
 20
202.2467944444444
 30
0.0
  0
SPLINE
  5
21D
330
1F
100
AcDbEntity
  8
DEFAULT
 62
     3
100
AcDbSpline
210
0.0
220
0.0
230
1.0
 70
    11
 71
     3
 72
    14
 73
    10
 74
     0
 42
0.000000001
 43
0.0000000001
 40
0.0
 40
0.0
 40
0.0
 40
0.0
 40
1.0
 40
1.0
 40
1.0
 40
2.0
 40
2.0
 40
2.0
 40
3.0
 40
3.0
 40
3.0
 40
3.0
 10
202.8852163888889
 20
215.1958555555555
 30
0.0
 10
202.2664441666666
 20
216.1575277777778
 30
0.0
 10
202.3366469444445
 20
216.7833555555555
 30
0.0
 10
202.8852163888889
 20
217.5569972222222
 30
0.0
 10
203.4704747222222
 20
218.3821444444444
 30
0.0
 10
200.8891997222222
 20
217.7482027777778
 30
0.0
 10
200.8891997222222
 20
216.37625
 30
0.0
 10
200.8891997222222
 20
214.8857638888889
 30
0.0
 10
203.4260247222222
 20
214.3555388888889
 30
0.0
 10
202.8852163888889
 20
215.1958555555555
 30
0.0
  0
SPLINE
  5
21E
330
1F
100
AcDbEntity
  8
DEFAULT
 62
     3
100
AcDbSpline
210
0.0
220
0.0
230
1.0
 70
    11
 71
     3
 72
    26
 73
    22
 74
     0
 42
0.000000001
 43
0.0000000001
 40
0.0
 40
0.0
 40
0.0
 40
0.0
 40
1.0
 40
1.0
 40
1.0
 40
2.0
 40
2.0
 40
2.0
 40
3.0
 40
3.0
 40
3.0
 40
4.0
 40
4.0
 40
4.0
 40
5.0
 40
5.0
 40
5.0
 40
6.0
 40
6.0
 40
6.0
 40
7.0
 40
7.0
 40
7.0
 40
7.0
 10
200.8296508333333
 20
232.2536841666666
 30
0.0
 10
202.4259702777777
 20
230.1222008333333
 30
0.0
 10
202.5078147222222
 20
230.1370175
 30
0.0
 10
201.5115702777777
 20
230.3236369444444
 30
0.0
 10
200.5156786111111
 20
230.5106091666666
 30
0.0
 10
199.9138397222222
 20
231.0708202777778
 30
0.0
 10
198.5648175
 20
233.8722286111111
 30
0.0
 10
197.2161480555555
 20
236.6736369444444
 30
0.0
 10
195.6596925
 20
237.7319702777777
 30
0.0
 10
197.4652091666666
 20
237.4208202777778
 30
0.0
 10
199.2703730555556
 20
237.1096702777778
 30
0.0
 10
199.8930258333333
 20
238.0434730555556
 30
0.0
 10
200.5777675
 20
238.7282147222222
 30
0.0
 10
201.2625091666666
 20
239.4129563888889
 30
0.0
 10
201.3249508333333
 20
239.5374869444444
 30
0.0
 10
202.5699036111111
 20
238.9148341666666
 30
0.0
 10
203.8152091666666
 20
238.2925341666667
 30
0.0
 10
200.0796452777778
 20
237.7944119444444
 30
0.0
 10
199.7060536111111
 20
236.2379563888888
 30
0.0
 10
199.3328147222222
 20
234.6815008333333
 30
0.0
 10
199.6594869444444
 20
233.8164897222222
 30
0.0
 10
200.8296508333333
 20
232.2536841666666
 30
0.0
  0
SPLINE
  5
21F
330
1F
100
AcDbEntity
  8
DEFAULT
 62
     5
100
AcDbSpline
210
0.0
220
0.0
230
1.0
 70
    11
 71
     3
 72
    20
 73
    16
 74
     0
 42
0.000000001
 43
0.0000000001
 40
0.0
 40
0.0
 40
0.0
 40
0.0
 40
1.0
 40
1.0
 40
1.0
 40
2.0
 40
2.0
 40
2.0
 40
3.0
 40
3.0
 40
3.0
 40
4.0
 40
4.0
 40
4.0
 40
5.0
 40
5.0
 40
5.0
 40
5.0
 10
205.8076627777778
 20
213.6394705555556
 30
0.0
 10
203.7738988888889
 20
215.3458566666667
 30
0.0
 10
204.0437738888889
 20
217.5253177777778
 30
0.0
 10
205.5586016666666
 20
218.7445177777778
 30
0.0
 10
207.4258544444444
 20
220.2469983333333
 30
0.0
 10
206.4013877777778
 20
220.7080788888889
 30
0.0
 10
203.7075766666667
 20
219.9129177777778
 30
0.0
 10
201.0137655555555
 20
219.1177566666667
 30
0.0
 10
199.5910127777778
 20
219.4292594444445
 30
0.0
 10
199.5910127777778
 20
216.5033205555556
 30
0.0
 10
199.5910127777778
 20
213.51494
 30
0.0
 10
200.8740655555555
 20
213.3904094444444
 30
0.0
 10
203.0916266666667
 20
212.7677566666667
 30
0.0
 10
205.3091877777778
 20
212.1454566666667
 30
0.0
 10
207.7370044444444
 20
212.0209261111111
 30
0.0
 10
205.8076627777778
 20
213.6394705555556
 30
0.0
  0
SPLINE
  5
220
330
1F
100
AcDbEntity
  8
DEFAULT
 62
     5
100
AcDbSpline
210
0.0
220
0.0
230
1.0
 70
    11
 71
     3
 72
    14
 73
    10
 74
     0
 42
0.000000001
 43
0.0000000001
 40
0.0
 40
0.0
 40
0.0
 40
0.0
 40
1.0
 40
1.0
 40
1.0
 40
2.0
 40
2.0
 40
2.0
 40
3.0
 40
3.0
 40
3.0
 40
3.0
 10
202.0096572222222
 20
200.8149752777777
 30
0.0
 10
200.2154294444444
 20
202.7178586111111
 30
0.0
 10
198.1499155555555
 20
204.7371586111111
 30
0.0
 10
200.8888822222222
 20
205.2349280555555
 30
0.0
 10
203.6282016666667
 20
205.7330502777777
 30
0.0
 10
208.8577794444444
 20
206.3923919444444
 30
0.0
 10
205.9939294444444
 20
204.5501863888888
 30
0.0
 10
202.5444683333333
 20
202.3312141666666
 30
0.0
 10
204.22616
 20
198.4640641666666
 30
0.0
 10
202.0096572222222
 20
200.8149752777777
 30
0.0
  0
SPLINE
  5
221
330
1F
100
AcDbEntity
  8
DEFAULT
 62
     5
100
AcDbSpline
210
0.0
220
0.0
230
1.0
 70
    11
 71
     3
 72
    20
 73
    16
 74
     0
 42
0.000000001
 43
0.0000000001
 40
0.0
 40
0.0
 40
0.0
 40
0.0
 40
1.0
 40
1.0
 40
1.0
 40
2.0
 40
2.0
 40
2.0
 40
3.0
 40
3.0
 40
3.0
 40
4.0
 40
4.0
 40
4.0
 40
5.0
 40
5.0
 40
5.0
 40
5.0
 10
204.6681552777778
 20
239.3646611111111
 30
0.0
 10
207.5679886111111
 20
236.20095
 30
0.0
 10
198.2744108333333
 20
238.4791888888889
 30
0.0
 10
201.5143219444444
 20
233.6232027777778
 30
0.0
 10
204.8244358333333
 20
228.6624416666667
 30
0.0
 10
208.4012497222222
 20
226.8167083333333
 30
0.0
 10
202.1267441666667
 20
228.2278194444444
 30
0.0
 10
198.5777997222222
 20
229.0261555555555
 30
0.0
 10
199.8319247222222
 20
227.8203611111111
 30
0.0
 10
197.5272275
 20
232.6273111111111
 30
0.0
 10
194.3635163888889
 20
239.2260194444444
 30
0.0
 10
191.8619691666666
 20
239.7865833333333
 30
0.0
 10
196.6558663888889
 20
239.1018416666666
 30
0.0
 10
200.5801663888889
 20
238.540925
 30
0.0
 10
200.5861636111111
 20
243.8184805555555
 30
0.0
 10
204.6681552777778
 20
239.3646611111111
 30
0.0
  0
POLYLINE
  5
222
330
1F
100
AcDbEntity
  8
DEFAULT
 62
   250
100
AcDb2dPolyline
 66
     1
 10
0.0
 20
0.0
 30
0.0
  0
VERTEX
  5
223
330
222
100
AcDbEntity
  8
DEFAULT
 62
   250
100
AcDbVertex
100
AcDb2dVertex
 10
205.6716669444444
 20
223.3185638888889
 30
0.0
  0
VERTEX
  5
224
330
222
100
AcDbEntity
  8
DEFAULT
 62
   250
100
AcDbVertex
100
AcDb2dVertex
 10
205.6716669444444
 20
224.424875
 30
0.0
  0
VERTEX
  5
225
330
222
100
AcDbEntity
  8
DEFAULT
 62
   250
100
AcDbVertex
100
AcDb2dVertex
 10
207.0623169444444
 20
223.3185638888889
 30
0.0
  0
VERTEX
  5
226
330
222
100
AcDbEntity
  8
DEFAULT
 62
   250
100
AcDbVertex
100
AcDb2dVertex
 10
207.0623169444444
 20
224.4368694444444
 30
0.0
  0
SEQEND
  5
227
330
222
100
AcDbEntity
  8
DEFAULT
 62
   250
  0
POLYLINE
  5
228
330
1F
100
AcDbEntity
  8
DEFAULT
 62
   250
100
AcDb2dPolyline
 66
     1
 10
0.0
 20
0.0
 30
0.0
  0
VERTEX
  5
229
330
228
100
AcDbEntity
  8
DEFAULT
 62
   250
100
AcDbVertex
100
AcDb2dVertex
 10
205.6735013888889
 20
208.3201108333333
 30
0.0
  0
VERTEX
  5
22A
330
228
100
AcDbEntity
  8
DEFAULT
 62
   250
100
AcDbVertex
100
AcDb2dVertex
 10
205.6735013888889
 20
209.4264219444444
 30
0.0
  0
VERTEX
  5
22B
330
228
100
AcDbEntity
  8
DEFAULT
 62
   250
100
AcDbVertex
100
AcDb2dVertex
 10
207.0641513888889
 20
208.3201108333333
 30
0.0
  0
VERTEX
  5
22C
330
228
100
AcDbEntity
  8
DEFAULT
 62
   250
100
AcDbVertex
100
AcDb2dVertex
 10
207.0641513888889
 20
209.4384163888888
 30
0.0
  0
SEQEND
  5
22D
330
228
100
AcDbEntity
  8
DEFAULT
 62
   250
  0
SPLINE
  5
22E
330
1F
100
AcDbEntity
  8
DEFAULT
 62
     1
100
AcDbSpline
210
0.0
220
0.0
230
1.0
 70
    11
 71
     3
 72
    83
 73
    79
 74
     0
 42
0.000000001
 43
0.0000000001
 40
1.0
 40
1.0
 40
1.0
 40
1.0
 40
2.0
 40
2.0
 40
2.0
 40
3.0
 40
3.0
 40
3.0
 40
4.0
 40
4.0
 40
4.0
 40
5.0
 40
5.0
 40
5.0
 40
13.5040014698963
 40
13.5040014698963
 40
13.5040014698963
 40
14.5040014698963
 40
14.5040014698963
 40
14.5040014698963
 40
15.5040014698963
 40
15.5040014698963
 40
15.5040014698963
 40
16.5040014698963
 40
16.5040014698963
 40
16.5040014698963
 40
17.5040014698963
 40
17.5040014698963
 40
17.5040014698963
 40
18.5040014698963
 40
18.5040014698963
 40
18.5040014698963
 40
19.5040014698963
 40
19.5040014698963
 40
19.5040014698963
 40
20.5040014698963
 40
20.5040014698963
 40
20.5040014698963
 40
21.5040014698963
 40
21.5040014698963
 40
21.5040014698963
 40
30.00800293979271
 40
30.00800293979271
 40
30.00800293979271
 40
31.00800293979271
 40
31.00800293979271
 40
31.00800293979271
 40
32.00800293979271
 40
32.00800293979271
 40
32.00800293979271
 40
33.00800293979271
 40
33.00800293979271
 40
33.00800293979271
 40
34.00800293979271
 40
34.00800293979271
 40
34.00800293979271
 40
35.00800293979271
 40
35.00800293979271
 40
35.00800293979271
 40
36.00800293979271
 40
36.00800293979271
 40
36.00800293979271
 40
37.00800293979271
 40
37.00800293979271
 40
37.00800293979271
 40
38.00800293979271
 40
38.00800293979271
 40
38.00800293979271
 40
39.00800293979271
 40
39.00800293979271
 40
39.00800293979271
 40
40.00800293979271
 40
40.00800293979271
 40
40.00800293979271
 40
41.00800293979271
 40
41.00800293979271
 40
41.00800293979271
 40
42.00800293979271
 40
42.00800293979271
 40
42.00800293979271
 40
42.00800293979271
 10
193.6429325
 20
234.0370111111111
 30
0.0
 10
195.0106519444444
 20
231.4109333333333
 30
0.0
 10
196.6588297222222
 20
227.9512416666667
 30
0.0
 10
196.6609463888888
 20
225.371025
 30
0.0
 10
196.6739991666666
 20
225.3124638888889
 30
0.0
 10
197.4501102777778
 20
225.2690722222222
 30
0.0
 10
198.4114297222222
 20
225.2704833333333
 30
0.0
 10
199.3759241666666
 20
225.2729527777778
 30
0.0
 10
199.9862297222222
 20
225.3731416666667
 30
0.0
 10
200.1597963888889
 20
225.3720833333333
 30
0.0
 10
201.0346852777777
 20
225.3724361111111
 30
0.0
 10
203.6614686111111
 20
225.3777277777777
 30
0.0
 10
203.6614686111111
 20
225.3777277777777
 30
0.0
 10
203.6620565740741
 20
224.3777203703704
 30
0.0
 10
203.662644537037
 20
223.377712962963
 30
0.0
 10
203.6632325
 20
222.3777055555556
 30
0.0
 10
203.6632325
 20
222.3777055555556
 30
0.0
 10
201.0399769444444
 20
222.3734722222222
 30
0.0
 10
200.1615602777777
 20
222.3724138888889
 30
0.0
 10
199.9879936111111
 20
222.3731194444444
 30
0.0
 10
199.3801575
 20
222.47225
 30
0.0
 10
198.4114297222222
 20
222.4726027777778
 30
0.0
 10
197.4469352777778
 20
222.4701333333333
 30
0.0
 10
196.6616519444444
 20
222.4249777777778
 30
0.0
 10
196.6627102777777
 20
222.3710027777778
 30
0.0
 10
196.6662380555555
 20
220.3185416666667
 30
0.0
 10
197.3442769444444
 20
218.3842611111111
 30
0.0
 10
197.1714158333333
 20
215.8262694444444
 30
0.0
 10
197.0578213888888
 20
214.1523388888889
 30
0.0
 10
196.7159797222222
 20
213.255225
 30
0.0
 10
196.6591825
 20
210.372325
 30
0.0
 10
196.6715297222222
 20
210.3172916666667
 30
0.0
 10
197.4476408333333
 20
210.2739
 30
0.0
 10
198.4086075
 20
210.2756638888889
 30
0.0
 10
199.3776880555555
 20
210.2753111111111
 30
0.0
 10
199.9844658333333
 20
210.3747944444445
 30
0.0
 10
200.1580325
 20
210.3737361111111
 30
0.0
 10
201.0318630555555
 20
210.3776166666667
 30
0.0
 10
203.6597047222222
 20
210.3793805555555
 30
0.0
 10
203.6597047222222
 20
210.3793805555555
 30
0.0
 10
203.6602926851851
 20
209.3793731481481
 30
0.0
 10
203.6608806481481
 20
208.3793657407407
 30
0.0
 10
203.6614686111111
 20
207.3793583333333
 30
0.0
 10
203.6614686111111
 20
207.3793583333333
 30
0.0
 10
201.0382130555555
 20
207.375125
 30
0.0
 10
200.1633241666666
 20
207.3747722222222
 30
0.0
 10
199.9862297222222
 20
207.3747722222222
 30
0.0
 10
199.3783936111111
 20
207.4739027777778
 30
0.0
 10
198.4128408333333
 20
207.4749611111111
 30
0.0
 10
197.4448186111111
 20
207.4717861111111
 30
0.0
 10
196.6634158333333
 20
207.4273361111111
 30
0.0
 10
196.6609463888888
 20
207.3726555555555
 30
0.0
 10
196.6641213888888
 20
205.3706416666666
 30
0.0
 10
195.3412047222222
 20
203.5421944444444
 30
0.0
 10
200.9101547222222
 20
198.9564361111111
 30
0.0
 10
206.4762825
 20
194.3660916666667
 30
0.0
 10
204.9205325
 20
200.61555
 30
0.0
 10
209.8858797222222
 20
204.97165
 30
0.0
 10
213.9378852777778
 20
208.530825
 30
0.0
 10
214.3044213888888
 20
208.0379944444445
 30
0.0
 10
211.1671686111111
 20
210.9477055555555
 30
0.0
 10
206.1411436111111
 20
215.6117805555555
 30
0.0
 10
206.6819519444444
 20
217.5580555555555
 30
0.0
 10
211.0063019444444
 20
221.5469138888889
 30
0.0
 10
213.6891769444444
 20
224.0188277777778
 30
0.0
 10
213.2506741666666
 20
223.8777166666667
 30
0.0
 10
210.8711880555555
 20
226.5341333333333
 30
0.0
 10
208.5107519444444
 20
229.1693833333333
 30
0.0
 10
203.6050241666667
 20
232.4865527777778
 30
0.0
 10
205.5251936111111
 20
235.0374888888889
 30
0.0
 10
207.7226463888888
 20
237.9507277777778
 30
0.0
 10
213.4408213888888
 20
234.5079694444445
 30
0.0
 10
204.5412963888889
 20
242.8677444444444
 30
0.0
 10
201.1514547222222
 20
246.0501527777778
 30
0.0
 10
197.1061519444444
 20
241.2961194444444
 30
0.0
 10
193.0439158333333
 20
241.7942416666667
 30
0.0
 10
186.8339686111111
 20
242.5534194444444
 30
0.0
 10
190.8641019444444
 20
239.3696
 30
0.0
 10
193.6429325
 20
234.0370111111111
 30
0.0
  0
SPLINE
  5
22F
330
1F
100
AcDbEntity
  8
DEFAULT
 62
     3
100
AcDbSpline
210
0.0
220
0.0
230
1.0
 70
    11
 71
     3
 72
    14
 73
    10
 74
     0
 42
0.000000001
 43
0.0000000001
 40
0.0
 40
0.0
 40
0.0
 40
0.0
 40
1.0
 40
1.0
 40
1.0
 40
2.0
 40
2.0
 40
2.0
 40
3.0
 40
3.0
 40
3.0
 40
3.0
 10
283.4676688888889
 20
202.2467944444444
 30
0.0
 10
283.4076966666667
 20
203.3887361111111
 30
0.0
 10
283.7537716666666
 20
203.7104694444444
 30
0.0
 10
284.5415244444444
 20
204.2389305555556
 30
0.0
 10
285.8355133333333
 20
205.1071166666666
 30
0.0
 10
283.0164661111111
 20
204.5952361111111
 30
0.0
 10
282.0823105555555
 20
204.0364361111111
 30
0.0
 10
281.2952633333333
 20
203.5658305555556
 30
0.0
 10
283.5202327777777
 20
201.2487861111111
 30
0.0
 10
283.4676688888889
 20
202.2467944444444
 30
0.0
  0
SPLINE
  5
230
330
1F
100
AcDbEntity
  8
DEFAULT
 62
     3
100
AcDbSpline
210
0.0
220
0.0
230
1.0
 70
    11
 71
     3
 72
    14
 73
    10
 74
     0
 42
0.000000001
 43
0.0000000001
 40
0.0
 40
0.0
 40
0.0
 40
0.0
 40
1.0
 40
1.0
 40
1.0
 40
2.0
 40
2.0
 40
2.0
 40
3.0
 40
3.0
 40
3.0
 40
3.0
 10
283.6273008333333
 20
215.1958555555555
 30
0.0
 10
283.008528611111
 20
216.1575277777778
 30
0.0
 10
283.0787313888889
 20
216.7833555555555
 30
0.0
 10
283.6273008333333
 20
217.5569972222222
 30
0.0
 10
284.2125591666666
 20
218.3821444444444
 30
0.0
 10
281.6312841666666
 20
217.7482027777778
 30
0.0
 10
281.6312841666666
 20
216.37625
 30
0.0
 10
281.6312841666666
 20
214.8857638888889
 30
0.0
 10
284.1681091666666
 20
214.3555388888889
 30
0.0
 10
283.6273008333333
 20
215.1958555555555
 30
0.0
  0
SPLINE
  5
231
330
1F
100
AcDbEntity
  8
DEFAULT
 62
     3
100
AcDbSpline
210
0.0
220
0.0
230
1.0
 70
    11
 71
     3
 72
    26
 73
    22
 74
     0
 42
0.000000001
 43
0.0000000001
 40
0.0
 40
0.0
 40
0.0
 40
0.0
 40
1.0
 40
1.0
 40
1.0
 40
2.0
 40
2.0
 40
2.0
 40
3.0
 40
3.0
 40
3.0
 40
4.0
 40
4.0
 40
4.0
 40
5.0
 40
5.0
 40
5.0
 40
6.0
 40
6.0
 40
6.0
 40
7.0
 40
7.0
 40
7.0
 40
7.0
 10
281.5717352777777
 20
232.2536841666666
 30
0.0
 10
283.1680547222222
 20
230.1222008333333
 30
0.0
 10
283.2498991666666
 20
230.1370175
 30
0.0
 10
282.2536547222222
 20
230.3236369444444
 30
0.0
 10
281.2577630555555
 20
230.5106091666666
 30
0.0
 10
280.6559241666666
 20
231.0708202777778
 30
0.0
 10
279.3069019444445
 20
233.8722286111111
 30
0.0
 10
277.9582325
 20
236.6736369444444
 30
0.0
 10
276.4017769444445
 20
237.7319702777777
 30
0.0
 10
278.2069408333333
 20
237.4208202777778
 30
0.0
 10
280.0124575
 20
237.1096702777778
 30
0.0
 10
280.6351102777778
 20
238.0434730555556
 30
0.0
 10
281.3198519444444
 20
238.7282147222222
 30
0.0
 10
282.0045936111111
 20
239.4129563888889
 30
0.0
 10
282.0670352777778
 20
239.5374869444444
 30
0.0
 10
283.3119880555556
 20
238.9148341666666
 30
0.0
 10
284.5569408333333
 20
238.2925341666667
 30
0.0
 10
280.8217297222222
 20
237.7944119444444
 30
0.0
 10
280.4481380555555
 20
236.2379563888888
 30
0.0
 10
280.0748991666666
 20
234.6815008333333
 30
0.0
 10
280.4015713888889
 20
233.8164897222222
 30
0.0
 10
281.5717352777777
 20
232.2536841666666
 30
0.0
  0
SPLINE
  5
232
330
1F
100
AcDbEntity
  8
DEFAULT
 62
     5
100
AcDbSpline
210
0.0
220
0.0
230
1.0
 70
    11
 71
     3
 72
    20
 73
    16
 74
     0
 42
0.000000001
 43
0.0000000001
 40
0.0
 40
0.0
 40
0.0
 40
0.0
 40
1.0
 40
1.0
 40
1.0
 40
2.0
 40
2.0
 40
2.0
 40
3.0
 40
3.0
 40
3.0
 40
4.0
 40
4.0
 40
4.0
 40
5.0
 40
5.0
 40
5.0
 40
5.0
 10
286.5497472222222
 20
213.6394705555556
 30
0.0
 10
284.5159833333333
 20
215.3458566666667
 30
0.0
 10
284.7858583333334
 20
217.5253177777778
 30
0.0
 10
286.3006861111111
 20
218.7445177777778
 30
0.0
 10
288.1679388888889
 20
220.2469983333333
 30
0.0
 10
287.1434722222222
 20
220.7080788888889
 30
0.0
 10
284.4496611111111
 20
219.9129177777778
 30
0.0
 10
281.7554972222222
 20
219.1177566666667
 30
0.0
 10
280.3330972222222
 20
219.4292594444445
 30
0.0
 10
280.3330972222222
 20
216.5033205555556
 30
0.0
 10
280.3330972222222
 20
213.51494
 30
0.0
 10
281.61615
 20
213.3904094444444
 30
0.0
 10
283.8337111111111
 20
212.7677566666667
 30
0.0
 10
286.0512722222222
 20
212.1454566666667
 30
0.0
 10
288.4790888888889
 20
212.0209261111111
 30
0.0
 10
286.5497472222222
 20
213.6394705555556
 30
0.0
  0
SPLINE
  5
233
330
1F
100
AcDbEntity
  8
DEFAULT
 62
     5
100
AcDbSpline
210
0.0
220
0.0
230
1.0
 70
    11
 71
     3
 72
    14
 73
    10
 74
     0
 42
0.000000001
 43
0.0000000001
 40
0.0
 40
0.0
 40
0.0
 40
0.0
 40
1.0
 40
1.0
 40
1.0
 40
2.0
 40
2.0
 40
2.0
 40
3.0
 40
3.0
 40
3.0
 40
3.0
 10
282.7517416666666
 20
200.8149752777777
 30
0.0
 10
280.9575138888889
 20
202.7178586111111
 30
0.0
 10
278.8919999999999
 20
204.7371586111111
 30
0.0
 10
281.6313194444444
 20
205.2349280555555
 30
0.0
 10
284.3702861111111
 20
205.7330502777777
 30
0.0
 10
289.5998638888889
 20
206.3923919444444
 30
0.0
 10
286.7360138888889
 20
204.5501863888888
 30
0.0
 10
283.2865527777777
 20
202.3312141666666
 30
0.0
 10
284.9682444444444
 20
198.4640641666666
 30
0.0
 10
282.7517416666666
 20
200.8149752777777
 30
0.0
  0
SPLINE
  5
234
330
1F
100
AcDbEntity
  8
DEFAULT
 62
     5
100
AcDbSpline
210
0.0
220
0.0
230
1.0
 70
    11
 71
     3
 72
    20
 73
    16
 74
     0
 42
0.000000001
 43
0.0000000001
 40
0.0
 40
0.0
 40
0.0
 40
0.0
 40
1.0
 40
1.0
 40
1.0
 40
2.0
 40
2.0
 40
2.0
 40
3.0
 40
3.0
 40
3.0
 40
4.0
 40
4.0
 40
4.0
 40
5.0
 40
5.0
 40
5.0
 40
5.0
 10
285.4102397222222
 20
239.3646611111111
 30
0.0
 10
288.3100730555555
 20
236.20095
 30
0.0
 10
279.0164952777777
 20
238.4791888888889
 30
0.0
 10
282.2564063888888
 20
233.6232027777778
 30
0.0
 10
285.5665202777777
 20
228.6624416666667
 30
0.0
 10
289.1433341666666
 20
226.8167083333333
 30
0.0
 10
282.8688286111111
 20
228.2278194444444
 30
0.0
 10
279.3198841666666
 20
229.0261555555555
 30
0.0
 10
280.5740091666667
 20
227.8203611111111
 30
0.0
 10
278.2693119444444
 20
232.6273111111111
 30
0.0
 10
275.1056008333333
 20
239.2260194444444
 30
0.0
 10
272.6040536111111
 20
239.7865833333333
 30
0.0
 10
277.3979508333333
 20
239.1018416666666
 30
0.0
 10
281.3222508333333
 20
238.540925
 30
0.0
 10
281.3282480555555
 20
243.8184805555555
 30
0.0
 10
285.4102397222222
 20
239.3646611111111
 30
0.0
  0
POLYLINE
  5
235
330
1F
100
AcDbEntity
  8
DEFAULT
 62
   250
100
AcDb2dPolyline
 66
     1
 10
0.0
 20
0.0
 30
0.0
  0
VERTEX
  5
236
330
235
100
AcDbEntity
  8
DEFAULT
 62
   250
100
AcDbVertex
100
AcDb2dVertex
 10
286.4137513888888
 20
223.3185638888889
 30
0.0
  0
VERTEX
  5
237
330
235
100
AcDbEntity
  8
DEFAULT
 62
   250
100
AcDbVertex
100
AcDb2dVertex
 10
286.4137513888888
 20
224.424875
 30
0.0
  0
VERTEX
  5
238
330
235
100
AcDbEntity
  8
DEFAULT
 62
   250
100
AcDbVertex
100
AcDb2dVertex
 10
287.8044013888888
 20
223.3185638888889
 30
0.0
  0
VERTEX
  5
239
330
235
100
AcDbEntity
  8
DEFAULT
 62
   250
100
AcDbVertex
100
AcDb2dVertex
 10
287.8044013888888
 20
224.4368694444444
 30
0.0
  0
SEQEND
  5
23A
330
235
100
AcDbEntity
  8
DEFAULT
 62
   250
  0
POLYLINE
  5
23B
330
1F
100
AcDbEntity
  8
DEFAULT
 62
   250
100
AcDb2dPolyline
 66
     1
 10
0.0
 20
0.0
 30
0.0
  0
VERTEX
  5
23C
330
23B
100
AcDbEntity
  8
DEFAULT
 62
   250
100
AcDbVertex
100
AcDb2dVertex
 10
286.4155858333333
 20
208.3201108333333
 30
0.0
  0
VERTEX
  5
23D
330
23B
100
AcDbEntity
  8
DEFAULT
 62
   250
100
AcDbVertex
100
AcDb2dVertex
 10
286.4155858333333
 20
209.4264219444444
 30
0.0
  0
VERTEX
  5
23E
330
23B
100
AcDbEntity
  8
DEFAULT
 62
   250
100
AcDbVertex
100
AcDb2dVertex
 10
287.8062358333333
 20
208.3201108333333
 30
0.0
  0
VERTEX
  5
23F
330
23B
100
AcDbEntity
  8
DEFAULT
 62
   250
100
AcDbVertex
100
AcDb2dVertex
 10
287.8062358333333
 20
209.4384163888888
 30
0.0
  0
SEQEND
  5
240
330
23B
100
AcDbEntity
  8
DEFAULT
 62
   250
  0
SPLINE
  5
241
330
1F
100
AcDbEntity
  8
DEFAULT
 62
     1
100
AcDbSpline
210
0.0
220
0.0
230
1.0
 70
    11
 71
     3
 72
    83
 73
    79
 74
     0
 42
0.000000001
 43
0.0000000001
 40
1.0
 40
1.0
 40
1.0
 40
1.0
 40
2.0
 40
2.0
 40
2.0
 40
3.0
 40
3.0
 40
3.0
 40
4.0
 40
4.0
 40
4.0
 40
5.0
 40
5.0
 40
5.0
 40
13.5040014698963
 40
13.5040014698963
 40
13.5040014698963
 40
14.5040014698963
 40
14.5040014698963
 40
14.5040014698963
 40
15.5040014698963
 40
15.5040014698963
 40
15.5040014698963
 40
16.5040014698963
 40
16.5040014698963
 40
16.5040014698963
 40
17.5040014698963
 40
17.5040014698963
 40
17.5040014698963
 40
18.5040014698963
 40
18.5040014698963
 40
18.5040014698963
 40
19.5040014698963
 40
19.5040014698963
 40
19.5040014698963
 40
20.5040014698963
 40
20.5040014698963
 40
20.5040014698963
 40
21.5040014698963
 40
21.5040014698963
 40
21.5040014698963
 40
30.00800293979271
 40
30.00800293979271
 40
30.00800293979271
 40
31.00800293979271
 40
31.00800293979271
 40
31.00800293979271
 40
32.00800293979271
 40
32.00800293979271
 40
32.00800293979271
 40
33.00800293979271
 40
33.00800293979271
 40
33.00800293979271
 40
34.00800293979271
 40
34.00800293979271
 40
34.00800293979271
 40
35.00800293979271
 40
35.00800293979271
 40
35.00800293979271
 40
36.00800293979271
 40
36.00800293979271
 40
36.00800293979271
 40
37.00800293979271
 40
37.00800293979271
 40
37.00800293979271
 40
38.00800293979271
 40
38.00800293979271
 40
38.00800293979271
 40
39.00800293979271
 40
39.00800293979271
 40
39.00800293979271
 40
40.00800293979271
 40
40.00800293979271
 40
40.00800293979271
 40
41.00800293979271
 40
41.00800293979271
 40
41.00800293979271
 40
42.00800293979271
 40
42.00800293979271
 40
42.00800293979271
 40
42.00800293979271
 10
274.3850169444444
 20
234.0370111111111
 30
0.0
 10
275.7527363888889
 20
231.4109333333333
 30
0.0
 10
277.4009141666667
 20
227.9512416666667
 30
0.0
 10
277.4030308333333
 20
225.371025
 30
0.0
 10
277.4160836111111
 20
225.3124638888889
 30
0.0
 10
278.1921947222222
 20
225.2690722222222
 30
0.0
 10
279.1535141666667
 20
225.2704833333333
 30
0.0
 10
280.1180086111111
 20
225.2729527777778
 30
0.0
 10
280.7283141666667
 20
225.3731416666667
 30
0.0
 10
280.9018808333333
 20
225.3720833333333
 30
0.0
 10
281.7767697222222
 20
225.3724361111111
 30
0.0
 10
284.4035530555556
 20
225.3777277777777
 30
0.0
 10
284.4035530555556
 20
225.3777277777777
 30
0.0
 10
284.4041410185185
 20
224.3777203703704
 30
0.0
 10
284.4047289814815
 20
223.377712962963
 30
0.0
 10
284.4053169444445
 20
222.3777055555556
 30
0.0
 10
284.4053169444445
 20
222.3777055555556
 30
0.0
 10
281.7820613888888
 20
222.3734722222222
 30
0.0
 10
280.9039975
 20
222.3724138888889
 30
0.0
 10
280.7300780555555
 20
222.3731194444444
 30
0.0
 10
280.1222419444445
 20
222.47225
 30
0.0
 10
279.1535141666667
 20
222.4726027777778
 30
0.0
 10
278.1890197222222
 20
222.4701333333333
 30
0.0
 10
277.4037363888889
 20
222.4249777777778
 30
0.0
 10
277.4047947222222
 20
222.3710027777778
 30
0.0
 10
277.4083225
 20
220.3185416666667
 30
0.0
 10
278.0863613888889
 20
218.3842611111111
 30
0.0
 10
277.9135002777778
 20
215.8262694444444
 30
0.0
 10
277.7999058333333
 20
214.1523388888889
 30
0.0
 10
277.4580641666666
 20
213.255225
 30
0.0
 10
277.4012669444444
 20
210.372325
 30
0.0
 10
277.4136141666667
 20
210.3172916666667
 30
0.0
 10
278.1897252777778
 20
210.2739
 30
0.0
 10
279.1506919444444
 20
210.2756638888889
 30
0.0
 10
280.1197725
 20
210.2753111111111
 30
0.0
 10
280.7265502777778
 20
210.3747944444445
 30
0.0
 10
280.9001169444444
 20
210.3737361111111
 30
0.0
 10
281.7739475
 20
210.3776166666667
 30
0.0
 10
284.4017891666667
 20
210.3793805555555
 30
0.0
 10
284.4017891666667
 20
210.3793805555555
 30
0.0
 10
284.4023771296297
 20
209.3793731481481
 30
0.0
 10
284.4029650925926
 20
208.3793657407407
 30
0.0
 10
284.4035530555556
 20
207.3793583333333
 30
0.0
 10
284.4035530555556
 20
207.3793583333333
 30
0.0
 10
281.7802975
 20
207.375125
 30
0.0
 10
280.9054086111111
 20
207.3747722222222
 30
0.0
 10
280.7283141666667
 20
207.3747722222222
 30
0.0
 10
280.1204780555556
 20
207.4739027777778
 30
0.0
 10
279.1549252777777
 20
207.4749611111111
 30
0.0
 10
278.1869030555555
 20
207.4717861111111
 30
0.0
 10
277.4055002777778
 20
207.4273361111111
 30
0.0
 10
277.4030308333333
 20
207.3726555555555
 30
0.0
 10
277.4062058333333
 20
205.3706416666666
 30
0.0
 10
276.0832891666666
 20
203.5421944444444
 30
0.0
 10
281.6522391666667
 20
198.9564361111111
 30
0.0
 10
287.2183669444444
 20
194.3660916666667
 30
0.0
 10
285.6626169444444
 20
200.61555
 30
0.0
 10
290.6279641666666
 20
204.97165
 30
0.0
 10
294.6799697222222
 20
208.530825
 30
0.0
 10
295.0465058333333
 20
208.0379944444445
 30
0.0
 10
291.9092530555555
 20
210.9477055555555
 30
0.0
 10
286.8832280555555
 20
215.6117805555555
 30
0.0
 10
287.4240363888889
 20
217.5580555555555
 30
0.0
 10
291.7483863888889
 20
221.5469138888889
 30
0.0
 10
294.4312613888889
 20
224.0188277777778
 30
0.0
 10
293.9927586111111
 20
223.8777166666667
 30
0.0
 10
291.6132725
 20
226.5341333333333
 30
0.0
 10
289.2528363888889
 20
229.1693833333333
 30
0.0
 10
284.3471086111111
 20
232.4865527777778
 30
0.0
 10
286.2672780555556
 20
235.0374888888889
 30
0.0
 10
288.4647308333334
 20
237.9507277777778
 30
0.0
 10
294.1829058333333
 20
234.5079694444445
 30
0.0
 10
285.2833808333334
 20
242.8677444444444
 30
0.0
 10
281.8935391666666
 20
246.0501527777778
 30
0.0
 10
277.8482363888889
 20
241.2961194444444
 30
0.0
 10
273.7860002777778
 20
241.7942416666667
 30
0.0
 10
267.5760530555555
 20
242.5534194444444
 30
0.0
 10
271.6061863888889
 20
239.3696
 30
0.0
 10
274.3850169444444
 20
234.0370111111111
 30
0.0
  0
SPLINE
  5
242
330
1F
100
AcDbEntity
  8
DEFAULT
 62
     3
100
AcDbSpline
210
0.0
220
0.0
230
1.0
 70
    11
 71
     3
 72
    14
 73
    10
 74
     0
 42
0.000000001
 43
0.0000000001
 40
0.0
 40
0.0
 40
0.0
 40
0.0
 40
1.0
 40
1.0
 40
1.0
 40
2.0
 40
2.0
 40
2.0
 40
3.0
 40
3.0
 40
3.0
 40
3.0
 10
263.2821477777778
 20
202.2467944444444
 30
0.0
 10
263.2221755555556
 20
203.3887361111111
 30
0.0
 10
263.5682505555556
 20
203.7104694444444
 30
0.0
 10
264.3560033333333
 20
204.2389305555556
 30
0.0
 10
265.6499922222222
 20
205.1071166666666
 30
0.0
 10
262.830945
 20
204.5952361111111
 30
0.0
 10
261.8967894444444
 20
204.0364361111111
 30
0.0
 10
261.1097422222222
 20
203.5658305555556
 30
0.0
 10
263.3347116666666
 20
201.2487861111111
 30
0.0
 10
263.2821477777778
 20
202.2467944444444
 30
0.0
  0
SPLINE
  5
243
330
1F
100
AcDbEntity
  8
DEFAULT
 62
     3
100
AcDbSpline
210
0.0
220
0.0
230
1.0
 70
    11
 71
     3
 72
    14
 73
    10
 74
     0
 42
0.000000001
 43
0.0000000001
 40
0.0
 40
0.0
 40
0.0
 40
0.0
 40
1.0
 40
1.0
 40
1.0
 40
2.0
 40
2.0
 40
2.0
 40
3.0
 40
3.0
 40
3.0
 40
3.0
 10
263.4417797222222
 20
215.1958555555555
 30
0.0
 10
262.8230075
 20
216.1575277777778
 30
0.0
 10
262.8932102777778
 20
216.7833555555555
 30
0.0
 10
263.4417797222222
 20
217.5569972222222
 30
0.0
 10
264.0270380555555
 20
218.3821444444444
 30
0.0
 10
261.4457630555555
 20
217.7482027777778
 30
0.0
 10
261.4457630555555
 20
216.37625
 30
0.0
 10
261.4457630555555
 20
214.8857638888889
 30
0.0
 10
263.9825880555555
 20
214.3555388888889
 30
0.0
 10
263.4417797222222
 20
215.1958555555555
 30
0.0
  0
SPLINE
  5
244
330
1F
100
AcDbEntity
  8
DEFAULT
 62
     3
100
AcDbSpline
210
0.0
220
0.0
230
1.0
 70
    11
 71
     3
 72
    26
 73
    22
 74
     0
 42
0.000000001
 43
0.0000000001
 40
0.0
 40
0.0
 40
0.0
 40
0.0
 40
1.0
 40
1.0
 40
1.0
 40
2.0
 40
2.0
 40
2.0
 40
3.0
 40
3.0
 40
3.0
 40
4.0
 40
4.0
 40
4.0
 40
5.0
 40
5.0
 40
5.0
 40
6.0
 40
6.0
 40
6.0
 40
7.0
 40
7.0
 40
7.0
 40
7.0
 10
261.3862141666667
 20
232.2536841666666
 30
0.0
 10
262.9825336111111
 20
230.1222008333333
 30
0.0
 10
263.0643780555556
 20
230.1370175
 30
0.0
 10
262.0681336111111
 20
230.3236369444444
 30
0.0
 10
261.0722419444444
 20
230.5106091666666
 30
0.0
 10
260.4704030555556
 20
231.0708202777778
 30
0.0
 10
259.1213808333333
 20
233.8722286111111
 30
0.0
 10
257.7727113888889
 20
236.6736369444444
 30
0.0
 10
256.2162558333333
 20
237.7319702777777
 30
0.0
 10
258.0214197222222
 20
237.4208202777778
 30
0.0
 10
259.8269363888889
 20
237.1096702777778
 30
0.0
 10
260.4495891666667
 20
238.0434730555556
 30
0.0
 10
261.1343308333333
 20
238.7282147222222
 30
0.0
 10
261.8190725
 20
239.4129563888889
 30
0.0
 10
261.8815141666666
 20
239.5374869444444
 30
0.0
 10
263.1264669444444
 20
238.9148341666666
 30
0.0
 10
264.3714197222222
 20
238.2925341666667
 30
0.0
 10
260.6362086111111
 20
237.7944119444444
 30
0.0
 10
260.2626169444445
 20
236.2379563888888
 30
0.0
 10
259.8893780555555
 20
234.6815008333333
 30
0.0
 10
260.2160502777778
 20
233.8164897222222
 30
0.0
 10
261.3862141666667
 20
232.2536841666666
 30
0.0
  0
SPLINE
  5
245
330
1F
100
AcDbEntity
  8
DEFAULT
 62
     5
100
AcDbSpline
210
0.0
220
0.0
230
1.0
 70
    11
 71
     3
 72
    20
 73
    16
 74
     0
 42
0.000000001
 43
0.0000000001
 40
0.0
 40
0.0
 40
0.0
 40
0.0
 40
1.0
 40
1.0
 40
1.0
 40
2.0
 40
2.0
 40
2.0
 40
3.0
 40
3.0
 40
3.0
 40
4.0
 40
4.0
 40
4.0
 40
5.0
 40
5.0
 40
5.0
 40
5.0
 10
266.3642261111111
 20
213.6394705555556
 30
0.0
 10
264.3304622222222
 20
215.3458566666667
 30
0.0
 10
264.6003372222222
 20
217.5253177777778
 30
0.0
 10
266.1151649999999
 20
218.7445177777778
 30
0.0
 10
267.9824177777778
 20
220.2469983333333
 30
0.0
 10
266.9579511111111
 20
220.7080788888889
 30
0.0
 10
264.2641399999999
 20
219.9129177777778
 30
0.0
 10
261.569976111111
 20
219.1177566666667
 30
0.0
 10
260.1475761111111
 20
219.4292594444445
 30
0.0
 10
260.1475761111111
 20
216.5033205555556
 30
0.0
 10
260.1475761111111
 20
213.51494
 30
0.0
 10
261.4306288888889
 20
213.3904094444444
 30
0.0
 10
263.64819
 20
212.7677566666667
 30
0.0
 10
265.8657511111111
 20
212.1454566666667
 30
0.0
 10
268.2935677777778
 20
212.0209261111111
 30
0.0
 10
266.3642261111111
 20
213.6394705555556
 30
0.0
  0
SPLINE
  5
246
330
1F
100
AcDbEntity
  8
DEFAULT
 62
     5
100
AcDbSpline
210
0.0
220
0.0
230
1.0
 70
    11
 71
     3
 72
    14
 73
    10
 74
     0
 42
0.000000001
 43
0.0000000001
 40
0.0
 40
0.0
 40
0.0
 40
0.0
 40
1.0
 40
1.0
 40
1.0
 40
2.0
 40
2.0
 40
2.0
 40
3.0
 40
3.0
 40
3.0
 40
3.0
 10
262.5662205555555
 20
200.8149752777777
 30
0.0
 10
260.7719927777778
 20
202.7178586111111
 30
0.0
 10
258.7064788888889
 20
204.7371586111111
 30
0.0
 10
261.4454455555555
 20
205.2349280555555
 30
0.0
 10
264.184765
 20
205.7330502777777
 30
0.0
 10
269.4143427777777
 20
206.3923919444444
 30
0.0
 10
266.5504927777777
 20
204.5501863888888
 30
0.0
 10
263.1010316666666
 20
202.3312141666666
 30
0.0
 10
264.7827233333333
 20
198.4640641666666
 30
0.0
 10
262.5662205555555
 20
200.8149752777777
 30
0.0
  0
SPLINE
  5
247
330
1F
100
AcDbEntity
  8
DEFAULT
 62
     5
100
AcDbSpline
210
0.0
220
0.0
230
1.0
 70
    11
 71
     3
 72
    20
 73
    16
 74
     0
 42
0.000000001
 43
0.0000000001
 40
0.0
 40
0.0
 40
0.0
 40
0.0
 40
1.0
 40
1.0
 40
1.0
 40
2.0
 40
2.0
 40
2.0
 40
3.0
 40
3.0
 40
3.0
 40
4.0
 40
4.0
 40
4.0
 40
5.0
 40
5.0
 40
5.0
 40
5.0
 10
265.2247186111111
 20
239.3646611111111
 30
0.0
 10
268.1245519444444
 20
236.20095
 30
0.0
 10
258.8309741666666
 20
238.4791888888889
 30
0.0
 10
262.0708852777777
 20
233.6232027777778
 30
0.0
 10
265.3809991666666
 20
228.6624416666667
 30
0.0
 10
268.9578130555555
 20
226.8167083333333
 30
0.0
 10
262.6833075
 20
228.2278194444444
 30
0.0
 10
259.1343630555555
 20
229.0261555555555
 30
0.0
 10
260.3884880555555
 20
227.8203611111111
 30
0.0
 10
258.0837908333333
 20
232.6273111111111
 30
0.0
 10
254.9200797222222
 20
239.2260194444444
 30
0.0
 10
252.4185324999999
 20
239.7865833333333
 30
0.0
 10
257.2124297222222
 20
239.1018416666666
 30
0.0
 10
261.1367297222222
 20
238.540925
 30
0.0
 10
261.1427269444444
 20
243.8184805555555
 30
0.0
 10
265.2247186111111
 20
239.3646611111111
 30
0.0
  0
POLYLINE
  5
248
330
1F
100
AcDbEntity
  8
DEFAULT
 62
   250
100
AcDb2dPolyline
 66
     1
 10
0.0
 20
0.0
 30
0.0
  0
VERTEX
  5
249
330
248
100
AcDbEntity
  8
DEFAULT
 62
   250
100
AcDbVertex
100
AcDb2dVertex
 10
266.2282302777778
 20
223.3185638888889
 30
0.0
  0
VERTEX
  5
24A
330
248
100
AcDbEntity
  8
DEFAULT
 62
   250
100
AcDbVertex
100
AcDb2dVertex
 10
266.2282302777778
 20
224.424875
 30
0.0
  0
VERTEX
  5
24B
330
248
100
AcDbEntity
  8
DEFAULT
 62
   250
100
AcDbVertex
100
AcDb2dVertex
 10
267.6188802777777
 20
223.3185638888889
 30
0.0
  0
VERTEX
  5
24C
330
248
100
AcDbEntity
  8
DEFAULT
 62
   250
100
AcDbVertex
100
AcDb2dVertex
 10
267.6188802777777
 20
224.4368694444444
 30
0.0
  0
SEQEND
  5
24D
330
248
100
AcDbEntity
  8
DEFAULT
 62
   250
  0
POLYLINE
  5
24E
330
1F
100
AcDbEntity
  8
DEFAULT
 62
   250
100
AcDb2dPolyline
 66
     1
 10
0.0
 20
0.0
 30
0.0
  0
VERTEX
  5
24F
330
24E
100
AcDbEntity
  8
DEFAULT
 62
   250
100
AcDbVertex
100
AcDb2dVertex
 10
266.2300647222222
 20
208.3201108333333
 30
0.0
  0
VERTEX
  5
250
330
24E
100
AcDbEntity
  8
DEFAULT
 62
   250
100
AcDbVertex
100
AcDb2dVertex
 10
266.2300647222222
 20
209.4264219444444
 30
0.0
  0
VERTEX
  5
251
330
24E
100
AcDbEntity
  8
DEFAULT
 62
   250
100
AcDbVertex
100
AcDb2dVertex
 10
267.6207147222222
 20
208.3201108333333
 30
0.0
  0
VERTEX
  5
252
330
24E
100
AcDbEntity
  8
DEFAULT
 62
   250
100
AcDbVertex
100
AcDb2dVertex
 10
267.6207147222222
 20
209.4384163888888
 30
0.0
  0
SEQEND
  5
253
330
24E
100
AcDbEntity
  8
DEFAULT
 62
   250
  0
SPLINE
  5
254
330
1F
100
AcDbEntity
  8
DEFAULT
 62
     1
100
AcDbSpline
210
0.0
220
0.0
230
1.0
 70
    11
 71
     3
 72
    83
 73
    79
 74
     0
 42
0.000000001
 43
0.0000000001
 40
1.0
 40
1.0
 40
1.0
 40
1.0
 40
2.0
 40
2.0
 40
2.0
 40
3.0
 40
3.0
 40
3.0
 40
4.0
 40
4.0
 40
4.0
 40
5.0
 40
5.0
 40
5.0
 40
13.5040014698963
 40
13.5040014698963
 40
13.5040014698963
 40
14.5040014698963
 40
14.5040014698963
 40
14.5040014698963
 40
15.5040014698963
 40
15.5040014698963
 40
15.5040014698963
 40
16.5040014698963
 40
16.5040014698963
 40
16.5040014698963
 40
17.5040014698963
 40
17.5040014698963
 40
17.5040014698963
 40
18.5040014698963
 40
18.5040014698963
 40
18.5040014698963
 40
19.5040014698963
 40
19.5040014698963
 40
19.5040014698963
 40
20.5040014698963
 40
20.5040014698963
 40
20.5040014698963
 40
21.5040014698963
 40
21.5040014698963
 40
21.5040014698963
 40
30.00800293979271
 40
30.00800293979271
 40
30.00800293979271
 40
31.00800293979271
 40
31.00800293979271
 40
31.00800293979271
 40
32.00800293979271
 40
32.00800293979271
 40
32.00800293979271
 40
33.00800293979271
 40
33.00800293979271
 40
33.00800293979271
 40
34.00800293979271
 40
34.00800293979271
 40
34.00800293979271
 40
35.00800293979271
 40
35.00800293979271
 40
35.00800293979271
 40
36.00800293979271
 40
36.00800293979271
 40
36.00800293979271
 40
37.00800293979271
 40
37.00800293979271
 40
37.00800293979271
 40
38.00800293979271
 40
38.00800293979271
 40
38.00800293979271
 40
39.00800293979271
 40
39.00800293979271
 40
39.00800293979271
 40
40.00800293979271
 40
40.00800293979271
 40
40.00800293979271
 40
41.00800293979271
 40
41.00800293979271
 40
41.00800293979271
 40
42.00800293979271
 40
42.00800293979271
 40
42.00800293979271
 40
42.00800293979271
 10
254.1994958333333
 20
234.0370111111111
 30
0.0
 10
255.5672152777778
 20
231.4109333333333
 30
0.0
 10
257.2153930555555
 20
227.9512416666667
 30
0.0
 10
257.2175097222222
 20
225.371025
 30
0.0
 10
257.2305625
 20
225.3124638888889
 30
0.0
 10
258.0066736111111
 20
225.2690722222222
 30
0.0
 10
258.9679930555556
 20
225.2704833333333
 30
0.0
 10
259.9324875
 20
225.2729527777778
 30
0.0
 10
260.5427930555555
 20
225.3731416666667
 30
0.0
 10
260.7163597222222
 20
225.3720833333333
 30
0.0
 10
261.5912486111111
 20
225.3724361111111
 30
0.0
 10
264.2180319444444
 20
225.3777277777777
 30
0.0
 10
264.2180319444444
 20
225.3777277777777
 30
0.0
 10
264.2186199074074
 20
224.3777203703704
 30
0.0
 10
264.2192078703704
 20
223.377712962963
 30
0.0
 10
264.2197958333333
 20
222.3777055555556
 30
0.0
 10
264.2197958333333
 20
222.3777055555556
 30
0.0
 10
261.5965402777778
 20
222.3734722222222
 30
0.0
 10
260.7184763888889
 20
222.3724138888889
 30
0.0
 10
260.5445569444444
 20
222.3731194444444
 30
0.0
 10
259.9367208333333
 20
222.47225
 30
0.0
 10
258.9679930555556
 20
222.4726027777778
 30
0.0
 10
258.0034986111111
 20
222.4701333333333
 30
0.0
 10
257.2182152777778
 20
222.4249777777778
 30
0.0
 10
257.2192736111111
 20
222.3710027777778
 30
0.0
 10
257.2228013888889
 20
220.3185416666667
 30
0.0
 10
257.9008402777778
 20
218.3842611111111
 30
0.0
 10
257.7279791666666
 20
215.8262694444444
 30
0.0
 10
257.6143847222222
 20
214.1523388888889
 30
0.0
 10
257.2725430555556
 20
213.255225
 30
0.0
 10
257.2157458333333
 20
210.372325
 30
0.0
 10
257.2280930555556
 20
210.3172916666667
 30
0.0
 10
258.0042041666666
 20
210.2739
 30
0.0
 10
258.9651708333333
 20
210.2756638888889
 30
0.0
 10
259.9342513888889
 20
210.2753111111111
 30
0.0
 10
260.5410291666666
 20
210.3747944444445
 30
0.0
 10
260.7145958333333
 20
210.3737361111111
 30
0.0
 10
261.5884263888889
 20
210.3776166666667
 30
0.0
 10
264.2162680555555
 20
210.3793805555555
 30
0.0
 10
264.2162680555555
 20
210.3793805555555
 30
0.0
 10
264.2168560185185
 20
209.3793731481481
 30
0.0
 10
264.2174439814814
 20
208.3793657407407
 30
0.0
 10
264.2180319444444
 20
207.3793583333333
 30
0.0
 10
264.2180319444444
 20
207.3793583333333
 30
0.0
 10
261.5947763888889
 20
207.375125
 30
0.0
 10
260.7198875
 20
207.3747722222222
 30
0.0
 10
260.5427930555555
 20
207.3747722222222
 30
0.0
 10
259.9349569444444
 20
207.4739027777778
 30
0.0
 10
258.9694041666667
 20
207.4749611111111
 30
0.0
 10
258.0013819444445
 20
207.4717861111111
 30
0.0
 10
257.2199791666667
 20
207.4273361111111
 30
0.0
 10
257.2175097222222
 20
207.3726555555555
 30
0.0
 10
257.2206847222222
 20
205.3706416666666
 30
0.0
 10
255.8977680555555
 20
203.5421944444444
 30
0.0
 10
261.4667180555555
 20
198.9564361111111
 30
0.0
 10
267.0328458333333
 20
194.3660916666667
 30
0.0
 10
265.4770958333333
 20
200.61555
 30
0.0
 10
270.4424430555555
 20
204.97165
 30
0.0
 10
274.4944486111111
 20
208.530825
 30
0.0
 10
274.8609847222222
 20
208.0379944444445
 30
0.0
 10
271.7237319444444
 20
210.9477055555555
 30
0.0
 10
266.6977069444445
 20
215.6117805555555
 30
0.0
 10
267.2385152777778
 20
217.5580555555555
 30
0.0
 10
271.5628652777778
 20
221.5469138888889
 30
0.0
 10
274.2457402777778
 20
224.0188277777778
 30
0.0
 10
273.8072375
 20
223.8777166666667
 30
0.0
 10
271.4277513888889
 20
226.5341333333333
 30
0.0
 10
269.0673152777778
 20
229.1693833333333
 30
0.0
 10
264.1615875
 20
232.4865527777778
 30
0.0
 10
266.0817569444445
 20
235.0374888888889
 30
0.0
 10
268.2792097222222
 20
237.9507277777778
 30
0.0
 10
273.9973847222222
 20
234.5079694444445
 30
0.0
 10
265.0978597222222
 20
242.8677444444444
 30
0.0
 10
261.7080180555556
 20
246.0501527777778
 30
0.0
 10
257.6627152777777
 20
241.2961194444444
 30
0.0
 10
253.6004791666667
 20
241.7942416666667
 30
0.0
 10
247.3905319444444
 20
242.5534194444444
 30
0.0
 10
251.4206652777778
 20
239.3696
 30
0.0
 10
254.1994958333333
 20
234.0370111111111
 30
0.0
  0
SPLINE
  5
255
330
1F
100
AcDbEntity
  8
DEFAULT
 62
     3
100
AcDbSpline
210
0.0
220
0.0
230
1.0
 70
    11
 71
     3
 72
    14
 73
    10
 74
     0
 42
0.000000001
 43
0.0000000001
 40
0.0
 40
0.0
 40
0.0
 40
0.0
 40
1.0
 40
1.0
 40
1.0
 40
2.0
 40
2.0
 40
2.0
 40
3.0
 40
3.0
 40
3.0
 40
3.0
 10
243.0966266666667
 20
202.2467944444444
 30
0.0
 10
243.0366544444445
 20
203.3887361111111
 30
0.0
 10
243.3827294444444
 20
203.7104694444444
 30
0.0
 10
244.1704822222222
 20
204.2389305555556
 30
0.0
 10
245.4644711111111
 20
205.1071166666666
 30
0.0
 10
242.6454238888889
 20
204.5952361111111
 30
0.0
 10
241.7116211111111
 20
204.0364361111111
 30
0.0
 10
240.9242211111111
 20
203.5658305555556
 30
0.0
 10
243.1491905555555
 20
201.2487861111111
 30
0.0
 10
243.0966266666667
 20
202.2467944444444
 30
0.0
  0
SPLINE
  5
256
330
1F
100
AcDbEntity
  8
DEFAULT
 62
     3
100
AcDbSpline
210
0.0
220
0.0
230
1.0
 70
    11
 71
     3
 72
    14
 73
    10
 74
     0
 42
0.000000001
 43
0.0000000001
 40
0.0
 40
0.0
 40
0.0
 40
0.0
 40
1.0
 40
1.0
 40
1.0
 40
2.0
 40
2.0
 40
2.0
 40
3.0
 40
3.0
 40
3.0
 40
3.0
 10
243.2562586111111
 20
215.1958555555555
 30
0.0
 10
242.6374863888888
 20
216.1575277777778
 30
0.0
 10
242.7076891666667
 20
216.7833555555555
 30
0.0
 10
243.2562586111111
 20
217.5569972222222
 30
0.0
 10
243.8415169444444
 20
218.3821444444444
 30
0.0
 10
241.2602419444444
 20
217.7482027777778
 30
0.0
 10
241.2602419444444
 20
216.37625
 30
0.0
 10
241.2602419444444
 20
214.8857638888889
 30
0.0
 10
243.7970669444444
 20
214.3555388888889
 30
0.0
 10
243.2562586111111
 20
215.1958555555555
 30
0.0
  0
SPLINE
  5
257
330
1F
100
AcDbEntity
  8
DEFAULT
 62
     3
100
AcDbSpline
210
0.0
220
0.0
230
1.0
 70
    11
 71
     3
 72
    26
 73
    22
 74
     0
 42
0.000000001
 43
0.0000000001
 40
0.0
 40
0.0
 40
0.0
 40
0.0
 40
1.0
 40
1.0
 40
1.0
 40
2.0
 40
2.0
 40
2.0
 40
3.0
 40
3.0
 40
3.0
 40
4.0
 40
4.0
 40
4.0
 40
5.0
 40
5.0
 40
5.0
 40
6.0
 40
6.0
 40
6.0
 40
7.0
 40
7.0
 40
7.0
 40
7.0
 10
241.2006930555555
 20
232.2536841666666
 30
0.0
 10
242.7970125
 20
230.1222008333333
 30
0.0
 10
242.8788569444444
 20
230.1370175
 30
0.0
 10
241.8826125
 20
230.3236369444444
 30
0.0
 10
240.8867208333333
 20
230.5106091666666
 30
0.0
 10
240.2848819444444
 20
231.0708202777778
 30
0.0
 10
238.9358597222222
 20
233.8722286111111
 30
0.0
 10
237.5871902777777
 20
236.6736369444444
 30
0.0
 10
236.0307347222222
 20
237.7319702777777
 30
0.0
 10
237.8362513888888
 20
237.4208202777778
 30
0.0
 10
239.6414152777778
 20
237.1096702777778
 30
0.0
 10
240.2640680555555
 20
238.0434730555556
 30
0.0
 10
240.9488097222222
 20
238.7282147222222
 30
0.0
 10
241.6335513888888
 20
239.4129563888889
 30
0.0
 10
241.6959930555555
 20
239.5374869444444
 30
0.0
 10
242.9409458333333
 20
238.9148341666666
 30
0.0
 10
244.1862513888888
 20
238.2925341666667
 30
0.0
 10
240.4506875
 20
237.7944119444444
 30
0.0
 10
240.0770958333333
 20
236.2379563888888
 30
0.0
 10
239.7038569444444
 20
234.6815008333333
 30
0.0
 10
240.0305291666666
 20
233.8164897222222
 30
0.0
 10
241.2006930555555
 20
232.2536841666666
 30
0.0
  0
SPLINE
  5
258
330
1F
100
AcDbEntity
  8
DEFAULT
 62
     5
100
AcDbSpline
210
0.0
220
0.0
230
1.0
 70
    11
 71
     3
 72
    20
 73
    16
 74
     0
 42
0.000000001
 43
0.0000000001
 40
0.0
 40
0.0
 40
0.0
 40
0.0
 40
1.0
 40
1.0
 40
1.0
 40
2.0
 40
2.0
 40
2.0
 40
3.0
 40
3.0
 40
3.0
 40
4.0
 40
4.0
 40
4.0
 40
5.0
 40
5.0
 40
5.0
 40
5.0
 10
246.178705
 20
213.6394705555556
 30
0.0
 10
244.1449411111111
 20
215.3458566666667
 30
0.0
 10
244.4148161111111
 20
217.5253177777778
 30
0.0
 10
245.9296438888888
 20
218.7445177777778
 30
0.0
 10
247.7968966666666
 20
220.2469983333333
 30
0.0
 10
246.77243
 20
220.7080788888889
 30
0.0
 10
244.0786188888889
 20
219.9129177777778
 30
0.0
 10
241.3848077777777
 20
219.1177566666667
 30
0.0
 10
239.962055
 20
219.4292594444445
 30
0.0
 10
239.962055
 20
216.5033205555556
 30
0.0
 10
239.962055
 20
213.51494
 30
0.0
 10
241.2451077777777
 20
213.3904094444444
 30
0.0
 10
243.4626688888889
 20
212.7677566666667
 30
0.0
 10
245.68023
 20
212.1454566666667
 30
0.0
 10
248.1080466666666
 20
212.0209261111111
 30
0.0
 10
246.178705
 20
213.6394705555556
 30
0.0
  0
SPLINE
  5
259
330
1F
100
AcDbEntity
  8
DEFAULT
 62
     5
100
AcDbSpline
210
0.0
220
0.0
230
1.0
 70
    11
 71
     3
 72
    14
 73
    10
 74
     0
 42
0.000000001
 43
0.0000000001
 40
0.0
 40
0.0
 40
0.0
 40
0.0
 40
1.0
 40
1.0
 40
1.0
 40
2.0
 40
2.0
 40
2.0
 40
3.0
 40
3.0
 40
3.0
 40
3.0
 10
242.3806994444444
 20
200.8149752777777
 30
0.0
 10
240.5864716666667
 20
202.7178586111111
 30
0.0
 10
238.5209577777777
 20
204.7371586111111
 30
0.0
 10
241.2599244444444
 20
205.2349280555555
 30
0.0
 10
243.9992438888889
 20
205.7330502777777
 30
0.0
 10
249.2288216666666
 20
206.3923919444444
 30
0.0
 10
246.3649716666666
 20
204.5501863888888
 30
0.0
 10
242.9155105555555
 20
202.3312141666666
 30
0.0
 10
244.5972022222222
 20
198.4640641666666
 30
0.0
 10
242.3806994444444
 20
200.8149752777777
 30
0.0
  0
SPLINE
  5
25A
330
1F
100
AcDbEntity
  8
DEFAULT
 62
     5
100
AcDbSpline
210
0.0
220
0.0
230
1.0
 70
    11
 71
     3
 72
    20
 73
    16
 74
     0
 42
0.000000001
 43
0.0000000001
 40
0.0
 40
0.0
 40
0.0
 40
0.0
 40
1.0
 40
1.0
 40
1.0
 40
2.0
 40
2.0
 40
2.0
 40
3.0
 40
3.0
 40
3.0
 40
4.0
 40
4.0
 40
4.0
 40
5.0
 40
5.0
 40
5.0
 40
5.0
 10
245.0391975
 20
239.3646611111111
 30
0.0
 10
247.9390308333333
 20
236.20095
 30
0.0
 10
238.6454530555555
 20
238.4791888888889
 30
0.0
 10
241.8853641666666
 20
233.6232027777778
 30
0.0
 10
245.1954780555555
 20
228.6624416666667
 30
0.0
 10
248.7722919444444
 20
226.8167083333333
 30
0.0
 10
242.4977863888889
 20
228.2278194444444
 30
0.0
 10
238.9488419444444
 20
229.0261555555555
 30
0.0
 10
240.2029669444444
 20
227.8203611111111
 30
0.0
 10
237.8982697222222
 20
232.6273111111111
 30
0.0
 10
234.7345586111111
 20
239.2260194444444
 30
0.0
 10
232.2330113888889
 20
239.7865833333333
 30
0.0
 10
237.0269086111111
 20
239.1018416666666
 30
0.0
 10
240.9512086111111
 20
238.540925
 30
0.0
 10
240.9572058333333
 20
243.8184805555555
 30
0.0
 10
245.0391975
 20
239.3646611111111
 30
0.0
  0
POLYLINE
  5
25B
330
1F
100
AcDbEntity
  8
DEFAULT
 62
   250
100
AcDb2dPolyline
 66
     1
 10
0.0
 20
0.0
 30
0.0
  0
VERTEX
  5
25C
330
25B
100
AcDbEntity
  8
DEFAULT
 62
   250
100
AcDbVertex
100
AcDb2dVertex
 10
246.0427091666666
 20
223.3185638888889
 30
0.0
  0
VERTEX
  5
25D
330
25B
100
AcDbEntity
  8
DEFAULT
 62
   250
100
AcDbVertex
100
AcDb2dVertex
 10
246.0427091666666
 20
224.424875
 30
0.0
  0
VERTEX
  5
25E
330
25B
100
AcDbEntity
  8
DEFAULT
 62
   250
100
AcDbVertex
100
AcDb2dVertex
 10
247.4333591666666
 20
223.3185638888889
 30
0.0
  0
VERTEX
  5
25F
330
25B
100
AcDbEntity
  8
DEFAULT
 62
   250
100
AcDbVertex
100
AcDb2dVertex
 10
247.4333591666666
 20
224.4368694444444
 30
0.0
  0
SEQEND
  5
260
330
25B
100
AcDbEntity
  8
DEFAULT
 62
   250
  0
POLYLINE
  5
261
330
1F
100
AcDbEntity
  8
DEFAULT
 62
   250
100
AcDb2dPolyline
 66
     1
 10
0.0
 20
0.0
 30
0.0
  0
VERTEX
  5
262
330
261
100
AcDbEntity
  8
DEFAULT
 62
   250
100
AcDbVertex
100
AcDb2dVertex
 10
246.0445436111111
 20
208.3201108333333
 30
0.0
  0
VERTEX
  5
263
330
261
100
AcDbEntity
  8
DEFAULT
 62
   250
100
AcDbVertex
100
AcDb2dVertex
 10
246.0445436111111
 20
209.4264219444444
 30
0.0
  0
VERTEX
  5
264
330
261
100
AcDbEntity
  8
DEFAULT
 62
   250
100
AcDbVertex
100
AcDb2dVertex
 10
247.4351936111111
 20
208.3201108333333
 30
0.0
  0
VERTEX
  5
265
330
261
100
AcDbEntity
  8
DEFAULT
 62
   250
100
AcDbVertex
100
AcDb2dVertex
 10
247.4351936111111
 20
209.4384163888888
 30
0.0
  0
SEQEND
  5
266
330
261
100
AcDbEntity
  8
DEFAULT
 62
   250
  0
SPLINE
  5
267
330
1F
100
AcDbEntity
  8
DEFAULT
 62
     1
100
AcDbSpline
210
0.0
220
0.0
230
1.0
 70
    11
 71
     3
 72
    83
 73
    79
 74
     0
 42
0.000000001
 43
0.0000000001
 40
1.0
 40
1.0
 40
1.0
 40
1.0
 40
2.0
 40
2.0
 40
2.0
 40
3.0
 40
3.0
 40
3.0
 40
4.0
 40
4.0
 40
4.0
 40
5.0
 40
5.0
 40
5.0
 40
13.5040014698963
 40
13.5040014698963
 40
13.5040014698963
 40
14.5040014698963
 40
14.5040014698963
 40
14.5040014698963
 40
15.5040014698963
 40
15.5040014698963
 40
15.5040014698963
 40
16.5040014698963
 40
16.5040014698963
 40
16.5040014698963
 40
17.5040014698963
 40
17.5040014698963
 40
17.5040014698963
 40
18.5040014698963
 40
18.5040014698963
 40
18.5040014698963
 40
19.5040014698963
 40
19.5040014698963
 40
19.5040014698963
 40
20.5040014698963
 40
20.5040014698963
 40
20.5040014698963
 40
21.5040014698963
 40
21.5040014698963
 40
21.5040014698963
 40
30.00800293979271
 40
30.00800293979271
 40
30.00800293979271
 40
31.00800293979271
 40
31.00800293979271
 40
31.00800293979271
 40
32.00800293979271
 40
32.00800293979271
 40
32.00800293979271
 40
33.00800293979271
 40
33.00800293979271
 40
33.00800293979271
 40
34.00800293979271
 40
34.00800293979271
 40
34.00800293979271
 40
35.00800293979271
 40
35.00800293979271
 40
35.00800293979271
 40
36.00800293979271
 40
36.00800293979271
 40
36.00800293979271
 40
37.00800293979271
 40
37.00800293979271
 40
37.00800293979271
 40
38.00800293979271
 40
38.00800293979271
 40
38.00800293979271
 40
39.00800293979271
 40
39.00800293979271
 40
39.00800293979271
 40
40.00800293979271
 40
40.00800293979271
 40
40.00800293979271
 40
41.00800293979271
 40
41.00800293979271
 40
41.00800293979271
 40
42.00800293979271
 40
42.00800293979271
 40
42.00800293979271
 40
42.00800293979271
 10
234.0139747222222
 20
234.0370111111111
 30
0.0
 10
235.3816941666666
 20
231.4109333333333
 30
0.0
 10
237.0298719444444
 20
227.9512416666667
 30
0.0
 10
237.0319886111111
 20
225.371025
 30
0.0
 10
237.0450413888889
 20
225.3124638888889
 30
0.0
 10
237.8211525
 20
225.2690722222222
 30
0.0
 10
238.7824719444445
 20
225.2704833333333
 30
0.0
 10
239.7469663888889
 20
225.2729527777778
 30
0.0
 10
240.3572719444444
 20
225.3731416666667
 30
0.0
 10
240.5308386111111
 20
225.3720833333333
 30
0.0
 10
241.4057275
 20
225.3724361111111
 30
0.0
 10
244.0325108333333
 20
225.3777277777777
 30
0.0
 10
244.0325108333333
 20
225.3777277777777
 30
0.0
 10
244.0330987962963
 20
224.3777203703704
 30
0.0
 10
244.0336867592592
 20
223.377712962963
 30
0.0
 10
244.0342747222222
 20
222.3777055555556
 30
0.0
 10
244.0342747222222
 20
222.3777055555556
 30
0.0
 10
241.4110191666666
 20
222.3734722222222
 30
0.0
 10
240.5329552777778
 20
222.3724138888889
 30
0.0
 10
240.3590358333333
 20
222.3731194444444
 30
0.0
 10
239.7511997222222
 20
222.47225
 30
0.0
 10
238.7824719444445
 20
222.4726027777778
 30
0.0
 10
237.8179775
 20
222.4701333333333
 30
0.0
 10
237.0326941666667
 20
222.4249777777778
 30
0.0
 10
237.0341052777778
 20
222.3710027777778
 30
0.0
 10
237.0372802777778
 20
220.3185416666667
 30
0.0
 10
237.7153191666667
 20
218.3842611111111
 30
0.0
 10
237.5424580555555
 20
215.8262694444444
 30
0.0
 10
237.4288636111111
 20
214.1523388888889
 30
0.0
 10
237.0870219444444
 20
213.255225
 30
0.0
 10
237.0302247222222
 20
210.372325
 30
0.0
 10
237.0425719444445
 20
210.3172916666667
 30
0.0
 10
237.8186830555555
 20
210.2739
 30
0.0
 10
238.7796497222222
 20
210.2756638888889
 30
0.0
 10
239.7487302777778
 20
210.2753111111111
 30
0.0
 10
240.3555080555556
 20
210.3747944444445
 30
0.0
 10
240.5290747222222
 20
210.3737361111111
 30
0.0
 10
241.4029052777778
 20
210.3776166666667
 30
0.0
 10
244.0307469444444
 20
210.3793805555555
 30
0.0
 10
244.0307469444444
 20
210.3793805555555
 30
0.0
 10
244.0313349074074
 20
209.3793731481481
 30
0.0
 10
244.0319228703704
 20
208.3793657407407
 30
0.0
 10
244.0325108333333
 20
207.3793583333333
 30
0.0
 10
244.0325108333333
 20
207.3793583333333
 30
0.0
 10
241.4092552777778
 20
207.375125
 30
0.0
 10
240.5343663888889
 20
207.3747722222222
 30
0.0
 10
240.3572719444444
 20
207.3747722222222
 30
0.0
 10
239.7494358333333
 20
207.4739027777778
 30
0.0
 10
238.7842358333334
 20
207.4749611111111
 30
0.0
 10
237.8158608333333
 20
207.4717861111111
 30
0.0
 10
237.0344580555555
 20
207.4273361111111
 30
0.0
 10
237.0319886111111
 20
207.3726555555555
 30
0.0
 10
237.0351636111111
 20
205.3706416666666
 30
0.0
 10
235.7122469444444
 20
203.5421944444444
 30
0.0
 10
241.2811969444444
 20
198.9564361111111
 30
0.0
 10
246.8476775
 20
194.3660916666667
 30
0.0
 10
245.2915747222222
 20
200.61555
 30
0.0
 10
250.2569219444445
 20
204.97165
 30
0.0
 10
254.3089275
 20
208.530825
 30
0.0
 10
254.6758163888889
 20
208.0379944444445
 30
0.0
 10
251.5382108333333
 20
210.9477055555555
 30
0.0
 10
246.5121858333333
 20
215.6117805555555
 30
0.0
 10
247.0529941666667
 20
217.5580555555555
 30
0.0
 10
251.3776969444444
 20
221.5469138888889
 30
0.0
 10
254.0602191666667
 20
224.0188277777778
 30
0.0
 10
253.6217163888889
 20
223.8777166666667
 30
0.0
 10
251.2422302777778
 20
226.5341333333333
 30
0.0
 10
248.8817941666667
 20
229.1693833333333
 30
0.0
 10
243.9760663888889
 20
232.4865527777778
 30
0.0
 10
245.8962358333333
 20
235.0374888888889
 30
0.0
 10
248.0936886111111
 20
237.9507277777778
 30
0.0
 10
253.8122163888889
 20
234.5079694444445
 30
0.0
 10
244.9123386111111
 20
242.8677444444444
 30
0.0
 10
241.5224969444444
 20
246.0501527777778
 30
0.0
 10
237.4771941666667
 20
241.2961194444444
 30
0.0
 10
233.4149580555556
 20
241.7942416666667
 30
0.0
 10
227.2050108333333
 20
242.5534194444444
 30
0.0
 10
231.2351441666667
 20
239.3696
 30
0.0
 10
234.0139747222222
 20
234.0370111111111
 30
0.0
  0
SPLINE
  5
268
330
1F
100
AcDbEntity
  8
DEFAULT
 62
     3
100
AcDbSpline
210
0.0
220
0.0
230
1.0
 70
    11
 71
     3
 72
    14
 73
    10
 74
     0
 42
0.000000001
 43
0.0000000001
 40
0.0
 40
0.0
 40
0.0
 40
0.0
 40
1.0
 40
1.0
 40
1.0
 40
2.0
 40
2.0
 40
2.0
 40
3.0
 40
3.0
 40
3.0
 40
3.0
 10
222.9111055555555
 20
202.2467944444444
 30
0.0
 10
222.8511333333333
 20
203.3887361111111
 30
0.0
 10
223.1972083333333
 20
203.7104694444444
 30
0.0
 10
223.9849611111111
 20
204.2389305555556
 30
0.0
 10
225.27895
 20
205.1071166666666
 30
0.0
 10
222.4599027777778
 20
204.5952361111111
 30
0.0
 10
221.5257472222222
 20
204.0364361111111
 30
0.0
 10
220.7387
 20
203.5658305555556
 30
0.0
 10
222.9636694444444
 20
201.2487861111111
 30
0.0
 10
222.9111055555555
 20
202.2467944444444
 30
0.0
  0
SPLINE
  5
269
330
1F
100
AcDbEntity
  8
DEFAULT
 62
     3
100
AcDbSpline
210
0.0
220
0.0
230
1.0
 70
    11
 71
     3
 72
    14
 73
    10
 74
     0
 42
0.000000001
 43
0.0000000001
 40
0.0
 40
0.0
 40
0.0
 40
0.0
 40
1.0
 40
1.0
 40
1.0
 40
2.0
 40
2.0
 40
2.0
 40
3.0
 40
3.0
 40
3.0
 40
3.0
 10
223.0707375
 20
215.1958555555555
 30
0.0
 10
222.4519652777778
 20
216.1575277777778
 30
0.0
 10
222.5221680555556
 20
216.7833555555555
 30
0.0
 10
223.0707375
 20
217.5569972222222
 30
0.0
 10
223.6559958333333
 20
218.3821444444444
 30
0.0
 10
221.0747208333333
 20
217.7482027777778
 30
0.0
 10
221.0747208333333
 20
216.37625
 30
0.0
 10
221.0747208333333
 20
214.8857638888889
 30
0.0
 10
223.6115458333333
 20
214.3555388888889
 30
0.0
 10
223.0707375
 20
215.1958555555555
 30
0.0
  0
SPLINE
  5
26A
330
1F
100
AcDbEntity
  8
DEFAULT
 62
     3
100
AcDbSpline
210
0.0
220
0.0
230
1.0
 70
    11
 71
     3
 72
    26
 73
    22
 74
     0
 42
0.000000001
 43
0.0000000001
 40
0.0
 40
0.0
 40
0.0
 40
0.0
 40
1.0
 40
1.0
 40
1.0
 40
2.0
 40
2.0
 40
2.0
 40
3.0
 40
3.0
 40
3.0
 40
4.0
 40
4.0
 40
4.0
 40
5.0
 40
5.0
 40
5.0
 40
6.0
 40
6.0
 40
6.0
 40
7.0
 40
7.0
 40
7.0
 40
7.0
 10
221.0151719444444
 20
232.2536841666666
 30
0.0
 10
222.6114913888889
 20
230.1222008333333
 30
0.0
 10
222.6933358333333
 20
230.1370175
 30
0.0
 10
221.6970913888889
 20
230.3236369444444
 30
0.0
 10
220.7011997222222
 20
230.5106091666666
 30
0.0
 10
220.0993608333333
 20
231.0708202777778
 30
0.0
 10
218.7503386111111
 20
233.8722286111111
 30
0.0
 10
217.4016691666666
 20
236.6736369444444
 30
0.0
 10
215.8452136111111
 20
237.7319702777777
 30
0.0
 10
217.6507302777777
 20
237.4208202777778
 30
0.0
 10
219.4558941666666
 20
237.1096702777778
 30
0.0
 10
220.0785469444444
 20
238.0434730555556
 30
0.0
 10
220.7632886111111
 20
238.7282147222222
 30
0.0
 10
221.4480302777777
 20
239.4129563888889
 30
0.0
 10
221.5104719444444
 20
239.5374869444444
 30
0.0
 10
222.7554247222222
 20
238.9148341666666
 30
0.0
 10
224.0007302777777
 20
238.2925341666667
 30
0.0
 10
220.2651663888889
 20
237.7944119444444
 30
0.0
 10
219.8915747222222
 20
236.2379563888888
 30
0.0
 10
219.5183358333333
 20
234.6815008333333
 30
0.0
 10
219.8450080555555
 20
233.8164897222222
 30
0.0
 10
221.0151719444444
 20
232.2536841666666
 30
0.0
  0
SPLINE
  5
26B
330
1F
100
AcDbEntity
  8
DEFAULT
 62
     5
100
AcDbSpline
210
0.0
220
0.0
230
1.0
 70
    11
 71
     3
 72
    20
 73
    16
 74
     0
 42
0.000000001
 43
0.0000000001
 40
0.0
 40
0.0
 40
0.0
 40
0.0
 40
1.0
 40
1.0
 40
1.0
 40
2.0
 40
2.0
 40
2.0
 40
3.0
 40
3.0
 40
3.0
 40
4.0
 40
4.0
 40
4.0
 40
5.0
 40
5.0
 40
5.0
 40
5.0
 10
225.9931838888889
 20
213.6394705555556
 30
0.0
 10
223.95942
 20
215.3458566666667
 30
0.0
 10
224.229295
 20
217.5253177777778
 30
0.0
 10
225.7441227777777
 20
218.7445177777778
 30
0.0
 10
227.6113755555555
 20
220.2469983333333
 30
0.0
 10
226.5869088888889
 20
220.7080788888889
 30
0.0
 10
223.8930977777778
 20
219.9129177777778
 30
0.0
 10
221.1992866666666
 20
219.1177566666667
 30
0.0
 10
219.7765338888889
 20
219.4292594444445
 30
0.0
 10
219.7765338888889
 20
216.5033205555556
 30
0.0
 10
219.7765338888889
 20
213.51494
 30
0.0
 10
221.0595866666666
 20
213.3904094444444
 30
0.0
 10
223.2771477777778
 20
212.7677566666667
 30
0.0
 10
225.4947088888889
 20
212.1454566666667
 30
0.0
 10
227.9225255555556
 20
212.0209261111111
 30
0.0
 10
225.9931838888889
 20
213.6394705555556
 30
0.0
  0
SPLINE
  5
26C
330
1F
100
AcDbEntity
  8
DEFAULT
 62
     5
100
AcDbSpline
210
0.0
220
0.0
230
1.0
 70
    11
 71
     3
 72
    14
 73
    10
 74
     0
 42
0.000000001
 43
0.0000000001
 40
0.0
 40
0.0
 40
0.0
 40
0.0
 40
1.0
 40
1.0
 40
1.0
 40
2.0
 40
2.0
 40
2.0
 40
3.0
 40
3.0
 40
3.0
 40
3.0
 10
222.1951783333333
 20
200.8149752777777
 30
0.0
 10
220.4009505555555
 20
202.7178586111111
 30
0.0
 10
218.3354366666667
 20
204.7371586111111
 30
0.0
 10
221.0744033333333
 20
205.2349280555555
 30
0.0
 10
223.8137227777777
 20
205.7330502777777
 30
0.0
 10
229.0433005555556
 20
206.3923919444444
 30
0.0
 10
226.1794505555555
 20
204.5501863888888
 30
0.0
 10
222.7299894444444
 20
202.3312141666666
 30
0.0
 10
224.4116811111111
 20
198.4640641666666
 30
0.0
 10
222.1951783333333
 20
200.8149752777777
 30
0.0
  0
SPLINE
  5
26D
330
1F
100
AcDbEntity
  8
DEFAULT
 62
     5
100
AcDbSpline
210
0.0
220
0.0
230
1.0
 70
    11
 71
     3
 72
    20
 73
    16
 74
     0
 42
0.000000001
 43
0.0000000001
 40
0.0
 40
0.0
 40
0.0
 40
0.0
 40
1.0
 40
1.0
 40
1.0
 40
2.0
 40
2.0
 40
2.0
 40
3.0
 40
3.0
 40
3.0
 40
4.0
 40
4.0
 40
4.0
 40
5.0
 40
5.0
 40
5.0
 40
5.0
 10
224.8536763888889
 20
239.3646611111111
 30
0.0
 10
227.7535097222222
 20
236.20095
 30
0.0
 10
218.4599319444444
 20
238.4791888888889
 30
0.0
 10
221.6998430555555
 20
233.6232027777778
 30
0.0
 10
225.0099569444444
 20
228.6624416666667
 30
0.0
 10
228.5867708333333
 20
226.8167083333333
 30
0.0
 10
222.3122652777778
 20
228.2278194444444
 30
0.0
 10
218.7633208333333
 20
229.0261555555555
 30
0.0
 10
220.0174458333333
 20
227.8203611111111
 30
0.0
 10
217.7127486111111
 20
232.6273111111111
 30
0.0
 10
214.5490375
 20
239.2260194444444
 30
0.0
 10
212.0474902777777
 20
239.7865833333333
 30
0.0
 10
216.8413875
 20
239.1018416666666
 30
0.0
 10
220.7656875
 20
238.540925
 30
0.0
 10
220.7716847222222
 20
243.8184805555555
 30
0.0
 10
224.8536763888889
 20
239.3646611111111
 30
0.0
  0
POLYLINE
  5
26E
330
1F
100
AcDbEntity
  8
DEFAULT
 62
   250
100
AcDb2dPolyline
 66
     1
 10
0.0
 20
0.0
 30
0.0
  0
VERTEX
  5
26F
330
26E
100
AcDbEntity
  8
DEFAULT
 62
   250
100
AcDbVertex
100
AcDb2dVertex
 10
225.8571880555555
 20
223.3185638888889
 30
0.0
  0
VERTEX
  5
270
330
26E
100
AcDbEntity
  8
DEFAULT
 62
   250
100
AcDbVertex
100
AcDb2dVertex
 10
225.8571880555555
 20
224.424875
 30
0.0
  0
VERTEX
  5
271
330
26E
100
AcDbEntity
  8
DEFAULT
 62
   250
100
AcDbVertex
100
AcDb2dVertex
 10
227.2478380555555
 20
223.3185638888889
 30
0.0
  0
VERTEX
  5
272
330
26E
100
AcDbEntity
  8
DEFAULT
 62
   250
100
AcDbVertex
100
AcDb2dVertex
 10
227.2478380555555
 20
224.4368694444444
 30
0.0
  0
SEQEND
  5
273
330
26E
100
AcDbEntity
  8
DEFAULT
 62
   250
  0
POLYLINE
  5
274
330
1F
100
AcDbEntity
  8
DEFAULT
 62
   250
100
AcDb2dPolyline
 66
     1
 10
0.0
 20
0.0
 30
0.0
  0
VERTEX
  5
275
330
274
100
AcDbEntity
  8
DEFAULT
 62
   250
100
AcDbVertex
100
AcDb2dVertex
 10
225.8590225
 20
208.3201108333333
 30
0.0
  0
VERTEX
  5
276
330
274
100
AcDbEntity
  8
DEFAULT
 62
   250
100
AcDbVertex
100
AcDb2dVertex
 10
225.8590225
 20
209.4264219444444
 30
0.0
  0
VERTEX
  5
277
330
274
100
AcDbEntity
  8
DEFAULT
 62
   250
100
AcDbVertex
100
AcDb2dVertex
 10
227.2496725
 20
208.3201108333333
 30
0.0
  0
VERTEX
  5
278
330
274
100
AcDbEntity
  8
DEFAULT
 62
   250
100
AcDbVertex
100
AcDb2dVertex
 10
227.2496725
 20
209.4384163888888
 30
0.0
  0
SEQEND
  5
279
330
274
100
AcDbEntity
  8
DEFAULT
 62
   250
  0
SPLINE
  5
27A
330
1F
100
AcDbEntity
  8
DEFAULT
 62
     1
100
AcDbSpline
210
0.0
220
0.0
230
1.0
 70
    11
 71
     3
 72
    83
 73
    79
 74
     0
 42
0.000000001
 43
0.0000000001
 40
1.0
 40
1.0
 40
1.0
 40
1.0
 40
2.0
 40
2.0
 40
2.0
 40
3.0
 40
3.0
 40
3.0
 40
4.0
 40
4.0
 40
4.0
 40
5.0
 40
5.0
 40
5.0
 40
13.5040014698963
 40
13.5040014698963
 40
13.5040014698963
 40
14.5040014698963
 40
14.5040014698963
 40
14.5040014698963
 40
15.5040014698963
 40
15.5040014698963
 40
15.5040014698963
 40
16.5040014698963
 40
16.5040014698963
 40
16.5040014698963
 40
17.5040014698963
 40
17.5040014698963
 40
17.5040014698963
 40
18.5040014698963
 40
18.5040014698963
 40
18.5040014698963
 40
19.5040014698963
 40
19.5040014698963
 40
19.5040014698963
 40
20.5040014698963
 40
20.5040014698963
 40
20.5040014698963
 40
21.5040014698963
 40
21.5040014698963
 40
21.5040014698963
 40
30.00800293979271
 40
30.00800293979271
 40
30.00800293979271
 40
31.00800293979271
 40
31.00800293979271
 40
31.00800293979271
 40
32.00800293979271
 40
32.00800293979271
 40
32.00800293979271
 40
33.00800293979271
 40
33.00800293979271
 40
33.00800293979271
 40
34.00800293979271
 40
34.00800293979271
 40
34.00800293979271
 40
35.00800293979271
 40
35.00800293979271
 40
35.00800293979271
 40
36.00800293979271
 40
36.00800293979271
 40
36.00800293979271
 40
37.00800293979271
 40
37.00800293979271
 40
37.00800293979271
 40
38.00800293979271
 40
38.00800293979271
 40
38.00800293979271
 40
39.00800293979271
 40
39.00800293979271
 40
39.00800293979271
 40
40.00800293979271
 40
40.00800293979271
 40
40.00800293979271
 40
41.00800293979271
 40
41.00800293979271
 40
41.00800293979271
 40
42.00800293979271
 40
42.00800293979271
 40
42.00800293979271
 40
42.00800293979271
 10
213.8284536111111
 20
234.0370111111111
 30
0.0
 10
215.1961730555555
 20
231.4109333333333
 30
0.0
 10
216.8443508333333
 20
227.9512416666667
 30
0.0
 10
216.8464675
 20
225.371025
 30
0.0
 10
216.8595202777777
 20
225.3124638888889
 30
0.0
 10
217.6356313888889
 20
225.2690722222222
 30
0.0
 10
218.5969508333333
 20
225.2704833333333
 30
0.0
 10
219.5614452777777
 20
225.2729527777778
 30
0.0
 10
220.1717508333333
 20
225.3731416666667
 30
0.0
 10
220.3453174999999
 20
225.3720833333333
 30
0.0
 10
221.2202063888888
 20
225.3724361111111
 30
0.0
 10
223.8469897222222
 20
225.3777277777777
 30
0.0
 10
223.8469897222222
 20
225.3777277777777
 30
0.0
 10
223.8475776851851
 20
224.3777203703704
 30
0.0
 10
223.8481656481481
 20
223.377712962963
 30
0.0
 10
223.8487536111111
 20
222.3777055555556
 30
0.0
 10
223.8487536111111
 20
222.3777055555556
 30
0.0
 10
221.2254980555555
 20
222.3734722222222
 30
0.0
 10
220.3470813888888
 20
222.3724138888889
 30
0.0
 10
220.1735147222222
 20
222.3731194444444
 30
0.0
 10
219.5656786111111
 20
222.47225
 30
0.0
 10
218.5969508333333
 20
222.4726027777778
 30
0.0
 10
217.6324563888889
 20
222.4701333333333
 30
0.0
 10
216.8471730555555
 20
222.4249777777778
 30
0.0
 10
216.8482313888888
 20
222.3710027777778
 30
0.0
 10
216.8517591666667
 20
220.3185416666667
 30
0.0
 10
217.5297980555555
 20
218.3842611111111
 30
0.0
 10
217.3569369444444
 20
215.8262694444444
 30
0.0
 10
217.2433425
 20
214.1523388888889
 30
0.0
 10
216.9015008333333
 20
213.255225
 30
0.0
 10
216.8447036111111
 20
210.372325
 30
0.0
 10
216.8570508333333
 20
210.3172916666667
 30
0.0
 10
217.6331619444444
 20
210.2739
 30
0.0
 10
218.5941286111111
 20
210.2756638888889
 30
0.0
 10
219.5632091666666
 20
210.2753111111111
 30
0.0
 10
220.1699869444444
 20
210.3747944444445
 30
0.0
 10
220.343553611111
 20
210.3737361111111
 30
0.0
 10
221.2173841666666
 20
210.3776166666667
 30
0.0
 10
223.8452258333333
 20
210.3793805555555
 30
0.0
 10
223.8452258333333
 20
210.3793805555555
 30
0.0
 10
223.8458137962963
 20
209.3793731481481
 30
0.0
 10
223.8464017592592
 20
208.3793657407407
 30
0.0
 10
223.8469897222222
 20
207.3793583333333
 30
0.0
 10
223.8469897222222
 20
207.3793583333333
 30
0.0
 10
221.2237341666666
 20
207.375125
 30
0.0
 10
220.3488452777777
 20
207.3747722222222
 30
0.0
 10
220.1717508333333
 20
207.3747722222222
 30
0.0
 10
219.5639147222222
 20
207.4739027777778
 30
0.0
 10
218.5983619444444
 20
207.4749611111111
 30
0.0
 10
217.6303397222222
 20
207.4717861111111
 30
0.0
 10
216.8489369444444
 20
207.4273361111111
 30
0.0
 10
216.8464675
 20
207.3726555555555
 30
0.0
 10
216.8496425
 20
205.3706416666666
 30
0.0
 10
215.5267258333333
 20
203.5421944444444
 30
0.0
 10
221.0956758333333
 20
198.9564361111111
 30
0.0
 10
226.6618036111111
 20
194.3660916666667
 30
0.0
 10
225.1060536111111
 20
200.61555
 30
0.0
 10
230.0714008333333
 20
204.97165
 30
0.0
 10
234.1234063888888
 20
208.530825
 30
0.0
 10
234.4899425
 20
208.0379944444445
 30
0.0
 10
231.3526897222222
 20
210.9477055555555
 30
0.0
 10
226.3266647222222
 20
215.6117805555555
 30
0.0
 10
226.8674730555555
 20
217.5580555555555
 30
0.0
 10
231.1918230555555
 20
221.5469138888889
 30
0.0
 10
233.8746980555555
 20
224.0188277777778
 30
0.0
 10
233.4361952777778
 20
223.8777166666667
 30
0.0
 10
231.0567091666666
 20
226.5341333333333
 30
0.0
 10
228.6962730555555
 20
229.1693833333333
 30
0.0
 10
223.7905452777778
 20
232.4865527777778
 30
0.0
 10
225.7107147222222
 20
235.0374888888889
 30
0.0
 10
227.9081675
 20
237.9507277777778
 30
0.0
 10
233.6263425
 20
234.5079694444445
 30
0.0
 10
224.7268175
 20
242.8677444444444
 30
0.0
 10
221.3369758333333
 20
246.0501527777778
 30
0.0
 10
217.2916730555555
 20
241.2961194444444
 30
0.0
 10
213.2294369444444
 20
241.7942416666667
 30
0.0
 10
207.0194897222222
 20
242.5534194444444
 30
0.0
 10
211.0496230555555
 20
239.3696
 30
0.0
 10
213.8284536111111
 20
234.0370111111111
 30
0.0
  0
SPLINE
  5
27B
330
1F
100
AcDbEntity
  8
DEFAULT
 62
     3
100
AcDbSpline
210
0.0
220
0.0
230
1.0
 70
    11
 71
     3
 72
    14
 73
    10
 74
     0
 42
0.000000001
 43
0.0000000001
 40
0.0
 40
0.0
 40
0.0
 40
0.0
 40
1.0
 40
1.0
 40
1.0
 40
2.0
 40
2.0
 40
2.0
 40
3.0
 40
3.0
 40
3.0
 40
3.0
 10
182.5400633333333
 20
202.2467944444444
 30
0.0
 10
182.4800911111111
 20
203.3887361111111
 30
0.0
 10
182.8261661111111
 20
203.7104694444444
 30
0.0
 10
183.6139188888889
 20
204.2389305555556
 30
0.0
 10
184.9079077777778
 20
205.1071166666666
 30
0.0
 10
182.0888605555556
 20
204.5952361111111
 30
0.0
 10
181.154705
 20
204.0364361111111
 30
0.0
 10
180.3676577777778
 20
203.5658305555556
 30
0.0
 10
182.5926272222222
 20
201.2487861111111
 30
0.0
 10
182.5400633333333
 20
202.2467944444444
 30
0.0
  0
SPLINE
  5
27C
330
1F
100
AcDbEntity
  8
DEFAULT
 62
     3
100
AcDbSpline
210
0.0
220
0.0
230
1.0
 70
    11
 71
     3
 72
    14
 73
    10
 74
     0
 42
0.000000001
 43
0.0000000001
 40
0.0
 40
0.0
 40
0.0
 40
0.0
 40
1.0
 40
1.0
 40
1.0
 40
2.0
 40
2.0
 40
2.0
 40
3.0
 40
3.0
 40
3.0
 40
3.0
 10
182.6996952777778
 20
215.1958555555555
 30
0.0
 10
182.0809230555556
 20
216.1575277777778
 30
0.0
 10
182.1511258333333
 20
216.7833555555555
 30
0.0
 10
182.6996952777778
 20
217.5569972222222
 30
0.0
 10
183.2849536111111
 20
218.3821444444444
 30
0.0
 10
180.7036786111111
 20
217.7482027777778
 30
0.0
 10
180.7036786111111
 20
216.37625
 30
0.0
 10
180.7036786111111
 20
214.8857638888889
 30
0.0
 10
183.2405036111111
 20
214.3555388888889
 30
0.0
 10
182.6996952777778
 20
215.1958555555555
 30
0.0
  0
SPLINE
  5
27D
330
1F
100
AcDbEntity
  8
DEFAULT
 62
     3
100
AcDbSpline
210
0.0
220
0.0
230
1.0
 70
    11
 71
     3
 72
    26
 73
    22
 74
     0
 42
0.000000001
 43
0.0000000001
 40
0.0
 40
0.0
 40
0.0
 40
0.0
 40
1.0
 40
1.0
 40
1.0
 40
2.0
 40
2.0
 40
2.0
 40
3.0
 40
3.0
 40
3.0
 40
4.0
 40
4.0
 40
4.0
 40
5.0
 40
5.0
 40
5.0
 40
6.0
 40
6.0
 40
6.0
 40
7.0
 40
7.0
 40
7.0
 40
7.0
 10
180.6441297222222
 20
232.2536841666666
 30
0.0
 10
182.2404491666667
 20
230.1222008333333
 30
0.0
 10
182.3222936111111
 20
230.1370175
 30
0.0
 10
181.3260491666666
 20
230.3236369444444
 30
0.0
 10
180.3301575
 20
230.5106091666666
 30
0.0
 10
179.7283186111111
 20
231.0708202777778
 30
0.0
 10
178.3792963888889
 20
233.8722286111111
 30
0.0
 10
177.0306269444444
 20
236.6736369444444
 30
0.0
 10
175.4741713888889
 20
237.7319702777777
 30
0.0
 10
177.2796880555555
 20
237.4208202777778
 30
0.0
 10
179.0848519444444
 20
237.1096702777778
 30
0.0
 10
179.7075047222222
 20
238.0434730555556
 30
0.0
 10
180.3922463888889
 20
238.7282147222222
 30
0.0
 10
181.0769880555555
 20
239.4129563888889
 30
0.0
 10
181.1394297222222
 20
239.5374869444444
 30
0.0
 10
182.3843825
 20
238.9148341666666
 30
0.0
 10
183.6296880555555
 20
238.2925341666667
 30
0.0
 10
179.8941241666666
 20
237.7944119444444
 30
0.0
 10
179.5208852777778
 20
236.2379563888888
 30
0.0
 10
179.1472936111111
 20
234.6815008333333
 30
0.0
 10
179.4739658333333
 20
233.8164897222222
 30
0.0
 10
180.6441297222222
 20
232.2536841666666
 30
0.0
  0
SPLINE
  5
27E
330
1F
100
AcDbEntity
  8
DEFAULT
 62
     5
100
AcDbSpline
210
0.0
220
0.0
230
1.0
 70
    11
 71
     3
 72
    20
 73
    16
 74
     0
 42
0.000000001
 43
0.0000000001
 40
0.0
 40
0.0
 40
0.0
 40
0.0
 40
1.0
 40
1.0
 40
1.0
 40
2.0
 40
2.0
 40
2.0
 40
3.0
 40
3.0
 40
3.0
 40
4.0
 40
4.0
 40
4.0
 40
5.0
 40
5.0
 40
5.0
 40
5.0
 10
185.6221416666667
 20
213.6394705555556
 30
0.0
 10
183.5883777777778
 20
215.3458566666667
 30
0.0
 10
183.8582527777777
 20
217.5253177777778
 30
0.0
 10
185.3730805555555
 20
218.7445177777778
 30
0.0
 10
187.2403333333333
 20
220.2469983333333
 30
0.0
 10
186.2158666666666
 20
220.7080788888889
 30
0.0
 10
183.5220555555555
 20
219.9129177777778
 30
0.0
 10
180.8282444444444
 20
219.1177566666667
 30
0.0
 10
179.4054916666666
 20
219.4292594444445
 30
0.0
 10
179.4054916666666
 20
216.5033205555556
 30
0.0
 10
179.4054916666666
 20
213.51494
 30
0.0
 10
180.6885444444444
 20
213.3904094444444
 30
0.0
 10
182.9061055555555
 20
212.7677566666667
 30
0.0
 10
185.1236666666667
 20
212.1454566666667
 30
0.0
 10
187.5514833333333
 20
212.0209261111111
 30
0.0
 10
185.6221416666667
 20
213.6394705555556
 30
0.0
  0
SPLINE
  5
27F
330
1F
100
AcDbEntity
  8
DEFAULT
 62
     5
100
AcDbSpline
210
0.0
220
0.0
230
1.0
 70
    11
 71
     3
 72
    14
 73
    10
 74
     0
 42
0.000000001
 43
0.0000000001
 40
0.0
 40
0.0
 40
0.0
 40
0.0
 40
1.0
 40
1.0
 40
1.0
 40
2.0
 40
2.0
 40
2.0
 40
3.0
 40
3.0
 40
3.0
 40
3.0
 10
181.8241361111111
 20
200.8149752777777
 30
0.0
 10
180.0299083333333
 20
202.7178586111111
 30
0.0
 10
177.9643944444445
 20
204.7371586111111
 30
0.0
 10
180.7037138888889
 20
205.2349280555555
 30
0.0
 10
183.4426805555555
 20
205.7330502777777
 30
0.0
 10
188.6722583333333
 20
206.3923919444444
 30
0.0
 10
185.8084083333333
 20
204.5501863888888
 30
0.0
 10
182.3589472222222
 20
202.3312141666666
 30
0.0
 10
184.0406388888889
 20
198.4640641666666
 30
0.0
 10
181.8241361111111
 20
200.8149752777777
 30
0.0
  0
SPLINE
  5
280
330
1F
100
AcDbEntity
  8
DEFAULT
 62
     5
100
AcDbSpline
210
0.0
220
0.0
230
1.0
 70
    11
 71
     3
 72
    20
 73
    16
 74
     0
 42
0.000000001
 43
0.0000000001
 40
0.0
 40
0.0
 40
0.0
 40
0.0
 40
1.0
 40
1.0
 40
1.0
 40
2.0
 40
2.0
 40
2.0
 40
3.0
 40
3.0
 40
3.0
 40
4.0
 40
4.0
 40
4.0
 40
5.0
 40
5.0
 40
5.0
 40
5.0
 10
184.4826341666667
 20
239.3646611111111
 30
0.0
 10
187.3824675
 20
236.20095
 30
0.0
 10
178.0888897222222
 20
238.4791888888889
 30
0.0
 10
181.3288008333333
 20
233.6232027777778
 30
0.0
 10
184.6389147222222
 20
228.6624416666667
 30
0.0
 10
188.2157286111111
 20
226.8167083333333
 30
0.0
 10
181.9412230555556
 20
228.2278194444444
 30
0.0
 10
178.3922786111111
 20
229.0261555555555
 30
0.0
 10
179.6464036111111
 20
227.8203611111111
 30
0.0
 10
177.3417063888889
 20
232.6273111111111
 30
0.0
 10
174.1779952777778
 20
239.2260194444444
 30
0.0
 10
171.6764480555555
 20
239.7865833333333
 30
0.0
 10
176.4703452777778
 20
239.1018416666666
 30
0.0
 10
180.3946452777778
 20
238.540925
 30
0.0
 10
180.4006425
 20
243.8184805555555
 30
0.0
 10
184.4826341666667
 20
239.3646611111111
 30
0.0
  0
POLYLINE
  5
281
330
1F
100
AcDbEntity
  8
DEFAULT
 62
   250
100
AcDb2dPolyline
 66
     1
 10
0.0
 20
0.0
 30
0.0
  0
VERTEX
  5
282
330
281
100
AcDbEntity
  8
DEFAULT
 62
   250
100
AcDbVertex
100
AcDb2dVertex
 10
185.4861458333333
 20
223.3185638888889
 30
0.0
  0
VERTEX
  5
283
330
281
100
AcDbEntity
  8
DEFAULT
 62
   250
100
AcDbVertex
100
AcDb2dVertex
 10
185.4861458333333
 20
224.424875
 30
0.0
  0
VERTEX
  5
284
330
281
100
AcDbEntity
  8
DEFAULT
 62
   250
100
AcDbVertex
100
AcDb2dVertex
 10
186.8767958333333
 20
223.3185638888889
 30
0.0
  0
VERTEX
  5
285
330
281
100
AcDbEntity
  8
DEFAULT
 62
   250
100
AcDbVertex
100
AcDb2dVertex
 10
186.8767958333333
 20
224.4368694444444
 30
0.0
  0
SEQEND
  5
286
330
281
100
AcDbEntity
  8
DEFAULT
 62
   250
  0
POLYLINE
  5
287
330
1F
100
AcDbEntity
  8
DEFAULT
 62
   250
100
AcDb2dPolyline
 66
     1
 10
0.0
 20
0.0
 30
0.0
  0
VERTEX
  5
288
330
287
100
AcDbEntity
  8
DEFAULT
 62
   250
100
AcDbVertex
100
AcDb2dVertex
 10
185.4879802777778
 20
208.3201108333333
 30
0.0
  0
VERTEX
  5
289
330
287
100
AcDbEntity
  8
DEFAULT
 62
   250
100
AcDbVertex
100
AcDb2dVertex
 10
185.4879802777778
 20
209.4264219444444
 30
0.0
  0
VERTEX
  5
28A
330
287
100
AcDbEntity
  8
DEFAULT
 62
   250
100
AcDbVertex
100
AcDb2dVertex
 10
186.8786302777777
 20
208.3201108333333
 30
0.0
  0
VERTEX
  5
28B
330
287
100
AcDbEntity
  8
DEFAULT
 62
   250
100
AcDbVertex
100
AcDb2dVertex
 10
186.8786302777777
 20
209.4384163888888
 30
0.0
  0
SEQEND
  5
28C
330
287
100
AcDbEntity
  8
DEFAULT
 62
   250
  0
SPLINE
  5
28D
330
1F
100
AcDbEntity
  8
DEFAULT
 62
     1
100
AcDbSpline
210
0.0
220
0.0
230
1.0
 70
    11
 71
     3
 72
    83
 73
    79
 74
     0
 42
0.000000001
 43
0.0000000001
 40
1.0
 40
1.0
 40
1.0
 40
1.0
 40
2.0
 40
2.0
 40
2.0
 40
3.0
 40
3.0
 40
3.0
 40
4.0
 40
4.0
 40
4.0
 40
5.0
 40
5.0
 40
5.0
 40
13.5040014698963
 40
13.5040014698963
 40
13.5040014698963
 40
14.5040014698963
 40
14.5040014698963
 40
14.5040014698963
 40
15.5040014698963
 40
15.5040014698963
 40
15.5040014698963
 40
16.5040014698963
 40
16.5040014698963
 40
16.5040014698963
 40
17.5040014698963
 40
17.5040014698963
 40
17.5040014698963
 40
18.5040014698963
 40
18.5040014698963
 40
18.5040014698963
 40
19.5040014698963
 40
19.5040014698963
 40
19.5040014698963
 40
20.5040014698963
 40
20.5040014698963
 40
20.5040014698963
 40
21.5040014698963
 40
21.5040014698963
 40
21.5040014698963
 40
30.00800293979271
 40
30.00800293979271
 40
30.00800293979271
 40
31.00800293979271
 40
31.00800293979271
 40
31.00800293979271
 40
32.00800293979271
 40
32.00800293979271
 40
32.00800293979271
 40
33.00800293979271
 40
33.00800293979271
 40
33.00800293979271
 40
34.00800293979271
 40
34.00800293979271
 40
34.00800293979271
 40
35.00800293979271
 40
35.00800293979271
 40
35.00800293979271
 40
36.00800293979271
 40
36.00800293979271
 40
36.00800293979271
 40
37.00800293979271
 40
37.00800293979271
 40
37.00800293979271
 40
38.00800293979271
 40
38.00800293979271
 40
38.00800293979271
 40
39.00800293979271
 40
39.00800293979271
 40
39.00800293979271
 40
40.00800293979271
 40
40.00800293979271
 40
40.00800293979271
 40
41.00800293979271
 40
41.00800293979271
 40
41.00800293979271
 40
42.00800293979271
 40
42.00800293979271
 40
42.00800293979271
 40
42.00800293979271
 10
173.4574113888889
 20
234.0370111111111
 30
0.0
 10
174.8251308333333
 20
231.4109333333333
 30
0.0
 10
176.4733086111111
 20
227.9512416666667
 30
0.0
 10
176.4754252777778
 20
225.371025
 30
0.0
 10
176.4884780555555
 20
225.3124638888889
 30
0.0
 10
177.2645891666666
 20
225.2690722222222
 30
0.0
 10
178.2259086111111
 20
225.2704833333333
 30
0.0
 10
179.1904030555555
 20
225.2729527777778
 30
0.0
 10
179.8007086111111
 20
225.3731416666667
 30
0.0
 10
179.9742752777778
 20
225.3720833333333
 30
0.0
 10
180.8491641666666
 20
225.3724361111111
 30
0.0
 10
183.4759475
 20
225.3777277777777
 30
0.0
 10
183.4759475
 20
225.3777277777777
 30
0.0
 10
183.4765354629629
 20
224.3777203703704
 30
0.0
 10
183.4771234259259
 20
223.377712962963
 30
0.0
 10
183.4777113888889
 20
222.3777055555556
 30
0.0
 10
183.4777113888889
 20
222.3777055555556
 30
0.0
 10
180.8544558333333
 20
222.3734722222222
 30
0.0
 10
179.9760391666667
 20
222.3724138888889
 30
0.0
 10
179.8024725
 20
222.3731194444444
 30
0.0
 10
179.1946363888889
 20
222.47225
 30
0.0
 10
178.2259086111111
 20
222.4726027777778
 30
0.0
 10
177.2614141666666
 20
222.4701333333333
 30
0.0
 10
176.4761308333333
 20
222.4249777777778
 30
0.0
 10
176.4771891666666
 20
222.3710027777778
 30
0.0
 10
176.4807169444444
 20
220.3185416666667
 30
0.0
 10
177.1587558333333
 20
218.3842611111111
 30
0.0
 10
176.9858947222222
 20
215.8262694444444
 30
0.0
 10
176.8723002777778
 20
214.1523388888889
 30
0.0
 10
176.5304586111111
 20
213.255225
 30
0.0
 10
176.4736613888889
 20
210.372325
 30
0.0
 10
176.4860086111111
 20
210.3172916666667
 30
0.0
 10
177.2621197222222
 20
210.2739
 30
0.0
 10
178.2230863888889
 20
210.2756638888889
 30
0.0
 10
179.1921669444444
 20
210.2753111111111
 30
0.0
 10
179.7989447222222
 20
210.3747944444445
 30
0.0
 10
179.9725113888889
 20
210.3737361111111
 30
0.0
 10
180.8463419444444
 20
210.3776166666667
 30
0.0
 10
183.4741836111111
 20
210.3793805555555
 30
0.0
 10
183.4741836111111
 20
210.3793805555555
 30
0.0
 10
183.4747715740741
 20
209.3793731481481
 30
0.0
 10
183.475359537037
 20
208.3793657407407
 30
0.0
 10
183.4759475
 20
207.3793583333333
 30
0.0
 10
183.4759475
 20
207.3793583333333
 30
0.0
 10
180.8526919444444
 20
207.375125
 30
0.0
 10
179.9778030555555
 20
207.3747722222222
 30
0.0
 10
179.8007086111111
 20
207.3747722222222
 30
0.0
 10
179.1928725
 20
207.4739027777778
 30
0.0
 10
178.2273197222222
 20
207.4749611111111
 30
0.0
 10
177.2592975
 20
207.4717861111111
 30
0.0
 10
176.4778947222222
 20
207.4273361111111
 30
0.0
 10
176.4754252777778
 20
207.3726555555555
 30
0.0
 10
176.4786002777778
 20
205.3706416666666
 30
0.0
 10
175.1556836111111
 20
203.5421944444444
 30
0.0
 10
180.7246336111111
 20
198.9564361111111
 30
0.0
 10
186.2907613888889
 20
194.3660916666667
 30
0.0
 10
184.7350113888889
 20
200.61555
 30
0.0
 10
189.7003586111111
 20
204.97165
 30
0.0
 10
193.7523641666666
 20
208.530825
 30
0.0
 10
194.1189002777778
 20
208.0379944444445
 30
0.0
 10
190.9816475
 20
210.9477055555555
 30
0.0
 10
185.9556225
 20
215.6117805555555
 30
0.0
 10
186.4964308333333
 20
217.5580555555555
 30
0.0
 10
190.8207808333333
 20
221.5469138888889
 30
0.0
 10
193.5036558333333
 20
224.0188277777778
 30
0.0
 10
193.0651530555555
 20
223.8777166666667
 30
0.0
 10
190.6856669444444
 20
226.5341333333333
 30
0.0
 10
188.3252308333333
 20
229.1693833333333
 30
0.0
 10
183.4195030555555
 20
232.4865527777778
 30
0.0
 10
185.3396725
 20
235.0374888888889
 30
0.0
 10
187.5371252777778
 20
237.9507277777778
 30
0.0
 10
193.2553002777778
 20
234.5079694444445
 30
0.0
 10
184.3557752777778
 20
242.8677444444444
 30
0.0
 10
180.9659336111111
 20
246.0501527777778
 30
0.0
 10
176.9206308333333
 20
241.2961194444444
 30
0.0
 10
172.8583947222222
 20
241.7942416666667
 30
0.0
 10
166.6484475
 20
242.5534194444444
 30
0.0
 10
170.6785808333333
 20
239.3696
 30
0.0
 10
173.4574113888889
 20
234.0370111111111
 30
0.0
  0
SPLINE
  5
28E
330
1F
100
AcDbEntity
  8
DEFAULT
 62
     3
100
AcDbSpline
210
0.0
220
0.0
230
1.0
 70
    11
 71
     3
 72
    14
 73
    10
 74
     0
 42
0.000000001
 43
0.0000000001
 40
0.0
 40
0.0
 40
0.0
 40
0.0
 40
1.0
 40
1.0
 40
1.0
 40
2.0
 40
2.0
 40
2.0
 40
3.0
 40
3.0
 40
3.0
 40
3.0
 10
202.7255844444445
 20
251.3738516666666
 30
0.0
 10
202.6656122222222
 20
252.5157933333333
 30
0.0
 10
203.0116872222222
 20
252.8375266666666
 30
0.0
 10
203.79944
 20
253.3659877777778
 30
0.0
 10
205.0934288888889
 20
254.2341738888888
 30
0.0
 10
202.2743816666667
 20
253.7222933333333
 30
0.0
 10
201.3402261111111
 20
253.1634933333333
 30
0.0
 10
200.5531788888889
 20
252.6928877777778
 30
0.0
 10
202.7781483333333
 20
250.3758433333333
 30
0.0
 10
202.7255844444445
 20
251.3738516666666
 30
0.0
  0
SPLINE
  5
28F
330
1F
100
AcDbEntity
  8
DEFAULT
 62
     3
100
AcDbSpline
210
0.0
220
0.0
230
1.0
 70
    11
 71
     3
 72
    14
 73
    10
 74
     0
 42
0.000000001
 43
0.0000000001
 40
0.0
 40
0.0
 40
0.0
 40
0.0
 40
1.0
 40
1.0
 40
1.0
 40
2.0
 40
2.0
 40
2.0
 40
3.0
 40
3.0
 40
3.0
 40
3.0
 10
202.8852163888889
 20
264.3228775
 30
0.0
 10
202.2664441666666
 20
265.2845497222222
 30
0.0
 10
202.3366469444445
 20
265.9103775
 30
0.0
 10
202.8852163888889
 20
266.6840191666666
 30
0.0
 10
203.4704747222222
 20
267.5091663888889
 30
0.0
 10
200.8891997222222
 20
266.8752247222222
 30
0.0
 10
200.8891997222222
 20
265.5032719444444
 30
0.0
 10
200.8891997222222
 20
264.0127858333333
 30
0.0
 10
203.4260247222222
 20
263.4825608333333
 30
0.0
 10
202.8852163888889
 20
264.3228775
 30
0.0
  0
SPLINE
  5
290
330
1F
100
AcDbEntity
  8
DEFAULT
 62
     3
100
AcDbSpline
210
0.0
220
0.0
230
1.0
 70
    11
 71
     3
 72
    26
 73
    22
 74
     0
 42
0.000000001
 43
0.0000000001
 40
0.0
 40
0.0
 40
0.0
 40
0.0
 40
1.0
 40
1.0
 40
1.0
 40
2.0
 40
2.0
 40
2.0
 40
3.0
 40
3.0
 40
3.0
 40
4.0
 40
4.0
 40
4.0
 40
5.0
 40
5.0
 40
5.0
 40
6.0
 40
6.0
 40
6.0
 40
7.0
 40
7.0
 40
7.0
 40
7.0
 10
200.8296508333333
 20
281.3807413888889
 30
0.0
 10
202.4259702777777
 20
279.2492580555555
 30
0.0
 10
202.5078147222222
 20
279.2640747222222
 30
0.0
 10
201.5115702777777
 20
279.4506941666666
 30
0.0
 10
200.5156786111111
 20
279.6376663888888
 30
0.0
 10
199.9138397222222
 20
280.1978775
 30
0.0
 10
198.5648175
 20
282.9992858333333
 30
0.0
 10
197.2161480555555
 20
285.8006941666666
 30
0.0
 10
195.6596925
 20
286.8590275
 30
0.0
 10
197.4652091666666
 20
286.5478775
 30
0.0
 10
199.2703730555556
 20
286.2367275
 30
0.0
 10
199.8930258333333
 20
287.1705302777777
 30
0.0
 10
200.5777675
 20
287.8552719444444
 30
0.0
 10
201.2625091666666
 20
288.5400136111111
 30
0.0
 10
201.3249508333333
 20
288.6645441666666
 30
0.0
 10
202.5699036111111
 20
288.0418913888888
 30
0.0
 10
203.8152091666666
 20
287.4195913888889
 30
0.0
 10
200.0796452777778
 20
286.9214691666666
 30
0.0
 10
199.7060536111111
 20
285.3650136111111
 30
0.0
 10
199.3328147222222
 20
283.8085580555555
 30
0.0
 10
199.6594869444444
 20
282.9435469444444
 30
0.0
 10
200.8296508333333
 20
281.3807413888889
 30
0.0
  0
SPLINE
  5
291
330
1F
100
AcDbEntity
  8
DEFAULT
 62
     5
100
AcDbSpline
210
0.0
220
0.0
230
1.0
 70
    11
 71
     3
 72
    20
 73
    16
 74
     0
 42
0.000000001
 43
0.0000000001
 40
0.0
 40
0.0
 40
0.0
 40
0.0
 40
1.0
 40
1.0
 40
1.0
 40
2.0
 40
2.0
 40
2.0
 40
3.0
 40
3.0
 40
3.0
 40
4.0
 40
4.0
 40
4.0
 40
5.0
 40
5.0
 40
5.0
 40
5.0
 10
205.8076627777778
 20
262.7665277777778
 30
0.0
 10
203.7738988888889
 20
264.4729138888889
 30
0.0
 10
204.0437738888889
 20
266.652375
 30
0.0
 10
205.5586016666666
 20
267.871575
 30
0.0
 10
207.4258544444444
 20
269.3740555555556
 30
0.0
 10
206.4013877777778
 20
269.8351361111111
 30
0.0
 10
203.7075766666667
 20
269.039975
 30
0.0
 10
201.0137655555555
 20
268.2448138888889
 30
0.0
 10
199.5910127777778
 20
268.5563166666666
 30
0.0
 10
199.5910127777778
 20
265.6303777777778
 30
0.0
 10
199.5910127777778
 20
262.6419972222222
 30
0.0
 10
200.8740655555555
 20
262.5174666666666
 30
0.0
 10
203.0916266666667
 20
261.8948138888888
 30
0.0
 10
205.3091877777778
 20
261.2725138888889
 30
0.0
 10
207.7370044444444
 20
261.1479833333333
 30
0.0
 10
205.8076627777778
 20
262.7665277777778
 30
0.0
  0
SPLINE
  5
292
330
1F
100
AcDbEntity
  8
DEFAULT
 62
     5
100
AcDbSpline
210
0.0
220
0.0
230
1.0
 70
    11
 71
     3
 72
    14
 73
    10
 74
     0
 42
0.000000001
 43
0.0000000001
 40
0.0
 40
0.0
 40
0.0
 40
0.0
 40
1.0
 40
1.0
 40
1.0
 40
2.0
 40
2.0
 40
2.0
 40
3.0
 40
3.0
 40
3.0
 40
3.0
 10
202.0096572222222
 20
249.9420325
 30
0.0
 10
200.2154294444444
 20
251.8449158333333
 30
0.0
 10
198.1499155555555
 20
253.8642158333333
 30
0.0
 10
200.8888822222222
 20
254.3619852777778
 30
0.0
 10
203.6282016666667
 20
254.8601075
 30
0.0
 10
208.8577794444444
 20
255.5194491666666
 30
0.0
 10
205.9939294444444
 20
253.6772436111111
 30
0.0
 10
202.5444683333333
 20
251.4582713888889
 30
0.0
 10
204.22616
 20
247.5911213888889
 30
0.0
 10
202.0096572222222
 20
249.9420325
 30
0.0
  0
SPLINE
  5
293
330
1F
100
AcDbEntity
  8
DEFAULT
 62
     5
100
AcDbSpline
210
0.0
220
0.0
230
1.0
 70
    11
 71
     3
 72
    20
 73
    16
 74
     0
 42
0.000000001
 43
0.0000000001
 40
0.0
 40
0.0
 40
0.0
 40
0.0
 40
1.0
 40
1.0
 40
1.0
 40
2.0
 40
2.0
 40
2.0
 40
3.0
 40
3.0
 40
3.0
 40
4.0
 40
4.0
 40
4.0
 40
5.0
 40
5.0
 40
5.0
 40
5.0
 10
204.6681552777778
 20
288.4917536111111
 30
0.0
 10
207.5679886111111
 20
285.3280425
 30
0.0
 10
198.2744108333333
 20
287.6062813888889
 30
0.0
 10
201.5143219444444
 20
282.7502952777778
 30
0.0
 10
204.8244358333333
 20
277.7895341666666
 30
0.0
 10
208.4012497222222
 20
275.9438008333333
 30
0.0
 10
202.1267441666667
 20
277.3549119444444
 30
0.0
 10
198.5777997222222
 20
278.1532480555555
 30
0.0
 10
199.8319247222222
 20
276.947453611111
 30
0.0
 10
197.5272275
 20
281.7544036111111
 30
0.0
 10
194.3635163888889
 20
288.3534647222222
 30
0.0
 10
191.8619691666666
 20
288.9136758333333
 30
0.0
 10
196.6558663888889
 20
288.2289341666666
 30
0.0
 10
200.5801663888889
 20
287.6680175
 30
0.0
 10
200.5861636111111
 20
292.9455730555555
 30
0.0
 10
204.6681552777778
 20
288.4917536111111
 30
0.0
  0
POLYLINE
  5
294
330
1F
100
AcDbEntity
  8
DEFAULT
 62
   250
100
AcDb2dPolyline
 66
     1
 10
0.0
 20
0.0
 30
0.0
  0
VERTEX
  5
295
330
294
100
AcDbEntity
  8
DEFAULT
 62
   250
100
AcDbVertex
100
AcDb2dVertex
 10
205.6716669444444
 20
272.4455858333333
 30
0.0
  0
VERTEX
  5
296
330
294
100
AcDbEntity
  8
DEFAULT
 62
   250
100
AcDbVertex
100
AcDb2dVertex
 10
205.6716669444444
 20
273.5518969444444
 30
0.0
  0
VERTEX
  5
297
330
294
100
AcDbEntity
  8
DEFAULT
 62
   250
100
AcDbVertex
100
AcDb2dVertex
 10
207.0623169444444
 20
272.4455858333333
 30
0.0
  0
VERTEX
  5
298
330
294
100
AcDbEntity
  8
DEFAULT
 62
   250
100
AcDbVertex
100
AcDb2dVertex
 10
207.0623169444444
 20
273.5638913888889
 30
0.0
  0
SEQEND
  5
299
330
294
100
AcDbEntity
  8
DEFAULT
 62
   250
  0
POLYLINE
  5
29A
330
1F
100
AcDbEntity
  8
DEFAULT
 62
   250
100
AcDb2dPolyline
 66
     1
 10
0.0
 20
0.0
 30
0.0
  0
VERTEX
  5
29B
330
29A
100
AcDbEntity
  8
DEFAULT
 62
   250
100
AcDbVertex
100
AcDb2dVertex
 10
205.6735013888889
 20
257.4471327777778
 30
0.0
  0
VERTEX
  5
29C
330
29A
100
AcDbEntity
  8
DEFAULT
 62
   250
100
AcDbVertex
100
AcDb2dVertex
 10
205.6735013888889
 20
258.5534438888889
 30
0.0
  0
VERTEX
  5
29D
330
29A
100
AcDbEntity
  8
DEFAULT
 62
   250
100
AcDbVertex
100
AcDb2dVertex
 10
207.0641513888889
 20
257.4471327777778
 30
0.0
  0
VERTEX
  5
29E
330
29A
100
AcDbEntity
  8
DEFAULT
 62
   250
100
AcDbVertex
100
AcDb2dVertex
 10
207.0641513888889
 20
258.5654383333333
 30
0.0
  0
SEQEND
  5
29F
330
29A
100
AcDbEntity
  8
DEFAULT
 62
   250
  0
SPLINE
  5
2A0
330
1F
100
AcDbEntity
  8
DEFAULT
 62
     1
100
AcDbSpline
210
0.0
220
0.0
230
1.0
 70
    11
 71
     3
 72
    83
 73
    79
 74
     0
 42
0.000000001
 43
0.0000000001
 40
1.0
 40
1.0
 40
1.0
 40
1.0
 40
2.0
 40
2.0
 40
2.0
 40
3.0
 40
3.0
 40
3.0
 40
4.0
 40
4.0
 40
4.0
 40
5.0
 40
5.0
 40
5.0
 40
13.5040014698963
 40
13.5040014698963
 40
13.5040014698963
 40
14.5040014698963
 40
14.5040014698963
 40
14.5040014698963
 40
15.5040014698963
 40
15.5040014698963
 40
15.5040014698963
 40
16.5040014698963
 40
16.5040014698963
 40
16.5040014698963
 40
17.5040014698963
 40
17.5040014698963
 40
17.5040014698963
 40
18.5040014698963
 40
18.5040014698963
 40
18.5040014698963
 40
19.5040014698963
 40
19.5040014698963
 40
19.5040014698963
 40
20.5040014698963
 40
20.5040014698963
 40
20.5040014698963
 40
21.5040014698963
 40
21.5040014698963
 40
21.5040014698963
 40
30.0080029397926
 40
30.0080029397926
 40
30.0080029397926
 40
31.0080029397926
 40
31.0080029397926
 40
31.0080029397926
 40
32.0080029397926
 40
32.0080029397926
 40
32.0080029397926
 40
33.0080029397926
 40
33.0080029397926
 40
33.0080029397926
 40
34.0080029397926
 40
34.0080029397926
 40
34.0080029397926
 40
35.0080029397926
 40
35.0080029397926
 40
35.0080029397926
 40
36.0080029397926
 40
36.0080029397926
 40
36.0080029397926
 40
37.0080029397926
 40
37.0080029397926
 40
37.0080029397926
 40
38.0080029397926
 40
38.0080029397926
 40
38.0080029397926
 40
39.0080029397926
 40
39.0080029397926
 40
39.0080029397926
 40
40.0080029397926
 40
40.0080029397926
 40
40.0080029397926
 40
41.0080029397926
 40
41.0080029397926
 40
41.0080029397926
 40
42.0080029397926
 40
42.0080029397926
 40
42.0080029397926
 40
42.0080029397926
 10
193.6429325
 20
283.1640683333333
 30
0.0
 10
195.0106519444444
 20
280.5379905555556
 30
0.0
 10
196.6588297222222
 20
277.0782988888889
 30
0.0
 10
196.6609463888888
 20
274.4980822222222
 30
0.0
 10
196.6739991666666
 20
274.4395211111111
 30
0.0
 10
197.4501102777778
 20
274.3961294444444
 30
0.0
 10
198.4114297222222
 20
274.3975405555555
 30
0.0
 10
199.3759241666666
 20
274.40001
 30
0.0
 10
199.9862297222222
 20
274.5001988888889
 30
0.0
 10
200.1597963888889
 20
274.4991405555555
 30
0.0
 10
201.0346852777777
 20
274.4994933333333
 30
0.0
 10
203.6614686111111
 20
274.504785
 30
0.0
 10
203.6614686111111
 20
274.504785
 30
0.0
 10
203.6620565740741
 20
273.5047775925926
 30
0.0
 10
203.662644537037
 20
272.5047701851852
 30
0.0
 10
203.6632325
 20
271.5047627777778
 30
0.0
 10
203.6632325
 20
271.5047627777778
 30
0.0
 10
201.0399769444444
 20
271.5005294444444
 30
0.0
 10
200.1615602777777
 20
271.4994711111111
 30
0.0
 10
199.9879936111111
 20
271.5001766666667
 30
0.0
 10
199.3801575
 20
271.5993072222222
 30
0.0
 10
198.4114297222222
 20
271.59966
 30
0.0
 10
197.4469352777778
 20
271.5971905555555
 30
0.0
 10
196.6616519444444
 20
271.5520349999999
 30
0.0
 10
196.6627102777777
 20
271.49806
 30
0.0
 10
196.6662380555555
 20
269.4455988888889
 30
0.0
 10
197.3442769444444
 20
267.5113183333333
 30
0.0
 10
197.1714158333333
 20
264.9533266666667
 30
0.0
 10
197.0578213888888
 20
263.2793961111111
 30
0.0
 10
196.7159797222222
 20
262.3822822222222
 30
0.0
 10
196.6591825
 20
259.4993822222222
 30
0.0
 10
196.6715297222222
 20
259.4443488888889
 30
0.0
 10
197.4476408333333
 20
259.4009572222222
 30
0.0
 10
198.4086075
 20
259.4027211111111
 30
0.0
 10
199.3776880555555
 20
259.4023683333333
 30
0.0
 10
199.9844658333333
 20
259.5018516666667
 30
0.0
 10
200.1580325
 20
259.5007933333333
 30
0.0
 10
201.0318630555555
 20
259.5046738888889
 30
0.0
 10
203.6597047222222
 20
259.5064377777778
 30
0.0
 10
203.6597047222222
 20
259.5064377777778
 30
0.0
 10
203.6602926851851
 20
258.5064303703704
 30
0.0
 10
203.6608806481481
 20
257.506422962963
 30
0.0
 10
203.6614686111111
 20
256.5064155555556
 30
0.0
 10
203.6614686111111
 20
256.5064155555556
 30
0.0
 10
201.0382130555555
 20
256.5021822222222
 30
0.0
 10
200.1633241666666
 20
256.5018294444444
 30
0.0
 10
199.9862297222222
 20
256.5018294444444
 30
0.0
 10
199.3783936111111
 20
256.60096
 30
0.0
 10
198.4128408333333
 20
256.6020183333333
 30
0.0
 10
197.4448186111111
 20
256.5988433333333
 30
0.0
 10
196.6634158333333
 20
256.5543933333333
 30
0.0
 10
196.6609463888888
 20
256.4997127777778
 30
0.0
 10
196.6641213888888
 20
254.4976988888889
 30
0.0
 10
195.3412047222222
 20
252.6692516666666
 30
0.0
 10
200.9101547222222
 20
248.0834933333333
 30
0.0
 10
206.4762825
 20
243.4931488888889
 30
0.0
 10
204.9205325
 20
249.7426072222222
 30
0.0
 10
209.8858797222222
 20
254.0987072222222
 30
0.0
 10
213.9378852777778
 20
257.6578822222222
 30
0.0
 10
214.3044213888888
 20
257.1650516666667
 30
0.0
 10
211.1671686111111
 20
260.0747627777777
 30
0.0
 10
206.1411436111111
 20
264.7388377777777
 30
0.0
 10
206.6819519444444
 20
266.6851127777778
 30
0.0
 10
211.0063019444444
 20
270.6739711111111
 30
0.0
 10
213.6891769444444
 20
273.145885
 30
0.0
 10
213.2506741666666
 20
273.0047738888888
 30
0.0
 10
210.8711880555555
 20
275.6611905555555
 30
0.0
 10
208.5107519444444
 20
278.2964405555555
 30
0.0
 10
203.6050241666667
 20
281.61361
 30
0.0
 10
205.5251936111111
 20
284.1645461111111
 30
0.0
 10
207.7226463888888
 20
287.077785
 30
0.0
 10
213.4408213888888
 20
283.6350266666666
 30
0.0
 10
204.5412963888889
 20
291.9948016666667
 30
0.0
 10
201.1514547222222
 20
295.17721
 30
0.0
 10
197.1061519444444
 20
290.4231766666666
 30
0.0
 10
193.0439158333333
 20
290.9212988888889
 30
0.0
 10
186.8339686111111
 20
291.6804766666666
 30
0.0
 10
190.8641019444444
 20
288.4966572222222
 30
0.0
 10
193.6429325
 20
283.1640683333333
 30
0.0
  0
SPLINE
  5
2A1
330
1F
100
AcDbEntity
  8
DEFAULT
 62
     3
100
AcDbSpline
210
0.0
220
0.0
230
1.0
 70
    11
 71
     3
 72
    14
 73
    10
 74
     0
 42
0.000000001
 43
0.0000000001
 40
0.0
 40
0.0
 40
0.0
 40
0.0
 40
1.0
 40
1.0
 40
1.0
 40
2.0
 40
2.0
 40
2.0
 40
3.0
 40
3.0
 40
3.0
 40
3.0
 10
283.4676688888889
 20
251.3738516666666
 30
0.0
 10
283.4076966666667
 20
252.5157933333333
 30
0.0
 10
283.7537716666666
 20
252.8375266666666
 30
0.0
 10
284.5415244444444
 20
253.3659877777778
 30
0.0
 10
285.8355133333333
 20
254.2341738888888
 30
0.0
 10
283.0164661111111
 20
253.7222933333333
 30
0.0
 10
282.0823105555555
 20
253.1634933333333
 30
0.0
 10
281.2952633333333
 20
252.6928877777778
 30
0.0
 10
283.5202327777777
 20
250.3758433333333
 30
0.0
 10
283.4676688888889
 20
251.3738516666666
 30
0.0
  0
SPLINE
  5
2A2
330
1F
100
AcDbEntity
  8
DEFAULT
 62
     3
100
AcDbSpline
210
0.0
220
0.0
230
1.0
 70
    11
 71
     3
 72
    14
 73
    10
 74
     0
 42
0.000000001
 43
0.0000000001
 40
0.0
 40
0.0
 40
0.0
 40
0.0
 40
1.0
 40
1.0
 40
1.0
 40
2.0
 40
2.0
 40
2.0
 40
3.0
 40
3.0
 40
3.0
 40
3.0
 10
283.6273008333333
 20
264.3228775
 30
0.0
 10
283.008528611111
 20
265.2845497222222
 30
0.0
 10
283.0787313888889
 20
265.9103775
 30
0.0
 10
283.6273008333333
 20
266.6840191666666
 30
0.0
 10
284.2125591666666
 20
267.5091663888889
 30
0.0
 10
281.6312841666666
 20
266.8752247222222
 30
0.0
 10
281.6312841666666
 20
265.5032719444444
 30
0.0
 10
281.6312841666666
 20
264.0127858333333
 30
0.0
 10
284.1681091666666
 20
263.4825608333333
 30
0.0
 10
283.6273008333333
 20
264.3228775
 30
0.0
  0
SPLINE
  5
2A3
330
1F
100
AcDbEntity
  8
DEFAULT
 62
     3
100
AcDbSpline
210
0.0
220
0.0
230
1.0
 70
    11
 71
     3
 72
    26
 73
    22
 74
     0
 42
0.000000001
 43
0.0000000001
 40
0.0
 40
0.0
 40
0.0
 40
0.0
 40
1.0
 40
1.0
 40
1.0
 40
2.0
 40
2.0
 40
2.0
 40
3.0
 40
3.0
 40
3.0
 40
4.0
 40
4.0
 40
4.0
 40
5.0
 40
5.0
 40
5.0
 40
6.0
 40
6.0
 40
6.0
 40
7.0
 40
7.0
 40
7.0
 40
7.0
 10
281.5717352777777
 20
281.3807413888889
 30
0.0
 10
283.1680547222222
 20
279.2492580555555
 30
0.0
 10
283.2498991666666
 20
279.2640747222222
 30
0.0
 10
282.2536547222222
 20
279.4506941666666
 30
0.0
 10
281.2577630555555
 20
279.6376663888888
 30
0.0
 10
280.6559241666666
 20
280.1978775
 30
0.0
 10
279.3069019444445
 20
282.9992858333333
 30
0.0
 10
277.9582325
 20
285.8006941666666
 30
0.0
 10
276.4017769444445
 20
286.8590275
 30
0.0
 10
278.2069408333333
 20
286.5478775
 30
0.0
 10
280.0124575
 20
286.2367275
 30
0.0
 10
280.6351102777778
 20
287.1705302777777
 30
0.0
 10
281.3198519444444
 20
287.8552719444444
 30
0.0
 10
282.0045936111111
 20
288.5400136111111
 30
0.0
 10
282.0670352777778
 20
288.6645441666666
 30
0.0
 10
283.3119880555556
 20
288.0418913888888
 30
0.0
 10
284.5569408333333
 20
287.4195913888889
 30
0.0
 10
280.8217297222222
 20
286.9214691666666
 30
0.0
 10
280.4481380555555
 20
285.3650136111111
 30
0.0
 10
280.0748991666666
 20
283.8085580555555
 30
0.0
 10
280.4015713888889
 20
282.9435469444444
 30
0.0
 10
281.5717352777777
 20
281.3807413888889
 30
0.0
  0
SPLINE
  5
2A4
330
1F
100
AcDbEntity
  8
DEFAULT
 62
     5
100
AcDbSpline
210
0.0
220
0.0
230
1.0
 70
    11
 71
     3
 72
    20
 73
    16
 74
     0
 42
0.000000001
 43
0.0000000001
 40
0.0
 40
0.0
 40
0.0
 40
0.0
 40
1.0
 40
1.0
 40
1.0
 40
2.0
 40
2.0
 40
2.0
 40
3.0
 40
3.0
 40
3.0
 40
4.0
 40
4.0
 40
4.0
 40
5.0
 40
5.0
 40
5.0
 40
5.0
 10
286.5497472222222
 20
262.7665277777778
 30
0.0
 10
284.5159833333333
 20
264.4729138888889
 30
0.0
 10
284.7858583333334
 20
266.652375
 30
0.0
 10
286.3006861111111
 20
267.871575
 30
0.0
 10
288.1679388888889
 20
269.3740555555556
 30
0.0
 10
287.1434722222222
 20
269.8351361111111
 30
0.0
 10
284.4496611111111
 20
269.039975
 30
0.0
 10
281.7554972222222
 20
268.2448138888889
 30
0.0
 10
280.3330972222222
 20
268.5563166666666
 30
0.0
 10
280.3330972222222
 20
265.6303777777778
 30
0.0
 10
280.3330972222222
 20
262.6419972222222
 30
0.0
 10
281.61615
 20
262.5174666666666
 30
0.0
 10
283.8337111111111
 20
261.8948138888888
 30
0.0
 10
286.0512722222222
 20
261.2725138888889
 30
0.0
 10
288.4790888888889
 20
261.1479833333333
 30
0.0
 10
286.5497472222222
 20
262.7665277777778
 30
0.0
  0
SPLINE
  5
2A5
330
1F
100
AcDbEntity
  8
DEFAULT
 62
     5
100
AcDbSpline
210
0.0
220
0.0
230
1.0
 70
    11
 71
     3
 72
    14
 73
    10
 74
     0
 42
0.000000001
 43
0.0000000001
 40
0.0
 40
0.0
 40
0.0
 40
0.0
 40
1.0
 40
1.0
 40
1.0
 40
2.0
 40
2.0
 40
2.0
 40
3.0
 40
3.0
 40
3.0
 40
3.0
 10
282.7517416666666
 20
249.9420325
 30
0.0
 10
280.9575138888889
 20
251.8449158333333
 30
0.0
 10
278.8919999999999
 20
253.8642158333333
 30
0.0
 10
281.6313194444444
 20
254.3619852777778
 30
0.0
 10
284.3702861111111
 20
254.8601075
 30
0.0
 10
289.5998638888889
 20
255.5194491666666
 30
0.0
 10
286.7360138888889
 20
253.6772436111111
 30
0.0
 10
283.2865527777777
 20
251.4582713888889
 30
0.0
 10
284.9682444444444
 20
247.5911213888889
 30
0.0
 10
282.7517416666666
 20
249.9420325
 30
0.0
  0
SPLINE
  5
2A6
330
1F
100
AcDbEntity
  8
DEFAULT
 62
     5
100
AcDbSpline
210
0.0
220
0.0
230
1.0
 70
    11
 71
     3
 72
    20
 73
    16
 74
     0
 42
0.000000001
 43
0.0000000001
 40
0.0
 40
0.0
 40
0.0
 40
0.0
 40
1.0
 40
1.0
 40
1.0
 40
2.0
 40
2.0
 40
2.0
 40
3.0
 40
3.0
 40
3.0
 40
4.0
 40
4.0
 40
4.0
 40
5.0
 40
5.0
 40
5.0
 40
5.0
 10
285.4102397222222
 20
288.4917536111111
 30
0.0
 10
288.3100730555555
 20
285.3280425
 30
0.0
 10
279.0164952777777
 20
287.6062813888889
 30
0.0
 10
282.2564063888888
 20
282.7502952777778
 30
0.0
 10
285.5665202777777
 20
277.7895341666666
 30
0.0
 10
289.1433341666666
 20
275.9438008333333
 30
0.0
 10
282.8688286111111
 20
277.3549119444444
 30
0.0
 10
279.3198841666666
 20
278.1532480555555
 30
0.0
 10
280.5740091666667
 20
276.947453611111
 30
0.0
 10
278.2693119444444
 20
281.7544036111111
 30
0.0
 10
275.1056008333333
 20
288.3534647222222
 30
0.0
 10
272.6040536111111
 20
288.9136758333333
 30
0.0
 10
277.3979508333333
 20
288.2289341666666
 30
0.0
 10
281.3222508333333
 20
287.6680175
 30
0.0
 10
281.3282480555555
 20
292.9455730555555
 30
0.0
 10
285.4102397222222
 20
288.4917536111111
 30
0.0
  0
POLYLINE
  5
2A7
330
1F
100
AcDbEntity
  8
DEFAULT
 62
   250
100
AcDb2dPolyline
 66
     1
 10
0.0
 20
0.0
 30
0.0
  0
VERTEX
  5
2A8
330
2A7
100
AcDbEntity
  8
DEFAULT
 62
   250
100
AcDbVertex
100
AcDb2dVertex
 10
286.4137513888888
 20
272.4455858333333
 30
0.0
  0
VERTEX
  5
2A9
330
2A7
100
AcDbEntity
  8
DEFAULT
 62
   250
100
AcDbVertex
100
AcDb2dVertex
 10
286.4137513888888
 20
273.5518969444444
 30
0.0
  0
VERTEX
  5
2AA
330
2A7
100
AcDbEntity
  8
DEFAULT
 62
   250
100
AcDbVertex
100
AcDb2dVertex
 10
287.8044013888888
 20
272.4455858333333
 30
0.0
  0
VERTEX
  5
2AB
330
2A7
100
AcDbEntity
  8
DEFAULT
 62
   250
100
AcDbVertex
100
AcDb2dVertex
 10
287.8044013888888
 20
273.5638913888889
 30
0.0
  0
SEQEND
  5
2AC
330
2A7
100
AcDbEntity
  8
DEFAULT
 62
   250
  0
POLYLINE
  5
2AD
330
1F
100
AcDbEntity
  8
DEFAULT
 62
   250
100
AcDb2dPolyline
 66
     1
 10
0.0
 20
0.0
 30
0.0
  0
VERTEX
  5
2AE
330
2AD
100
AcDbEntity
  8
DEFAULT
 62
   250
100
AcDbVertex
100
AcDb2dVertex
 10
286.4155858333333
 20
257.4471327777778
 30
0.0
  0
VERTEX
  5
2AF
330
2AD
100
AcDbEntity
  8
DEFAULT
 62
   250
100
AcDbVertex
100
AcDb2dVertex
 10
286.4155858333333
 20
258.5534438888889
 30
0.0
  0
VERTEX
  5
2B0
330
2AD
100
AcDbEntity
  8
DEFAULT
 62
   250
100
AcDbVertex
100
AcDb2dVertex
 10
287.8062358333333
 20
257.4471327777778
 30
0.0
  0
VERTEX
  5
2B1
330
2AD
100
AcDbEntity
  8
DEFAULT
 62
   250
100
AcDbVertex
100
AcDb2dVertex
 10
287.8062358333333
 20
258.5654383333333
 30
0.0
  0
SEQEND
  5
2B2
330
2AD
100
AcDbEntity
  8
DEFAULT
 62
   250
  0
SPLINE
  5
2B3
330
1F
100
AcDbEntity
  8
DEFAULT
 62
     1
100
AcDbSpline
210
0.0
220
0.0
230
1.0
 70
    11
 71
     3
 72
    83
 73
    79
 74
     0
 42
0.000000001
 43
0.0000000001
 40
1.0
 40
1.0
 40
1.0
 40
1.0
 40
2.0
 40
2.0
 40
2.0
 40
3.0
 40
3.0
 40
3.0
 40
4.0
 40
4.0
 40
4.0
 40
5.0
 40
5.0
 40
5.0
 40
13.5040014698963
 40
13.5040014698963
 40
13.5040014698963
 40
14.5040014698963
 40
14.5040014698963
 40
14.5040014698963
 40
15.5040014698963
 40
15.5040014698963
 40
15.5040014698963
 40
16.5040014698963
 40
16.5040014698963
 40
16.5040014698963
 40
17.5040014698963
 40
17.5040014698963
 40
17.5040014698963
 40
18.5040014698963
 40
18.5040014698963
 40
18.5040014698963
 40
19.5040014698963
 40
19.5040014698963
 40
19.5040014698963
 40
20.5040014698963
 40
20.5040014698963
 40
20.5040014698963
 40
21.5040014698963
 40
21.5040014698963
 40
21.5040014698963
 40
30.0080029397926
 40
30.0080029397926
 40
30.0080029397926
 40
31.0080029397926
 40
31.0080029397926
 40
31.0080029397926
 40
32.0080029397926
 40
32.0080029397926
 40
32.0080029397926
 40
33.0080029397926
 40
33.0080029397926
 40
33.0080029397926
 40
34.0080029397926
 40
34.0080029397926
 40
34.0080029397926
 40
35.0080029397926
 40
35.0080029397926
 40
35.0080029397926
 40
36.0080029397926
 40
36.0080029397926
 40
36.0080029397926
 40
37.0080029397926
 40
37.0080029397926
 40
37.0080029397926
 40
38.0080029397926
 40
38.0080029397926
 40
38.0080029397926
 40
39.0080029397926
 40
39.0080029397926
 40
39.0080029397926
 40
40.0080029397926
 40
40.0080029397926
 40
40.0080029397926
 40
41.0080029397926
 40
41.0080029397926
 40
41.0080029397926
 40
42.0080029397926
 40
42.0080029397926
 40
42.0080029397926
 40
42.0080029397926
 10
274.3850169444444
 20
283.1640683333333
 30
0.0
 10
275.7527363888889
 20
280.5379905555556
 30
0.0
 10
277.4009141666667
 20
277.0782988888889
 30
0.0
 10
277.4030308333333
 20
274.4980822222222
 30
0.0
 10
277.4160836111111
 20
274.4395211111111
 30
0.0
 10
278.1921947222222
 20
274.3961294444444
 30
0.0
 10
279.1535141666667
 20
274.3975405555555
 30
0.0
 10
280.1180086111111
 20
274.40001
 30
0.0
 10
280.7283141666667
 20
274.5001988888889
 30
0.0
 10
280.9018808333333
 20
274.4991405555555
 30
0.0
 10
281.7767697222222
 20
274.4994933333333
 30
0.0
 10
284.4035530555556
 20
274.504785
 30
0.0
 10
284.4035530555556
 20
274.504785
 30
0.0
 10
284.4041410185185
 20
273.5047775925926
 30
0.0
 10
284.4047289814815
 20
272.5047701851852
 30
0.0
 10
284.4053169444445
 20
271.5047627777778
 30
0.0
 10
284.4053169444445
 20
271.5047627777778
 30
0.0
 10
281.7820613888888
 20
271.5005294444444
 30
0.0
 10
280.9039975
 20
271.4994711111111
 30
0.0
 10
280.7300780555555
 20
271.5001766666667
 30
0.0
 10
280.1222419444445
 20
271.5993072222222
 30
0.0
 10
279.1535141666667
 20
271.59966
 30
0.0
 10
278.1890197222222
 20
271.5971905555555
 30
0.0
 10
277.4037363888889
 20
271.5520349999999
 30
0.0
 10
277.4047947222222
 20
271.49806
 30
0.0
 10
277.4083225
 20
269.4455988888889
 30
0.0
 10
278.0863613888889
 20
267.5113183333333
 30
0.0
 10
277.9135002777778
 20
264.9533266666667
 30
0.0
 10
277.7999058333333
 20
263.2793961111111
 30
0.0
 10
277.4580641666666
 20
262.3822822222222
 30
0.0
 10
277.4012669444444
 20
259.4993822222222
 30
0.0
 10
277.4136141666667
 20
259.4443488888889
 30
0.0
 10
278.1897252777778
 20
259.4009572222222
 30
0.0
 10
279.1506919444444
 20
259.4027211111111
 30
0.0
 10
280.1197725
 20
259.4023683333333
 30
0.0
 10
280.7265502777778
 20
259.5018516666667
 30
0.0
 10
280.9001169444444
 20
259.5007933333333
 30
0.0
 10
281.7739475
 20
259.5046738888889
 30
0.0
 10
284.4017891666667
 20
259.5064377777778
 30
0.0
 10
284.4017891666667
 20
259.5064377777778
 30
0.0
 10
284.4023771296297
 20
258.5064303703704
 30
0.0
 10
284.4029650925926
 20
257.506422962963
 30
0.0
 10
284.4035530555556
 20
256.5064155555556
 30
0.0
 10
284.4035530555556
 20
256.5064155555556
 30
0.0
 10
281.7802975
 20
256.5021822222222
 30
0.0
 10
280.9054086111111
 20
256.5018294444444
 30
0.0
 10
280.7283141666667
 20
256.5018294444444
 30
0.0
 10
280.1204780555556
 20
256.60096
 30
0.0
 10
279.1549252777777
 20
256.6020183333333
 30
0.0
 10
278.1869030555555
 20
256.5988433333333
 30
0.0
 10
277.4055002777778
 20
256.5543933333333
 30
0.0
 10
277.4030308333333
 20
256.4997127777778
 30
0.0
 10
277.4062058333333
 20
254.4976988888889
 30
0.0
 10
276.0832891666666
 20
252.6692516666666
 30
0.0
 10
281.6522391666667
 20
248.0834933333333
 30
0.0
 10
287.2183669444444
 20
243.4931488888889
 30
0.0
 10
285.6626169444444
 20
249.7426072222222
 30
0.0
 10
290.6279641666666
 20
254.0987072222222
 30
0.0
 10
294.6799697222222
 20
257.6578822222222
 30
0.0
 10
295.0465058333333
 20
257.1650516666667
 30
0.0
 10
291.9092530555555
 20
260.0747627777777
 30
0.0
 10
286.8832280555555
 20
264.7388377777777
 30
0.0
 10
287.4240363888889
 20
266.6851127777778
 30
0.0
 10
291.7483863888889
 20
270.6739711111111
 30
0.0
 10
294.4312613888889
 20
273.145885
 30
0.0
 10
293.9927586111111
 20
273.0047738888888
 30
0.0
 10
291.6132725
 20
275.6611905555555
 30
0.0
 10
289.2528363888889
 20
278.2964405555555
 30
0.0
 10
284.3471086111111
 20
281.61361
 30
0.0
 10
286.2672780555556
 20
284.1645461111111
 30
0.0
 10
288.4647308333334
 20
287.077785
 30
0.0
 10
294.1829058333333
 20
283.6350266666666
 30
0.0
 10
285.2833808333334
 20
291.9948016666667
 30
0.0
 10
281.8935391666666
 20
295.17721
 30
0.0
 10
277.8482363888889
 20
290.4231766666666
 30
0.0
 10
273.7860002777778
 20
290.9212988888889
 30
0.0
 10
267.5760530555555
 20
291.6804766666666
 30
0.0
 10
271.6061863888889
 20
288.4966572222222
 30
0.0
 10
274.3850169444444
 20
283.1640683333333
 30
0.0
  0
SPLINE
  5
2B4
330
1F
100
AcDbEntity
  8
DEFAULT
 62
     3
100
AcDbSpline
210
0.0
220
0.0
230
1.0
 70
    11
 71
     3
 72
    14
 73
    10
 74
     0
 42
0.000000001
 43
0.0000000001
 40
0.0
 40
0.0
 40
0.0
 40
0.0
 40
1.0
 40
1.0
 40
1.0
 40
2.0
 40
2.0
 40
2.0
 40
3.0
 40
3.0
 40
3.0
 40
3.0
 10
263.2821477777778
 20
251.3738516666666
 30
0.0
 10
263.2221755555556
 20
252.5157933333333
 30
0.0
 10
263.5682505555556
 20
252.8375266666666
 30
0.0
 10
264.3560033333333
 20
253.3659877777778
 30
0.0
 10
265.6499922222222
 20
254.2341738888888
 30
0.0
 10
262.830945
 20
253.7222933333333
 30
0.0
 10
261.8967894444444
 20
253.1634933333333
 30
0.0
 10
261.1097422222222
 20
252.6928877777778
 30
0.0
 10
263.3347116666666
 20
250.3758433333333
 30
0.0
 10
263.2821477777778
 20
251.3738516666666
 30
0.0
  0
SPLINE
  5
2B5
330
1F
100
AcDbEntity
  8
DEFAULT
 62
     3
100
AcDbSpline
210
0.0
220
0.0
230
1.0
 70
    11
 71
     3
 72
    14
 73
    10
 74
     0
 42
0.000000001
 43
0.0000000001
 40
0.0
 40
0.0
 40
0.0
 40
0.0
 40
1.0
 40
1.0
 40
1.0
 40
2.0
 40
2.0
 40
2.0
 40
3.0
 40
3.0
 40
3.0
 40
3.0
 10
263.4417797222222
 20
264.3228775
 30
0.0
 10
262.8230075
 20
265.2845497222222
 30
0.0
 10
262.8932102777778
 20
265.9103775
 30
0.0
 10
263.4417797222222
 20
266.6840191666666
 30
0.0
 10
264.0270380555555
 20
267.5091663888889
 30
0.0
 10
261.4457630555555
 20
266.8752247222222
 30
0.0
 10
261.4457630555555
 20
265.5032719444444
 30
0.0
 10
261.4457630555555
 20
264.0127858333333
 30
0.0
 10
263.9825880555555
 20
263.4825608333333
 30
0.0
 10
263.4417797222222
 20
264.3228775
 30
0.0
  0
SPLINE
  5
2B6
330
1F
100
AcDbEntity
  8
DEFAULT
 62
     3
100
AcDbSpline
210
0.0
220
0.0
230
1.0
 70
    11
 71
     3
 72
    26
 73
    22
 74
     0
 42
0.000000001
 43
0.0000000001
 40
0.0
 40
0.0
 40
0.0
 40
0.0
 40
1.0
 40
1.0
 40
1.0
 40
2.0
 40
2.0
 40
2.0
 40
3.0
 40
3.0
 40
3.0
 40
4.0
 40
4.0
 40
4.0
 40
5.0
 40
5.0
 40
5.0
 40
6.0
 40
6.0
 40
6.0
 40
7.0
 40
7.0
 40
7.0
 40
7.0
 10
261.3862141666667
 20
281.3807413888889
 30
0.0
 10
262.9825336111111
 20
279.2492580555555
 30
0.0
 10
263.0643780555556
 20
279.2640747222222
 30
0.0
 10
262.0681336111111
 20
279.4506941666666
 30
0.0
 10
261.0722419444444
 20
279.6376663888888
 30
0.0
 10
260.4704030555556
 20
280.1978775
 30
0.0
 10
259.1213808333333
 20
282.9992858333333
 30
0.0
 10
257.7727113888889
 20
285.8006941666666
 30
0.0
 10
256.2162558333333
 20
286.8590275
 30
0.0
 10
258.0214197222222
 20
286.5478775
 30
0.0
 10
259.8269363888889
 20
286.2367275
 30
0.0
 10
260.4495891666667
 20
287.1705302777777
 30
0.0
 10
261.1343308333333
 20
287.8552719444444
 30
0.0
 10
261.8190725
 20
288.5400136111111
 30
0.0
 10
261.8815141666666
 20
288.6645441666666
 30
0.0
 10
263.1264669444444
 20
288.0418913888888
 30
0.0
 10
264.3714197222222
 20
287.4195913888889
 30
0.0
 10
260.6362086111111
 20
286.9214691666666
 30
0.0
 10
260.2626169444445
 20
285.3650136111111
 30
0.0
 10
259.8893780555555
 20
283.8085580555555
 30
0.0
 10
260.2160502777778
 20
282.9435469444444
 30
0.0
 10
261.3862141666667
 20
281.3807413888889
 30
0.0
  0
SPLINE
  5
2B7
330
1F
100
AcDbEntity
  8
DEFAULT
 62
     5
100
AcDbSpline
210
0.0
220
0.0
230
1.0
 70
    11
 71
     3
 72
    20
 73
    16
 74
     0
 42
0.000000001
 43
0.0000000001
 40
0.0
 40
0.0
 40
0.0
 40
0.0
 40
1.0
 40
1.0
 40
1.0
 40
2.0
 40
2.0
 40
2.0
 40
3.0
 40
3.0
 40
3.0
 40
4.0
 40
4.0
 40
4.0
 40
5.0
 40
5.0
 40
5.0
 40
5.0
 10
266.3642261111111
 20
262.7665277777778
 30
0.0
 10
264.3304622222222
 20
264.4729138888889
 30
0.0
 10
264.6003372222222
 20
266.652375
 30
0.0
 10
266.1151649999999
 20
267.871575
 30
0.0
 10
267.9824177777778
 20
269.3740555555556
 30
0.0
 10
266.9579511111111
 20
269.8351361111111
 30
0.0
 10
264.2641399999999
 20
269.039975
 30
0.0
 10
261.569976111111
 20
268.2448138888889
 30
0.0
 10
260.1475761111111
 20
268.5563166666666
 30
0.0
 10
260.1475761111111
 20
265.6303777777778
 30
0.0
 10
260.1475761111111
 20
262.6419972222222
 30
0.0
 10
261.4306288888889
 20
262.5174666666666
 30
0.0
 10
263.64819
 20
261.8948138888888
 30
0.0
 10
265.8657511111111
 20
261.2725138888889
 30
0.0
 10
268.2935677777778
 20
261.1479833333333
 30
0.0
 10
266.3642261111111
 20
262.7665277777778
 30
0.0
  0
SPLINE
  5
2B8
330
1F
100
AcDbEntity
  8
DEFAULT
 62
     5
100
AcDbSpline
210
0.0
220
0.0
230
1.0
 70
    11
 71
     3
 72
    14
 73
    10
 74
     0
 42
0.000000001
 43
0.0000000001
 40
0.0
 40
0.0
 40
0.0
 40
0.0
 40
1.0
 40
1.0
 40
1.0
 40
2.0
 40
2.0
 40
2.0
 40
3.0
 40
3.0
 40
3.0
 40
3.0
 10
262.5662205555555
 20
249.9420325
 30
0.0
 10
260.7719927777778
 20
251.8449158333333
 30
0.0
 10
258.7064788888889
 20
253.8642158333333
 30
0.0
 10
261.4454455555555
 20
254.3619852777778
 30
0.0
 10
264.184765
 20
254.8601075
 30
0.0
 10
269.4143427777777
 20
255.5194491666666
 30
0.0
 10
266.5504927777777
 20
253.6772436111111
 30
0.0
 10
263.1010316666666
 20
251.4582713888889
 30
0.0
 10
264.7827233333333
 20
247.5911213888889
 30
0.0
 10
262.5662205555555
 20
249.9420325
 30
0.0
  0
SPLINE
  5
2B9
330
1F
100
AcDbEntity
  8
DEFAULT
 62
     5
100
AcDbSpline
210
0.0
220
0.0
230
1.0
 70
    11
 71
     3
 72
    20
 73
    16
 74
     0
 42
0.000000001
 43
0.0000000001
 40
0.0
 40
0.0
 40
0.0
 40
0.0
 40
1.0
 40
1.0
 40
1.0
 40
2.0
 40
2.0
 40
2.0
 40
3.0
 40
3.0
 40
3.0
 40
4.0
 40
4.0
 40
4.0
 40
5.0
 40
5.0
 40
5.0
 40
5.0
 10
265.2247186111111
 20
288.4917536111111
 30
0.0
 10
268.1245519444444
 20
285.3280425
 30
0.0
 10
258.8309741666666
 20
287.6062813888889
 30
0.0
 10
262.0708852777777
 20
282.7502952777778
 30
0.0
 10
265.3809991666666
 20
277.7895341666666
 30
0.0
 10
268.9578130555555
 20
275.9438008333333
 30
0.0
 10
262.6833075
 20
277.3549119444444
 30
0.0
 10
259.1343630555555
 20
278.1532480555555
 30
0.0
 10
260.3884880555555
 20
276.947453611111
 30
0.0
 10
258.0837908333333
 20
281.7544036111111
 30
0.0
 10
254.9200797222222
 20
288.3534647222222
 30
0.0
 10
252.4185324999999
 20
288.9136758333333
 30
0.0
 10
257.2124297222222
 20
288.2289341666666
 30
0.0
 10
261.1367297222222
 20
287.6680175
 30
0.0
 10
261.1427269444444
 20
292.9455730555555
 30
0.0
 10
265.2247186111111
 20
288.4917536111111
 30
0.0
  0
POLYLINE
  5
2BA
330
1F
100
AcDbEntity
  8
DEFAULT
 62
   250
100
AcDb2dPolyline
 66
     1
 10
0.0
 20
0.0
 30
0.0
  0
VERTEX
  5
2BB
330
2BA
100
AcDbEntity
  8
DEFAULT
 62
   250
100
AcDbVertex
100
AcDb2dVertex
 10
266.2282302777778
 20
272.4455858333333
 30
0.0
  0
VERTEX
  5
2BC
330
2BA
100
AcDbEntity
  8
DEFAULT
 62
   250
100
AcDbVertex
100
AcDb2dVertex
 10
266.2282302777778
 20
273.5518969444444
 30
0.0
  0
VERTEX
  5
2BD
330
2BA
100
AcDbEntity
  8
DEFAULT
 62
   250
100
AcDbVertex
100
AcDb2dVertex
 10
267.6188802777777
 20
272.4455858333333
 30
0.0
  0
VERTEX
  5
2BE
330
2BA
100
AcDbEntity
  8
DEFAULT
 62
   250
100
AcDbVertex
100
AcDb2dVertex
 10
267.6188802777777
 20
273.5638913888889
 30
0.0
  0
SEQEND
  5
2BF
330
2BA
100
AcDbEntity
  8
DEFAULT
 62
   250
  0
POLYLINE
  5
2C0
330
1F
100
AcDbEntity
  8
DEFAULT
 62
   250
100
AcDb2dPolyline
 66
     1
 10
0.0
 20
0.0
 30
0.0
  0
VERTEX
  5
2C1
330
2C0
100
AcDbEntity
  8
DEFAULT
 62
   250
100
AcDbVertex
100
AcDb2dVertex
 10
266.2300647222222
 20
257.4471327777778
 30
0.0
  0
VERTEX
  5
2C2
330
2C0
100
AcDbEntity
  8
DEFAULT
 62
   250
100
AcDbVertex
100
AcDb2dVertex
 10
266.2300647222222
 20
258.5534438888889
 30
0.0
  0
VERTEX
  5
2C3
330
2C0
100
AcDbEntity
  8
DEFAULT
 62
   250
100
AcDbVertex
100
AcDb2dVertex
 10
267.6207147222222
 20
257.4471327777778
 30
0.0
  0
VERTEX
  5
2C4
330
2C0
100
AcDbEntity
  8
DEFAULT
 62
   250
100
AcDbVertex
100
AcDb2dVertex
 10
267.6207147222222
 20
258.5654383333333
 30
0.0
  0
SEQEND
  5
2C5
330
2C0
100
AcDbEntity
  8
DEFAULT
 62
   250
  0
SPLINE
  5
2C6
330
1F
100
AcDbEntity
  8
DEFAULT
 62
     1
100
AcDbSpline
210
0.0
220
0.0
230
1.0
 70
    11
 71
     3
 72
    83
 73
    79
 74
     0
 42
0.000000001
 43
0.0000000001
 40
1.0
 40
1.0
 40
1.0
 40
1.0
 40
2.0
 40
2.0
 40
2.0
 40
3.0
 40
3.0
 40
3.0
 40
4.0
 40
4.0
 40
4.0
 40
5.0
 40
5.0
 40
5.0
 40
13.5040014698963
 40
13.5040014698963
 40
13.5040014698963
 40
14.5040014698963
 40
14.5040014698963
 40
14.5040014698963
 40
15.5040014698963
 40
15.5040014698963
 40
15.5040014698963
 40
16.5040014698963
 40
16.5040014698963
 40
16.5040014698963
 40
17.5040014698963
 40
17.5040014698963
 40
17.5040014698963
 40
18.5040014698963
 40
18.5040014698963
 40
18.5040014698963
 40
19.5040014698963
 40
19.5040014698963
 40
19.5040014698963
 40
20.5040014698963
 40
20.5040014698963
 40
20.5040014698963
 40
21.5040014698963
 40
21.5040014698963
 40
21.5040014698963
 40
30.0080029397926
 40
30.0080029397926
 40
30.0080029397926
 40
31.0080029397926
 40
31.0080029397926
 40
31.0080029397926
 40
32.0080029397926
 40
32.0080029397926
 40
32.0080029397926
 40
33.0080029397926
 40
33.0080029397926
 40
33.0080029397926
 40
34.0080029397926
 40
34.0080029397926
 40
34.0080029397926
 40
35.0080029397926
 40
35.0080029397926
 40
35.0080029397926
 40
36.0080029397926
 40
36.0080029397926
 40
36.0080029397926
 40
37.0080029397926
 40
37.0080029397926
 40
37.0080029397926
 40
38.0080029397926
 40
38.0080029397926
 40
38.0080029397926
 40
39.0080029397926
 40
39.0080029397926
 40
39.0080029397926
 40
40.0080029397926
 40
40.0080029397926
 40
40.0080029397926
 40
41.0080029397926
 40
41.0080029397926
 40
41.0080029397926
 40
42.0080029397926
 40
42.0080029397926
 40
42.0080029397926
 40
42.0080029397926
 10
254.1994958333333
 20
283.1640683333333
 30
0.0
 10
255.5672152777778
 20
280.5379905555556
 30
0.0
 10
257.2153930555555
 20
277.0782988888889
 30
0.0
 10
257.2175097222222
 20
274.4980822222222
 30
0.0
 10
257.2305625
 20
274.4395211111111
 30
0.0
 10
258.0066736111111
 20
274.3961294444444
 30
0.0
 10
258.9679930555556
 20
274.3975405555555
 30
0.0
 10
259.9324875
 20
274.40001
 30
0.0
 10
260.5427930555555
 20
274.5001988888889
 30
0.0
 10
260.7163597222222
 20
274.4991405555555
 30
0.0
 10
261.5912486111111
 20
274.4994933333333
 30
0.0
 10
264.2180319444444
 20
274.504785
 30
0.0
 10
264.2180319444444
 20
274.504785
 30
0.0
 10
264.2186199074074
 20
273.5047775925926
 30
0.0
 10
264.2192078703704
 20
272.5047701851852
 30
0.0
 10
264.2197958333333
 20
271.5047627777778
 30
0.0
 10
264.2197958333333
 20
271.5047627777778
 30
0.0
 10
261.5965402777778
 20
271.5005294444444
 30
0.0
 10
260.7184763888889
 20
271.4994711111111
 30
0.0
 10
260.5445569444444
 20
271.5001766666667
 30
0.0
 10
259.9367208333333
 20
271.5993072222222
 30
0.0
 10
258.9679930555556
 20
271.59966
 30
0.0
 10
258.0034986111111
 20
271.5971905555555
 30
0.0
 10
257.2182152777778
 20
271.5520349999999
 30
0.0
 10
257.2192736111111
 20
271.49806
 30
0.0
 10
257.2228013888889
 20
269.4455988888889
 30
0.0
 10
257.9008402777778
 20
267.5113183333333
 30
0.0
 10
257.7279791666666
 20
264.9533266666667
 30
0.0
 10
257.6143847222222
 20
263.2793961111111
 30
0.0
 10
257.2725430555556
 20
262.3822822222222
 30
0.0
 10
257.2157458333333
 20
259.4993822222222
 30
0.0
 10
257.2280930555556
 20
259.4443488888889
 30
0.0
 10
258.0042041666666
 20
259.4009572222222
 30
0.0
 10
258.9651708333333
 20
259.4027211111111
 30
0.0
 10
259.9342513888889
 20
259.4023683333333
 30
0.0
 10
260.5410291666666
 20
259.5018516666667
 30
0.0
 10
260.7145958333333
 20
259.5007933333333
 30
0.0
 10
261.5884263888889
 20
259.5046738888889
 30
0.0
 10
264.2162680555555
 20
259.5064377777778
 30
0.0
 10
264.2162680555555
 20
259.5064377777778
 30
0.0
 10
264.2168560185185
 20
258.5064303703704
 30
0.0
 10
264.2174439814814
 20
257.506422962963
 30
0.0
 10
264.2180319444444
 20
256.5064155555556
 30
0.0
 10
264.2180319444444
 20
256.5064155555556
 30
0.0
 10
261.5947763888889
 20
256.5021822222222
 30
0.0
 10
260.7198875
 20
256.5018294444444
 30
0.0
 10
260.5427930555555
 20
256.5018294444444
 30
0.0
 10
259.9349569444444
 20
256.60096
 30
0.0
 10
258.9694041666667
 20
256.6020183333333
 30
0.0
 10
258.0013819444445
 20
256.5988433333333
 30
0.0
 10
257.2199791666667
 20
256.5543933333333
 30
0.0
 10
257.2175097222222
 20
256.4997127777778
 30
0.0
 10
257.2206847222222
 20
254.4976988888889
 30
0.0
 10
255.8977680555555
 20
252.6692516666666
 30
0.0
 10
261.4667180555555
 20
248.0834933333333
 30
0.0
 10
267.0328458333333
 20
243.4931488888889
 30
0.0
 10
265.4770958333333
 20
249.7426072222222
 30
0.0
 10
270.4424430555555
 20
254.0987072222222
 30
0.0
 10
274.4944486111111
 20
257.6578822222222
 30
0.0
 10
274.8609847222222
 20
257.1650516666667
 30
0.0
 10
271.7237319444444
 20
260.0747627777777
 30
0.0
 10
266.6977069444445
 20
264.7388377777777
 30
0.0
 10
267.2385152777778
 20
266.6851127777778
 30
0.0
 10
271.5628652777778
 20
270.6739711111111
 30
0.0
 10
274.2457402777778
 20
273.145885
 30
0.0
 10
273.8072375
 20
273.0047738888888
 30
0.0
 10
271.4277513888889
 20
275.6611905555555
 30
0.0
 10
269.0673152777778
 20
278.2964405555555
 30
0.0
 10
264.1615875
 20
281.61361
 30
0.0
 10
266.0817569444445
 20
284.1645461111111
 30
0.0
 10
268.2792097222222
 20
287.077785
 30
0.0
 10
273.9973847222222
 20
283.6350266666666
 30
0.0
 10
265.0978597222222
 20
291.9948016666667
 30
0.0
 10
261.7080180555556
 20
295.17721
 30
0.0
 10
257.6627152777777
 20
290.4231766666666
 30
0.0
 10
253.6004791666667
 20
290.9212988888889
 30
0.0
 10
247.3905319444444
 20
291.6804766666666
 30
0.0
 10
251.4206652777778
 20
288.4966572222222
 30
0.0
 10
254.1994958333333
 20
283.1640683333333
 30
0.0
  0
SPLINE
  5
2C7
330
1F
100
AcDbEntity
  8
DEFAULT
 62
     3
100
AcDbSpline
210
0.0
220
0.0
230
1.0
 70
    11
 71
     3
 72
    14
 73
    10
 74
     0
 42
0.000000001
 43
0.0000000001
 40
0.0
 40
0.0
 40
0.0
 40
0.0
 40
1.0
 40
1.0
 40
1.0
 40
2.0
 40
2.0
 40
2.0
 40
3.0
 40
3.0
 40
3.0
 40
3.0
 10
243.0966266666667
 20
251.3738516666666
 30
0.0
 10
243.0366544444445
 20
252.5157933333333
 30
0.0
 10
243.3827294444444
 20
252.8375266666666
 30
0.0
 10
244.1704822222222
 20
253.3659877777778
 30
0.0
 10
245.4644711111111
 20
254.2341738888888
 30
0.0
 10
242.6454238888889
 20
253.7222933333333
 30
0.0
 10
241.7116211111111
 20
253.1634933333333
 30
0.0
 10
240.9242211111111
 20
252.6928877777778
 30
0.0
 10
243.1491905555555
 20
250.3758433333333
 30
0.0
 10
243.0966266666667
 20
251.3738516666666
 30
0.0
  0
SPLINE
  5
2C8
330
1F
100
AcDbEntity
  8
DEFAULT
 62
     3
100
AcDbSpline
210
0.0
220
0.0
230
1.0
 70
    11
 71
     3
 72
    14
 73
    10
 74
     0
 42
0.000000001
 43
0.0000000001
 40
0.0
 40
0.0
 40
0.0
 40
0.0
 40
1.0
 40
1.0
 40
1.0
 40
2.0
 40
2.0
 40
2.0
 40
3.0
 40
3.0
 40
3.0
 40
3.0
 10
243.2562586111111
 20
264.3228775
 30
0.0
 10
242.6374863888888
 20
265.2845497222222
 30
0.0
 10
242.7076891666667
 20
265.9103775
 30
0.0
 10
243.2562586111111
 20
266.6840191666666
 30
0.0
 10
243.8415169444444
 20
267.5091663888889
 30
0.0
 10
241.2602419444444
 20
266.8752247222222
 30
0.0
 10
241.2602419444444
 20
265.5032719444444
 30
0.0
 10
241.2602419444444
 20
264.0127858333333
 30
0.0
 10
243.7970669444444
 20
263.4825608333333
 30
0.0
 10
243.2562586111111
 20
264.3228775
 30
0.0
  0
SPLINE
  5
2C9
330
1F
100
AcDbEntity
  8
DEFAULT
 62
     3
100
AcDbSpline
210
0.0
220
0.0
230
1.0
 70
    11
 71
     3
 72
    26
 73
    22
 74
     0
 42
0.000000001
 43
0.0000000001
 40
0.0
 40
0.0
 40
0.0
 40
0.0
 40
1.0
 40
1.0
 40
1.0
 40
2.0
 40
2.0
 40
2.0
 40
3.0
 40
3.0
 40
3.0
 40
4.0
 40
4.0
 40
4.0
 40
5.0
 40
5.0
 40
5.0
 40
6.0
 40
6.0
 40
6.0
 40
7.0
 40
7.0
 40
7.0
 40
7.0
 10
241.2006930555555
 20
281.3807413888889
 30
0.0
 10
242.7970125
 20
279.2492580555555
 30
0.0
 10
242.8788569444444
 20
279.2640747222222
 30
0.0
 10
241.8826125
 20
279.4506941666666
 30
0.0
 10
240.8867208333333
 20
279.6376663888888
 30
0.0
 10
240.2848819444444
 20
280.1978775
 30
0.0
 10
238.9358597222222
 20
282.9992858333333
 30
0.0
 10
237.5871902777777
 20
285.8006941666666
 30
0.0
 10
236.0307347222222
 20
286.8590275
 30
0.0
 10
237.8362513888888
 20
286.5478775
 30
0.0
 10
239.6414152777778
 20
286.2367275
 30
0.0
 10
240.2640680555555
 20
287.1705302777777
 30
0.0
 10
240.9488097222222
 20
287.8552719444444
 30
0.0
 10
241.6335513888888
 20
288.5400136111111
 30
0.0
 10
241.6959930555555
 20
288.6645441666666
 30
0.0
 10
242.9409458333333
 20
288.0418913888888
 30
0.0
 10
244.1862513888888
 20
287.4195913888889
 30
0.0
 10
240.4506875
 20
286.9214691666666
 30
0.0
 10
240.0770958333333
 20
285.3650136111111
 30
0.0
 10
239.7038569444444
 20
283.8085580555555
 30
0.0
 10
240.0305291666666
 20
282.9435469444444
 30
0.0
 10
241.2006930555555
 20
281.3807413888889
 30
0.0
  0
SPLINE
  5
2CA
330
1F
100
AcDbEntity
  8
DEFAULT
 62
     5
100
AcDbSpline
210
0.0
220
0.0
230
1.0
 70
    11
 71
     3
 72
    20
 73
    16
 74
     0
 42
0.000000001
 43
0.0000000001
 40
0.0
 40
0.0
 40
0.0
 40
0.0
 40
1.0
 40
1.0
 40
1.0
 40
2.0
 40
2.0
 40
2.0
 40
3.0
 40
3.0
 40
3.0
 40
4.0
 40
4.0
 40
4.0
 40
5.0
 40
5.0
 40
5.0
 40
5.0
 10
246.178705
 20
262.7665277777778
 30
0.0
 10
244.1449411111111
 20
264.4729138888889
 30
0.0
 10
244.4148161111111
 20
266.652375
 30
0.0
 10
245.9296438888888
 20
267.871575
 30
0.0
 10
247.7968966666666
 20
269.3740555555556
 30
0.0
 10
246.77243
 20
269.8351361111111
 30
0.0
 10
244.0786188888889
 20
269.039975
 30
0.0
 10
241.3848077777777
 20
268.2448138888889
 30
0.0
 10
239.962055
 20
268.5563166666666
 30
0.0
 10
239.962055
 20
265.6303777777778
 30
0.0
 10
239.962055
 20
262.6419972222222
 30
0.0
 10
241.2451077777777
 20
262.5174666666666
 30
0.0
 10
243.4626688888889
 20
261.8948138888888
 30
0.0
 10
245.68023
 20
261.2725138888889
 30
0.0
 10
248.1080466666666
 20
261.1479833333333
 30
0.0
 10
246.178705
 20
262.7665277777778
 30
0.0
  0
SPLINE
  5
2CB
330
1F
100
AcDbEntity
  8
DEFAULT
 62
     5
100
AcDbSpline
210
0.0
220
0.0
230
1.0
 70
    11
 71
     3
 72
    14
 73
    10
 74
     0
 42
0.000000001
 43
0.0000000001
 40
0.0
 40
0.0
 40
0.0
 40
0.0
 40
1.0
 40
1.0
 40
1.0
 40
2.0
 40
2.0
 40
2.0
 40
3.0
 40
3.0
 40
3.0
 40
3.0
 10
242.3806994444444
 20
249.9420325
 30
0.0
 10
240.5864716666667
 20
251.8449158333333
 30
0.0
 10
238.5209577777777
 20
253.8642158333333
 30
0.0
 10
241.2599244444444
 20
254.3619852777778
 30
0.0
 10
243.9992438888889
 20
254.8601075
 30
0.0
 10
249.2288216666666
 20
255.5194491666666
 30
0.0
 10
246.3649716666666
 20
253.6772436111111
 30
0.0
 10
242.9155105555555
 20
251.4582713888889
 30
0.0
 10
244.5972022222222
 20
247.5911213888889
 30
0.0
 10
242.3806994444444
 20
249.9420325
 30
0.0
  0
SPLINE
  5
2CC
330
1F
100
AcDbEntity
  8
DEFAULT
 62
     5
100
AcDbSpline
210
0.0
220
0.0
230
1.0
 70
    11
 71
     3
 72
    20
 73
    16
 74
     0
 42
0.000000001
 43
0.0000000001
 40
0.0
 40
0.0
 40
0.0
 40
0.0
 40
1.0
 40
1.0
 40
1.0
 40
2.0
 40
2.0
 40
2.0
 40
3.0
 40
3.0
 40
3.0
 40
4.0
 40
4.0
 40
4.0
 40
5.0
 40
5.0
 40
5.0
 40
5.0
 10
245.0391975
 20
288.4917536111111
 30
0.0
 10
247.9390308333333
 20
285.3280425
 30
0.0
 10
238.6454530555555
 20
287.6062813888889
 30
0.0
 10
241.8853641666666
 20
282.7502952777778
 30
0.0
 10
245.1954780555555
 20
277.7895341666666
 30
0.0
 10
248.7722919444444
 20
275.9438008333333
 30
0.0
 10
242.4977863888889
 20
277.3549119444444
 30
0.0
 10
238.9488419444444
 20
278.1532480555555
 30
0.0
 10
240.2029669444444
 20
276.947453611111
 30
0.0
 10
237.8982697222222
 20
281.7544036111111
 30
0.0
 10
234.7345586111111
 20
288.3534647222222
 30
0.0
 10
232.2330113888889
 20
288.9136758333333
 30
0.0
 10
237.0269086111111
 20
288.2289341666666
 30
0.0
 10
240.9512086111111
 20
287.6680175
 30
0.0
 10
240.9572058333333
 20
292.9455730555555
 30
0.0
 10
245.0391975
 20
288.4917536111111
 30
0.0
  0
POLYLINE
  5
2CD
330
1F
100
AcDbEntity
  8
DEFAULT
 62
   250
100
AcDb2dPolyline
 66
     1
 10
0.0
 20
0.0
 30
0.0
  0
VERTEX
  5
2CE
330
2CD
100
AcDbEntity
  8
DEFAULT
 62
   250
100
AcDbVertex
100
AcDb2dVertex
 10
246.0427091666666
 20
272.4455858333333
 30
0.0
  0
VERTEX
  5
2CF
330
2CD
100
AcDbEntity
  8
DEFAULT
 62
   250
100
AcDbVertex
100
AcDb2dVertex
 10
246.0427091666666
 20
273.5518969444444
 30
0.0
  0
VERTEX
  5
2D0
330
2CD
100
AcDbEntity
  8
DEFAULT
 62
   250
100
AcDbVertex
100
AcDb2dVertex
 10
247.4333591666666
 20
272.4455858333333
 30
0.0
  0
VERTEX
  5
2D1
330
2CD
100
AcDbEntity
  8
DEFAULT
 62
   250
100
AcDbVertex
100
AcDb2dVertex
 10
247.4333591666666
 20
273.5638913888889
 30
0.0
  0
SEQEND
  5
2D2
330
2CD
100
AcDbEntity
  8
DEFAULT
 62
   250
  0
POLYLINE
  5
2D3
330
1F
100
AcDbEntity
  8
DEFAULT
 62
   250
100
AcDb2dPolyline
 66
     1
 10
0.0
 20
0.0
 30
0.0
  0
VERTEX
  5
2D4
330
2D3
100
AcDbEntity
  8
DEFAULT
 62
   250
100
AcDbVertex
100
AcDb2dVertex
 10
246.0445436111111
 20
257.4471327777778
 30
0.0
  0
VERTEX
  5
2D5
330
2D3
100
AcDbEntity
  8
DEFAULT
 62
   250
100
AcDbVertex
100
AcDb2dVertex
 10
246.0445436111111
 20
258.5534438888889
 30
0.0
  0
VERTEX
  5
2D6
330
2D3
100
AcDbEntity
  8
DEFAULT
 62
   250
100
AcDbVertex
100
AcDb2dVertex
 10
247.4351936111111
 20
257.4471327777778
 30
0.0
  0
VERTEX
  5
2D7
330
2D3
100
AcDbEntity
  8
DEFAULT
 62
   250
100
AcDbVertex
100
AcDb2dVertex
 10
247.4351936111111
 20
258.5654383333333
 30
0.0
  0
SEQEND
  5
2D8
330
2D3
100
AcDbEntity
  8
DEFAULT
 62
   250
  0
SPLINE
  5
2D9
330
1F
100
AcDbEntity
  8
DEFAULT
 62
     1
100
AcDbSpline
210
0.0
220
0.0
230
1.0
 70
    11
 71
     3
 72
    83
 73
    79
 74
     0
 42
0.000000001
 43
0.0000000001
 40
1.0
 40
1.0
 40
1.0
 40
1.0
 40
2.0
 40
2.0
 40
2.0
 40
3.0
 40
3.0
 40
3.0
 40
4.0
 40
4.0
 40
4.0
 40
5.0
 40
5.0
 40
5.0
 40
13.5040014698963
 40
13.5040014698963
 40
13.5040014698963
 40
14.5040014698963
 40
14.5040014698963
 40
14.5040014698963
 40
15.5040014698963
 40
15.5040014698963
 40
15.5040014698963
 40
16.5040014698963
 40
16.5040014698963
 40
16.5040014698963
 40
17.5040014698963
 40
17.5040014698963
 40
17.5040014698963
 40
18.5040014698963
 40
18.5040014698963
 40
18.5040014698963
 40
19.5040014698963
 40
19.5040014698963
 40
19.5040014698963
 40
20.5040014698963
 40
20.5040014698963
 40
20.5040014698963
 40
21.5040014698963
 40
21.5040014698963
 40
21.5040014698963
 40
30.0080029397926
 40
30.0080029397926
 40
30.0080029397926
 40
31.0080029397926
 40
31.0080029397926
 40
31.0080029397926
 40
32.0080029397926
 40
32.0080029397926
 40
32.0080029397926
 40
33.0080029397926
 40
33.0080029397926
 40
33.0080029397926
 40
34.0080029397926
 40
34.0080029397926
 40
34.0080029397926
 40
35.0080029397926
 40
35.0080029397926
 40
35.0080029397926
 40
36.0080029397926
 40
36.0080029397926
 40
36.0080029397926
 40
37.0080029397926
 40
37.0080029397926
 40
37.0080029397926
 40
38.0080029397926
 40
38.0080029397926
 40
38.0080029397926
 40
39.0080029397926
 40
39.0080029397926
 40
39.0080029397926
 40
40.0080029397926
 40
40.0080029397926
 40
40.0080029397926
 40
41.0080029397926
 40
41.0080029397926
 40
41.0080029397926
 40
42.0080029397926
 40
42.0080029397926
 40
42.0080029397926
 40
42.0080029397926
 10
234.0139747222222
 20
283.1640683333333
 30
0.0
 10
235.3816941666666
 20
280.5379905555556
 30
0.0
 10
237.0298719444444
 20
277.0782988888889
 30
0.0
 10
237.0319886111111
 20
274.4980822222222
 30
0.0
 10
237.0450413888889
 20
274.4395211111111
 30
0.0
 10
237.8211525
 20
274.3961294444444
 30
0.0
 10
238.7824719444445
 20
274.3975405555555
 30
0.0
 10
239.7469663888889
 20
274.40001
 30
0.0
 10
240.3572719444444
 20
274.5001988888889
 30
0.0
 10
240.5308386111111
 20
274.4991405555555
 30
0.0
 10
241.4057275
 20
274.4994933333333
 30
0.0
 10
244.0325108333333
 20
274.504785
 30
0.0
 10
244.0325108333333
 20
274.504785
 30
0.0
 10
244.0330987962963
 20
273.5047775925926
 30
0.0
 10
244.0336867592592
 20
272.5047701851852
 30
0.0
 10
244.0342747222222
 20
271.5047627777778
 30
0.0
 10
244.0342747222222
 20
271.5047627777778
 30
0.0
 10
241.4110191666666
 20
271.5005294444444
 30
0.0
 10
240.5329552777778
 20
271.4994711111111
 30
0.0
 10
240.3590358333333
 20
271.5001766666667
 30
0.0
 10
239.7511997222222
 20
271.5993072222222
 30
0.0
 10
238.7824719444445
 20
271.59966
 30
0.0
 10
237.8179775
 20
271.5971905555555
 30
0.0
 10
237.0326941666667
 20
271.5520349999999
 30
0.0
 10
237.0341052777778
 20
271.49806
 30
0.0
 10
237.0372802777778
 20
269.4455988888889
 30
0.0
 10
237.7153191666667
 20
267.5113183333333
 30
0.0
 10
237.5424580555555
 20
264.9533266666667
 30
0.0
 10
237.4288636111111
 20
263.2793961111111
 30
0.0
 10
237.0870219444444
 20
262.3822822222222
 30
0.0
 10
237.0302247222222
 20
259.4993822222222
 30
0.0
 10
237.0425719444445
 20
259.4443488888889
 30
0.0
 10
237.8186830555555
 20
259.4009572222222
 30
0.0
 10
238.7796497222222
 20
259.4027211111111
 30
0.0
 10
239.7487302777778
 20
259.4023683333333
 30
0.0
 10
240.3555080555556
 20
259.5018516666667
 30
0.0
 10
240.5290747222222
 20
259.5007933333333
 30
0.0
 10
241.4029052777778
 20
259.5046738888889
 30
0.0
 10
244.0307469444444
 20
259.5064377777778
 30
0.0
 10
244.0307469444444
 20
259.5064377777778
 30
0.0
 10
244.0313349074074
 20
258.5064303703704
 30
0.0
 10
244.0319228703704
 20
257.506422962963
 30
0.0
 10
244.0325108333333
 20
256.5064155555556
 30
0.0
 10
244.0325108333333
 20
256.5064155555556
 30
0.0
 10
241.4092552777778
 20
256.5021822222222
 30
0.0
 10
240.5343663888889
 20
256.5018294444444
 30
0.0
 10
240.3572719444444
 20
256.5018294444444
 30
0.0
 10
239.7494358333333
 20
256.60096
 30
0.0
 10
238.7842358333334
 20
256.6020183333333
 30
0.0
 10
237.8158608333333
 20
256.5988433333333
 30
0.0
 10
237.0344580555555
 20
256.5543933333333
 30
0.0
 10
237.0319886111111
 20
256.4997127777778
 30
0.0
 10
237.0351636111111
 20
254.4976988888889
 30
0.0
 10
235.7122469444444
 20
252.6692516666666
 30
0.0
 10
241.2811969444444
 20
248.0834933333333
 30
0.0
 10
246.8476775
 20
243.4931488888889
 30
0.0
 10
245.2915747222222
 20
249.7426072222222
 30
0.0
 10
250.2569219444445
 20
254.0987072222222
 30
0.0
 10
254.3089275
 20
257.6578822222222
 30
0.0
 10
254.6758163888889
 20
257.1650516666667
 30
0.0
 10
251.5382108333333
 20
260.0747627777777
 30
0.0
 10
246.5121858333333
 20
264.7388377777777
 30
0.0
 10
247.0529941666667
 20
266.6851127777778
 30
0.0
 10
251.3776969444444
 20
270.6739711111111
 30
0.0
 10
254.0602191666667
 20
273.145885
 30
0.0
 10
253.6217163888889
 20
273.0047738888888
 30
0.0
 10
251.2422302777778
 20
275.6611905555555
 30
0.0
 10
248.8817941666667
 20
278.2964405555555
 30
0.0
 10
243.9760663888889
 20
281.61361
 30
0.0
 10
245.8962358333333
 20
284.1645461111111
 30
0.0
 10
248.0936886111111
 20
287.077785
 30
0.0
 10
253.8122163888889
 20
283.6350266666666
 30
0.0
 10
244.9123386111111
 20
291.9948016666667
 30
0.0
 10
241.5224969444444
 20
295.17721
 30
0.0
 10
237.4771941666667
 20
290.4231766666666
 30
0.0
 10
233.4149580555556
 20
290.9212988888889
 30
0.0
 10
227.2050108333333
 20
291.6804766666666
 30
0.0
 10
231.2351441666667
 20
288.4966572222222
 30
0.0
 10
234.0139747222222
 20
283.1640683333333
 30
0.0
  0
SPLINE
  5
2DA
330
1F
100
AcDbEntity
  8
DEFAULT
 62
     3
100
AcDbSpline
210
0.0
220
0.0
230
1.0
 70
    11
 71
     3
 72
    14
 73
    10
 74
     0
 42
0.000000001
 43
0.0000000001
 40
0.0
 40
0.0
 40
0.0
 40
0.0
 40
1.0
 40
1.0
 40
1.0
 40
2.0
 40
2.0
 40
2.0
 40
3.0
 40
3.0
 40
3.0
 40
3.0
 10
222.9111055555555
 20
251.3738516666666
 30
0.0
 10
222.8511333333333
 20
252.5157933333333
 30
0.0
 10
223.1972083333333
 20
252.8375266666666
 30
0.0
 10
223.9849611111111
 20
253.3659877777778
 30
0.0
 10
225.27895
 20
254.2341738888888
 30
0.0
 10
222.4599027777778
 20
253.7222933333333
 30
0.0
 10
221.5257472222222
 20
253.1634933333333
 30
0.0
 10
220.7387
 20
252.6928877777778
 30
0.0
 10
222.9636694444444
 20
250.3758433333333
 30
0.0
 10
222.9111055555555
 20
251.3738516666666
 30
0.0
  0
SPLINE
  5
2DB
330
1F
100
AcDbEntity
  8
DEFAULT
 62
     3
100
AcDbSpline
210
0.0
220
0.0
230
1.0
 70
    11
 71
     3
 72
    14
 73
    10
 74
     0
 42
0.000000001
 43
0.0000000001
 40
0.0
 40
0.0
 40
0.0
 40
0.0
 40
1.0
 40
1.0
 40
1.0
 40
2.0
 40
2.0
 40
2.0
 40
3.0
 40
3.0
 40
3.0
 40
3.0
 10
223.0707375
 20
264.3228775
 30
0.0
 10
222.4519652777778
 20
265.2845497222222
 30
0.0
 10
222.5221680555556
 20
265.9103775
 30
0.0
 10
223.0707375
 20
266.6840191666666
 30
0.0
 10
223.6559958333333
 20
267.5091663888889
 30
0.0
 10
221.0747208333333
 20
266.8752247222222
 30
0.0
 10
221.0747208333333
 20
265.5032719444444
 30
0.0
 10
221.0747208333333
 20
264.0127858333333
 30
0.0
 10
223.6115458333333
 20
263.4825608333333
 30
0.0
 10
223.0707375
 20
264.3228775
 30
0.0
  0
SPLINE
  5
2DC
330
1F
100
AcDbEntity
  8
DEFAULT
 62
     3
100
AcDbSpline
210
0.0
220
0.0
230
1.0
 70
    11
 71
     3
 72
    26
 73
    22
 74
     0
 42
0.000000001
 43
0.0000000001
 40
0.0
 40
0.0
 40
0.0
 40
0.0
 40
1.0
 40
1.0
 40
1.0
 40
2.0
 40
2.0
 40
2.0
 40
3.0
 40
3.0
 40
3.0
 40
4.0
 40
4.0
 40
4.0
 40
5.0
 40
5.0
 40
5.0
 40
6.0
 40
6.0
 40
6.0
 40
7.0
 40
7.0
 40
7.0
 40
7.0
 10
221.0151719444444
 20
281.3807413888889
 30
0.0
 10
222.6114913888889
 20
279.2492580555555
 30
0.0
 10
222.6933358333333
 20
279.2640747222222
 30
0.0
 10
221.6970913888889
 20
279.4506941666666
 30
0.0
 10
220.7011997222222
 20
279.6376663888888
 30
0.0
 10
220.0993608333333
 20
280.1978775
 30
0.0
 10
218.7503386111111
 20
282.9992858333333
 30
0.0
 10
217.4016691666666
 20
285.8006941666666
 30
0.0
 10
215.8452136111111
 20
286.8590275
 30
0.0
 10
217.6507302777777
 20
286.5478775
 30
0.0
 10
219.4558941666666
 20
286.2367275
 30
0.0
 10
220.0785469444444
 20
287.1705302777777
 30
0.0
 10
220.7632886111111
 20
287.8552719444444
 30
0.0
 10
221.4480302777777
 20
288.5400136111111
 30
0.0
 10
221.5104719444444
 20
288.6645441666666
 30
0.0
 10
222.7554247222222
 20
288.0418913888888
 30
0.0
 10
224.0007302777777
 20
287.4195913888889
 30
0.0
 10
220.2651663888889
 20
286.9214691666666
 30
0.0
 10
219.8915747222222
 20
285.3650136111111
 30
0.0
 10
219.5183358333333
 20
283.8085580555555
 30
0.0
 10
219.8450080555555
 20
282.9435469444444
 30
0.0
 10
221.0151719444444
 20
281.3807413888889
 30
0.0
  0
SPLINE
  5
2DD
330
1F
100
AcDbEntity
  8
DEFAULT
 62
     5
100
AcDbSpline
210
0.0
220
0.0
230
1.0
 70
    11
 71
     3
 72
    20
 73
    16
 74
     0
 42
0.000000001
 43
0.0000000001
 40
0.0
 40
0.0
 40
0.0
 40
0.0
 40
1.0
 40
1.0
 40
1.0
 40
2.0
 40
2.0
 40
2.0
 40
3.0
 40
3.0
 40
3.0
 40
4.0
 40
4.0
 40
4.0
 40
5.0
 40
5.0
 40
5.0
 40
5.0
 10
225.9931838888889
 20
262.7665277777778
 30
0.0
 10
223.95942
 20
264.4729138888889
 30
0.0
 10
224.229295
 20
266.652375
 30
0.0
 10
225.7441227777777
 20
267.871575
 30
0.0
 10
227.6113755555555
 20
269.3740555555556
 30
0.0
 10
226.5869088888889
 20
269.8351361111111
 30
0.0
 10
223.8930977777778
 20
269.039975
 30
0.0
 10
221.1992866666666
 20
268.2448138888889
 30
0.0
 10
219.7765338888889
 20
268.5563166666666
 30
0.0
 10
219.7765338888889
 20
265.6303777777778
 30
0.0
 10
219.7765338888889
 20
262.6419972222222
 30
0.0
 10
221.0595866666666
 20
262.5174666666666
 30
0.0
 10
223.2771477777778
 20
261.8948138888888
 30
0.0
 10
225.4947088888889
 20
261.2725138888889
 30
0.0
 10
227.9225255555556
 20
261.1479833333333
 30
0.0
 10
225.9931838888889
 20
262.7665277777778
 30
0.0
  0
SPLINE
  5
2DE
330
1F
100
AcDbEntity
  8
DEFAULT
 62
     5
100
AcDbSpline
210
0.0
220
0.0
230
1.0
 70
    11
 71
     3
 72
    14
 73
    10
 74
     0
 42
0.000000001
 43
0.0000000001
 40
0.0
 40
0.0
 40
0.0
 40
0.0
 40
1.0
 40
1.0
 40
1.0
 40
2.0
 40
2.0
 40
2.0
 40
3.0
 40
3.0
 40
3.0
 40
3.0
 10
222.1951783333333
 20
249.9420325
 30
0.0
 10
220.4009505555555
 20
251.8449158333333
 30
0.0
 10
218.3354366666667
 20
253.8642158333333
 30
0.0
 10
221.0744033333333
 20
254.3619852777778
 30
0.0
 10
223.8137227777777
 20
254.8601075
 30
0.0
 10
229.0433005555556
 20
255.5194491666666
 30
0.0
 10
226.1794505555555
 20
253.6772436111111
 30
0.0
 10
222.7299894444444
 20
251.4582713888889
 30
0.0
 10
224.4116811111111
 20
247.5911213888889
 30
0.0
 10
222.1951783333333
 20
249.9420325
 30
0.0
  0
SPLINE
  5
2DF
330
1F
100
AcDbEntity
  8
DEFAULT
 62
     5
100
AcDbSpline
210
0.0
220
0.0
230
1.0
 70
    11
 71
     3
 72
    20
 73
    16
 74
     0
 42
0.000000001
 43
0.0000000001
 40
0.0
 40
0.0
 40
0.0
 40
0.0
 40
1.0
 40
1.0
 40
1.0
 40
2.0
 40
2.0
 40
2.0
 40
3.0
 40
3.0
 40
3.0
 40
4.0
 40
4.0
 40
4.0
 40
5.0
 40
5.0
 40
5.0
 40
5.0
 10
224.8536763888889
 20
288.4917536111111
 30
0.0
 10
227.7535097222222
 20
285.3280425
 30
0.0
 10
218.4599319444444
 20
287.6062813888889
 30
0.0
 10
221.6998430555555
 20
282.7502952777778
 30
0.0
 10
225.0099569444444
 20
277.7895341666666
 30
0.0
 10
228.5867708333333
 20
275.9438008333333
 30
0.0
 10
222.3122652777778
 20
277.3549119444444
 30
0.0
 10
218.7633208333333
 20
278.1532480555555
 30
0.0
 10
220.0174458333333
 20
276.947453611111
 30
0.0
 10
217.7127486111111
 20
281.7544036111111
 30
0.0
 10
214.5490375
 20
288.3534647222222
 30
0.0
 10
212.0474902777777
 20
288.9136758333333
 30
0.0
 10
216.8413875
 20
288.2289341666666
 30
0.0
 10
220.7656875
 20
287.6680175
 30
0.0
 10
220.7716847222222
 20
292.9455730555555
 30
0.0
 10
224.8536763888889
 20
288.4917536111111
 30
0.0
  0
POLYLINE
  5
2E0
330
1F
100
AcDbEntity
  8
DEFAULT
 62
   250
100
AcDb2dPolyline
 66
     1
 10
0.0
 20
0.0
 30
0.0
  0
VERTEX
  5
2E1
330
2E0
100
AcDbEntity
  8
DEFAULT
 62
   250
100
AcDbVertex
100
AcDb2dVertex
 10
225.8571880555555
 20
272.4455858333333
 30
0.0
  0
VERTEX
  5
2E2
330
2E0
100
AcDbEntity
  8
DEFAULT
 62
   250
100
AcDbVertex
100
AcDb2dVertex
 10
225.8571880555555
 20
273.5518969444444
 30
0.0
  0
VERTEX
  5
2E3
330
2E0
100
AcDbEntity
  8
DEFAULT
 62
   250
100
AcDbVertex
100
AcDb2dVertex
 10
227.2478380555555
 20
272.4455858333333
 30
0.0
  0
VERTEX
  5
2E4
330
2E0
100
AcDbEntity
  8
DEFAULT
 62
   250
100
AcDbVertex
100
AcDb2dVertex
 10
227.2478380555555
 20
273.5638913888889
 30
0.0
  0
SEQEND
  5
2E5
330
2E0
100
AcDbEntity
  8
DEFAULT
 62
   250
  0
POLYLINE
  5
2E6
330
1F
100
AcDbEntity
  8
DEFAULT
 62
   250
100
AcDb2dPolyline
 66
     1
 10
0.0
 20
0.0
 30
0.0
  0
VERTEX
  5
2E7
330
2E6
100
AcDbEntity
  8
DEFAULT
 62
   250
100
AcDbVertex
100
AcDb2dVertex
 10
225.8590225
 20
257.4471327777778
 30
0.0
  0
VERTEX
  5
2E8
330
2E6
100
AcDbEntity
  8
DEFAULT
 62
   250
100
AcDbVertex
100
AcDb2dVertex
 10
225.8590225
 20
258.5534438888889
 30
0.0
  0
VERTEX
  5
2E9
330
2E6
100
AcDbEntity
  8
DEFAULT
 62
   250
100
AcDbVertex
100
AcDb2dVertex
 10
227.2496725
 20
257.4471327777778
 30
0.0
  0
VERTEX
  5
2EA
330
2E6
100
AcDbEntity
  8
DEFAULT
 62
   250
100
AcDbVertex
100
AcDb2dVertex
 10
227.2496725
 20
258.5654383333333
 30
0.0
  0
SEQEND
  5
2EB
330
2E6
100
AcDbEntity
  8
DEFAULT
 62
   250
  0
SPLINE
  5
2EC
330
1F
100
AcDbEntity
  8
DEFAULT
 62
     1
100
AcDbSpline
210
0.0
220
0.0
230
1.0
 70
    11
 71
     3
 72
    83
 73
    79
 74
     0
 42
0.000000001
 43
0.0000000001
 40
1.0
 40
1.0
 40
1.0
 40
1.0
 40
2.0
 40
2.0
 40
2.0
 40
3.0
 40
3.0
 40
3.0
 40
4.0
 40
4.0
 40
4.0
 40
5.0
 40
5.0
 40
5.0
 40
13.5040014698963
 40
13.5040014698963
 40
13.5040014698963
 40
14.5040014698963
 40
14.5040014698963
 40
14.5040014698963
 40
15.5040014698963
 40
15.5040014698963
 40
15.5040014698963
 40
16.5040014698963
 40
16.5040014698963
 40
16.5040014698963
 40
17.5040014698963
 40
17.5040014698963
 40
17.5040014698963
 40
18.5040014698963
 40
18.5040014698963
 40
18.5040014698963
 40
19.5040014698963
 40
19.5040014698963
 40
19.5040014698963
 40
20.5040014698963
 40
20.5040014698963
 40
20.5040014698963
 40
21.5040014698963
 40
21.5040014698963
 40
21.5040014698963
 40
30.0080029397926
 40
30.0080029397926
 40
30.0080029397926
 40
31.0080029397926
 40
31.0080029397926
 40
31.0080029397926
 40
32.0080029397926
 40
32.0080029397926
 40
32.0080029397926
 40
33.0080029397926
 40
33.0080029397926
 40
33.0080029397926
 40
34.0080029397926
 40
34.0080029397926
 40
34.0080029397926
 40
35.0080029397926
 40
35.0080029397926
 40
35.0080029397926
 40
36.0080029397926
 40
36.0080029397926
 40
36.0080029397926
 40
37.0080029397926
 40
37.0080029397926
 40
37.0080029397926
 40
38.0080029397926
 40
38.0080029397926
 40
38.0080029397926
 40
39.0080029397926
 40
39.0080029397926
 40
39.0080029397926
 40
40.0080029397926
 40
40.0080029397926
 40
40.0080029397926
 40
41.0080029397926
 40
41.0080029397926
 40
41.0080029397926
 40
42.0080029397926
 40
42.0080029397926
 40
42.0080029397926
 40
42.0080029397926
 10
213.8284536111111
 20
283.1640683333333
 30
0.0
 10
215.1961730555555
 20
280.5379905555556
 30
0.0
 10
216.8443508333333
 20
277.0782988888889
 30
0.0
 10
216.8464675
 20
274.4980822222222
 30
0.0
 10
216.8595202777777
 20
274.4395211111111
 30
0.0
 10
217.6356313888889
 20
274.3961294444444
 30
0.0
 10
218.5969508333333
 20
274.3975405555555
 30
0.0
 10
219.5614452777777
 20
274.40001
 30
0.0
 10
220.1717508333333
 20
274.5001988888889
 30
0.0
 10
220.3453174999999
 20
274.4991405555555
 30
0.0
 10
221.2202063888888
 20
274.4994933333333
 30
0.0
 10
223.8469897222222
 20
274.504785
 30
0.0
 10
223.8469897222222
 20
274.504785
 30
0.0
 10
223.8475776851851
 20
273.5047775925926
 30
0.0
 10
223.8481656481481
 20
272.5047701851852
 30
0.0
 10
223.8487536111111
 20
271.5047627777778
 30
0.0
 10
223.8487536111111
 20
271.5047627777778
 30
0.0
 10
221.2254980555555
 20
271.5005294444444
 30
0.0
 10
220.3470813888888
 20
271.4994711111111
 30
0.0
 10
220.1735147222222
 20
271.5001766666667
 30
0.0
 10
219.5656786111111
 20
271.5993072222222
 30
0.0
 10
218.5969508333333
 20
271.59966
 30
0.0
 10
217.6324563888889
 20
271.5971905555555
 30
0.0
 10
216.8471730555555
 20
271.5520349999999
 30
0.0
 10
216.8482313888888
 20
271.49806
 30
0.0
 10
216.8517591666667
 20
269.4455988888889
 30
0.0
 10
217.5297980555555
 20
267.5113183333333
 30
0.0
 10
217.3569369444444
 20
264.9533266666667
 30
0.0
 10
217.2433425
 20
263.2793961111111
 30
0.0
 10
216.9015008333333
 20
262.3822822222222
 30
0.0
 10
216.8447036111111
 20
259.4993822222222
 30
0.0
 10
216.8570508333333
 20
259.4443488888889
 30
0.0
 10
217.6331619444444
 20
259.4009572222222
 30
0.0
 10
218.5941286111111
 20
259.4027211111111
 30
0.0
 10
219.5632091666666
 20
259.4023683333333
 30
0.0
 10
220.1699869444444
 20
259.5018516666667
 30
0.0
 10
220.343553611111
 20
259.5007933333333
 30
0.0
 10
221.2173841666666
 20
259.5046738888889
 30
0.0
 10
223.8452258333333
 20
259.5064377777778
 30
0.0
 10
223.8452258333333
 20
259.5064377777778
 30
0.0
 10
223.8458137962963
 20
258.5064303703704
 30
0.0
 10
223.8464017592592
 20
257.506422962963
 30
0.0
 10
223.8469897222222
 20
256.5064155555556
 30
0.0
 10
223.8469897222222
 20
256.5064155555556
 30
0.0
 10
221.2237341666666
 20
256.5021822222222
 30
0.0
 10
220.3488452777777
 20
256.5018294444444
 30
0.0
 10
220.1717508333333
 20
256.5018294444444
 30
0.0
 10
219.5639147222222
 20
256.60096
 30
0.0
 10
218.5983619444444
 20
256.6020183333333
 30
0.0
 10
217.6303397222222
 20
256.5988433333333
 30
0.0
 10
216.8489369444444
 20
256.5543933333333
 30
0.0
 10
216.8464675
 20
256.4997127777778
 30
0.0
 10
216.8496425
 20
254.4976988888889
 30
0.0
 10
215.5267258333333
 20
252.6692516666666
 30
0.0
 10
221.0956758333333
 20
248.0834933333333
 30
0.0
 10
226.6618036111111
 20
243.4931488888889
 30
0.0
 10
225.1060536111111
 20
249.7426072222222
 30
0.0
 10
230.0714008333333
 20
254.0987072222222
 30
0.0
 10
234.1234063888888
 20
257.6578822222222
 30
0.0
 10
234.4899425
 20
257.1650516666667
 30
0.0
 10
231.3526897222222
 20
260.0747627777777
 30
0.0
 10
226.3266647222222
 20
264.7388377777777
 30
0.0
 10
226.8674730555555
 20
266.6851127777778
 30
0.0
 10
231.1918230555555
 20
270.6739711111111
 30
0.0
 10
233.8746980555555
 20
273.145885
 30
0.0
 10
233.4361952777778
 20
273.0047738888888
 30
0.0
 10
231.0567091666666
 20
275.6611905555555
 30
0.0
 10
228.6962730555555
 20
278.2964405555555
 30
0.0
 10
223.7905452777778
 20
281.61361
 30
0.0
 10
225.7107147222222
 20
284.1645461111111
 30
0.0
 10
227.9081675
 20
287.077785
 30
0.0
 10
233.6263425
 20
283.6350266666666
 30
0.0
 10
224.7268175
 20
291.9948016666667
 30
0.0
 10
221.3369758333333
 20
295.17721
 30
0.0
 10
217.2916730555555
 20
290.4231766666666
 30
0.0
 10
213.2294369444444
 20
290.9212988888889
 30
0.0
 10
207.0194897222222
 20
291.6804766666666
 30
0.0
 10
211.0496230555555
 20
288.4966572222222
 30
0.0
 10
213.8284536111111
 20
283.1640683333333
 30
0.0
  0
SPLINE
  5
2ED
330
1F
100
AcDbEntity
  8
DEFAULT
 62
     3
100
AcDbSpline
210
0.0
220
0.0
230
1.0
 70
    11
 71
     3
 72
    14
 73
    10
 74
     0
 42
0.000000001
 43
0.0000000001
 40
0.0
 40
0.0
 40
0.0
 40
0.0
 40
1.0
 40
1.0
 40
1.0
 40
2.0
 40
2.0
 40
2.0
 40
3.0
 40
3.0
 40
3.0
 40
3.0
 10
182.5400633333333
 20
251.3738516666666
 30
0.0
 10
182.4800911111111
 20
252.5157933333333
 30
0.0
 10
182.8261661111111
 20
252.8375266666666
 30
0.0
 10
183.6139188888889
 20
253.3659877777778
 30
0.0
 10
184.9079077777778
 20
254.2341738888888
 30
0.0
 10
182.0888605555556
 20
253.7222933333333
 30
0.0
 10
181.154705
 20
253.1634933333333
 30
0.0
 10
180.3676577777778
 20
252.6928877777778
 30
0.0
 10
182.5926272222222
 20
250.3758433333333
 30
0.0
 10
182.5400633333333
 20
251.3738516666666
 30
0.0
  0
SPLINE
  5
2EE
330
1F
100
AcDbEntity
  8
DEFAULT
 62
     3
100
AcDbSpline
210
0.0
220
0.0
230
1.0
 70
    11
 71
     3
 72
    14
 73
    10
 74
     0
 42
0.000000001
 43
0.0000000001
 40
0.0
 40
0.0
 40
0.0
 40
0.0
 40
1.0
 40
1.0
 40
1.0
 40
2.0
 40
2.0
 40
2.0
 40
3.0
 40
3.0
 40
3.0
 40
3.0
 10
182.6996952777778
 20
264.3228775
 30
0.0
 10
182.0809230555556
 20
265.2845497222222
 30
0.0
 10
182.1511258333333
 20
265.9103775
 30
0.0
 10
182.6996952777778
 20
266.6840191666666
 30
0.0
 10
183.2849536111111
 20
267.5091663888889
 30
0.0
 10
180.7036786111111
 20
266.8752247222222
 30
0.0
 10
180.7036786111111
 20
265.5032719444444
 30
0.0
 10
180.7036786111111
 20
264.0127858333333
 30
0.0
 10
183.2405036111111
 20
263.4825608333333
 30
0.0
 10
182.6996952777778
 20
264.3228775
 30
0.0
  0
SPLINE
  5
2EF
330
1F
100
AcDbEntity
  8
DEFAULT
 62
     3
100
AcDbSpline
210
0.0
220
0.0
230
1.0
 70
    11
 71
     3
 72
    26
 73
    22
 74
     0
 42
0.000000001
 43
0.0000000001
 40
0.0
 40
0.0
 40
0.0
 40
0.0
 40
1.0
 40
1.0
 40
1.0
 40
2.0
 40
2.0
 40
2.0
 40
3.0
 40
3.0
 40
3.0
 40
4.0
 40
4.0
 40
4.0
 40
5.0
 40
5.0
 40
5.0
 40
6.0
 40
6.0
 40
6.0
 40
7.0
 40
7.0
 40
7.0
 40
7.0
 10
180.6441297222222
 20
281.3807413888889
 30
0.0
 10
182.2404491666667
 20
279.2492580555555
 30
0.0
 10
182.3222936111111
 20
279.2640747222222
 30
0.0
 10
181.3260491666666
 20
279.4506941666666
 30
0.0
 10
180.3301575
 20
279.6376663888888
 30
0.0
 10
179.7283186111111
 20
280.1978775
 30
0.0
 10
178.3792963888889
 20
282.9992858333333
 30
0.0
 10
177.0306269444444
 20
285.8006941666666
 30
0.0
 10
175.4741713888889
 20
286.8590275
 30
0.0
 10
177.2796880555555
 20
286.5478775
 30
0.0
 10
179.0848519444444
 20
286.2367275
 30
0.0
 10
179.7075047222222
 20
287.1705302777777
 30
0.0
 10
180.3922463888889
 20
287.8552719444444
 30
0.0
 10
181.0769880555555
 20
288.5400136111111
 30
0.0
 10
181.1394297222222
 20
288.6645441666666
 30
0.0
 10
182.3843825
 20
288.0418913888888
 30
0.0
 10
183.6296880555555
 20
287.4195913888889
 30
0.0
 10
179.8941241666666
 20
286.9214691666666
 30
0.0
 10
179.5208852777778
 20
285.3650136111111
 30
0.0
 10
179.1472936111111
 20
283.8085580555555
 30
0.0
 10
179.4739658333333
 20
282.9435469444444
 30
0.0
 10
180.6441297222222
 20
281.3807413888889
 30
0.0
  0
SPLINE
  5
2F0
330
1F
100
AcDbEntity
  8
DEFAULT
 62
     5
100
AcDbSpline
210
0.0
220
0.0
230
1.0
 70
    11
 71
     3
 72
    20
 73
    16
 74
     0
 42
0.000000001
 43
0.0000000001
 40
0.0
 40
0.0
 40
0.0
 40
0.0
 40
1.0
 40
1.0
 40
1.0
 40
2.0
 40
2.0
 40
2.0
 40
3.0
 40
3.0
 40
3.0
 40
4.0
 40
4.0
 40
4.0
 40
5.0
 40
5.0
 40
5.0
 40
5.0
 10
185.6221416666667
 20
262.7665277777778
 30
0.0
 10
183.5883777777778
 20
264.4729138888889
 30
0.0
 10
183.8582527777777
 20
266.652375
 30
0.0
 10
185.3730805555555
 20
267.871575
 30
0.0
 10
187.2403333333333
 20
269.3740555555556
 30
0.0
 10
186.2158666666666
 20
269.8351361111111
 30
0.0
 10
183.5220555555555
 20
269.039975
 30
0.0
 10
180.8282444444444
 20
268.2448138888889
 30
0.0
 10
179.4054916666666
 20
268.5563166666666
 30
0.0
 10
179.4054916666666
 20
265.6303777777778
 30
0.0
 10
179.4054916666666
 20
262.6419972222222
 30
0.0
 10
180.6885444444444
 20
262.5174666666666
 30
0.0
 10
182.9061055555555
 20
261.8948138888888
 30
0.0
 10
185.1236666666667
 20
261.2725138888889
 30
0.0
 10
187.5514833333333
 20
261.1479833333333
 30
0.0
 10
185.6221416666667
 20
262.7665277777778
 30
0.0
  0
SPLINE
  5
2F1
330
1F
100
AcDbEntity
  8
DEFAULT
 62
     5
100
AcDbSpline
210
0.0
220
0.0
230
1.0
 70
    11
 71
     3
 72
    14
 73
    10
 74
     0
 42
0.000000001
 43
0.0000000001
 40
0.0
 40
0.0
 40
0.0
 40
0.0
 40
1.0
 40
1.0
 40
1.0
 40
2.0
 40
2.0
 40
2.0
 40
3.0
 40
3.0
 40
3.0
 40
3.0
 10
181.8241361111111
 20
249.9420325
 30
0.0
 10
180.0299083333333
 20
251.8449158333333
 30
0.0
 10
177.9643944444445
 20
253.8642158333333
 30
0.0
 10
180.7037138888889
 20
254.3619852777778
 30
0.0
 10
183.4426805555555
 20
254.8601075
 30
0.0
 10
188.6722583333333
 20
255.5194491666666
 30
0.0
 10
185.8084083333333
 20
253.6772436111111
 30
0.0
 10
182.3589472222222
 20
251.4582713888889
 30
0.0
 10
184.0406388888889
 20
247.5911213888889
 30
0.0
 10
181.8241361111111
 20
249.9420325
 30
0.0
  0
SPLINE
  5
2F2
330
1F
100
AcDbEntity
  8
DEFAULT
 62
     5
100
AcDbSpline
210
0.0
220
0.0
230
1.0
 70
    11
 71
     3
 72
    20
 73
    16
 74
     0
 42
0.000000001
 43
0.0000000001
 40
0.0
 40
0.0
 40
0.0
 40
0.0
 40
1.0
 40
1.0
 40
1.0
 40
2.0
 40
2.0
 40
2.0
 40
3.0
 40
3.0
 40
3.0
 40
4.0
 40
4.0
 40
4.0
 40
5.0
 40
5.0
 40
5.0
 40
5.0
 10
184.4826341666667
 20
288.4917536111111
 30
0.0
 10
187.3824675
 20
285.3280425
 30
0.0
 10
178.0888897222222
 20
287.6062813888889
 30
0.0
 10
181.3288008333333
 20
282.7502952777778
 30
0.0
 10
184.6389147222222
 20
277.7895341666666
 30
0.0
 10
188.2157286111111
 20
275.9438008333333
 30
0.0
 10
181.9412230555556
 20
277.3549119444444
 30
0.0
 10
178.3922786111111
 20
278.1532480555555
 30
0.0
 10
179.6464036111111
 20
276.947453611111
 30
0.0
 10
177.3417063888889
 20
281.7544036111111
 30
0.0
 10
174.1779952777778
 20
288.3534647222222
 30
0.0
 10
171.6764480555555
 20
288.9136758333333
 30
0.0
 10
176.4703452777778
 20
288.2289341666666
 30
0.0
 10
180.3946452777778
 20
287.6680175
 30
0.0
 10
180.4006425
 20
292.9455730555555
 30
0.0
 10
184.4826341666667
 20
288.4917536111111
 30
0.0
  0
POLYLINE
  5
2F3
330
1F
100
AcDbEntity
  8
DEFAULT
 62
   250
100
AcDb2dPolyline
 66
     1
 10
0.0
 20
0.0
 30
0.0
  0
VERTEX
  5
2F4
330
2F3
100
AcDbEntity
  8
DEFAULT
 62
   250
100
AcDbVertex
100
AcDb2dVertex
 10
185.4861458333333
 20
272.4455858333333
 30
0.0
  0
VERTEX
  5
2F5
330
2F3
100
AcDbEntity
  8
DEFAULT
 62
   250
100
AcDbVertex
100
AcDb2dVertex
 10
185.4861458333333
 20
273.5518969444444
 30
0.0
  0
VERTEX
  5
2F6
330
2F3
100
AcDbEntity
  8
DEFAULT
 62
   250
100
AcDbVertex
100
AcDb2dVertex
 10
186.8767958333333
 20
272.4455858333333
 30
0.0
  0
VERTEX
  5
2F7
330
2F3
100
AcDbEntity
  8
DEFAULT
 62
   250
100
AcDbVertex
100
AcDb2dVertex
 10
186.8767958333333
 20
273.5638913888889
 30
0.0
  0
SEQEND
  5
2F8
330
2F3
100
AcDbEntity
  8
DEFAULT
 62
   250
  0
POLYLINE
  5
2F9
330
1F
100
AcDbEntity
  8
DEFAULT
 62
   250
100
AcDb2dPolyline
 66
     1
 10
0.0
 20
0.0
 30
0.0
  0
VERTEX
  5
2FA
330
2F9
100
AcDbEntity
  8
DEFAULT
 62
   250
100
AcDbVertex
100
AcDb2dVertex
 10
185.4879802777778
 20
257.4471327777778
 30
0.0
  0
VERTEX
  5
2FB
330
2F9
100
AcDbEntity
  8
DEFAULT
 62
   250
100
AcDbVertex
100
AcDb2dVertex
 10
185.4879802777778
 20
258.5534438888889
 30
0.0
  0
VERTEX
  5
2FC
330
2F9
100
AcDbEntity
  8
DEFAULT
 62
   250
100
AcDbVertex
100
AcDb2dVertex
 10
186.8786302777777
 20
257.4471327777778
 30
0.0
  0
VERTEX
  5
2FD
330
2F9
100
AcDbEntity
  8
DEFAULT
 62
   250
100
AcDbVertex
100
AcDb2dVertex
 10
186.8786302777777
 20
258.5654383333333
 30
0.0
  0
SEQEND
  5
2FE
330
2F9
100
AcDbEntity
  8
DEFAULT
 62
   250
  0
SPLINE
  5
2FF
330
1F
100
AcDbEntity
  8
DEFAULT
 62
     1
100
AcDbSpline
210
0.0
220
0.0
230
1.0
 70
    11
 71
     3
 72
    83
 73
    79
 74
     0
 42
0.000000001
 43
0.0000000001
 40
1.0
 40
1.0
 40
1.0
 40
1.0
 40
2.0
 40
2.0
 40
2.0
 40
3.0
 40
3.0
 40
3.0
 40
4.0
 40
4.0
 40
4.0
 40
5.0
 40
5.0
 40
5.0
 40
13.5040014698963
 40
13.5040014698963
 40
13.5040014698963
 40
14.5040014698963
 40
14.5040014698963
 40
14.5040014698963
 40
15.5040014698963
 40
15.5040014698963
 40
15.5040014698963
 40
16.5040014698963
 40
16.5040014698963
 40
16.5040014698963
 40
17.5040014698963
 40
17.5040014698963
 40
17.5040014698963
 40
18.5040014698963
 40
18.5040014698963
 40
18.5040014698963
 40
19.5040014698963
 40
19.5040014698963
 40
19.5040014698963
 40
20.5040014698963
 40
20.5040014698963
 40
20.5040014698963
 40
21.5040014698963
 40
21.5040014698963
 40
21.5040014698963
 40
30.0080029397926
 40
30.0080029397926
 40
30.0080029397926
 40
31.0080029397926
 40
31.0080029397926
 40
31.0080029397926
 40
32.0080029397926
 40
32.0080029397926
 40
32.0080029397926
 40
33.0080029397926
 40
33.0080029397926
 40
33.0080029397926
 40
34.0080029397926
 40
34.0080029397926
 40
34.0080029397926
 40
35.0080029397926
 40
35.0080029397926
 40
35.0080029397926
 40
36.0080029397926
 40
36.0080029397926
 40
36.0080029397926
 40
37.0080029397926
 40
37.0080029397926
 40
37.0080029397926
 40
38.0080029397926
 40
38.0080029397926
 40
38.0080029397926
 40
39.0080029397926
 40
39.0080029397926
 40
39.0080029397926
 40
40.0080029397926
 40
40.0080029397926
 40
40.0080029397926
 40
41.0080029397926
 40
41.0080029397926
 40
41.0080029397926
 40
42.0080029397926
 40
42.0080029397926
 40
42.0080029397926
 40
42.0080029397926
 10
173.4574113888889
 20
283.1640683333333
 30
0.0
 10
174.8251308333333
 20
280.5379905555556
 30
0.0
 10
176.4733086111111
 20
277.0782988888889
 30
0.0
 10
176.4754252777778
 20
274.4980822222222
 30
0.0
 10
176.4884780555555
 20
274.4395211111111
 30
0.0
 10
177.2645891666666
 20
274.3961294444444
 30
0.0
 10
178.2259086111111
 20
274.3975405555555
 30
0.0
 10
179.1904030555555
 20
274.40001
 30
0.0
 10
179.8007086111111
 20
274.5001988888889
 30
0.0
 10
179.9742752777778
 20
274.4991405555555
 30
0.0
 10
180.8491641666666
 20
274.4994933333333
 30
0.0
 10
183.4759475
 20
274.504785
 30
0.0
 10
183.4759475
 20
274.504785
 30
0.0
 10
183.4765354629629
 20
273.5047775925926
 30
0.0
 10
183.4771234259259
 20
272.5047701851852
 30
0.0
 10
183.4777113888889
 20
271.5047627777778
 30
0.0
 10
183.4777113888889
 20
271.5047627777778
 30
0.0
 10
180.8544558333333
 20
271.5005294444444
 30
0.0
 10
179.9760391666667
 20
271.4994711111111
 30
0.0
 10
179.8024725
 20
271.5001766666667
 30
0.0
 10
179.1946363888889
 20
271.5993072222222
 30
0.0
 10
178.2259086111111
 20
271.59966
 30
0.0
 10
177.2614141666666
 20
271.5971905555555
 30
0.0
 10
176.4761308333333
 20
271.5520349999999
 30
0.0
 10
176.4771891666666
 20
271.49806
 30
0.0
 10
176.4807169444444
 20
269.4455988888889
 30
0.0
 10
177.1587558333333
 20
267.5113183333333
 30
0.0
 10
176.9858947222222
 20
264.9533266666667
 30
0.0
 10
176.8723002777778
 20
263.2793961111111
 30
0.0
 10
176.5304586111111
 20
262.3822822222222
 30
0.0
 10
176.4736613888889
 20
259.4993822222222
 30
0.0
 10
176.4860086111111
 20
259.4443488888889
 30
0.0
 10
177.2621197222222
 20
259.4009572222222
 30
0.0
 10
178.2230863888889
 20
259.4027211111111
 30
0.0
 10
179.1921669444444
 20
259.4023683333333
 30
0.0
 10
179.7989447222222
 20
259.5018516666667
 30
0.0
 10
179.9725113888889
 20
259.5007933333333
 30
0.0
 10
180.8463419444444
 20
259.5046738888889
 30
0.0
 10
183.4741836111111
 20
259.5064377777778
 30
0.0
 10
183.4741836111111
 20
259.5064377777778
 30
0.0
 10
183.4747715740741
 20
258.5064303703704
 30
0.0
 10
183.475359537037
 20
257.506422962963
 30
0.0
 10
183.4759475
 20
256.5064155555556
 30
0.0
 10
183.4759475
 20
256.5064155555556
 30
0.0
 10
180.8526919444444
 20
256.5021822222222
 30
0.0
 10
179.9778030555555
 20
256.5018294444444
 30
0.0
 10
179.8007086111111
 20
256.5018294444444
 30
0.0
 10
179.1928725
 20
256.60096
 30
0.0
 10
178.2273197222222
 20
256.6020183333333
 30
0.0
 10
177.2592975
 20
256.5988433333333
 30
0.0
 10
176.4778947222222
 20
256.5543933333333
 30
0.0
 10
176.4754252777778
 20
256.4997127777778
 30
0.0
 10
176.4786002777778
 20
254.4976988888889
 30
0.0
 10
175.1556836111111
 20
252.6692516666666
 30
0.0
 10
180.7246336111111
 20
248.0834933333333
 30
0.0
 10
186.2907613888889
 20
243.4931488888889
 30
0.0
 10
184.7350113888889
 20
249.7426072222222
 30
0.0
 10
189.7003586111111
 20
254.0987072222222
 30
0.0
 10
193.7523641666666
 20
257.6578822222222
 30
0.0
 10
194.1189002777778
 20
257.1650516666667
 30
0.0
 10
190.9816475
 20
260.0747627777777
 30
0.0
 10
185.9556225
 20
264.7388377777777
 30
0.0
 10
186.4964308333333
 20
266.6851127777778
 30
0.0
 10
190.8207808333333
 20
270.6739711111111
 30
0.0
 10
193.5036558333333
 20
273.145885
 30
0.0
 10
193.0651530555555
 20
273.0047738888888
 30
0.0
 10
190.6856669444444
 20
275.6611905555555
 30
0.0
 10
188.3252308333333
 20
278.2964405555555
 30
0.0
 10
183.4195030555555
 20
281.61361
 30
0.0
 10
185.3396725
 20
284.1645461111111
 30
0.0
 10
187.5371252777778
 20
287.077785
 30
0.0
 10
193.2553002777778
 20
283.6350266666666
 30
0.0
 10
184.3557752777778
 20
291.9948016666667
 30
0.0
 10
180.9659336111111
 20
295.17721
 30
0.0
 10
176.9206308333333
 20
290.4231766666666
 30
0.0
 10
172.8583947222222
 20
290.9212988888889
 30
0.0
 10
166.6484475
 20
291.6804766666666
 30
0.0
 10
170.6785808333333
 20
288.4966572222222
 30
0.0
 10
173.4574113888889
 20
283.1640683333333
 30
0.0
  0
POLYLINE
  5
300
330
1F
100
AcDbEntity
  8
DEFAULT
 62
   250
100
AcDb2dPolyline
 66
     1
 10
0.0
 20
0.0
 30
0.0
  0
VERTEX
  5
301
330
300
100
AcDbEntity
  8
DEFAULT
 62
   250
100
AcDbVertex
100
AcDb2dVertex
 10
113.1213694444444
 20
272.4455858333333
 30
0.0
  0
VERTEX
  5
302
330
300
100
AcDbEntity
  8
DEFAULT
 62
   250
100
AcDbVertex
100
AcDb2dVertex
 10
113.1213694444444
 20
273.5518969444444
 30
0.0
  0
VERTEX
  5
303
330
300
100
AcDbEntity
  8
DEFAULT
 62
   250
100
AcDbVertex
100
AcDb2dVertex
 10
114.5120194444444
 20
272.4455858333333
 30
0.0
  0
VERTEX
  5
304
330
300
100
AcDbEntity
  8
DEFAULT
 62
   250
100
AcDbVertex
100
AcDb2dVertex
 10
114.5120194444444
 20
273.5638913888889
 30
0.0
  0
SEQEND
  5
305
330
300
100
AcDbEntity
  8
DEFAULT
 62
   250
  0
POLYLINE
  5
306
330
1F
100
AcDbEntity
  8
DEFAULT
 62
   250
100
AcDb2dPolyline
 66
     1
 10
0.0
 20
0.0
 30
0.0
  0
VERTEX
  5
307
330
306
100
AcDbEntity
  8
DEFAULT
 62
   250
100
AcDbVertex
100
AcDb2dVertex
 10
113.1232038888889
 20
257.4471327777778
 30
0.0
  0
VERTEX
  5
308
330
306
100
AcDbEntity
  8
DEFAULT
 62
   250
100
AcDbVertex
100
AcDb2dVertex
 10
113.1232038888889
 20
258.5534438888889
 30
0.0
  0
VERTEX
  5
309
330
306
100
AcDbEntity
  8
DEFAULT
 62
   250
100
AcDbVertex
100
AcDb2dVertex
 10
114.5138538888889
 20
257.4471327777778
 30
0.0
  0
VERTEX
  5
30A
330
306
100
AcDbEntity
  8
DEFAULT
 62
   250
100
AcDbVertex
100
AcDb2dVertex
 10
114.5138538888889
 20
258.5654383333333
 30
0.0
  0
SEQEND
  5
30B
330
306
100
AcDbEntity
  8
DEFAULT
 62
   250
  0
SPLINE
  5
30C
330
1F
100
AcDbEntity
  8
DEFAULT
 62
     3
100
AcDbSpline
210
0.0
220
0.0
230
1.0
 70
    11
 71
     3
 72
    14
 73
    10
 74
     0
 42
0.000000001
 43
0.0000000001
 40
0.0
 40
0.0
 40
0.0
 40
0.0
 40
1.0
 40
1.0
 40
1.0
 40
2.0
 40
2.0
 40
2.0
 40
3.0
 40
3.0
 40
3.0
 40
3.0
 10
117.4608888888889
 20
251.3738163888889
 30
0.0
 10
117.5208611111111
 20
252.5157580555555
 30
0.0
 10
117.1747861111111
 20
252.8374913888889
 30
0.0
 10
116.3870333333333
 20
253.3659525
 30
0.0
 10
115.0930444444444
 20
254.2341386111111
 30
0.0
 10
117.9120916666667
 20
253.7222580555556
 30
0.0
 10
118.8462472222222
 20
253.1638108333333
 30
0.0
 10
119.6332944444444
 20
252.6928525
 30
0.0
 10
117.408325
 20
250.3758080555556
 30
0.0
 10
117.4608888888889
 20
251.3738163888889
 30
0.0
  0
SPLINE
  5
30D
330
1F
100
AcDbEntity
  8
DEFAULT
 62
     3
100
AcDbSpline
210
0.0
220
0.0
230
1.0
 70
    11
 71
     3
 72
    14
 73
    10
 74
     0
 42
0.000000001
 43
0.0000000001
 40
0.0
 40
0.0
 40
0.0
 40
0.0
 40
1.0
 40
1.0
 40
1.0
 40
2.0
 40
2.0
 40
2.0
 40
3.0
 40
3.0
 40
3.0
 40
3.0
 10
117.3012569444444
 20
264.3228069444444
 30
0.0
 10
117.9200291666667
 20
265.2844791666666
 30
0.0
 10
117.8498263888889
 20
265.9103069444444
 30
0.0
 10
117.3012569444444
 20
266.6839486111111
 30
0.0
 10
116.7159986111111
 20
267.5090958333333
 30
0.0
 10
119.2972736111111
 20
266.8751541666666
 30
0.0
 10
119.2972736111111
 20
265.5035541666666
 30
0.0
 10
119.2972736111111
 20
264.0127152777777
 30
0.0
 10
116.7604486111111
 20
263.4824902777777
 30
0.0
 10
117.3012569444444
 20
264.3228069444444
 30
0.0
  0
SPLINE
  5
30E
330
1F
100
AcDbEntity
  8
DEFAULT
 62
     3
100
AcDbSpline
210
0.0
220
0.0
230
1.0
 70
    11
 71
     3
 72
    26
 73
    22
 74
     0
 42
0.000000001
 43
0.0000000001
 40
0.0
 40
0.0
 40
0.0
 40
0.0
 40
1.0
 40
1.0
 40
1.0
 40
2.0
 40
2.0
 40
2.0
 40
3.0
 40
3.0
 40
3.0
 40
4.0
 40
4.0
 40
4.0
 40
5.0
 40
5.0
 40
5.0
 40
6.0
 40
6.0
 40
6.0
 40
7.0
 40
7.0
 40
7.0
 40
7.0
 10
119.3568225
 20
281.3807061111111
 30
0.0
 10
117.7605030555555
 20
279.2492227777777
 30
0.0
 10
117.6786586111111
 20
279.2640394444444
 30
0.0
 10
118.6749030555555
 20
279.4506588888889
 30
0.0
 10
119.6707947222222
 20
279.6376311111111
 30
0.0
 10
120.2726336111111
 20
280.1978422222222
 30
0.0
 10
121.6216558333333
 20
282.9992505555555
 30
0.0
 10
122.9703252777778
 20
285.8006588888888
 30
0.0
 10
124.5267808333333
 20
286.8589922222222
 30
0.0
 10
122.7216169444444
 20
286.5478422222222
 30
0.0
 10
120.9161002777778
 20
286.2366922222222
 30
0.0
 10
120.2934475
 20
287.170495
 30
0.0
 10
119.6087058333333
 20
287.8552366666666
 30
0.0
 10
118.9239641666667
 20
288.5399783333333
 30
0.0
 10
118.8615225
 20
288.6645088888889
 30
0.0
 10
117.6165697222222
 20
288.0418561111111
 30
0.0
 10
116.3716169444444
 20
287.4195561111111
 30
0.0
 10
120.1068280555555
 20
286.9214338888889
 30
0.0
 10
120.4804197222222
 20
285.3649783333333
 30
0.0
 10
120.8536586111111
 20
283.8085227777777
 30
0.0
 10
120.5269863888889
 20
282.9435116666666
 30
0.0
 10
119.3568225
 20
281.3807061111111
 30
0.0
  0
SPLINE
  5
30F
330
1F
100
AcDbEntity
  8
DEFAULT
 62
     5
100
AcDbSpline
210
0.0
220
0.0
230
1.0
 70
    11
 71
     3
 72
    20
 73
    16
 74
     0
 42
0.000000001
 43
0.0000000001
 40
0.0
 40
0.0
 40
0.0
 40
0.0
 40
1.0
 40
1.0
 40
1.0
 40
2.0
 40
2.0
 40
2.0
 40
3.0
 40
3.0
 40
3.0
 40
4.0
 40
4.0
 40
4.0
 40
5.0
 40
5.0
 40
5.0
 40
5.0
 10
114.3788105555556
 20
262.7664925
 30
0.0
 10
116.4125744444444
 20
264.4725258333333
 30
0.0
 10
116.1426994444444
 20
266.6523397222222
 30
0.0
 10
114.6278716666667
 20
267.8715397222222
 30
0.0
 10
112.7606188888889
 20
269.3740202777778
 30
0.0
 10
113.7850855555556
 20
269.8351008333333
 30
0.0
 10
116.4788966666667
 20
269.0399397222222
 30
0.0
 10
119.1730605555556
 20
268.2447786111111
 30
0.0
 10
120.5954605555556
 20
268.5562813888889
 30
0.0
 10
120.5954605555556
 20
265.6303425
 30
0.0
 10
120.5954605555556
 20
262.6419619444445
 30
0.0
 10
119.3124077777778
 20
262.5174313888889
 30
0.0
 10
117.0948466666667
 20
261.8947786111111
 30
0.0
 10
114.8772855555556
 20
261.2724786111111
 30
0.0
 10
112.4494688888889
 20
261.1479480555556
 30
0.0
 10
114.3788105555556
 20
262.7664925
 30
0.0
  0
SPLINE
  5
310
330
1F
100
AcDbEntity
  8
DEFAULT
 62
     5
100
AcDbSpline
210
0.0
220
0.0
230
1.0
 70
    11
 71
     3
 72
    14
 73
    10
 74
     0
 42
0.000000001
 43
0.0000000001
 40
0.0
 40
0.0
 40
0.0
 40
0.0
 40
1.0
 40
1.0
 40
1.0
 40
2.0
 40
2.0
 40
2.0
 40
3.0
 40
3.0
 40
3.0
 40
3.0
 10
118.1768161111111
 20
249.9419266666667
 30
0.0
 10
119.9710438888889
 20
251.84481
 30
0.0
 10
122.0365577777778
 20
253.86411
 30
0.0
 10
119.2972383333333
 20
254.3618794444444
 30
0.0
 10
116.5582716666666
 20
254.8600016666666
 30
0.0
 10
111.3286938888889
 20
255.5193433333333
 30
0.0
 10
114.1925438888889
 20
253.6771377777777
 30
0.0
 10
117.642005
 20
251.4585183333333
 30
0.0
 10
115.9603133333333
 20
247.5910155555555
 30
0.0
 10
118.1768161111111
 20
249.9419266666667
 30
0.0
  0
SPLINE
  5
311
330
1F
100
AcDbEntity
  8
DEFAULT
 62
     5
100
AcDbSpline
210
0.0
220
0.0
230
1.0
 70
    11
 71
     3
 72
    20
 73
    16
 74
     0
 42
0.000000001
 43
0.0000000001
 40
0.0
 40
0.0
 40
0.0
 40
0.0
 40
1.0
 40
1.0
 40
1.0
 40
2.0
 40
2.0
 40
2.0
 40
3.0
 40
3.0
 40
3.0
 40
4.0
 40
4.0
 40
4.0
 40
5.0
 40
5.0
 40
5.0
 40
5.0
 10
115.5183180555556
 20
288.4916830555555
 30
0.0
 10
112.6184847222222
 20
285.3279719444444
 30
0.0
 10
121.9120625
 20
287.6062108333333
 30
0.0
 10
118.6721513888889
 20
282.7502247222222
 30
0.0
 10
115.3620375
 20
277.7894636111111
 30
0.0
 10
111.7852236111111
 20
275.9437302777778
 30
0.0
 10
118.0597291666667
 20
277.3548413888889
 30
0.0
 10
121.6086736111111
 20
278.1531775
 30
0.0
 10
120.3545486111111
 20
276.9473830555555
 30
0.0
 10
122.6592458333333
 20
281.7543330555555
 30
0.0
 10
125.8229569444444
 20
288.3533941666666
 30
0.0
 10
128.3245041666667
 20
288.9136052777778
 30
0.0
 10
123.5306069444444
 20
288.2288636111111
 30
0.0
 10
119.6063069444445
 20
287.6679469444444
 30
0.0
 10
119.6003097222222
 20
292.9455025
 30
0.0
 10
115.5183180555556
 20
288.4916830555555
 30
0.0
  0
SPLINE
  5
312
330
1F
100
AcDbEntity
  8
DEFAULT
 62
     1
100
AcDbSpline
210
0.0
220
0.0
230
1.0
 70
    11
 71
     3
 72
    83
 73
    79
 74
     0
 42
0.000000001
 43
0.0000000001
 40
1.0
 40
1.0
 40
1.0
 40
1.0
 40
2.0
 40
2.0
 40
2.0
 40
3.0
 40
3.0
 40
3.0
 40
4.0
 40
4.0
 40
4.0
 40
5.0
 40
5.0
 40
5.0
 40
13.5040014698963
 40
13.5040014698963
 40
13.5040014698963
 40
14.5040014698963
 40
14.5040014698963
 40
14.5040014698963
 40
15.5040014698963
 40
15.5040014698963
 40
15.5040014698963
 40
16.5040014698963
 40
16.5040014698963
 40
16.5040014698963
 40
17.5040014698963
 40
17.5040014698963
 40
17.5040014698963
 40
18.5040014698963
 40
18.5040014698963
 40
18.5040014698963
 40
19.5040014698963
 40
19.5040014698963
 40
19.5040014698963
 40
20.5040014698963
 40
20.5040014698963
 40
20.5040014698963
 40
21.5040014698963
 40
21.5040014698963
 40
21.5040014698963
 40
30.0080029397926
 40
30.0080029397926
 40
30.0080029397926
 40
31.0080029397926
 40
31.0080029397926
 40
31.0080029397926
 40
32.0080029397926
 40
32.0080029397926
 40
32.0080029397926
 40
33.0080029397926
 40
33.0080029397926
 40
33.0080029397926
 40
34.0080029397926
 40
34.0080029397926
 40
34.0080029397926
 40
35.0080029397926
 40
35.0080029397926
 40
35.0080029397926
 40
36.0080029397926
 40
36.0080029397926
 40
36.0080029397926
 40
37.0080029397926
 40
37.0080029397926
 40
37.0080029397926
 40
38.0080029397926
 40
38.0080029397926
 40
38.0080029397926
 40
39.0080029397926
 40
39.0080029397926
 40
39.0080029397926
 40
40.0080029397926
 40
40.0080029397926
 40
40.0080029397926
 40
41.0080029397926
 40
41.0080029397926
 40
41.0080029397926
 40
42.0080029397926
 40
42.0080029397926
 40
42.0080029397926
 40
42.0080029397926
 10
126.5425530555555
 20
283.1640683333333
 30
0.0
 10
125.1748336111111
 20
280.5379905555556
 30
0.0
 10
123.5266558333333
 20
277.0782988888889
 30
0.0
 10
123.5245391666667
 20
274.4980822222222
 30
0.0
 10
123.5114863888889
 20
274.4395211111111
 30
0.0
 10
122.7353752777778
 20
274.3961294444444
 30
0.0
 10
121.7740558333333
 20
274.3975405555555
 30
0.0
 10
120.8095613888889
 20
274.40001
 30
0.0
 10
120.1992558333333
 20
274.5001988888889
 30
0.0
 10
120.0256891666667
 20
274.4991405555555
 30
0.0
 10
119.1508002777778
 20
274.4994933333333
 30
0.0
 10
116.5240169444444
 20
274.504785
 30
0.0
 10
116.5240169444444
 20
274.504785
 30
0.0
 10
116.5234289814815
 20
273.5047775925926
 30
0.0
 10
116.5228410185185
 20
272.5047701851852
 30
0.0
 10
116.5222530555556
 20
271.5047627777778
 30
0.0
 10
116.5222530555556
 20
271.5047627777778
 30
0.0
 10
119.1455086111111
 20
271.5005294444444
 30
0.0
 10
120.0235725
 20
271.4994711111111
 30
0.0
 10
120.1974919444444
 20
271.5001766666667
 30
0.0
 10
120.8053280555556
 20
271.5993072222222
 30
0.0
 10
121.7740558333333
 20
271.59966
 30
0.0
 10
122.7385502777778
 20
271.5971905555555
 30
0.0
 10
123.5238336111111
 20
271.5520349999999
 30
0.0
 10
123.5224225
 20
271.49806
 30
0.0
 10
123.5192475
 20
269.4455988888889
 30
0.0
 10
122.8412086111111
 20
267.5113183333333
 30
0.0
 10
123.0140697222222
 20
264.9533266666667
 30
0.0
 10
123.1276641666667
 20
263.2793961111111
 30
0.0
 10
123.4695058333333
 20
262.3822822222222
 30
0.0
 10
123.5263030555555
 20
259.4993822222222
 30
0.0
 10
123.5139558333333
 20
259.4443488888889
 30
0.0
 10
122.7378447222222
 20
259.4009572222222
 30
0.0
 10
121.7768780555555
 20
259.4027211111111
 30
0.0
 10
120.8077975
 20
259.4023683333333
 30
0.0
 10
120.2010197222222
 20
259.5018516666667
 30
0.0
 10
120.0274530555555
 20
259.5007933333333
 30
0.0
 10
119.1536225
 20
259.5046738888889
 30
0.0
 10
116.5257808333333
 20
259.5064377777778
 30
0.0
 10
116.5257808333333
 20
259.5064377777778
 30
0.0
 10
116.5251928703704
 20
258.5064303703704
 30
0.0
 10
116.5246049074074
 20
257.506422962963
 30
0.0
 10
116.5240169444444
 20
256.5064155555556
 30
0.0
 10
116.5240169444444
 20
256.5064155555556
 30
0.0
 10
119.1472725
 20
256.5021822222222
 30
0.0
 10
120.0221613888889
 20
256.5018294444444
 30
0.0
 10
120.1992558333333
 20
256.5018294444444
 30
0.0
 10
120.8070919444445
 20
256.60096
 30
0.0
 10
121.7722919444444
 20
256.6020183333333
 30
0.0
 10
122.7406669444444
 20
256.5988433333333
 30
0.0
 10
123.5220697222222
 20
256.5543933333333
 30
0.0
 10
123.5245391666667
 20
256.4997127777778
 30
0.0
 10
123.5213641666667
 20
254.4976988888889
 30
0.0
 10
124.8442808333333
 20
252.6692516666666
 30
0.0
 10
119.2753308333333
 20
248.0834933333333
 30
0.0
 10
113.7088502777778
 20
243.4931488888889
 30
0.0
 10
115.2649530555555
 20
249.7426072222222
 30
0.0
 10
110.2996058333333
 20
254.0987072222222
 30
0.0
 10
106.2476002777778
 20
257.6578822222222
 30
0.0
 10
105.8807113888889
 20
257.1650516666667
 30
0.0
 10
109.0183169444444
 20
260.0747627777777
 30
0.0
 10
114.0443419444444
 20
264.7388377777777
 30
0.0
 10
113.5035336111111
 20
266.6851127777778
 30
0.0
 10
109.1788308333333
 20
270.6739711111111
 30
0.0
 10
106.4963086111111
 20
273.145885
 30
0.0
 10
106.9348113888889
 20
273.0047738888888
 30
0.0
 10
109.3142975
 20
275.6611905555555
 30
0.0
 10
111.6747336111111
 20
278.2964405555555
 30
0.0
 10
116.5804613888889
 20
281.61361
 30
0.0
 10
114.6602919444444
 20
284.1645461111111
 30
0.0
 10
112.4628391666667
 20
287.077785
 30
0.0
 10
106.7443113888889
 20
283.6350266666666
 30
0.0
 10
115.6441891666666
 20
291.9948016666667
 30
0.0
 10
119.0340308333333
 20
295.17721
 30
0.0
 10
123.0793336111111
 20
290.4231766666666
 30
0.0
 10
127.1415697222222
 20
290.9212988888889
 30
0.0
 10
133.3515169444444
 20
291.6804766666666
 30
0.0
 10
129.3213836111111
 20
288.4966572222222
 30
0.0
 10
126.5425530555555
 20
283.1640683333333
 30
0.0
  0
POLYLINE
  5
313
330
1F
100
AcDbEntity
  8
DEFAULT
 62
   250
100
AcDb2dPolyline
 66
     1
 10
0.0
 20
0.0
 30
0.0
  0
VERTEX
  5
314
330
313
100
AcDbEntity
  8
DEFAULT
 62
   250
100
AcDbVertex
100
AcDb2dVertex
 10
92.93584833333333
 20
272.4455858333333
 30
0.0
  0
VERTEX
  5
315
330
313
100
AcDbEntity
  8
DEFAULT
 62
   250
100
AcDbVertex
100
AcDb2dVertex
 10
92.93584833333333
 20
273.5518969444444
 30
0.0
  0
VERTEX
  5
316
330
313
100
AcDbEntity
  8
DEFAULT
 62
   250
100
AcDbVertex
100
AcDb2dVertex
 10
94.32649833333333
 20
272.4455858333333
 30
0.0
  0
VERTEX
  5
317
330
313
100
AcDbEntity
  8
DEFAULT
 62
   250
100
AcDbVertex
100
AcDb2dVertex
 10
94.32649833333333
 20
273.5638913888889
 30
0.0
  0
SEQEND
  5
318
330
313
100
AcDbEntity
  8
DEFAULT
 62
   250
  0
POLYLINE
  5
319
330
1F
100
AcDbEntity
  8
DEFAULT
 62
   250
100
AcDb2dPolyline
 66
     1
 10
0.0
 20
0.0
 30
0.0
  0
VERTEX
  5
31A
330
319
100
AcDbEntity
  8
DEFAULT
 62
   250
100
AcDbVertex
100
AcDb2dVertex
 10
92.93768277777777
 20
257.4471327777778
 30
0.0
  0
VERTEX
  5
31B
330
319
100
AcDbEntity
  8
DEFAULT
 62
   250
100
AcDbVertex
100
AcDb2dVertex
 10
92.93768277777777
 20
258.5534438888889
 30
0.0
  0
VERTEX
  5
31C
330
319
100
AcDbEntity
  8
DEFAULT
 62
   250
100
AcDbVertex
100
AcDb2dVertex
 10
94.32833277777777
 20
257.4471327777778
 30
0.0
  0
VERTEX
  5
31D
330
319
100
AcDbEntity
  8
DEFAULT
 62
   250
100
AcDbVertex
100
AcDb2dVertex
 10
94.32833277777777
 20
258.5654383333333
 30
0.0
  0
SEQEND
  5
31E
330
319
100
AcDbEntity
  8
DEFAULT
 62
   250
  0
SPLINE
  5
31F
330
1F
100
AcDbEntity
  8
DEFAULT
 62
     3
100
AcDbSpline
210
0.0
220
0.0
230
1.0
 70
    11
 71
     3
 72
    14
 73
    10
 74
     0
 42
0.000000001
 43
0.0000000001
 40
0.0
 40
0.0
 40
0.0
 40
0.0
 40
1.0
 40
1.0
 40
1.0
 40
2.0
 40
2.0
 40
2.0
 40
3.0
 40
3.0
 40
3.0
 40
3.0
 10
97.27536777777776
 20
251.3738163888889
 30
0.0
 10
97.33533999999999
 20
252.5157580555555
 30
0.0
 10
96.98926499999999
 20
252.8374913888889
 30
0.0
 10
96.20151222222222
 20
253.3659525
 30
0.0
 10
94.90752333333333
 20
254.2341386111111
 30
0.0
 10
97.72657055555554
 20
253.7222580555556
 30
0.0
 10
98.66037333333331
 20
253.1638108333333
 30
0.0
 10
99.44777333333333
 20
252.6928525
 30
0.0
 10
97.22280388888888
 20
250.3758080555556
 30
0.0
 10
97.27536777777776
 20
251.3738163888889
 30
0.0
  0
SPLINE
  5
320
330
1F
100
AcDbEntity
  8
DEFAULT
 62
     3
100
AcDbSpline
210
0.0
220
0.0
230
1.0
 70
    11
 71
     3
 72
    14
 73
    10
 74
     0
 42
0.000000001
 43
0.0000000001
 40
0.0
 40
0.0
 40
0.0
 40
0.0
 40
1.0
 40
1.0
 40
1.0
 40
2.0
 40
2.0
 40
2.0
 40
3.0
 40
3.0
 40
3.0
 40
3.0
 10
97.11573583333333
 20
264.3228069444444
 30
0.0
 10
97.73450805555555
 20
265.2844791666666
 30
0.0
 10
97.66430527777777
 20
265.9103069444444
 30
0.0
 10
97.11573583333333
 20
266.6839486111111
 30
0.0
 10
96.53047749999999
 20
267.5090958333333
 30
0.0
 10
99.1117525
 20
266.8751541666666
 30
0.0
 10
99.1117525
 20
265.5035541666666
 30
0.0
 10
99.1117525
 20
264.0127152777777
 30
0.0
 10
96.57492749999999
 20
263.4824902777777
 30
0.0
 10
97.11573583333333
 20
264.3228069444444
 30
0.0
  0
SPLINE
  5
321
330
1F
100
AcDbEntity
  8
DEFAULT
 62
     3
100
AcDbSpline
210
0.0
220
0.0
230
1.0
 70
    11
 71
     3
 72
    26
 73
    22
 74
     0
 42
0.000000001
 43
0.0000000001
 40
0.0
 40
0.0
 40
0.0
 40
0.0
 40
1.0
 40
1.0
 40
1.0
 40
2.0
 40
2.0
 40
2.0
 40
3.0
 40
3.0
 40
3.0
 40
4.0
 40
4.0
 40
4.0
 40
5.0
 40
5.0
 40
5.0
 40
6.0
 40
6.0
 40
6.0
 40
7.0
 40
7.0
 40
7.0
 40
7.0
 10
99.17130138888888
 20
281.3807061111111
 30
0.0
 10
97.57498194444445
 20
279.2492227777777
 30
0.0
 10
97.49313749999999
 20
279.2640394444444
 30
0.0
 10
98.48938194444443
 20
279.4506588888889
 30
0.0
 10
99.4852736111111
 20
279.6376311111111
 30
0.0
 10
100.0871125
 20
280.1978422222222
 30
0.0
 10
101.4361347222222
 20
282.9992505555555
 30
0.0
 10
102.7848041666667
 20
285.8006588888888
 30
0.0
 10
104.3412597222222
 20
286.8589922222222
 30
0.0
 10
102.5360958333333
 20
286.5478422222222
 30
0.0
 10
100.7305791666667
 20
286.2366922222222
 30
0.0
 10
100.1079263888889
 20
287.170495
 30
0.0
 10
99.42318472222222
 20
287.8552366666666
 30
0.0
 10
98.73844305555555
 20
288.5399783333333
 30
0.0
 10
98.67600138888888
 20
288.6645088888889
 30
0.0
 10
97.43104861111111
 20
288.0418561111111
 30
0.0
 10
96.18609583333333
 20
287.4195561111111
 30
0.0
 10
99.92130694444442
 20
286.9214338888889
 30
0.0
 10
100.2945458333333
 20
285.3649783333333
 30
0.0
 10
100.6681375
 20
283.8085227777777
 30
0.0
 10
100.3414652777778
 20
282.9435116666666
 30
0.0
 10
99.17130138888888
 20
281.3807061111111
 30
0.0
  0
SPLINE
  5
322
330
1F
100
AcDbEntity
  8
DEFAULT
 62
     5
100
AcDbSpline
210
0.0
220
0.0
230
1.0
 70
    11
 71
     3
 72
    20
 73
    16
 74
     0
 42
0.000000001
 43
0.0000000001
 40
0.0
 40
0.0
 40
0.0
 40
0.0
 40
1.0
 40
1.0
 40
1.0
 40
2.0
 40
2.0
 40
2.0
 40
3.0
 40
3.0
 40
3.0
 40
4.0
 40
4.0
 40
4.0
 40
5.0
 40
5.0
 40
5.0
 40
5.0
 10
94.19328944444443
 20
262.7664925
 30
0.0
 10
96.22705333333332
 20
264.4725258333333
 30
0.0
 10
95.95717833333332
 20
266.6523397222222
 30
0.0
 10
94.44235055555555
 20
267.8715397222222
 30
0.0
 10
92.57509777777777
 20
269.3740202777778
 30
0.0
 10
93.59956444444443
 20
269.8351008333333
 30
0.0
 10
96.29337555555553
 20
269.0399397222222
 30
0.0
 10
98.98718666666664
 20
268.2447786111111
 30
0.0
 10
100.4099394444444
 20
268.5562813888889
 30
0.0
 10
100.4099394444444
 20
265.6303425
 30
0.0
 10
100.4099394444444
 20
262.6419619444445
 30
0.0
 10
99.12688666666665
 20
262.5174313888889
 30
0.0
 10
96.90932555555554
 20
261.8947786111111
 30
0.0
 10
94.69176444444443
 20
261.2724786111111
 30
0.0
 10
92.26394777777776
 20
261.1479480555556
 30
0.0
 10
94.19328944444443
 20
262.7664925
 30
0.0
  0
SPLINE
  5
323
330
1F
100
AcDbEntity
  8
DEFAULT
 62
     5
100
AcDbSpline
210
0.0
220
0.0
230
1.0
 70
    11
 71
     3
 72
    14
 73
    10
 74
     0
 42
0.000000001
 43
0.0000000001
 40
0.0
 40
0.0
 40
0.0
 40
0.0
 40
1.0
 40
1.0
 40
1.0
 40
2.0
 40
2.0
 40
2.0
 40
3.0
 40
3.0
 40
3.0
 40
3.0
 10
97.991295
 20
249.9419266666667
 30
0.0
 10
99.78552277777777
 20
251.84481
 30
0.0
 10
101.8510366666666
 20
253.86411
 30
0.0
 10
99.11207
 20
254.3618794444444
 30
0.0
 10
96.37275055555554
 20
254.8600016666666
 30
0.0
 10
91.14317277777778
 20
255.5193433333333
 30
0.0
 10
94.00702277777778
 20
253.6771377777777
 30
0.0
 10
97.45648388888887
 20
251.4585183333333
 30
0.0
 10
95.7747922222222
 20
247.5910155555555
 30
0.0
 10
97.991295
 20
249.9419266666667
 30
0.0
  0
SPLINE
  5
324
330
1F
100
AcDbEntity
  8
DEFAULT
 62
     5
100
AcDbSpline
210
0.0
220
0.0
230
1.0
 70
    11
 71
     3
 72
    20
 73
    16
 74
     0
 42
0.000000001
 43
0.0000000001
 40
0.0
 40
0.0
 40
0.0
 40
0.0
 40
1.0
 40
1.0
 40
1.0
 40
2.0
 40
2.0
 40
2.0
 40
3.0
 40
3.0
 40
3.0
 40
4.0
 40
4.0
 40
4.0
 40
5.0
 40
5.0
 40
5.0
 40
5.0
 10
95.33279694444442
 20
288.4916830555555
 30
0.0
 10
92.43296361111108
 20
285.3279719444444
 30
0.0
 10
101.7265413888889
 20
287.6062108333333
 30
0.0
 10
98.48663027777776
 20
282.7502247222222
 30
0.0
 10
95.17651638888887
 20
277.7894636111111
 30
0.0
 10
91.59970249999999
 20
275.9437302777778
 30
0.0
 10
97.87420805555554
 20
277.3548413888889
 30
0.0
 10
101.4231525
 20
278.1531775
 30
0.0
 10
100.1690275
 20
276.9473830555555
 30
0.0
 10
102.4737247222222
 20
281.7543330555555
 30
0.0
 10
105.6374358333333
 20
288.3533941666666
 30
0.0
 10
108.1389830555555
 20
288.9136052777778
 30
0.0
 10
103.3450858333333
 20
288.2288636111111
 30
0.0
 10
99.42078583333333
 20
287.6679469444444
 30
0.0
 10
99.4147886111111
 20
292.9455025
 30
0.0
 10
95.33279694444442
 20
288.4916830555555
 30
0.0
  0
SPLINE
  5
325
330
1F
100
AcDbEntity
  8
DEFAULT
 62
     1
100
AcDbSpline
210
0.0
220
0.0
230
1.0
 70
    11
 71
     3
 72
    83
 73
    79
 74
     0
 42
0.000000001
 43
0.0000000001
 40
1.0
 40
1.0
 40
1.0
 40
1.0
 40
2.0
 40
2.0
 40
2.0
 40
3.0
 40
3.0
 40
3.0
 40
4.0
 40
4.0
 40
4.0
 40
5.0
 40
5.0
 40
5.0
 40
13.5040014698963
 40
13.5040014698963
 40
13.5040014698963
 40
14.5040014698963
 40
14.5040014698963
 40
14.5040014698963
 40
15.5040014698963
 40
15.5040014698963
 40
15.5040014698963
 40
16.5040014698963
 40
16.5040014698963
 40
16.5040014698963
 40
17.5040014698963
 40
17.5040014698963
 40
17.5040014698963
 40
18.5040014698963
 40
18.5040014698963
 40
18.5040014698963
 40
19.5040014698963
 40
19.5040014698963
 40
19.5040014698963
 40
20.5040014698963
 40
20.5040014698963
 40
20.5040014698963
 40
21.5040014698963
 40
21.5040014698963
 40
21.5040014698963
 40
30.0080029397926
 40
30.0080029397926
 40
30.0080029397926
 40
31.0080029397926
 40
31.0080029397926
 40
31.0080029397926
 40
32.0080029397926
 40
32.0080029397926
 40
32.0080029397926
 40
33.0080029397926
 40
33.0080029397926
 40
33.0080029397926
 40
34.0080029397926
 40
34.0080029397926
 40
34.0080029397926
 40
35.0080029397926
 40
35.0080029397926
 40
35.0080029397926
 40
36.0080029397926
 40
36.0080029397926
 40
36.0080029397926
 40
37.0080029397926
 40
37.0080029397926
 40
37.0080029397926
 40
38.0080029397926
 40
38.0080029397926
 40
38.0080029397926
 40
39.0080029397926
 40
39.0080029397926
 40
39.0080029397926
 40
40.0080029397926
 40
40.0080029397926
 40
40.0080029397926
 40
41.0080029397926
 40
41.0080029397926
 40
41.0080029397926
 40
42.0080029397926
 40
42.0080029397926
 40
42.0080029397926
 40
42.0080029397926
 10
106.3570319444444
 20
283.1640683333333
 30
0.0
 10
104.9893125
 20
280.5379905555556
 30
0.0
 10
103.3411347222222
 20
277.0782988888889
 30
0.0
 10
103.3390180555556
 20
274.4980822222222
 30
0.0
 10
103.3259652777778
 20
274.4395211111111
 30
0.0
 10
102.5498541666667
 20
274.3961294444444
 30
0.0
 10
101.5885347222222
 20
274.3975405555555
 30
0.0
 10
100.6240402777778
 20
274.40001
 30
0.0
 10
100.0137347222222
 20
274.5001988888889
 30
0.0
 10
99.84016805555555
 20
274.4991405555555
 30
0.0
 10
98.96527916666668
 20
274.4994933333333
 30
0.0
 10
96.33849583333334
 20
274.504785
 30
0.0
 10
96.33849583333334
 20
274.504785
 30
0.0
 10
96.33790787037037
 20
273.5047775925926
 30
0.0
 10
96.3373199074074
 20
272.5047701851852
 30
0.0
 10
96.33673194444445
 20
271.5047627777778
 30
0.0
 10
96.33673194444445
 20
271.5047627777778
 30
0.0
 10
98.9599875
 20
271.5005294444444
 30
0.0
 10
99.83840416666666
 20
271.4994711111111
 30
0.0
 10
100.0119708333333
 20
271.5001766666667
 30
0.0
 10
100.6198069444444
 20
271.5993072222222
 30
0.0
 10
101.5885347222222
 20
271.59966
 30
0.0
 10
102.5530291666667
 20
271.5971905555555
 30
0.0
 10
103.3383125
 20
271.5520349999999
 30
0.0
 10
103.3372541666667
 20
271.49806
 30
0.0
 10
103.3337263888889
 20
269.4455988888889
 30
0.0
 10
102.6556875
 20
267.5113183333333
 30
0.0
 10
102.8285486111111
 20
264.9533266666667
 30
0.0
 10
102.9421430555555
 20
263.2793961111111
 30
0.0
 10
103.2839847222222
 20
262.3822822222222
 30
0.0
 10
103.3407819444444
 20
259.4993822222222
 30
0.0
 10
103.3284347222222
 20
259.4443488888889
 30
0.0
 10
102.5523236111111
 20
259.4009572222222
 30
0.0
 10
101.5913569444444
 20
259.4027211111111
 30
0.0
 10
100.6222763888889
 20
259.4023683333333
 30
0.0
 10
100.0154986111111
 20
259.5018516666667
 30
0.0
 10
99.84193194444444
 20
259.5007933333333
 30
0.0
 10
98.9681013888889
 20
259.5046738888889
 30
0.0
 10
96.34025972222221
 20
259.5064377777778
 30
0.0
 10
96.34025972222221
 20
259.5064377777778
 30
0.0
 10
96.33967175925925
 20
258.5064303703704
 30
0.0
 10
96.3390837962963
 20
257.506422962963
 30
0.0
 10
96.33849583333334
 20
256.5064155555556
 30
0.0
 10
96.33849583333334
 20
256.5064155555556
 30
0.0
 10
98.96175138888889
 20
256.5021822222222
 30
0.0
 10
99.83664027777778
 20
256.5018294444444
 30
0.0
 10
100.0137347222222
 20
256.5018294444444
 30
0.0
 10
100.6215708333333
 20
256.60096
 30
0.0
 10
101.5871236111111
 20
256.6020183333333
 30
0.0
 10
102.5551458333333
 20
256.5988433333333
 30
0.0
 10
103.3365486111111
 20
256.5543933333333
 30
0.0
 10
103.3390180555556
 20
256.4997127777778
 30
0.0
 10
103.3358430555555
 20
254.4976988888889
 30
0.0
 10
104.6587597222222
 20
252.6692516666666
 30
0.0
 10
99.08980972222221
 20
248.0834933333333
 30
0.0
 10
93.52332916666666
 20
243.4931488888889
 30
0.0
 10
95.07943194444444
 20
249.7426072222222
 30
0.0
 10
90.11408472222222
 20
254.0987072222222
 30
0.0
 10
86.06207916666666
 20
257.6578822222222
 30
0.0
 10
85.69554305555556
 20
257.1650516666667
 30
0.0
 10
88.83279583333334
 20
260.0747627777777
 30
0.0
 10
93.85882083333334
 20
264.7388377777777
 30
0.0
 10
93.3180125
 20
266.6851127777778
 30
0.0
 10
88.9936625
 20
270.6739711111111
 30
0.0
 10
86.3107875
 20
273.145885
 30
0.0
 10
86.74929027777777
 20
273.0047738888888
 30
0.0
 10
89.12877638888888
 20
275.6611905555555
 30
0.0
 10
91.48921250000001
 20
278.2964405555555
 30
0.0
 10
96.39494027777779
 20
281.61361
 30
0.0
 10
94.47477083333332
 20
284.1645461111111
 30
0.0
 10
92.27731805555555
 20
287.077785
 30
0.0
 10
86.55914305555555
 20
283.6350266666666
 30
0.0
 10
95.45866805555555
 20
291.9948016666667
 30
0.0
 10
98.84850972222223
 20
295.17721
 30
0.0
 10
102.8938125
 20
290.4231766666666
 30
0.0
 10
106.9560486111111
 20
290.9212988888889
 30
0.0
 10
113.1659958333333
 20
291.6804766666666
 30
0.0
 10
109.1358625
 20
288.4966572222222
 30
0.0
 10
106.3570319444444
 20
283.1640683333333
 30
0.0
  0
POLYLINE
  5
326
330
1F
100
AcDbEntity
  8
DEFAULT
 62
   250
100
AcDb2dPolyline
 66
     1
 10
0.0
 20
0.0
 30
0.0
  0
VERTEX
  5
327
330
326
100
AcDbEntity
  8
DEFAULT
 62
   250
100
AcDbVertex
100
AcDb2dVertex
 10
72.75032722222221
 20
272.4455858333333
 30
0.0
  0
VERTEX
  5
328
330
326
100
AcDbEntity
  8
DEFAULT
 62
   250
100
AcDbVertex
100
AcDb2dVertex
 10
72.75032722222221
 20
273.5518969444444
 30
0.0
  0
VERTEX
  5
329
330
326
100
AcDbEntity
  8
DEFAULT
 62
   250
100
AcDbVertex
100
AcDb2dVertex
 10
74.14097722222222
 20
272.4455858333333
 30
0.0
  0
VERTEX
  5
32A
330
326
100
AcDbEntity
  8
DEFAULT
 62
   250
100
AcDbVertex
100
AcDb2dVertex
 10
74.14097722222222
 20
273.5638913888889
 30
0.0
  0
SEQEND
  5
32B
330
326
100
AcDbEntity
  8
DEFAULT
 62
   250
  0
POLYLINE
  5
32C
330
1F
100
AcDbEntity
  8
DEFAULT
 62
   250
100
AcDb2dPolyline
 66
     1
 10
0.0
 20
0.0
 30
0.0
  0
VERTEX
  5
32D
330
32C
100
AcDbEntity
  8
DEFAULT
 62
   250
100
AcDbVertex
100
AcDb2dVertex
 10
72.75216166666665
 20
257.4471327777778
 30
0.0
  0
VERTEX
  5
32E
330
32C
100
AcDbEntity
  8
DEFAULT
 62
   250
100
AcDbVertex
100
AcDb2dVertex
 10
72.75216166666665
 20
258.5534438888889
 30
0.0
  0
VERTEX
  5
32F
330
32C
100
AcDbEntity
  8
DEFAULT
 62
   250
100
AcDbVertex
100
AcDb2dVertex
 10
74.14281166666666
 20
257.4471327777778
 30
0.0
  0
VERTEX
  5
330
330
32C
100
AcDbEntity
  8
DEFAULT
 62
   250
100
AcDbVertex
100
AcDb2dVertex
 10
74.14281166666666
 20
258.5654383333333
 30
0.0
  0
SEQEND
  5
331
330
32C
100
AcDbEntity
  8
DEFAULT
 62
   250
  0
SPLINE
  5
332
330
1F
100
AcDbEntity
  8
DEFAULT
 62
     3
100
AcDbSpline
210
0.0
220
0.0
230
1.0
 70
    11
 71
     3
 72
    14
 73
    10
 74
     0
 42
0.000000001
 43
0.0000000001
 40
0.0
 40
0.0
 40
0.0
 40
0.0
 40
1.0
 40
1.0
 40
1.0
 40
2.0
 40
2.0
 40
2.0
 40
3.0
 40
3.0
 40
3.0
 40
3.0
 10
77.08984666666666
 20
251.3738163888889
 30
0.0
 10
77.14981888888887
 20
252.5157580555555
 30
0.0
 10
76.80374388888887
 20
252.8374913888889
 30
0.0
 10
76.0159911111111
 20
253.3659525
 30
0.0
 10
74.72200222222222
 20
254.2341386111111
 30
0.0
 10
77.54104944444444
 20
253.7222580555556
 30
0.0
 10
78.47485222222221
 20
253.1638108333333
 30
0.0
 10
79.26225222222222
 20
252.6928525
 30
0.0
 10
77.03728277777778
 20
250.3758080555556
 30
0.0
 10
77.08984666666666
 20
251.3738163888889
 30
0.0
  0
SPLINE
  5
333
330
1F
100
AcDbEntity
  8
DEFAULT
 62
     3
100
AcDbSpline
210
0.0
220
0.0
230
1.0
 70
    11
 71
     3
 72
    14
 73
    10
 74
     0
 42
0.000000001
 43
0.0000000001
 40
0.0
 40
0.0
 40
0.0
 40
0.0
 40
1.0
 40
1.0
 40
1.0
 40
2.0
 40
2.0
 40
2.0
 40
3.0
 40
3.0
 40
3.0
 40
3.0
 10
76.93021472222222
 20
264.3228069444444
 30
0.0
 10
77.54898694444444
 20
265.2844791666666
 30
0.0
 10
77.47878416666666
 20
265.9103069444444
 30
0.0
 10
76.93021472222222
 20
266.6839486111111
 30
0.0
 10
76.34495638888887
 20
267.5090958333333
 30
0.0
 10
78.92623138888888
 20
266.8751541666666
 30
0.0
 10
78.92623138888888
 20
265.5035541666666
 30
0.0
 10
78.92623138888888
 20
264.0127152777777
 30
0.0
 10
76.38940638888889
 20
263.4824902777777
 30
0.0
 10
76.93021472222222
 20
264.3228069444444
 30
0.0
  0
SPLINE
  5
334
330
1F
100
AcDbEntity
  8
DEFAULT
 62
     3
100
AcDbSpline
210
0.0
220
0.0
230
1.0
 70
    11
 71
     3
 72
    26
 73
    22
 74
     0
 42
0.000000001
 43
0.0000000001
 40
0.0
 40
0.0
 40
0.0
 40
0.0
 40
1.0
 40
1.0
 40
1.0
 40
2.0
 40
2.0
 40
2.0
 40
3.0
 40
3.0
 40
3.0
 40
4.0
 40
4.0
 40
4.0
 40
5.0
 40
5.0
 40
5.0
 40
6.0
 40
6.0
 40
6.0
 40
7.0
 40
7.0
 40
7.0
 40
7.0
 10
78.98578027777778
 20
281.3807061111111
 30
0.0
 10
77.38946083333333
 20
279.2492227777777
 30
0.0
 10
77.30761638888889
 20
279.2640394444444
 30
0.0
 10
78.30386083333333
 20
279.4506588888889
 30
0.0
 10
79.2997525
 20
279.6376311111111
 30
0.0
 10
79.90159138888889
 20
280.1978422222222
 30
0.0
 10
81.2506136111111
 20
282.9992505555555
 30
0.0
 10
82.59928305555555
 20
285.8006588888888
 30
0.0
 10
84.1557386111111
 20
286.8589922222222
 30
0.0
 10
82.35057472222222
 20
286.5478422222222
 30
0.0
 10
80.54505805555554
 20
286.2366922222222
 30
0.0
 10
79.92240527777777
 20
287.170495
 30
0.0
 10
79.2376636111111
 20
287.8552366666666
 30
0.0
 10
78.55292194444444
 20
288.5399783333333
 30
0.0
 10
78.49048027777778
 20
288.6645088888889
 30
0.0
 10
77.2455275
 20
288.0418561111111
 30
0.0
 10
76.00057472222223
 20
287.4195561111111
 30
0.0
 10
79.73578583333334
 20
286.9214338888889
 30
0.0
 10
80.1093775
 20
285.3649783333333
 30
0.0
 10
80.48261638888889
 20
283.8085227777777
 30
0.0
 10
80.15594416666667
 20
282.9435116666666
 30
0.0
 10
78.98578027777778
 20
281.3807061111111
 30
0.0
  0
SPLINE
  5
335
330
1F
100
AcDbEntity
  8
DEFAULT
 62
     5
100
AcDbSpline
210
0.0
220
0.0
230
1.0
 70
    11
 71
     3
 72
    20
 73
    16
 74
     0
 42
0.000000001
 43
0.0000000001
 40
0.0
 40
0.0
 40
0.0
 40
0.0
 40
1.0
 40
1.0
 40
1.0
 40
2.0
 40
2.0
 40
2.0
 40
3.0
 40
3.0
 40
3.0
 40
4.0
 40
4.0
 40
4.0
 40
5.0
 40
5.0
 40
5.0
 40
5.0
 10
74.00776833333333
 20
262.7664925
 30
0.0
 10
76.0415322222222
 20
264.4725258333333
 30
0.0
 10
75.77165722222222
 20
266.6523397222222
 30
0.0
 10
74.25682944444443
 20
267.8715397222222
 30
0.0
 10
72.38957666666666
 20
269.3740202777778
 30
0.0
 10
73.41404333333332
 20
269.8351008333333
 30
0.0
 10
76.10785444444444
 20
269.0399397222222
 30
0.0
 10
78.80201833333332
 20
268.2447786111111
 30
0.0
 10
80.22441833333333
 20
268.5562813888889
 30
0.0
 10
80.22441833333333
 20
265.6303425
 30
0.0
 10
80.22441833333333
 20
262.6419619444445
 30
0.0
 10
78.94136555555555
 20
262.5174313888889
 30
0.0
 10
76.72380444444444
 20
261.8947786111111
 30
0.0
 10
74.50624333333333
 20
261.2724786111111
 30
0.0
 10
72.07842666666666
 20
261.1479480555556
 30
0.0
 10
74.00776833333333
 20
262.7664925
 30
0.0
  0
SPLINE
  5
336
330
1F
100
AcDbEntity
  8
DEFAULT
 62
     5
100
AcDbSpline
210
0.0
220
0.0
230
1.0
 70
    11
 71
     3
 72
    14
 73
    10
 74
     0
 42
0.000000001
 43
0.0000000001
 40
0.0
 40
0.0
 40
0.0
 40
0.0
 40
1.0
 40
1.0
 40
1.0
 40
2.0
 40
2.0
 40
2.0
 40
3.0
 40
3.0
 40
3.0
 40
3.0
 10
77.80577388888888
 20
249.9419266666667
 30
0.0
 10
79.60000166666666
 20
251.84481
 30
0.0
 10
81.66551555555554
 20
253.86411
 30
0.0
 10
78.9261961111111
 20
254.3618794444444
 30
0.0
 10
76.18722944444444
 20
254.8600016666666
 30
0.0
 10
70.95765166666665
 20
255.5193433333333
 30
0.0
 10
73.82150166666665
 20
253.6771377777777
 30
0.0
 10
77.27096277777777
 20
251.4585183333333
 30
0.0
 10
75.5892711111111
 20
247.5910155555555
 30
0.0
 10
77.80577388888888
 20
249.9419266666667
 30
0.0
  0
SPLINE
  5
337
330
1F
100
AcDbEntity
  8
DEFAULT
 62
     5
100
AcDbSpline
210
0.0
220
0.0
230
1.0
 70
    11
 71
     3
 72
    20
 73
    16
 74
     0
 42
0.000000001
 43
0.0000000001
 40
0.0
 40
0.0
 40
0.0
 40
0.0
 40
1.0
 40
1.0
 40
1.0
 40
2.0
 40
2.0
 40
2.0
 40
3.0
 40
3.0
 40
3.0
 40
4.0
 40
4.0
 40
4.0
 40
5.0
 40
5.0
 40
5.0
 40
5.0
 10
75.14727583333332
 20
288.4916830555555
 30
0.0
 10
72.24744249999999
 20
285.3279719444444
 30
0.0
 10
81.54102027777776
 20
287.6062108333333
 30
0.0
 10
78.30110916666665
 20
282.7502247222222
 30
0.0
 10
74.99099527777776
 20
277.7894636111111
 30
0.0
 10
71.41418138888888
 20
275.9437302777778
 30
0.0
 10
77.68868694444444
 20
277.3548413888889
 30
0.0
 10
81.23763138888889
 20
278.1531775
 30
0.0
 10
79.98350638888888
 20
276.9473830555555
 30
0.0
 10
82.2882036111111
 20
281.7543330555555
 30
0.0
 10
85.45191472222221
 20
288.3533941666666
 30
0.0
 10
87.95346194444443
 20
288.9136052777778
 30
0.0
 10
83.1595647222222
 20
288.2288636111111
 30
0.0
 10
79.23526472222221
 20
287.6679469444444
 30
0.0
 10
79.22926749999999
 20
292.9455025
 30
0.0
 10
75.14727583333332
 20
288.4916830555555
 30
0.0
  0
SPLINE
  5
338
330
1F
100
AcDbEntity
  8
DEFAULT
 62
     1
100
AcDbSpline
210
0.0
220
0.0
230
1.0
 70
    11
 71
     3
 72
    83
 73
    79
 74
     0
 42
0.000000001
 43
0.0000000001
 40
1.0
 40
1.0
 40
1.0
 40
1.0
 40
2.0
 40
2.0
 40
2.0
 40
3.0
 40
3.0
 40
3.0
 40
4.0
 40
4.0
 40
4.0
 40
5.0
 40
5.0
 40
5.0
 40
13.5040014698963
 40
13.5040014698963
 40
13.5040014698963
 40
14.5040014698963
 40
14.5040014698963
 40
14.5040014698963
 40
15.5040014698963
 40
15.5040014698963
 40
15.5040014698963
 40
16.5040014698963
 40
16.5040014698963
 40
16.5040014698963
 40
17.5040014698963
 40
17.5040014698963
 40
17.5040014698963
 40
18.5040014698963
 40
18.5040014698963
 40
18.5040014698963
 40
19.5040014698963
 40
19.5040014698963
 40
19.5040014698963
 40
20.5040014698963
 40
20.5040014698963
 40
20.5040014698963
 40
21.5040014698963
 40
21.5040014698963
 40
21.5040014698963
 40
30.0080029397926
 40
30.0080029397926
 40
30.0080029397926
 40
31.0080029397926
 40
31.0080029397926
 40
31.0080029397926
 40
32.0080029397926
 40
32.0080029397926
 40
32.0080029397926
 40
33.0080029397926
 40
33.0080029397926
 40
33.0080029397926
 40
34.0080029397926
 40
34.0080029397926
 40
34.0080029397926
 40
35.0080029397926
 40
35.0080029397926
 40
35.0080029397926
 40
36.0080029397926
 40
36.0080029397926
 40
36.0080029397926
 40
37.0080029397926
 40
37.0080029397926
 40
37.0080029397926
 40
38.0080029397926
 40
38.0080029397926
 40
38.0080029397926
 40
39.0080029397926
 40
39.0080029397926
 40
39.0080029397926
 40
40.0080029397926
 40
40.0080029397926
 40
40.0080029397926
 40
41.0080029397926
 40
41.0080029397926
 40
41.0080029397926
 40
42.0080029397926
 40
42.0080029397926
 40
42.0080029397926
 40
42.0080029397926
 10
86.17151083333333
 20
283.1640683333333
 30
0.0
 10
84.80379138888888
 20
280.5379905555556
 30
0.0
 10
83.15561361111111
 20
277.0782988888889
 30
0.0
 10
83.15349694444444
 20
274.4980822222222
 30
0.0
 10
83.14044416666665
 20
274.4395211111111
 30
0.0
 10
82.36433305555555
 20
274.3961294444444
 30
0.0
 10
81.4030136111111
 20
274.3975405555555
 30
0.0
 10
80.43851916666667
 20
274.40001
 30
0.0
 10
79.82821361111111
 20
274.5001988888889
 30
0.0
 10
79.65464694444445
 20
274.4991405555555
 30
0.0
 10
78.77975805555555
 20
274.4994933333333
 30
0.0
 10
76.15297472222221
 20
274.504785
 30
0.0
 10
76.15297472222221
 20
274.504785
 30
0.0
 10
76.15238675925924
 20
273.5047775925926
 30
0.0
 10
76.15179879629629
 20
272.5047701851852
 30
0.0
 10
76.15121083333334
 20
271.5047627777778
 30
0.0
 10
76.15121083333334
 20
271.5047627777778
 30
0.0
 10
78.77446638888888
 20
271.5005294444444
 30
0.0
 10
79.65253027777777
 20
271.4994711111111
 30
0.0
 10
79.82644972222222
 20
271.5001766666667
 30
0.0
 10
80.43428583333333
 20
271.5993072222222
 30
0.0
 10
81.4030136111111
 20
271.59966
 30
0.0
 10
82.36750805555556
 20
271.5971905555555
 30
0.0
 10
83.15279138888889
 20
271.5520349999999
 30
0.0
 10
83.15138027777778
 20
271.49806
 30
0.0
 10
83.14820527777778
 20
269.4455988888889
 30
0.0
 10
82.47016638888888
 20
267.5113183333333
 30
0.0
 10
82.64302749999999
 20
264.9533266666667
 30
0.0
 10
82.75662194444443
 20
263.2793961111111
 30
0.0
 10
83.0984636111111
 20
262.3822822222222
 30
0.0
 10
83.15526083333333
 20
259.4993822222222
 30
0.0
 10
83.1429136111111
 20
259.4443488888889
 30
0.0
 10
82.36680249999999
 20
259.4009572222222
 30
0.0
 10
81.40583583333333
 20
259.4027211111111
 30
0.0
 10
80.43675527777778
 20
259.4023683333333
 30
0.0
 10
79.8299775
 20
259.5018516666667
 30
0.0
 10
79.65641083333334
 20
259.5007933333333
 30
0.0
 10
78.78258027777778
 20
259.5046738888889
 30
0.0
 10
76.1547386111111
 20
259.5064377777778
 30
0.0
 10
76.1547386111111
 20
259.5064377777778
 30
0.0
 10
76.15415064814813
 20
258.5064303703704
 30
0.0
 10
76.15356268518518
 20
257.506422962963
 30
0.0
 10
76.15297472222221
 20
256.5064155555556
 30
0.0
 10
76.15297472222221
 20
256.5064155555556
 30
0.0
 10
78.77623027777777
 20
256.5021822222222
 30
0.0
 10
79.65111916666666
 20
256.5018294444444
 30
0.0
 10
79.82821361111111
 20
256.5018294444444
 30
0.0
 10
80.43604972222221
 20
256.60096
 30
0.0
 10
81.4016025
 20
256.6020183333333
 30
0.0
 10
82.36962472222223
 20
256.5988433333333
 30
0.0
 10
83.1510275
 20
256.5543933333333
 30
0.0
 10
83.15349694444444
 20
256.4997127777778
 30
0.0
 10
83.15032194444444
 20
254.4976988888889
 30
0.0
 10
84.47323861111111
 20
252.6692516666666
 30
0.0
 10
78.90428861111111
 20
248.0834933333333
 30
0.0
 10
73.33816083333332
 20
243.4931488888889
 30
0.0
 10
74.89391083333334
 20
249.7426072222222
 30
0.0
 10
69.9285636111111
 20
254.0987072222222
 30
0.0
 10
65.87655805555555
 20
257.6578822222222
 30
0.0
 10
65.51002194444443
 20
257.1650516666667
 30
0.0
 10
68.64727472222222
 20
260.0747627777777
 30
0.0
 10
73.67329972222223
 20
264.7388377777777
 30
0.0
 10
73.1324913888889
 20
266.6851127777778
 30
0.0
 10
68.80814138888888
 20
270.6739711111111
 30
0.0
 10
66.12526638888889
 20
273.145885
 30
0.0
 10
66.56376916666667
 20
273.0047738888888
 30
0.0
 10
68.94325527777778
 20
275.6611905555555
 30
0.0
 10
71.30369138888888
 20
278.2964405555555
 30
0.0
 10
76.20941916666666
 20
281.61361
 30
0.0
 10
74.28924972222222
 20
284.1645461111111
 30
0.0
 10
72.09179694444444
 20
287.077785
 30
0.0
 10
66.37362194444444
 20
283.6350266666666
 30
0.0
 10
75.27314694444443
 20
291.9948016666667
 30
0.0
 10
78.6629886111111
 20
295.17721
 30
0.0
 10
82.70829138888888
 20
290.4231766666666
 30
0.0
 10
86.7705275
 20
290.9212988888889
 30
0.0
 10
92.98047472222223
 20
291.6804766666666
 30
0.0
 10
88.95034138888889
 20
288.4966572222222
 30
0.0
 10
86.17151083333333
 20
283.1640683333333
 30
0.0
  0
POLYLINE
  5
339
330
1F
100
AcDbEntity
  8
DEFAULT
 62
   250
100
AcDb2dPolyline
 66
     1
 10
0.0
 20
0.0
 30
0.0
  0
VERTEX
  5
33A
330
339
100
AcDbEntity
  8
DEFAULT
 62
   250
100
AcDbVertex
100
AcDb2dVertex
 10
52.5648061111111
 20
272.4455858333333
 30
0.0
  0
VERTEX
  5
33B
330
339
100
AcDbEntity
  8
DEFAULT
 62
   250
100
AcDbVertex
100
AcDb2dVertex
 10
52.5648061111111
 20
273.5518969444444
 30
0.0
  0
VERTEX
  5
33C
330
339
100
AcDbEntity
  8
DEFAULT
 62
   250
100
AcDbVertex
100
AcDb2dVertex
 10
53.95545611111111
 20
272.4455858333333
 30
0.0
  0
VERTEX
  5
33D
330
339
100
AcDbEntity
  8
DEFAULT
 62
   250
100
AcDbVertex
100
AcDb2dVertex
 10
53.95545611111111
 20
273.5638913888889
 30
0.0
  0
SEQEND
  5
33E
330
339
100
AcDbEntity
  8
DEFAULT
 62
   250
  0
POLYLINE
  5
33F
330
1F
100
AcDbEntity
  8
DEFAULT
 62
   250
100
AcDb2dPolyline
 66
     1
 10
0.0
 20
0.0
 30
0.0
  0
VERTEX
  5
340
330
33F
100
AcDbEntity
  8
DEFAULT
 62
   250
100
AcDbVertex
100
AcDb2dVertex
 10
52.56664055555555
 20
257.4471327777778
 30
0.0
  0
VERTEX
  5
341
330
33F
100
AcDbEntity
  8
DEFAULT
 62
   250
100
AcDbVertex
100
AcDb2dVertex
 10
52.56664055555555
 20
258.5534438888889
 30
0.0
  0
VERTEX
  5
342
330
33F
100
AcDbEntity
  8
DEFAULT
 62
   250
100
AcDbVertex
100
AcDb2dVertex
 10
53.95729055555555
 20
257.4471327777778
 30
0.0
  0
VERTEX
  5
343
330
33F
100
AcDbEntity
  8
DEFAULT
 62
   250
100
AcDbVertex
100
AcDb2dVertex
 10
53.95729055555555
 20
258.5654383333333
 30
0.0
  0
SEQEND
  5
344
330
33F
100
AcDbEntity
  8
DEFAULT
 62
   250
  0
SPLINE
  5
345
330
1F
100
AcDbEntity
  8
DEFAULT
 62
     3
100
AcDbSpline
210
0.0
220
0.0
230
1.0
 70
    11
 71
     3
 72
    14
 73
    10
 74
     0
 42
0.000000001
 43
0.0000000001
 40
0.0
 40
0.0
 40
0.0
 40
0.0
 40
1.0
 40
1.0
 40
1.0
 40
2.0
 40
2.0
 40
2.0
 40
3.0
 40
3.0
 40
3.0
 40
3.0
 10
56.90432555555554
 20
251.3738163888889
 30
0.0
 10
56.96429777777777
 20
252.5157580555555
 30
0.0
 10
56.61822277777777
 20
252.8374913888889
 30
0.0
 10
55.83046999999998
 20
253.3659525
 30
0.0
 10
54.53648111111111
 20
254.2341386111111
 30
0.0
 10
57.35552833333333
 20
253.7222580555556
 30
0.0
 10
58.2893311111111
 20
253.1638108333333
 30
0.0
 10
59.07673111111109
 20
252.6928525
 30
0.0
 10
56.85176166666665
 20
250.3758080555556
 30
0.0
 10
56.90432555555554
 20
251.3738163888889
 30
0.0
  0
SPLINE
  5
346
330
1F
100
AcDbEntity
  8
DEFAULT
 62
     3
100
AcDbSpline
210
0.0
220
0.0
230
1.0
 70
    11
 71
     3
 72
    14
 73
    10
 74
     0
 42
0.000000001
 43
0.0000000001
 40
0.0
 40
0.0
 40
0.0
 40
0.0
 40
1.0
 40
1.0
 40
1.0
 40
2.0
 40
2.0
 40
2.0
 40
3.0
 40
3.0
 40
3.0
 40
3.0
 10
56.74469361111111
 20
264.3228069444444
 30
0.0
 10
57.36346583333333
 20
265.2844791666666
 30
0.0
 10
57.29326305555556
 20
265.9103069444444
 30
0.0
 10
56.74469361111111
 20
266.6839486111111
 30
0.0
 10
56.15943527777777
 20
267.5090958333333
 30
0.0
 10
58.74071027777777
 20
266.8751541666666
 30
0.0
 10
58.74071027777777
 20
265.5035541666666
 30
0.0
 10
58.74071027777777
 20
264.0127152777777
 30
0.0
 10
56.20388527777778
 20
263.4824902777777
 30
0.0
 10
56.74469361111111
 20
264.3228069444444
 30
0.0
  0
SPLINE
  5
347
330
1F
100
AcDbEntity
  8
DEFAULT
 62
     3
100
AcDbSpline
210
0.0
220
0.0
230
1.0
 70
    11
 71
     3
 72
    26
 73
    22
 74
     0
 42
0.000000001
 43
0.0000000001
 40
0.0
 40
0.0
 40
0.0
 40
0.0
 40
1.0
 40
1.0
 40
1.0
 40
2.0
 40
2.0
 40
2.0
 40
3.0
 40
3.0
 40
3.0
 40
4.0
 40
4.0
 40
4.0
 40
5.0
 40
5.0
 40
5.0
 40
6.0
 40
6.0
 40
6.0
 40
7.0
 40
7.0
 40
7.0
 40
7.0
 10
58.80025916666666
 20
281.3807061111111
 30
0.0
 10
57.20393972222222
 20
279.2492227777777
 30
0.0
 10
57.12209527777777
 20
279.2640394444444
 30
0.0
 10
58.11833972222222
 20
279.4506588888889
 30
0.0
 10
59.11423138888888
 20
279.6376311111111
 30
0.0
 10
59.71607027777777
 20
280.1978422222222
 30
0.0
 10
61.06509249999998
 20
282.9992505555555
 30
0.0
 10
62.41376194444444
 20
285.8006588888888
 30
0.0
 10
63.97021749999999
 20
286.8589922222222
 30
0.0
 10
62.16470083333333
 20
286.5478422222222
 30
0.0
 10
60.35953694444444
 20
286.2366922222222
 30
0.0
 10
59.73688416666666
 20
287.170495
 30
0.0
 10
59.0521425
 20
287.8552366666666
 30
0.0
 10
58.36740083333333
 20
288.5399783333333
 30
0.0
 10
58.30495916666666
 20
288.6645088888889
 30
0.0
 10
57.06000638888889
 20
288.0418561111111
 30
0.0
 10
55.81470083333333
 20
287.4195561111111
 30
0.0
 10
59.55026472222222
 20
286.9214338888889
 30
0.0
 10
59.9235036111111
 20
285.3649783333333
 30
0.0
 10
60.29709527777777
 20
283.8085227777777
 30
0.0
 10
59.97042305555555
 20
282.9435116666666
 30
0.0
 10
58.80025916666666
 20
281.3807061111111
 30
0.0
  0
SPLINE
  5
348
330
1F
100
AcDbEntity
  8
DEFAULT
 62
     5
100
AcDbSpline
210
0.0
220
0.0
230
1.0
 70
    11
 71
     3
 72
    20
 73
    16
 74
     0
 42
0.000000001
 43
0.0000000001
 40
0.0
 40
0.0
 40
0.0
 40
0.0
 40
1.0
 40
1.0
 40
1.0
 40
2.0
 40
2.0
 40
2.0
 40
3.0
 40
3.0
 40
3.0
 40
4.0
 40
4.0
 40
4.0
 40
5.0
 40
5.0
 40
5.0
 40
5.0
 10
53.82224722222222
 20
262.7664925
 30
0.0
 10
55.8560111111111
 20
264.4725258333333
 30
0.0
 10
55.58613611111111
 20
266.6523397222222
 30
0.0
 10
54.07130833333333
 20
267.8715397222222
 30
0.0
 10
52.20405555555556
 20
269.3740202777778
 30
0.0
 10
53.22852222222222
 20
269.8351008333333
 30
0.0
 10
55.92233333333333
 20
269.0399397222222
 30
0.0
 10
58.61614444444444
 20
268.2447786111111
 30
0.0
 10
60.03889722222223
 20
268.5562813888889
 30
0.0
 10
60.03889722222223
 20
265.6303425
 30
0.0
 10
60.03889722222223
 20
262.6419619444445
 30
0.0
 10
58.75584444444445
 20
262.5174313888889
 30
0.0
 10
56.53828333333333
 20
261.8947786111111
 30
0.0
 10
54.32072222222222
 20
261.2724786111111
 30
0.0
 10
51.89290555555556
 20
261.1479480555556
 30
0.0
 10
53.82224722222222
 20
262.7664925
 30
0.0
  0
SPLINE
  5
349
330
1F
100
AcDbEntity
  8
DEFAULT
 62
     5
100
AcDbSpline
210
0.0
220
0.0
230
1.0
 70
    11
 71
     3
 72
    14
 73
    10
 74
     0
 42
0.000000001
 43
0.0000000001
 40
0.0
 40
0.0
 40
0.0
 40
0.0
 40
1.0
 40
1.0
 40
1.0
 40
2.0
 40
2.0
 40
2.0
 40
3.0
 40
3.0
 40
3.0
 40
3.0
 10
57.62025277777777
 20
249.9419266666667
 30
0.0
 10
59.41448055555556
 20
251.84481
 30
0.0
 10
61.47999444444444
 20
253.86411
 30
0.0
 10
58.74102777777777
 20
254.3618794444444
 30
0.0
 10
56.00170833333333
 20
254.8600016666666
 30
0.0
 10
50.77213055555555
 20
255.5193433333333
 30
0.0
 10
53.63598055555555
 20
253.6771377777777
 30
0.0
 10
57.08544166666666
 20
251.4585183333333
 30
0.0
 10
55.40375
 20
247.5910155555555
 30
0.0
 10
57.62025277777777
 20
249.9419266666667
 30
0.0
  0
SPLINE
  5
34A
330
1F
100
AcDbEntity
  8
DEFAULT
 62
     5
100
AcDbSpline
210
0.0
220
0.0
230
1.0
 70
    11
 71
     3
 72
    20
 73
    16
 74
     0
 42
0.000000001
 43
0.0000000001
 40
0.0
 40
0.0
 40
0.0
 40
0.0
 40
1.0
 40
1.0
 40
1.0
 40
2.0
 40
2.0
 40
2.0
 40
3.0
 40
3.0
 40
3.0
 40
4.0
 40
4.0
 40
4.0
 40
5.0
 40
5.0
 40
5.0
 40
5.0
 10
54.96175472222222
 20
288.4916830555555
 30
0.0
 10
52.06192138888888
 20
285.3279719444444
 30
0.0
 10
61.35549916666666
 20
287.6062108333333
 30
0.0
 10
58.11558805555555
 20
282.7502247222222
 30
0.0
 10
54.80547416666666
 20
277.7894636111111
 30
0.0
 10
51.22866027777778
 20
275.9437302777778
 30
0.0
 10
57.50316583333333
 20
277.3548413888889
 30
0.0
 10
61.05211027777778
 20
278.1531775
 30
0.0
 10
59.79798527777778
 20
276.9473830555555
 30
0.0
 10
62.10268249999999
 20
281.7543330555555
 30
0.0
 10
65.26639361111111
 20
288.3533941666666
 30
0.0
 10
67.76794083333333
 20
288.9136052777778
 30
0.0
 10
62.9740436111111
 20
288.2288636111111
 30
0.0
 10
59.0497436111111
 20
287.6679469444444
 30
0.0
 10
59.04374638888888
 20
292.9455025
 30
0.0
 10
54.96175472222222
 20
288.4916830555555
 30
0.0
  0
SPLINE
  5
34B
330
1F
100
AcDbEntity
  8
DEFAULT
 62
     1
100
AcDbSpline
210
0.0
220
0.0
230
1.0
 70
    11
 71
     3
 72
    83
 73
    79
 74
     0
 42
0.000000001
 43
0.0000000001
 40
1.0
 40
1.0
 40
1.0
 40
1.0
 40
2.0
 40
2.0
 40
2.0
 40
3.0
 40
3.0
 40
3.0
 40
4.0
 40
4.0
 40
4.0
 40
5.0
 40
5.0
 40
5.0
 40
13.5040014698963
 40
13.5040014698963
 40
13.5040014698963
 40
14.5040014698963
 40
14.5040014698963
 40
14.5040014698963
 40
15.5040014698963
 40
15.5040014698963
 40
15.5040014698963
 40
16.5040014698963
 40
16.5040014698963
 40
16.5040014698963
 40
17.5040014698963
 40
17.5040014698963
 40
17.5040014698963
 40
18.5040014698963
 40
18.5040014698963
 40
18.5040014698963
 40
19.5040014698963
 40
19.5040014698963
 40
19.5040014698963
 40
20.5040014698963
 40
20.5040014698963
 40
20.5040014698963
 40
21.5040014698963
 40
21.5040014698963
 40
21.5040014698963
 40
30.0080029397926
 40
30.0080029397926
 40
30.0080029397926
 40
31.0080029397926
 40
31.0080029397926
 40
31.0080029397926
 40
32.0080029397926
 40
32.0080029397926
 40
32.0080029397926
 40
33.0080029397926
 40
33.0080029397926
 40
33.0080029397926
 40
34.0080029397926
 40
34.0080029397926
 40
34.0080029397926
 40
35.0080029397926
 40
35.0080029397926
 40
35.0080029397926
 40
36.0080029397926
 40
36.0080029397926
 40
36.0080029397926
 40
37.0080029397926
 40
37.0080029397926
 40
37.0080029397926
 40
38.0080029397926
 40
38.0080029397926
 40
38.0080029397926
 40
39.0080029397926
 40
39.0080029397926
 40
39.0080029397926
 40
40.0080029397926
 40
40.0080029397926
 40
40.0080029397926
 40
41.0080029397926
 40
41.0080029397926
 40
41.0080029397926
 40
42.0080029397926
 40
42.0080029397926
 40
42.0080029397926
 40
42.0080029397926
 10
65.98598972222221
 20
283.1640683333333
 30
0.0
 10
64.61827027777777
 20
280.5379905555556
 30
0.0
 10
62.97009249999999
 20
277.0782988888889
 30
0.0
 10
62.96797583333332
 20
274.4980822222222
 30
0.0
 10
62.95492305555554
 20
274.4395211111111
 30
0.0
 10
62.17881194444443
 20
274.3961294444444
 30
0.0
 10
61.21749249999999
 20
274.3975405555555
 30
0.0
 10
60.25299805555554
 20
274.40001
 30
0.0
 10
59.6426925
 20
274.5001988888889
 30
0.0
 10
59.46912583333332
 20
274.4991405555555
 30
0.0
 10
58.59423694444443
 20
274.4994933333333
 30
0.0
 10
55.9674536111111
 20
274.504785
 30
0.0
 10
55.9674536111111
 20
274.504785
 30
0.0
 10
55.96686564814814
 20
273.5047775925926
 30
0.0
 10
55.96627768518518
 20
272.5047701851852
 30
0.0
 10
55.96568972222222
 20
271.5047627777778
 30
0.0
 10
55.96568972222222
 20
271.5047627777778
 30
0.0
 10
58.58894527777777
 20
271.5005294444444
 30
0.0
 10
59.46700916666666
 20
271.4994711111111
 30
0.0
 10
59.64092861111111
 20
271.5001766666667
 30
0.0
 10
60.24876472222221
 20
271.5993072222222
 30
0.0
 10
61.21749249999999
 20
271.59966
 30
0.0
 10
62.18198694444444
 20
271.5971905555555
 30
0.0
 10
62.96727027777777
 20
271.5520349999999
 30
0.0
 10
62.96585916666665
 20
271.49806
 30
0.0
 10
62.96268416666666
 20
269.4455988888889
 30
0.0
 10
62.28464527777777
 20
267.5113183333333
 30
0.0
 10
62.45750638888888
 20
264.9533266666667
 30
0.0
 10
62.57110083333333
 20
263.2793961111111
 30
0.0
 10
62.91294249999999
 20
262.3822822222222
 30
0.0
 10
62.96973972222221
 20
259.4993822222222
 30
0.0
 10
62.95739249999999
 20
259.4443488888889
 30
0.0
 10
62.18128138888888
 20
259.4009572222222
 30
0.0
 10
61.22031472222221
 20
259.4027211111111
 30
0.0
 10
60.25123416666666
 20
259.4023683333333
 30
0.0
 10
59.64445638888888
 20
259.5018516666667
 30
0.0
 10
59.47088972222222
 20
259.5007933333333
 30
0.0
 10
58.59670638888888
 20
259.5046738888889
 30
0.0
 10
55.96921749999999
 20
259.5064377777778
 30
0.0
 10
55.96921749999999
 20
259.5064377777778
 30
0.0
 10
55.96862953703703
 20
258.5064303703704
 30
0.0
 10
55.96804157407407
 20
257.506422962963
 30
0.0
 10
55.9674536111111
 20
256.5064155555556
 30
0.0
 10
55.9674536111111
 20
256.5064155555556
 30
0.0
 10
58.59070916666666
 20
256.5021822222222
 30
0.0
 10
59.46559805555555
 20
256.5018294444444
 30
0.0
 10
59.6426925
 20
256.5018294444444
 30
0.0
 10
60.2505286111111
 20
256.60096
 30
0.0
 10
61.21608138888887
 20
256.6020183333333
 30
0.0
 10
62.18410361111111
 20
256.5988433333333
 30
0.0
 10
62.96550638888888
 20
256.5543933333333
 30
0.0
 10
62.96797583333332
 20
256.4997127777778
 30
0.0
 10
62.96480083333333
 20
254.4976988888889
 30
0.0
 10
64.2877175
 20
252.6692516666666
 30
0.0
 10
58.71876749999999
 20
248.0834933333333
 30
0.0
 10
53.15228694444444
 20
243.4931488888889
 30
0.0
 10
54.70838972222222
 20
249.7426072222222
 30
0.0
 10
49.74304249999999
 20
254.0987072222222
 30
0.0
 10
45.69103694444444
 20
257.6578822222222
 30
0.0
 10
45.32414805555554
 20
257.1650516666667
 30
0.0
 10
48.4617536111111
 20
260.0747627777777
 30
0.0
 10
53.4877786111111
 20
264.7388377777777
 30
0.0
 10
52.94697027777777
 20
266.6851127777778
 30
0.0
 10
48.62226749999999
 20
270.6739711111111
 30
0.0
 10
45.93974527777777
 20
273.145885
 30
0.0
 10
46.37824805555555
 20
273.0047738888888
 30
0.0
 10
48.75773416666666
 20
275.6611905555555
 30
0.0
 10
51.11817027777776
 20
278.2964405555555
 30
0.0
 10
56.02389805555555
 20
281.61361
 30
0.0
 10
54.10337583333333
 20
284.1645461111111
 30
0.0
 10
51.90627583333332
 20
287.077785
 30
0.0
 10
46.18810083333332
 20
283.6350266666666
 30
0.0
 10
55.08762583333333
 20
291.9948016666667
 30
0.0
 10
58.4774675
 20
295.17721
 30
0.0
 10
62.52277027777777
 20
290.4231766666666
 30
0.0
 10
66.58500638888889
 20
290.9212988888889
 30
0.0
 10
72.7949536111111
 20
291.6804766666666
 30
0.0
 10
68.76482027777777
 20
288.4966572222222
 30
0.0
 10
65.98598972222221
 20
283.1640683333333
 30
0.0
  0
POLYLINE
  5
34C
330
1F
100
AcDbEntity
  8
DEFAULT
 62
   250
100
AcDb2dPolyline
 66
     1
 10
0.0
 20
0.0
 30
0.0
  0
VERTEX
  5
34D
330
34C
100
AcDbEntity
  8
DEFAULT
 62
   250
100
AcDbVertex
100
AcDb2dVertex
 10
32.379285
 20
272.4455858333333
 30
0.0
  0
VERTEX
  5
34E
330
34C
100
AcDbEntity
  8
DEFAULT
 62
   250
100
AcDbVertex
100
AcDb2dVertex
 10
32.379285
 20
273.5518969444444
 30
0.0
  0
VERTEX
  5
34F
330
34C
100
AcDbEntity
  8
DEFAULT
 62
   250
100
AcDbVertex
100
AcDb2dVertex
 10
33.769935
 20
272.4455858333333
 30
0.0
  0
VERTEX
  5
350
330
34C
100
AcDbEntity
  8
DEFAULT
 62
   250
100
AcDbVertex
100
AcDb2dVertex
 10
33.769935
 20
273.5638913888889
 30
0.0
  0
SEQEND
  5
351
330
34C
100
AcDbEntity
  8
DEFAULT
 62
   250
  0
POLYLINE
  5
352
330
1F
100
AcDbEntity
  8
DEFAULT
 62
   250
100
AcDb2dPolyline
 66
     1
 10
0.0
 20
0.0
 30
0.0
  0
VERTEX
  5
353
330
352
100
AcDbEntity
  8
DEFAULT
 62
   250
100
AcDbVertex
100
AcDb2dVertex
 10
32.38111944444444
 20
257.4471327777778
 30
0.0
  0
VERTEX
  5
354
330
352
100
AcDbEntity
  8
DEFAULT
 62
   250
100
AcDbVertex
100
AcDb2dVertex
 10
32.38111944444444
 20
258.5534438888889
 30
0.0
  0
VERTEX
  5
355
330
352
100
AcDbEntity
  8
DEFAULT
 62
   250
100
AcDbVertex
100
AcDb2dVertex
 10
33.77176944444444
 20
257.4471327777778
 30
0.0
  0
VERTEX
  5
356
330
352
100
AcDbEntity
  8
DEFAULT
 62
   250
100
AcDbVertex
100
AcDb2dVertex
 10
33.77176944444444
 20
258.5654383333333
 30
0.0
  0
SEQEND
  5
357
330
352
100
AcDbEntity
  8
DEFAULT
 62
   250
  0
SPLINE
  5
358
330
1F
100
AcDbEntity
  8
DEFAULT
 62
     3
100
AcDbSpline
210
0.0
220
0.0
230
1.0
 70
    11
 71
     3
 72
    14
 73
    10
 74
     0
 42
0.000000001
 43
0.0000000001
 40
0.0
 40
0.0
 40
0.0
 40
0.0
 40
1.0
 40
1.0
 40
1.0
 40
2.0
 40
2.0
 40
2.0
 40
3.0
 40
3.0
 40
3.0
 40
3.0
 10
36.71880444444444
 20
251.3738163888889
 30
0.0
 10
36.77877666666667
 20
252.5157580555555
 30
0.0
 10
36.43270166666666
 20
252.8374913888889
 30
0.0
 10
35.64494888888888
 20
253.3659525
 30
0.0
 10
34.35095999999999
 20
254.2341386111111
 30
0.0
 10
37.17000722222222
 20
253.7222580555556
 30
0.0
 10
38.10381
 20
253.1638108333333
 30
0.0
 10
38.89120999999999
 20
252.6928525
 30
0.0
 10
36.66624055555555
 20
250.3758080555556
 30
0.0
 10
36.71880444444444
 20
251.3738163888889
 30
0.0
  0
SPLINE
  5
359
330
1F
100
AcDbEntity
  8
DEFAULT
 62
     3
100
AcDbSpline
210
0.0
220
0.0
230
1.0
 70
    11
 71
     3
 72
    14
 73
    10
 74
     0
 42
0.000000001
 43
0.0000000001
 40
0.0
 40
0.0
 40
0.0
 40
0.0
 40
1.0
 40
1.0
 40
1.0
 40
2.0
 40
2.0
 40
2.0
 40
3.0
 40
3.0
 40
3.0
 40
3.0
 10
36.5591725
 20
264.3228069444444
 30
0.0
 10
37.17794472222222
 20
265.2844791666666
 30
0.0
 10
37.10774194444444
 20
265.9103069444444
 30
0.0
 10
36.5591725
 20
266.6839486111111
 30
0.0
 10
35.97391416666666
 20
267.5090958333333
 30
0.0
 10
38.55518916666666
 20
266.8751541666666
 30
0.0
 10
38.55518916666666
 20
265.5035541666666
 30
0.0
 10
38.55518916666666
 20
264.0127152777777
 30
0.0
 10
36.01836416666666
 20
263.4824902777777
 30
0.0
 10
36.5591725
 20
264.3228069444444
 30
0.0
  0
SPLINE
  5
35A
330
1F
100
AcDbEntity
  8
DEFAULT
 62
     3
100
AcDbSpline
210
0.0
220
0.0
230
1.0
 70
    11
 71
     3
 72
    26
 73
    22
 74
     0
 42
0.000000001
 43
0.0000000001
 40
0.0
 40
0.0
 40
0.0
 40
0.0
 40
1.0
 40
1.0
 40
1.0
 40
2.0
 40
2.0
 40
2.0
 40
3.0
 40
3.0
 40
3.0
 40
4.0
 40
4.0
 40
4.0
 40
5.0
 40
5.0
 40
5.0
 40
6.0
 40
6.0
 40
6.0
 40
7.0
 40
7.0
 40
7.0
 40
7.0
 10
38.61473805555556
 20
281.3807061111111
 30
0.0
 10
37.01841861111111
 20
279.2492227777777
 30
0.0
 10
36.93657416666667
 20
279.2640394444444
 30
0.0
 10
37.93281861111111
 20
279.4506588888889
 30
0.0
 10
38.92871027777777
 20
279.6376311111111
 30
0.0
 10
39.53054916666667
 20
280.1978422222222
 30
0.0
 10
40.87957138888889
 20
282.9992505555555
 30
0.0
 10
42.22824083333333
 20
285.8006588888888
 30
0.0
 10
43.78469638888889
 20
286.8589922222222
 30
0.0
 10
41.97917972222222
 20
286.5478422222222
 30
0.0
 10
40.17401583333334
 20
286.2366922222222
 30
0.0
 10
39.55136305555556
 20
287.170495
 30
0.0
 10
38.86662138888889
 20
287.8552366666666
 30
0.0
 10
38.18187972222222
 20
288.5399783333333
 30
0.0
 10
38.11943805555556
 20
288.6645088888889
 30
0.0
 10
36.87448527777778
 20
288.0418561111111
 30
0.0
 10
35.62917972222223
 20
287.4195561111111
 30
0.0
 10
39.36474361111111
 20
286.9214338888889
 30
0.0
 10
39.7379825
 20
285.3649783333333
 30
0.0
 10
40.11157416666666
 20
283.8085227777777
 30
0.0
 10
39.78490194444444
 20
282.9435116666666
 30
0.0
 10
38.61473805555556
 20
281.3807061111111
 30
0.0
  0
SPLINE
  5
35B
330
1F
100
AcDbEntity
  8
DEFAULT
 62
     5
100
AcDbSpline
210
0.0
220
0.0
230
1.0
 70
    11
 71
     3
 72
    20
 73
    16
 74
     0
 42
0.000000001
 43
0.0000000001
 40
0.0
 40
0.0
 40
0.0
 40
0.0
 40
1.0
 40
1.0
 40
1.0
 40
2.0
 40
2.0
 40
2.0
 40
3.0
 40
3.0
 40
3.0
 40
4.0
 40
4.0
 40
4.0
 40
5.0
 40
5.0
 40
5.0
 40
5.0
 10
33.63672611111111
 20
262.7664925
 30
0.0
 10
35.67049
 20
264.4725258333333
 30
0.0
 10
35.400615
 20
266.6523397222222
 30
0.0
 10
33.88578722222222
 20
267.8715397222222
 30
0.0
 10
32.01853444444444
 20
269.3740202777778
 30
0.0
 10
33.04300111111111
 20
269.8351008333333
 30
0.0
 10
35.73681222222222
 20
269.0399397222222
 30
0.0
 10
38.43062333333333
 20
268.2447786111111
 30
0.0
 10
39.85337611111111
 20
268.5562813888889
 30
0.0
 10
39.85337611111111
 20
265.6303425
 30
0.0
 10
39.85337611111111
 20
262.6419619444445
 30
0.0
 10
38.57032333333333
 20
262.5174313888889
 30
0.0
 10
36.35276222222222
 20
261.8947786111111
 30
0.0
 10
34.13520111111111
 20
261.2724786111111
 30
0.0
 10
31.70738444444445
 20
261.1479480555556
 30
0.0
 10
33.63672611111111
 20
262.7664925
 30
0.0
  0
SPLINE
  5
35C
330
1F
100
AcDbEntity
  8
DEFAULT
 62
     5
100
AcDbSpline
210
0.0
220
0.0
230
1.0
 70
    11
 71
     3
 72
    14
 73
    10
 74
     0
 42
0.000000001
 43
0.0000000001
 40
0.0
 40
0.0
 40
0.0
 40
0.0
 40
1.0
 40
1.0
 40
1.0
 40
2.0
 40
2.0
 40
2.0
 40
3.0
 40
3.0
 40
3.0
 40
3.0
 10
37.43473166666666
 20
249.9419266666667
 30
0.0
 10
39.22895944444444
 20
251.84481
 30
0.0
 10
41.29447333333333
 20
253.86411
 30
0.0
 10
38.55550666666667
 20
254.3618794444444
 30
0.0
 10
35.81618722222222
 20
254.8600016666666
 30
0.0
 10
30.58660944444444
 20
255.5193433333333
 30
0.0
 10
33.45045944444444
 20
253.6771377777777
 30
0.0
 10
36.89992055555555
 20
251.4585183333333
 30
0.0
 10
35.21822888888888
 20
247.5910155555555
 30
0.0
 10
37.43473166666666
 20
249.9419266666667
 30
0.0
  0
SPLINE
  5
35D
330
1F
100
AcDbEntity
  8
DEFAULT
 62
     5
100
AcDbSpline
210
0.0
220
0.0
230
1.0
 70
    11
 71
     3
 72
    20
 73
    16
 74
     0
 42
0.000000001
 43
0.0000000001
 40
0.0
 40
0.0
 40
0.0
 40
0.0
 40
1.0
 40
1.0
 40
1.0
 40
2.0
 40
2.0
 40
2.0
 40
3.0
 40
3.0
 40
3.0
 40
4.0
 40
4.0
 40
4.0
 40
5.0
 40
5.0
 40
5.0
 40
5.0
 10
34.77623361111111
 20
288.4916830555555
 30
0.0
 10
31.87640027777778
 20
285.3279719444444
 30
0.0
 10
41.16997805555555
 20
287.6062108333333
 30
0.0
 10
37.93006694444444
 20
282.7502247222222
 30
0.0
 10
34.61995305555556
 20
277.7894636111111
 30
0.0
 10
31.04313916666666
 20
275.9437302777778
 30
0.0
 10
37.31764472222222
 20
277.3548413888889
 30
0.0
 10
40.86658916666666
 20
278.1531775
 30
0.0
 10
39.61246416666666
 20
276.9473830555555
 30
0.0
 10
41.91716138888889
 20
281.7543330555555
 30
0.0
 10
45.08087249999999
 20
288.3533941666666
 30
0.0
 10
47.58241972222222
 20
288.9136052777778
 30
0.0
 10
42.7885225
 20
288.2288636111111
 30
0.0
 10
38.8642225
 20
287.6679469444444
 30
0.0
 10
38.85822527777777
 20
292.9455025
 30
0.0
 10
34.77623361111111
 20
288.4916830555555
 30
0.0
  0
SPLINE
  5
35E
330
1F
100
AcDbEntity
  8
DEFAULT
 62
     1
100
AcDbSpline
210
0.0
220
0.0
230
1.0
 70
    11
 71
     3
 72
    83
 73
    79
 74
     0
 42
0.000000001
 43
0.0000000001
 40
1.0
 40
1.0
 40
1.0
 40
1.0
 40
2.0
 40
2.0
 40
2.0
 40
3.0
 40
3.0
 40
3.0
 40
4.0
 40
4.0
 40
4.0
 40
5.0
 40
5.0
 40
5.0
 40
13.5040014698963
 40
13.5040014698963
 40
13.5040014698963
 40
14.5040014698963
 40
14.5040014698963
 40
14.5040014698963
 40
15.5040014698963
 40
15.5040014698963
 40
15.5040014698963
 40
16.5040014698963
 40
16.5040014698963
 40
16.5040014698963
 40
17.5040014698963
 40
17.5040014698963
 40
17.5040014698963
 40
18.5040014698963
 40
18.5040014698963
 40
18.5040014698963
 40
19.5040014698963
 40
19.5040014698963
 40
19.5040014698963
 40
20.5040014698963
 40
20.5040014698963
 40
20.5040014698963
 40
21.5040014698963
 40
21.5040014698963
 40
21.5040014698963
 40
30.0080029397926
 40
30.0080029397926
 40
30.0080029397926
 40
31.0080029397926
 40
31.0080029397926
 40
31.0080029397926
 40
32.0080029397926
 40
32.0080029397926
 40
32.0080029397926
 40
33.0080029397926
 40
33.0080029397926
 40
33.0080029397926
 40
34.0080029397926
 40
34.0080029397926
 40
34.0080029397926
 40
35.0080029397926
 40
35.0080029397926
 40
35.0080029397926
 40
36.0080029397926
 40
36.0080029397926
 40
36.0080029397926
 40
37.0080029397926
 40
37.0080029397926
 40
37.0080029397926
 40
38.0080029397926
 40
38.0080029397926
 40
38.0080029397926
 40
39.0080029397926
 40
39.0080029397926
 40
39.0080029397926
 40
40.0080029397926
 40
40.0080029397926
 40
40.0080029397926
 40
41.0080029397926
 40
41.0080029397926
 40
41.0080029397926
 40
42.0080029397926
 40
42.0080029397926
 40
42.0080029397926
 40
42.0080029397926
 10
45.80046861111111
 20
283.1640683333333
 30
0.0
 10
44.43274916666667
 20
280.5379905555556
 30
0.0
 10
42.78457138888889
 20
277.0782988888889
 30
0.0
 10
42.78245472222222
 20
274.4980822222222
 30
0.0
 10
42.76940194444445
 20
274.4395211111111
 30
0.0
 10
41.99329083333333
 20
274.3961294444444
 30
0.0
 10
41.03197138888889
 20
274.3975405555555
 30
0.0
 10
40.06747694444444
 20
274.40001
 30
0.0
 10
39.45717138888889
 20
274.5001988888889
 30
0.0
 10
39.28360472222222
 20
274.4991405555555
 30
0.0
 10
38.40871583333333
 20
274.4994933333333
 30
0.0
 10
35.7819325
 20
274.504785
 30
0.0
 10
35.7819325
 20
274.504785
 30
0.0
 10
35.78134453703704
 20
273.5047775925926
 30
0.0
 10
35.78075657407407
 20
272.5047701851852
 30
0.0
 10
35.78016861111111
 20
271.5047627777778
 30
0.0
 10
35.78016861111111
 20
271.5047627777778
 30
0.0
 10
38.40342416666667
 20
271.5005294444444
 30
0.0
 10
39.28184083333333
 20
271.4994711111111
 30
0.0
 10
39.4554075
 20
271.5001766666667
 30
0.0
 10
40.0632436111111
 20
271.5993072222222
 30
0.0
 10
41.03197138888889
 20
271.59966
 30
0.0
 10
41.99646583333333
 20
271.5971905555555
 30
0.0
 10
42.78174916666666
 20
271.5520349999999
 30
0.0
 10
42.78069083333333
 20
271.49806
 30
0.0
 10
42.77716305555555
 20
269.4455988888889
 30
0.0
 10
42.09912416666666
 20
267.5113183333333
 30
0.0
 10
42.27198527777778
 20
264.9533266666667
 30
0.0
 10
42.38557972222222
 20
263.2793961111111
 30
0.0
 10
42.72742138888889
 20
262.3822822222222
 30
0.0
 10
42.78421861111111
 20
259.4993822222222
 30
0.0
 10
42.77187138888888
 20
259.4443488888889
 30
0.0
 10
41.99576027777778
 20
259.4009572222222
 30
0.0
 10
41.03479361111111
 20
259.4027211111111
 30
0.0
 10
40.06571305555556
 20
259.4023683333333
 30
0.0
 10
39.45893527777778
 20
259.5018516666667
 30
0.0
 10
39.28536861111111
 20
259.5007933333333
 30
0.0
 10
38.41153805555555
 20
259.5046738888889
 30
0.0
 10
35.78369638888888
 20
259.5064377777778
 30
0.0
 10
35.78369638888888
 20
259.5064377777778
 30
0.0
 10
35.78310842592592
 20
258.5064303703704
 30
0.0
 10
35.78252046296296
 20
257.506422962963
 30
0.0
 10
35.7819325
 20
256.5064155555556
 30
0.0
 10
35.7819325
 20
256.5064155555556
 30
0.0
 10
38.40518805555556
 20
256.5021822222222
 30
0.0
 10
39.28007694444444
 20
256.5018294444444
 30
0.0
 10
39.45717138888889
 20
256.5018294444444
 30
0.0
 10
40.0650075
 20
256.60096
 30
0.0
 10
41.03056027777777
 20
256.6020183333333
 30
0.0
 10
41.9985825
 20
256.5988433333333
 30
0.0
 10
42.77998527777778
 20
256.5543933333333
 30
0.0
 10
42.78245472222222
 20
256.4997127777778
 30
0.0
 10
42.77927972222222
 20
254.4976988888889
 30
0.0
 10
44.10219638888889
 20
252.6692516666666
 30
0.0
 10
38.53324638888889
 20
248.0834933333333
 30
0.0
 10
32.96711861111111
 20
243.4931488888889
 30
0.0
 10
34.52286861111111
 20
249.7426072222222
 30
0.0
 10
29.55752138888889
 20
254.0987072222222
 30
0.0
 10
25.50551583333333
 20
257.6578822222222
 30
0.0
 10
25.13897972222222
 20
257.1650516666667
 30
0.0
 10
28.2762325
 20
260.0747627777777
 30
0.0
 10
33.3022575
 20
264.7388377777777
 30
0.0
 10
32.76144916666667
 20
266.6851127777778
 30
0.0
 10
28.43709916666667
 20
270.6739711111111
 30
0.0
 10
25.75422416666667
 20
273.145885
 30
0.0
 10
26.19272694444444
 20
273.0047738888888
 30
0.0
 10
28.57221305555555
 20
275.6611905555555
 30
0.0
 10
30.93264916666666
 20
278.2964405555555
 30
0.0
 10
35.83837694444444
 20
281.61361
 30
0.0
 10
33.9182075
 20
284.1645461111111
 30
0.0
 10
31.72075472222222
 20
287.077785
 30
0.0
 10
26.00257972222222
 20
283.6350266666666
 30
0.0
 10
34.90210472222222
 20
291.9948016666667
 30
0.0
 10
38.29194638888889
 20
295.17721
 30
0.0
 10
42.33724916666666
 20
290.4231766666666
 30
0.0
 10
46.39948527777778
 20
290.9212988888889
 30
0.0
 10
52.60943249999999
 20
291.6804766666666
 30
0.0
 10
48.57929916666667
 20
288.4966572222222
 30
0.0
 10
45.80046861111111
 20
283.1640683333333
 30
0.0
  0
POLYLINE
  5
35F
330
1F
100
AcDbEntity
  8
DEFAULT
 62
   250
100
AcDb2dPolyline
 66
     1
 10
0.0
 20
0.0
 30
0.0
  0
VERTEX
  5
360
330
35F
100
AcDbEntity
  8
DEFAULT
 62
   250
100
AcDbVertex
100
AcDb2dVertex
 10
12.19376388888889
 20
272.4455858333333
 30
0.0
  0
VERTEX
  5
361
330
35F
100
AcDbEntity
  8
DEFAULT
 62
   250
100
AcDbVertex
100
AcDb2dVertex
 10
12.19376388888889
 20
273.5518969444444
 30
0.0
  0
VERTEX
  5
362
330
35F
100
AcDbEntity
  8
DEFAULT
 62
   250
100
AcDbVertex
100
AcDb2dVertex
 10
13.58441388888889
 20
272.4455858333333
 30
0.0
  0
VERTEX
  5
363
330
35F
100
AcDbEntity
  8
DEFAULT
 62
   250
100
AcDbVertex
100
AcDb2dVertex
 10
13.58441388888889
 20
273.5638913888889
 30
0.0
  0
SEQEND
  5
364
330
35F
100
AcDbEntity
  8
DEFAULT
 62
   250
  0
POLYLINE
  5
365
330
1F
100
AcDbEntity
  8
DEFAULT
 62
   250
100
AcDb2dPolyline
 66
     1
 10
0.0
 20
0.0
 30
0.0
  0
VERTEX
  5
366
330
365
100
AcDbEntity
  8
DEFAULT
 62
   250
100
AcDbVertex
100
AcDb2dVertex
 10
12.19559833333333
 20
257.4471327777778
 30
0.0
  0
VERTEX
  5
367
330
365
100
AcDbEntity
  8
DEFAULT
 62
   250
100
AcDbVertex
100
AcDb2dVertex
 10
12.19559833333333
 20
258.5534438888889
 30
0.0
  0
VERTEX
  5
368
330
365
100
AcDbEntity
  8
DEFAULT
 62
   250
100
AcDbVertex
100
AcDb2dVertex
 10
13.58624833333333
 20
257.4471327777778
 30
0.0
  0
VERTEX
  5
369
330
365
100
AcDbEntity
  8
DEFAULT
 62
   250
100
AcDbVertex
100
AcDb2dVertex
 10
13.58624833333333
 20
258.5654383333333
 30
0.0
  0
SEQEND
  5
36A
330
365
100
AcDbEntity
  8
DEFAULT
 62
   250
  0
SPLINE
  5
36B
330
1F
100
AcDbEntity
  8
DEFAULT
 62
     3
100
AcDbSpline
210
0.0
220
0.0
230
1.0
 70
    11
 71
     3
 72
    14
 73
    10
 74
     0
 42
0.000000001
 43
0.0000000001
 40
0.0
 40
0.0
 40
0.0
 40
0.0
 40
1.0
 40
1.0
 40
1.0
 40
2.0
 40
2.0
 40
2.0
 40
3.0
 40
3.0
 40
3.0
 40
3.0
 10
16.53328333333333
 20
251.3738163888889
 30
0.0
 10
16.59325555555555
 20
252.5157580555555
 30
0.0
 10
16.24718055555556
 20
252.8374913888889
 30
0.0
 10
15.45942777777778
 20
253.3659525
 30
0.0
 10
14.16543888888889
 20
254.2341386111111
 30
0.0
 10
16.98448611111111
 20
253.7222580555556
 30
0.0
 10
17.91828888888889
 20
253.1638108333333
 30
0.0
 10
18.70568888888889
 20
252.6928525
 30
0.0
 10
16.48071944444444
 20
250.3758080555556
 30
0.0
 10
16.53328333333333
 20
251.3738163888889
 30
0.0
  0
SPLINE
  5
36C
330
1F
100
AcDbEntity
  8
DEFAULT
 62
     3
100
AcDbSpline
210
0.0
220
0.0
230
1.0
 70
    11
 71
     3
 72
    14
 73
    10
 74
     0
 42
0.000000001
 43
0.0000000001
 40
0.0
 40
0.0
 40
0.0
 40
0.0
 40
1.0
 40
1.0
 40
1.0
 40
2.0
 40
2.0
 40
2.0
 40
3.0
 40
3.0
 40
3.0
 40
3.0
 10
16.37365138888889
 20
264.3228069444444
 30
0.0
 10
16.99242361111111
 20
265.2844791666666
 30
0.0
 10
16.92222083333333
 20
265.9103069444444
 30
0.0
 10
16.37365138888889
 20
266.6839486111111
 30
0.0
 10
15.78839305555555
 20
267.5090958333333
 30
0.0
 10
18.36966805555555
 20
266.8751541666666
 30
0.0
 10
18.36966805555555
 20
265.5035541666666
 30
0.0
 10
18.36966805555555
 20
264.0127152777777
 30
0.0
 10
15.83284305555555
 20
263.4824902777777
 30
0.0
 10
16.37365138888889
 20
264.3228069444444
 30
0.0
  0
SPLINE
  5
36D
330
1F
100
AcDbEntity
  8
DEFAULT
 62
     3
100
AcDbSpline
210
0.0
220
0.0
230
1.0
 70
    11
 71
     3
 72
    26
 73
    22
 74
     0
 42
0.000000001
 43
0.0000000001
 40
0.0
 40
0.0
 40
0.0
 40
0.0
 40
1.0
 40
1.0
 40
1.0
 40
2.0
 40
2.0
 40
2.0
 40
3.0
 40
3.0
 40
3.0
 40
4.0
 40
4.0
 40
4.0
 40
5.0
 40
5.0
 40
5.0
 40
6.0
 40
6.0
 40
6.0
 40
7.0
 40
7.0
 40
7.0
 40
7.0
 10
18.42921694444444
 20
281.3807061111111
 30
0.0
 10
16.8328975
 20
279.2492227777777
 30
0.0
 10
16.75105305555556
 20
279.2640394444444
 30
0.0
 10
17.7472975
 20
279.4506588888889
 30
0.0
 10
18.74318916666666
 20
279.6376311111111
 30
0.0
 10
19.34502805555555
 20
280.1978422222222
 30
0.0
 10
20.69405027777778
 20
282.9992505555555
 30
0.0
 10
22.04271972222222
 20
285.8006588888888
 30
0.0
 10
23.59917527777777
 20
286.8589922222222
 30
0.0
 10
21.79401138888889
 20
286.5478422222222
 30
0.0
 10
19.98849472222222
 20
286.2366922222222
 30
0.0
 10
19.36584194444444
 20
287.170495
 30
0.0
 10
18.68110027777777
 20
287.8552366666666
 30
0.0
 10
17.99635861111111
 20
288.5399783333333
 30
0.0
 10
17.93391694444444
 20
288.6645088888889
 30
0.0
 10
16.68896416666666
 20
288.0418561111111
 30
0.0
 10
15.44401138888889
 20
287.4195561111111
 30
0.0
 10
19.1792225
 20
286.9214338888889
 30
0.0
 10
19.55281416666666
 20
285.3649783333333
 30
0.0
 10
19.92605305555555
 20
283.8085227777777
 30
0.0
 10
19.59938083333333
 20
282.9435116666666
 30
0.0
 10
18.42921694444444
 20
281.3807061111111
 30
0.0
  0
SPLINE
  5
36E
330
1F
100
AcDbEntity
  8
DEFAULT
 62
     5
100
AcDbSpline
210
0.0
220
0.0
230
1.0
 70
    11
 71
     3
 72
    20
 73
    16
 74
     0
 42
0.000000001
 43
0.0000000001
 40
0.0
 40
0.0
 40
0.0
 40
0.0
 40
1.0
 40
1.0
 40
1.0
 40
2.0
 40
2.0
 40
2.0
 40
3.0
 40
3.0
 40
3.0
 40
4.0
 40
4.0
 40
4.0
 40
5.0
 40
5.0
 40
5.0
 40
5.0
 10
13.451205
 20
262.7664925
 30
0.0
 10
15.48496888888889
 20
264.4725258333333
 30
0.0
 10
15.21509388888889
 20
266.6523397222222
 30
0.0
 10
13.70026611111111
 20
267.8715397222222
 30
0.0
 10
11.83301333333333
 20
269.3740202777778
 30
0.0
 10
12.85748
 20
269.8351008333333
 30
0.0
 10
15.55129111111111
 20
269.0399397222222
 30
0.0
 10
18.245455
 20
268.2447786111111
 30
0.0
 10
19.667855
 20
268.5562813888889
 30
0.0
 10
19.667855
 20
265.6303425
 30
0.0
 10
19.667855
 20
262.6419619444445
 30
0.0
 10
18.38480222222222
 20
262.5174313888889
 30
0.0
 10
16.16724111111111
 20
261.8947786111111
 30
0.0
 10
13.94968
 20
261.2724786111111
 30
0.0
 10
11.52186333333333
 20
261.1479480555556
 30
0.0
 10
13.451205
 20
262.7664925
 30
0.0
  0
SPLINE
  5
36F
330
1F
100
AcDbEntity
  8
DEFAULT
 62
     5
100
AcDbSpline
210
0.0
220
0.0
230
1.0
 70
    11
 71
     3
 72
    14
 73
    10
 74
     0
 42
0.000000001
 43
0.0000000001
 40
0.0
 40
0.0
 40
0.0
 40
0.0
 40
1.0
 40
1.0
 40
1.0
 40
2.0
 40
2.0
 40
2.0
 40
3.0
 40
3.0
 40
3.0
 40
3.0
 10
17.24921055555555
 20
249.9419266666667
 30
0.0
 10
19.04343833333333
 20
251.84481
 30
0.0
 10
21.10895222222222
 20
253.86411
 30
0.0
 10
18.36963277777778
 20
254.3618794444444
 30
0.0
 10
15.63066611111111
 20
254.8600016666666
 30
0.0
 10
10.40108833333333
 20
255.5193433333333
 30
0.0
 10
13.26493833333333
 20
253.6771377777777
 30
0.0
 10
16.71439944444445
 20
251.4585183333333
 30
0.0
 10
15.03270777777778
 20
247.5910155555555
 30
0.0
 10
17.24921055555555
 20
249.9419266666667
 30
0.0
  0
SPLINE
  5
370
330
1F
100
AcDbEntity
  8
DEFAULT
 62
     5
100
AcDbSpline
210
0.0
220
0.0
230
1.0
 70
    11
 71
     3
 72
    20
 73
    16
 74
     0
 42
0.000000001
 43
0.0000000001
 40
0.0
 40
0.0
 40
0.0
 40
0.0
 40
1.0
 40
1.0
 40
1.0
 40
2.0
 40
2.0
 40
2.0
 40
3.0
 40
3.0
 40
3.0
 40
4.0
 40
4.0
 40
4.0
 40
5.0
 40
5.0
 40
5.0
 40
5.0
 10
14.5907125
 20
288.4916830555555
 30
0.0
 10
11.69087916666667
 20
285.3279719444444
 30
0.0
 10
20.98445694444444
 20
287.6062108333333
 30
0.0
 10
17.74454583333333
 20
282.7502247222222
 30
0.0
 10
14.43443194444444
 20
277.7894636111111
 30
0.0
 10
10.85761805555555
 20
275.9437302777778
 30
0.0
 10
17.13212361111111
 20
277.3548413888889
 30
0.0
 10
20.68106805555555
 20
278.1531775
 30
0.0
 10
19.42694305555555
 20
276.9473830555555
 30
0.0
 10
21.73164027777777
 20
281.7543330555555
 30
0.0
 10
24.89535138888889
 20
288.3533941666666
 30
0.0
 10
27.39689861111111
 20
288.9136052777778
 30
0.0
 10
22.60300138888889
 20
288.2288636111111
 30
0.0
 10
18.67870138888889
 20
287.6679469444444
 30
0.0
 10
18.67270416666666
 20
292.9455025
 30
0.0
 10
14.5907125
 20
288.4916830555555
 30
0.0
  0
SPLINE
  5
371
330
1F
100
AcDbEntity
  8
DEFAULT
 62
     1
100
AcDbSpline
210
0.0
220
0.0
230
1.0
 70
    11
 71
     3
 72
    83
 73
    79
 74
     0
 42
0.000000001
 43
0.0000000001
 40
1.0
 40
1.0
 40
1.0
 40
1.0
 40
2.0
 40
2.0
 40
2.0
 40
3.0
 40
3.0
 40
3.0
 40
4.0
 40
4.0
 40
4.0
 40
5.0
 40
5.0
 40
5.0
 40
13.5040014698963
 40
13.5040014698963
 40
13.5040014698963
 40
14.5040014698963
 40
14.5040014698963
 40
14.5040014698963
 40
15.5040014698963
 40
15.5040014698963
 40
15.5040014698963
 40
16.5040014698963
 40
16.5040014698963
 40
16.5040014698963
 40
17.5040014698963
 40
17.5040014698963
 40
17.5040014698963
 40
18.5040014698963
 40
18.5040014698963
 40
18.5040014698963
 40
19.5040014698963
 40
19.5040014698963
 40
19.5040014698963
 40
20.5040014698963
 40
20.5040014698963
 40
20.5040014698963
 40
21.5040014698963
 40
21.5040014698963
 40
21.5040014698963
 40
30.0080029397926
 40
30.0080029397926
 40
30.0080029397926
 40
31.0080029397926
 40
31.0080029397926
 40
31.0080029397926
 40
32.0080029397926
 40
32.0080029397926
 40
32.0080029397926
 40
33.0080029397926
 40
33.0080029397926
 40
33.0080029397926
 40
34.0080029397926
 40
34.0080029397926
 40
34.0080029397926
 40
35.0080029397926
 40
35.0080029397926
 40
35.0080029397926
 40
36.0080029397926
 40
36.0080029397926
 40
36.0080029397926
 40
37.0080029397926
 40
37.0080029397926
 40
37.0080029397926
 40
38.0080029397926
 40
38.0080029397926
 40
38.0080029397926
 40
39.0080029397926
 40
39.0080029397926
 40
39.0080029397926
 40
40.0080029397926
 40
40.0080029397926
 40
40.0080029397926
 40
41.0080029397926
 40
41.0080029397926
 40
41.0080029397926
 40
42.0080029397926
 40
42.0080029397926
 40
42.0080029397926
 40
42.0080029397926
 10
25.6149475
 20
283.1640683333333
 30
0.0
 10
24.24722805555556
 20
280.5379905555556
 30
0.0
 10
22.59905027777778
 20
277.0782988888889
 30
0.0
 10
22.59693361111111
 20
274.4980822222222
 30
0.0
 10
22.58388083333333
 20
274.4395211111111
 30
0.0
 10
21.80776972222222
 20
274.3961294444444
 30
0.0
 10
20.84645027777778
 20
274.3975405555555
 30
0.0
 10
19.88195583333333
 20
274.40001
 30
0.0
 10
19.27165027777778
 20
274.5001988888889
 30
0.0
 10
19.09808361111111
 20
274.4991405555555
 30
0.0
 10
18.22319472222222
 20
274.4994933333333
 30
0.0
 10
15.59641138888889
 20
274.504785
 30
0.0
 10
15.59641138888889
 20
274.504785
 30
0.0
 10
15.59582342592593
 20
273.5047775925926
 30
0.0
 10
15.59523546296296
 20
272.5047701851852
 30
0.0
 10
15.5946475
 20
271.5047627777778
 30
0.0
 10
15.5946475
 20
271.5047627777778
 30
0.0
 10
18.21790305555555
 20
271.5005294444444
 30
0.0
 10
19.09596694444445
 20
271.4994711111111
 30
0.0
 10
19.26988638888889
 20
271.5001766666667
 30
0.0
 10
19.8777225
 20
271.5993072222222
 30
0.0
 10
20.84645027777778
 20
271.59966
 30
0.0
 10
21.81094472222222
 20
271.5971905555555
 30
0.0
 10
22.59622805555555
 20
271.5520349999999
 30
0.0
 10
22.59481694444445
 20
271.49806
 30
0.0
 10
22.59164194444444
 20
269.4455988888889
 30
0.0
 10
21.91360305555555
 20
267.5113183333333
 30
0.0
 10
22.08646416666667
 20
264.9533266666667
 30
0.0
 10
22.20005861111111
 20
263.2793961111111
 30
0.0
 10
22.54190027777778
 20
262.3822822222222
 30
0.0
 10
22.5986975
 20
259.4993822222222
 30
0.0
 10
22.58635027777778
 20
259.4443488888889
 30
0.0
 10
21.81023916666667
 20
259.4009572222222
 30
0.0
 10
20.8492725
 20
259.4027211111111
 30
0.0
 10
19.88019194444444
 20
259.4023683333333
 30
0.0
 10
19.27341416666667
 20
259.5018516666667
 30
0.0
 10
19.0998475
 20
259.5007933333333
 30
0.0
 10
18.22601694444445
 20
259.5046738888889
 30
0.0
 10
15.59817527777778
 20
259.5064377777778
 30
0.0
 10
15.59817527777778
 20
259.5064377777778
 30
0.0
 10
15.59758731481481
 20
258.5064303703704
 30
0.0
 10
15.59699935185185
 20
257.506422962963
 30
0.0
 10
15.59641138888889
 20
256.5064155555556
 30
0.0
 10
15.59641138888889
 20
256.5064155555556
 30
0.0
 10
18.21966694444444
 20
256.5021822222222
 30
0.0
 10
19.09455583333333
 20
256.5018294444444
 30
0.0
 10
19.27165027777778
 20
256.5018294444444
 30
0.0
 10
19.87948638888889
 20
256.60096
 30
0.0
 10
20.84503916666667
 20
256.6020183333333
 30
0.0
 10
21.81306138888889
 20
256.5988433333333
 30
0.0
 10
22.59446416666667
 20
256.5543933333333
 30
0.0
 10
22.59693361111111
 20
256.4997127777778
 30
0.0
 10
22.59375861111111
 20
254.4976988888889
 30
0.0
 10
23.91667527777777
 20
252.6692516666666
 30
0.0
 10
18.34772527777778
 20
248.0834933333333
 30
0.0
 10
12.7815975
 20
243.4931488888889
 30
0.0
 10
14.3373475
 20
249.7426072222222
 30
0.0
 10
9.37200027777778
 20
254.0987072222222
 30
0.0
 10
5.319994722222222
 20
257.6578822222222
 30
0.0
 10
4.953458611111113
 20
257.1650516666667
 30
0.0
 10
8.090711388888892
 20
260.0747627777777
 30
0.0
 10
13.11673638888889
 20
264.7388377777777
 30
0.0
 10
12.57592805555556
 20
266.6851127777778
 30
0.0
 10
8.251578055555555
 20
270.6739711111111
 30
0.0
 10
5.568703055555558
 20
273.145885
 30
0.0
 10
6.007205833333333
 20
273.0047738888888
 30
0.0
 10
8.386691944444445
 20
275.6611905555555
 30
0.0
 10
10.74712805555555
 20
278.2964405555555
 30
0.0
 10
15.65285583333333
 20
281.61361
 30
0.0
 10
13.73268638888889
 20
284.1645461111111
 30
0.0
 10
11.53523361111111
 20
287.077785
 30
0.0
 10
5.817058611111113
 20
283.6350266666666
 30
0.0
 10
14.71658361111111
 20
291.9948016666667
 30
0.0
 10
18.10642527777778
 20
295.17721
 30
0.0
 10
22.15172805555556
 20
290.4231766666666
 30
0.0
 10
26.21396416666666
 20
290.9212988888889
 30
0.0
 10
32.42391138888889
 20
291.6804766666666
 30
0.0
 10
28.39377805555555
 20
288.4966572222222
 30
0.0
 10
25.6149475
 20
283.1640683333333
 30
0.0
  0
POLYLINE
  5
372
330
1F
100
AcDbEntity
  8
DEFAULT
 62
   250
100
AcDb2dPolyline
 66
     1
 10
0.0
 20
0.0
 30
0.0
  0
VERTEX
  5
373
330
372
100
AcDbEntity
  8
DEFAULT
 62
   250
100
AcDbVertex
100
AcDb2dVertex
 10
113.1213694444444
 20
223.3185638888889
 30
0.0
  0
VERTEX
  5
374
330
372
100
AcDbEntity
  8
DEFAULT
 62
   250
100
AcDbVertex
100
AcDb2dVertex
 10
113.1213694444444
 20
224.424875
 30
0.0
  0
VERTEX
  5
375
330
372
100
AcDbEntity
  8
DEFAULT
 62
   250
100
AcDbVertex
100
AcDb2dVertex
 10
114.5120194444444
 20
223.3185638888889
 30
0.0
  0
VERTEX
  5
376
330
372
100
AcDbEntity
  8
DEFAULT
 62
   250
100
AcDbVertex
100
AcDb2dVertex
 10
114.5120194444444
 20
224.4368694444444
 30
0.0
  0
SEQEND
  5
377
330
372
100
AcDbEntity
  8
DEFAULT
 62
   250
  0
POLYLINE
  5
378
330
1F
100
AcDbEntity
  8
DEFAULT
 62
   250
100
AcDb2dPolyline
 66
     1
 10
0.0
 20
0.0
 30
0.0
  0
VERTEX
  5
379
330
378
100
AcDbEntity
  8
DEFAULT
 62
   250
100
AcDbVertex
100
AcDb2dVertex
 10
113.1232038888889
 20
208.3201108333333
 30
0.0
  0
VERTEX
  5
37A
330
378
100
AcDbEntity
  8
DEFAULT
 62
   250
100
AcDbVertex
100
AcDb2dVertex
 10
113.1232038888889
 20
209.4264219444444
 30
0.0
  0
VERTEX
  5
37B
330
378
100
AcDbEntity
  8
DEFAULT
 62
   250
100
AcDbVertex
100
AcDb2dVertex
 10
114.5138538888889
 20
208.3201108333333
 30
0.0
  0
VERTEX
  5
37C
330
378
100
AcDbEntity
  8
DEFAULT
 62
   250
100
AcDbVertex
100
AcDb2dVertex
 10
114.5138538888889
 20
209.4384163888888
 30
0.0
  0
SEQEND
  5
37D
330
378
100
AcDbEntity
  8
DEFAULT
 62
   250
  0
SPLINE
  5
37E
330
1F
100
AcDbEntity
  8
DEFAULT
 62
     3
100
AcDbSpline
210
0.0
220
0.0
230
1.0
 70
    11
 71
     3
 72
    14
 73
    10
 74
     0
 42
0.000000001
 43
0.0000000001
 40
0.0
 40
0.0
 40
0.0
 40
0.0
 40
1.0
 40
1.0
 40
1.0
 40
2.0
 40
2.0
 40
2.0
 40
3.0
 40
3.0
 40
3.0
 40
3.0
 10
117.4608888888889
 20
202.2467591666667
 30
0.0
 10
117.5208611111111
 20
203.3887008333333
 30
0.0
 10
117.1747861111111
 20
203.7104341666667
 30
0.0
 10
116.3870333333333
 20
204.2388952777778
 30
0.0
 10
115.0930444444444
 20
205.1070813888889
 30
0.0
 10
117.9120916666667
 20
204.5952008333333
 30
0.0
 10
118.8462472222222
 20
204.0367536111111
 30
0.0
 10
119.6332944444444
 20
203.5657952777778
 30
0.0
 10
117.408325
 20
201.2487508333333
 30
0.0
 10
117.4608888888889
 20
202.2467591666667
 30
0.0
  0
SPLINE
  5
37F
330
1F
100
AcDbEntity
  8
DEFAULT
 62
     3
100
AcDbSpline
210
0.0
220
0.0
230
1.0
 70
    11
 71
     3
 72
    14
 73
    10
 74
     0
 42
0.000000001
 43
0.0000000001
 40
0.0
 40
0.0
 40
0.0
 40
0.0
 40
1.0
 40
1.0
 40
1.0
 40
2.0
 40
2.0
 40
2.0
 40
3.0
 40
3.0
 40
3.0
 40
3.0
 10
117.3012569444444
 20
215.1957497222222
 30
0.0
 10
117.9200291666667
 20
216.1574219444444
 30
0.0
 10
117.8498263888889
 20
216.7832497222222
 30
0.0
 10
117.3012569444444
 20
217.5568913888889
 30
0.0
 10
116.7159986111111
 20
218.3820386111111
 30
0.0
 10
119.2972736111111
 20
217.7480969444444
 30
0.0
 10
119.2972736111111
 20
216.3764969444444
 30
0.0
 10
119.2972736111111
 20
214.8856580555555
 30
0.0
 10
116.7604486111111
 20
214.3554330555556
 30
0.0
 10
117.3012569444444
 20
215.1957497222222
 30
0.0
  0
SPLINE
  5
380
330
1F
100
AcDbEntity
  8
DEFAULT
 62
     3
100
AcDbSpline
210
0.0
220
0.0
230
1.0
 70
    11
 71
     3
 72
    26
 73
    22
 74
     0
 42
0.000000001
 43
0.0000000001
 40
0.0
 40
0.0
 40
0.0
 40
0.0
 40
1.0
 40
1.0
 40
1.0
 40
2.0
 40
2.0
 40
2.0
 40
3.0
 40
3.0
 40
3.0
 40
4.0
 40
4.0
 40
4.0
 40
5.0
 40
5.0
 40
5.0
 40
6.0
 40
6.0
 40
6.0
 40
7.0
 40
7.0
 40
7.0
 40
7.0
 10
119.3568225
 20
232.2536488888889
 30
0.0
 10
117.7605030555555
 20
230.1221655555555
 30
0.0
 10
117.6786586111111
 20
230.1369822222222
 30
0.0
 10
118.6749030555555
 20
230.3236016666667
 30
0.0
 10
119.6707947222222
 20
230.5105738888889
 30
0.0
 10
120.2726336111111
 20
231.070785
 30
0.0
 10
121.6216558333333
 20
233.8721933333333
 30
0.0
 10
122.9703252777778
 20
236.6736016666667
 30
0.0
 10
124.5267808333333
 20
237.731935
 30
0.0
 10
122.7216169444444
 20
237.420785
 30
0.0
 10
120.9161002777778
 20
237.109635
 30
0.0
 10
120.2934475
 20
238.0434377777778
 30
0.0
 10
119.6087058333333
 20
238.7281794444444
 30
0.0
 10
118.9239641666667
 20
239.4129211111111
 30
0.0
 10
118.8615225
 20
239.5374516666667
 30
0.0
 10
117.6165697222222
 20
238.9147988888889
 30
0.0
 10
116.3716169444444
 20
238.2924988888889
 30
0.0
 10
120.1068280555555
 20
237.7943766666667
 30
0.0
 10
120.4804197222222
 20
236.2379211111111
 30
0.0
 10
120.8536586111111
 20
234.6814655555555
 30
0.0
 10
120.5269863888889
 20
233.8164544444444
 30
0.0
 10
119.3568225
 20
232.2536488888889
 30
0.0
  0
SPLINE
  5
381
330
1F
100
AcDbEntity
  8
DEFAULT
 62
     5
100
AcDbSpline
210
0.0
220
0.0
230
1.0
 70
    11
 71
     3
 72
    20
 73
    16
 74
     0
 42
0.000000001
 43
0.0000000001
 40
0.0
 40
0.0
 40
0.0
 40
0.0
 40
1.0
 40
1.0
 40
1.0
 40
2.0
 40
2.0
 40
2.0
 40
3.0
 40
3.0
 40
3.0
 40
4.0
 40
4.0
 40
4.0
 40
5.0
 40
5.0
 40
5.0
 40
5.0
 10
114.3788105555556
 20
213.6394
 30
0.0
 10
116.4125744444444
 20
215.3454333333333
 30
0.0
 10
116.1426994444444
 20
217.5252472222222
 30
0.0
 10
114.6278716666667
 20
218.7444472222222
 30
0.0
 10
112.7606188888889
 20
220.2469277777778
 30
0.0
 10
113.7850855555556
 20
220.7080083333333
 30
0.0
 10
116.4788966666667
 20
219.9128472222222
 30
0.0
 10
119.1730605555556
 20
219.1176861111111
 30
0.0
 10
120.5954605555556
 20
219.4291888888889
 30
0.0
 10
120.5954605555556
 20
216.50325
 30
0.0
 10
120.5954605555556
 20
213.5148694444444
 30
0.0
 10
119.3124077777778
 20
213.3903388888889
 30
0.0
 10
117.0948466666667
 20
212.7676861111111
 30
0.0
 10
114.8772855555556
 20
212.1453861111111
 30
0.0
 10
112.4494688888889
 20
212.0208555555556
 30
0.0
 10
114.3788105555556
 20
213.6394
 30
0.0
  0
SPLINE
  5
382
330
1F
100
AcDbEntity
  8
DEFAULT
 62
     5
100
AcDbSpline
210
0.0
220
0.0
230
1.0
 70
    11
 71
     3
 72
    14
 73
    10
 74
     0
 42
0.000000001
 43
0.0000000001
 40
0.0
 40
0.0
 40
0.0
 40
0.0
 40
1.0
 40
1.0
 40
1.0
 40
2.0
 40
2.0
 40
2.0
 40
3.0
 40
3.0
 40
3.0
 40
3.0
 10
118.1768161111111
 20
200.8149047222222
 30
0.0
 10
119.9710438888889
 20
202.7177880555555
 30
0.0
 10
122.0365577777778
 20
204.7370880555555
 30
0.0
 10
119.2972383333333
 20
205.2348575
 30
0.0
 10
116.5582716666666
 20
205.7329797222222
 30
0.0
 10
111.3286938888889
 20
206.3923213888889
 30
0.0
 10
114.1925438888889
 20
204.5501158333333
 30
0.0
 10
117.642005
 20
202.3314963888889
 30
0.0
 10
115.9603133333333
 20
198.4639936111111
 30
0.0
 10
118.1768161111111
 20
200.8149047222222
 30
0.0
  0
SPLINE
  5
383
330
1F
100
AcDbEntity
  8
DEFAULT
 62
     5
100
AcDbSpline
210
0.0
220
0.0
230
1.0
 70
    11
 71
     3
 72
    20
 73
    16
 74
     0
 42
0.000000001
 43
0.0000000001
 40
0.0
 40
0.0
 40
0.0
 40
0.0
 40
1.0
 40
1.0
 40
1.0
 40
2.0
 40
2.0
 40
2.0
 40
3.0
 40
3.0
 40
3.0
 40
4.0
 40
4.0
 40
4.0
 40
5.0
 40
5.0
 40
5.0
 40
5.0
 10
115.5183180555556
 20
239.3646258333333
 30
0.0
 10
112.6184847222222
 20
236.2009147222222
 30
0.0
 10
121.9120625
 20
238.4791536111111
 30
0.0
 10
118.6721513888889
 20
233.6231675
 30
0.0
 10
115.3620375
 20
228.6624063888889
 30
0.0
 10
111.7852236111111
 20
226.8166730555556
 30
0.0
 10
118.0597291666667
 20
228.2277841666667
 30
0.0
 10
121.6086736111111
 20
229.0261202777777
 30
0.0
 10
120.3545486111111
 20
227.8203258333333
 30
0.0
 10
122.6592458333333
 20
232.6272758333333
 30
0.0
 10
125.8229569444444
 20
239.2263369444444
 30
0.0
 10
128.3245041666667
 20
239.7865480555556
 30
0.0
 10
123.5306069444444
 20
239.1018063888889
 30
0.0
 10
119.6063069444445
 20
238.5408897222222
 30
0.0
 10
119.6003097222222
 20
243.8184452777778
 30
0.0
 10
115.5183180555556
 20
239.3646258333333
 30
0.0
  0
SPLINE
  5
384
330
1F
100
AcDbEntity
  8
DEFAULT
 62
     1
100
AcDbSpline
210
0.0
220
0.0
230
1.0
 70
    11
 71
     3
 72
    83
 73
    79
 74
     0
 42
0.000000001
 43
0.0000000001
 40
1.0
 40
1.0
 40
1.0
 40
1.0
 40
2.0
 40
2.0
 40
2.0
 40
3.0
 40
3.0
 40
3.0
 40
4.0
 40
4.0
 40
4.0
 40
5.0
 40
5.0
 40
5.0
 40
13.5040014698963
 40
13.5040014698963
 40
13.5040014698963
 40
14.5040014698963
 40
14.5040014698963
 40
14.5040014698963
 40
15.5040014698963
 40
15.5040014698963
 40
15.5040014698963
 40
16.5040014698963
 40
16.5040014698963
 40
16.5040014698963
 40
17.5040014698963
 40
17.5040014698963
 40
17.5040014698963
 40
18.5040014698963
 40
18.5040014698963
 40
18.5040014698963
 40
19.5040014698963
 40
19.5040014698963
 40
19.5040014698963
 40
20.5040014698963
 40
20.5040014698963
 40
20.5040014698963
 40
21.5040014698963
 40
21.5040014698963
 40
21.5040014698963
 40
30.00800293979271
 40
30.00800293979271
 40
30.00800293979271
 40
31.00800293979271
 40
31.00800293979271
 40
31.00800293979271
 40
32.00800293979271
 40
32.00800293979271
 40
32.00800293979271
 40
33.00800293979271
 40
33.00800293979271
 40
33.00800293979271
 40
34.00800293979271
 40
34.00800293979271
 40
34.00800293979271
 40
35.00800293979271
 40
35.00800293979271
 40
35.00800293979271
 40
36.00800293979271
 40
36.00800293979271
 40
36.00800293979271
 40
37.00800293979271
 40
37.00800293979271
 40
37.00800293979271
 40
38.00800293979271
 40
38.00800293979271
 40
38.00800293979271
 40
39.00800293979271
 40
39.00800293979271
 40
39.00800293979271
 40
40.00800293979271
 40
40.00800293979271
 40
40.00800293979271
 40
41.00800293979271
 40
41.00800293979271
 40
41.00800293979271
 40
42.00800293979271
 40
42.00800293979271
 40
42.00800293979271
 40
42.00800293979271
 10
126.5425530555555
 20
234.0370111111111
 30
0.0
 10
125.1748336111111
 20
231.4109333333333
 30
0.0
 10
123.5266558333333
 20
227.9512416666667
 30
0.0
 10
123.5245391666667
 20
225.371025
 30
0.0
 10
123.5114863888889
 20
225.3124638888889
 30
0.0
 10
122.7353752777778
 20
225.2690722222222
 30
0.0
 10
121.7740558333333
 20
225.2704833333333
 30
0.0
 10
120.8095613888889
 20
225.2729527777778
 30
0.0
 10
120.1992558333333
 20
225.3731416666667
 30
0.0
 10
120.0256891666667
 20
225.3720833333333
 30
0.0
 10
119.1508002777778
 20
225.3724361111111
 30
0.0
 10
116.5240169444444
 20
225.3777277777777
 30
0.0
 10
116.5240169444444
 20
225.3777277777777
 30
0.0
 10
116.5234289814815
 20
224.3777203703704
 30
0.0
 10
116.5228410185185
 20
223.377712962963
 30
0.0
 10
116.5222530555556
 20
222.3777055555556
 30
0.0
 10
116.5222530555556
 20
222.3777055555556
 30
0.0
 10
119.1455086111111
 20
222.3734722222222
 30
0.0
 10
120.0235725
 20
222.3724138888889
 30
0.0
 10
120.1974919444444
 20
222.3731194444444
 30
0.0
 10
120.8053280555556
 20
222.47225
 30
0.0
 10
121.7740558333333
 20
222.4726027777778
 30
0.0
 10
122.7385502777778
 20
222.4701333333333
 30
0.0
 10
123.5238336111111
 20
222.4249777777778
 30
0.0
 10
123.5224225
 20
222.3710027777778
 30
0.0
 10
123.5192475
 20
220.3185416666667
 30
0.0
 10
122.8412086111111
 20
218.3842611111111
 30
0.0
 10
123.0140697222222
 20
215.8262694444444
 30
0.0
 10
123.1276641666667
 20
214.1523388888889
 30
0.0
 10
123.4695058333333
 20
213.255225
 30
0.0
 10
123.5263030555555
 20
210.372325
 30
0.0
 10
123.5139558333333
 20
210.3172916666667
 30
0.0
 10
122.7378447222222
 20
210.2739
 30
0.0
 10
121.7768780555555
 20
210.2756638888889
 30
0.0
 10
120.8077975
 20
210.2753111111111
 30
0.0
 10
120.2010197222222
 20
210.3747944444445
 30
0.0
 10
120.0274530555555
 20
210.3737361111111
 30
0.0
 10
119.1536225
 20
210.3776166666667
 30
0.0
 10
116.5257808333333
 20
210.3793805555555
 30
0.0
 10
116.5257808333333
 20
210.3793805555555
 30
0.0
 10
116.5251928703704
 20
209.3793731481481
 30
0.0
 10
116.5246049074074
 20
208.3793657407407
 30
0.0
 10
116.5240169444444
 20
207.3793583333333
 30
0.0
 10
116.5240169444444
 20
207.3793583333333
 30
0.0
 10
119.1472725
 20
207.375125
 30
0.0
 10
120.0221613888889
 20
207.3747722222222
 30
0.0
 10
120.1992558333333
 20
207.3747722222222
 30
0.0
 10
120.8070919444445
 20
207.4739027777778
 30
0.0
 10
121.7722919444444
 20
207.4749611111111
 30
0.0
 10
122.7406669444444
 20
207.4717861111111
 30
0.0
 10
123.5220697222222
 20
207.4273361111111
 30
0.0
 10
123.5245391666667
 20
207.3726555555555
 30
0.0
 10
123.5213641666667
 20
205.3706416666666
 30
0.0
 10
124.8442808333333
 20
203.5421944444444
 30
0.0
 10
119.2753308333333
 20
198.9564361111111
 30
0.0
 10
113.7088502777778
 20
194.3660916666667
 30
0.0
 10
115.2649530555555
 20
200.61555
 30
0.0
 10
110.2996058333333
 20
204.97165
 30
0.0
 10
106.2476002777778
 20
208.530825
 30
0.0
 10
105.8807113888889
 20
208.0379944444445
 30
0.0
 10
109.0183169444444
 20
210.9477055555555
 30
0.0
 10
114.0443419444444
 20
215.6117805555555
 30
0.0
 10
113.5035336111111
 20
217.5580555555555
 30
0.0
 10
109.1788308333333
 20
221.5469138888889
 30
0.0
 10
106.4963086111111
 20
224.0188277777778
 30
0.0
 10
106.9348113888889
 20
223.8777166666667
 30
0.0
 10
109.3142975
 20
226.5341333333333
 30
0.0
 10
111.6747336111111
 20
229.1693833333333
 30
0.0
 10
116.5804613888889
 20
232.4865527777778
 30
0.0
 10
114.6602919444444
 20
235.0374888888889
 30
0.0
 10
112.4628391666667
 20
237.9507277777778
 30
0.0
 10
106.7443113888889
 20
234.5079694444445
 30
0.0
 10
115.6441891666666
 20
242.8680972222222
 30
0.0
 10
119.0340308333333
 20
246.0501527777778
 30
0.0
 10
123.0793336111111
 20
241.2961194444444
 30
0.0
 10
127.1415697222222
 20
241.7942416666667
 30
0.0
 10
133.3515169444444
 20
242.5534194444444
 30
0.0
 10
129.3213836111111
 20
239.3696
 30
0.0
 10
126.5425530555555
 20
234.0370111111111
 30
0.0
  0
POLYLINE
  5
385
330
1F
100
AcDbEntity
  8
DEFAULT
 62
   250
100
AcDb2dPolyline
 66
     1
 10
0.0
 20
0.0
 30
0.0
  0
VERTEX
  5
386
330
385
100
AcDbEntity
  8
DEFAULT
 62
   250
100
AcDbVertex
100
AcDb2dVertex
 10
92.93584833333333
 20
223.3185638888889
 30
0.0
  0
VERTEX
  5
387
330
385
100
AcDbEntity
  8
DEFAULT
 62
   250
100
AcDbVertex
100
AcDb2dVertex
 10
92.93584833333333
 20
224.424875
 30
0.0
  0
VERTEX
  5
388
330
385
100
AcDbEntity
  8
DEFAULT
 62
   250
100
AcDbVertex
100
AcDb2dVertex
 10
94.32649833333333
 20
223.3185638888889
 30
0.0
  0
VERTEX
  5
389
330
385
100
AcDbEntity
  8
DEFAULT
 62
   250
100
AcDbVertex
100
AcDb2dVertex
 10
94.32649833333333
 20
224.4368694444444
 30
0.0
  0
SEQEND
  5
38A
330
385
100
AcDbEntity
  8
DEFAULT
 62
   250
  0
POLYLINE
  5
38B
330
1F
100
AcDbEntity
  8
DEFAULT
 62
   250
100
AcDb2dPolyline
 66
     1
 10
0.0
 20
0.0
 30
0.0
  0
VERTEX
  5
38C
330
38B
100
AcDbEntity
  8
DEFAULT
 62
   250
100
AcDbVertex
100
AcDb2dVertex
 10
92.93768277777777
 20
208.3201108333333
 30
0.0
  0
VERTEX
  5
38D
330
38B
100
AcDbEntity
  8
DEFAULT
 62
   250
100
AcDbVertex
100
AcDb2dVertex
 10
92.93768277777777
 20
209.4264219444444
 30
0.0
  0
VERTEX
  5
38E
330
38B
100
AcDbEntity
  8
DEFAULT
 62
   250
100
AcDbVertex
100
AcDb2dVertex
 10
94.32833277777777
 20
208.3201108333333
 30
0.0
  0
VERTEX
  5
38F
330
38B
100
AcDbEntity
  8
DEFAULT
 62
   250
100
AcDbVertex
100
AcDb2dVertex
 10
94.32833277777777
 20
209.4384163888888
 30
0.0
  0
SEQEND
  5
390
330
38B
100
AcDbEntity
  8
DEFAULT
 62
   250
  0
SPLINE
  5
391
330
1F
100
AcDbEntity
  8
DEFAULT
 62
     3
100
AcDbSpline
210
0.0
220
0.0
230
1.0
 70
    11
 71
     3
 72
    14
 73
    10
 74
     0
 42
0.000000001
 43
0.0000000001
 40
0.0
 40
0.0
 40
0.0
 40
0.0
 40
1.0
 40
1.0
 40
1.0
 40
2.0
 40
2.0
 40
2.0
 40
3.0
 40
3.0
 40
3.0
 40
3.0
 10
97.27536777777776
 20
202.2467591666667
 30
0.0
 10
97.33533999999999
 20
203.3887008333333
 30
0.0
 10
96.98926499999999
 20
203.7104341666667
 30
0.0
 10
96.20151222222222
 20
204.2388952777778
 30
0.0
 10
94.90752333333333
 20
205.1070813888889
 30
0.0
 10
97.72657055555554
 20
204.5952008333333
 30
0.0
 10
98.66037333333331
 20
204.0367536111111
 30
0.0
 10
99.44777333333333
 20
203.5657952777778
 30
0.0
 10
97.22280388888888
 20
201.2487508333333
 30
0.0
 10
97.27536777777776
 20
202.2467591666667
 30
0.0
  0
SPLINE
  5
392
330
1F
100
AcDbEntity
  8
DEFAULT
 62
     3
100
AcDbSpline
210
0.0
220
0.0
230
1.0
 70
    11
 71
     3
 72
    14
 73
    10
 74
     0
 42
0.000000001
 43
0.0000000001
 40
0.0
 40
0.0
 40
0.0
 40
0.0
 40
1.0
 40
1.0
 40
1.0
 40
2.0
 40
2.0
 40
2.0
 40
3.0
 40
3.0
 40
3.0
 40
3.0
 10
97.11573583333333
 20
215.1957497222222
 30
0.0
 10
97.73450805555555
 20
216.1574219444444
 30
0.0
 10
97.66430527777777
 20
216.7832497222222
 30
0.0
 10
97.11573583333333
 20
217.5568913888889
 30
0.0
 10
96.53047749999999
 20
218.3820386111111
 30
0.0
 10
99.1117525
 20
217.7480969444444
 30
0.0
 10
99.1117525
 20
216.3764969444444
 30
0.0
 10
99.1117525
 20
214.8856580555555
 30
0.0
 10
96.57492749999999
 20
214.3554330555556
 30
0.0
 10
97.11573583333333
 20
215.1957497222222
 30
0.0
  0
SPLINE
  5
393
330
1F
100
AcDbEntity
  8
DEFAULT
 62
     3
100
AcDbSpline
210
0.0
220
0.0
230
1.0
 70
    11
 71
     3
 72
    26
 73
    22
 74
     0
 42
0.000000001
 43
0.0000000001
 40
0.0
 40
0.0
 40
0.0
 40
0.0
 40
1.0
 40
1.0
 40
1.0
 40
2.0
 40
2.0
 40
2.0
 40
3.0
 40
3.0
 40
3.0
 40
4.0
 40
4.0
 40
4.0
 40
5.0
 40
5.0
 40
5.0
 40
6.0
 40
6.0
 40
6.0
 40
7.0
 40
7.0
 40
7.0
 40
7.0
 10
99.17130138888888
 20
232.2536488888889
 30
0.0
 10
97.57498194444445
 20
230.1221655555555
 30
0.0
 10
97.49313749999999
 20
230.1369822222222
 30
0.0
 10
98.48938194444443
 20
230.3236016666667
 30
0.0
 10
99.4852736111111
 20
230.5105738888889
 30
0.0
 10
100.0871125
 20
231.070785
 30
0.0
 10
101.4361347222222
 20
233.8721933333333
 30
0.0
 10
102.7848041666667
 20
236.6736016666667
 30
0.0
 10
104.3412597222222
 20
237.731935
 30
0.0
 10
102.5360958333333
 20
237.420785
 30
0.0
 10
100.7305791666667
 20
237.109635
 30
0.0
 10
100.1079263888889
 20
238.0434377777778
 30
0.0
 10
99.42318472222222
 20
238.7281794444444
 30
0.0
 10
98.73844305555555
 20
239.4129211111111
 30
0.0
 10
98.67600138888888
 20
239.5374516666667
 30
0.0
 10
97.43104861111111
 20
238.9147988888889
 30
0.0
 10
96.18609583333333
 20
238.2924988888889
 30
0.0
 10
99.92130694444442
 20
237.7943766666667
 30
0.0
 10
100.2945458333333
 20
236.2379211111111
 30
0.0
 10
100.6681375
 20
234.6814655555555
 30
0.0
 10
100.3414652777778
 20
233.8164544444444
 30
0.0
 10
99.17130138888888
 20
232.2536488888889
 30
0.0
  0
SPLINE
  5
394
330
1F
100
AcDbEntity
  8
DEFAULT
 62
     5
100
AcDbSpline
210
0.0
220
0.0
230
1.0
 70
    11
 71
     3
 72
    20
 73
    16
 74
     0
 42
0.000000001
 43
0.0000000001
 40
0.0
 40
0.0
 40
0.0
 40
0.0
 40
1.0
 40
1.0
 40
1.0
 40
2.0
 40
2.0
 40
2.0
 40
3.0
 40
3.0
 40
3.0
 40
4.0
 40
4.0
 40
4.0
 40
5.0
 40
5.0
 40
5.0
 40
5.0
 10
94.19328944444443
 20
213.6394
 30
0.0
 10
96.22705333333332
 20
215.3454333333333
 30
0.0
 10
95.95717833333332
 20
217.5252472222222
 30
0.0
 10
94.44235055555555
 20
218.7444472222222
 30
0.0
 10
92.57509777777777
 20
220.2469277777778
 30
0.0
 10
93.59956444444443
 20
220.7080083333333
 30
0.0
 10
96.29337555555553
 20
219.9128472222222
 30
0.0
 10
98.98718666666664
 20
219.1176861111111
 30
0.0
 10
100.4099394444444
 20
219.4291888888889
 30
0.0
 10
100.4099394444444
 20
216.50325
 30
0.0
 10
100.4099394444444
 20
213.5148694444444
 30
0.0
 10
99.12688666666665
 20
213.3903388888889
 30
0.0
 10
96.90932555555554
 20
212.7676861111111
 30
0.0
 10
94.69176444444443
 20
212.1453861111111
 30
0.0
 10
92.26394777777776
 20
212.0208555555556
 30
0.0
 10
94.19328944444443
 20
213.6394
 30
0.0
  0
SPLINE
  5
395
330
1F
100
AcDbEntity
  8
DEFAULT
 62
     5
100
AcDbSpline
210
0.0
220
0.0
230
1.0
 70
    11
 71
     3
 72
    14
 73
    10
 74
     0
 42
0.000000001
 43
0.0000000001
 40
0.0
 40
0.0
 40
0.0
 40
0.0
 40
1.0
 40
1.0
 40
1.0
 40
2.0
 40
2.0
 40
2.0
 40
3.0
 40
3.0
 40
3.0
 40
3.0
 10
97.991295
 20
200.8149047222222
 30
0.0
 10
99.78552277777777
 20
202.7177880555555
 30
0.0
 10
101.8510366666666
 20
204.7370880555555
 30
0.0
 10
99.11207
 20
205.2348575
 30
0.0
 10
96.37275055555554
 20
205.7329797222222
 30
0.0
 10
91.14317277777778
 20
206.3923213888889
 30
0.0
 10
94.00702277777778
 20
204.5501158333333
 30
0.0
 10
97.45648388888887
 20
202.3314963888889
 30
0.0
 10
95.7747922222222
 20
198.4639936111111
 30
0.0
 10
97.991295
 20
200.8149047222222
 30
0.0
  0
SPLINE
  5
396
330
1F
100
AcDbEntity
  8
DEFAULT
 62
     5
100
AcDbSpline
210
0.0
220
0.0
230
1.0
 70
    11
 71
     3
 72
    20
 73
    16
 74
     0
 42
0.000000001
 43
0.0000000001
 40
0.0
 40
0.0
 40
0.0
 40
0.0
 40
1.0
 40
1.0
 40
1.0
 40
2.0
 40
2.0
 40
2.0
 40
3.0
 40
3.0
 40
3.0
 40
4.0
 40
4.0
 40
4.0
 40
5.0
 40
5.0
 40
5.0
 40
5.0
 10
95.33279694444442
 20
239.3646258333333
 30
0.0
 10
92.43296361111108
 20
236.2009147222222
 30
0.0
 10
101.7265413888889
 20
238.4791536111111
 30
0.0
 10
98.48663027777776
 20
233.6231675
 30
0.0
 10
95.17651638888887
 20
228.6624063888889
 30
0.0
 10
91.59970249999999
 20
226.8166730555556
 30
0.0
 10
97.87420805555554
 20
228.2277841666667
 30
0.0
 10
101.4231525
 20
229.0261202777777
 30
0.0
 10
100.1690275
 20
227.8203258333333
 30
0.0
 10
102.4737247222222
 20
232.6272758333333
 30
0.0
 10
105.6374358333333
 20
239.2263369444444
 30
0.0
 10
108.1389830555555
 20
239.7865480555556
 30
0.0
 10
103.3450858333333
 20
239.1018063888889
 30
0.0
 10
99.42078583333333
 20
238.5408897222222
 30
0.0
 10
99.4147886111111
 20
243.8184452777778
 30
0.0
 10
95.33279694444442
 20
239.3646258333333
 30
0.0
  0
SPLINE
  5
397
330
1F
100
AcDbEntity
  8
DEFAULT
 62
     1
100
AcDbSpline
210
0.0
220
0.0
230
1.0
 70
    11
 71
     3
 72
    83
 73
    79
 74
     0
 42
0.000000001
 43
0.0000000001
 40
1.0
 40
1.0
 40
1.0
 40
1.0
 40
2.0
 40
2.0
 40
2.0
 40
3.0
 40
3.0
 40
3.0
 40
4.0
 40
4.0
 40
4.0
 40
5.0
 40
5.0
 40
5.0
 40
13.5040014698963
 40
13.5040014698963
 40
13.5040014698963
 40
14.5040014698963
 40
14.5040014698963
 40
14.5040014698963
 40
15.5040014698963
 40
15.5040014698963
 40
15.5040014698963
 40
16.5040014698963
 40
16.5040014698963
 40
16.5040014698963
 40
17.5040014698963
 40
17.5040014698963
 40
17.5040014698963
 40
18.5040014698963
 40
18.5040014698963
 40
18.5040014698963
 40
19.5040014698963
 40
19.5040014698963
 40
19.5040014698963
 40
20.5040014698963
 40
20.5040014698963
 40
20.5040014698963
 40
21.5040014698963
 40
21.5040014698963
 40
21.5040014698963
 40
30.00800293979271
 40
30.00800293979271
 40
30.00800293979271
 40
31.00800293979271
 40
31.00800293979271
 40
31.00800293979271
 40
32.00800293979271
 40
32.00800293979271
 40
32.00800293979271
 40
33.00800293979271
 40
33.00800293979271
 40
33.00800293979271
 40
34.00800293979271
 40
34.00800293979271
 40
34.00800293979271
 40
35.00800293979271
 40
35.00800293979271
 40
35.00800293979271
 40
36.00800293979271
 40
36.00800293979271
 40
36.00800293979271
 40
37.00800293979271
 40
37.00800293979271
 40
37.00800293979271
 40
38.00800293979271
 40
38.00800293979271
 40
38.00800293979271
 40
39.00800293979271
 40
39.00800293979271
 40
39.00800293979271
 40
40.00800293979271
 40
40.00800293979271
 40
40.00800293979271
 40
41.00800293979271
 40
41.00800293979271
 40
41.00800293979271
 40
42.00800293979271
 40
42.00800293979271
 40
42.00800293979271
 40
42.00800293979271
 10
106.3570319444444
 20
234.0370111111111
 30
0.0
 10
104.9893125
 20
231.4109333333333
 30
0.0
 10
103.3411347222222
 20
227.9512416666667
 30
0.0
 10
103.3390180555556
 20
225.371025
 30
0.0
 10
103.3259652777778
 20
225.3124638888889
 30
0.0
 10
102.5498541666667
 20
225.2690722222222
 30
0.0
 10
101.5885347222222
 20
225.2704833333333
 30
0.0
 10
100.6240402777778
 20
225.2729527777778
 30
0.0
 10
100.0137347222222
 20
225.3731416666667
 30
0.0
 10
99.84016805555555
 20
225.3720833333333
 30
0.0
 10
98.96527916666668
 20
225.3724361111111
 30
0.0
 10
96.33849583333334
 20
225.3777277777777
 30
0.0
 10
96.33849583333334
 20
225.3777277777777
 30
0.0
 10
96.33790787037037
 20
224.3777203703704
 30
0.0
 10
96.3373199074074
 20
223.377712962963
 30
0.0
 10
96.33673194444445
 20
222.3777055555556
 30
0.0
 10
96.33673194444445
 20
222.3777055555556
 30
0.0
 10
98.9599875
 20
222.3734722222222
 30
0.0
 10
99.83840416666666
 20
222.3724138888889
 30
0.0
 10
100.0119708333333
 20
222.3731194444444
 30
0.0
 10
100.6198069444444
 20
222.47225
 30
0.0
 10
101.5885347222222
 20
222.4726027777778
 30
0.0
 10
102.5530291666667
 20
222.4701333333333
 30
0.0
 10
103.3383125
 20
222.4249777777778
 30
0.0
 10
103.3372541666667
 20
222.3710027777778
 30
0.0
 10
103.3337263888889
 20
220.3185416666667
 30
0.0
 10
102.6556875
 20
218.3842611111111
 30
0.0
 10
102.8285486111111
 20
215.8262694444444
 30
0.0
 10
102.9421430555555
 20
214.1523388888889
 30
0.0
 10
103.2839847222222
 20
213.255225
 30
0.0
 10
103.3407819444444
 20
210.372325
 30
0.0
 10
103.3284347222222
 20
210.3172916666667
 30
0.0
 10
102.5523236111111
 20
210.2739
 30
0.0
 10
101.5913569444444
 20
210.2756638888889
 30
0.0
 10
100.6222763888889
 20
210.2753111111111
 30
0.0
 10
100.0154986111111
 20
210.3747944444445
 30
0.0
 10
99.84193194444444
 20
210.3737361111111
 30
0.0
 10
98.9681013888889
 20
210.3776166666667
 30
0.0
 10
96.34025972222221
 20
210.3793805555555
 30
0.0
 10
96.34025972222221
 20
210.3793805555555
 30
0.0
 10
96.33967175925925
 20
209.3793731481481
 30
0.0
 10
96.3390837962963
 20
208.3793657407407
 30
0.0
 10
96.33849583333334
 20
207.3793583333333
 30
0.0
 10
96.33849583333334
 20
207.3793583333333
 30
0.0
 10
98.96175138888889
 20
207.375125
 30
0.0
 10
99.83664027777778
 20
207.3747722222222
 30
0.0
 10
100.0137347222222
 20
207.3747722222222
 30
0.0
 10
100.6215708333333
 20
207.4739027777778
 30
0.0
 10
101.5871236111111
 20
207.4749611111111
 30
0.0
 10
102.5551458333333
 20
207.4717861111111
 30
0.0
 10
103.3365486111111
 20
207.4273361111111
 30
0.0
 10
103.3390180555556
 20
207.3726555555555
 30
0.0
 10
103.3358430555555
 20
205.3706416666666
 30
0.0
 10
104.6587597222222
 20
203.5421944444444
 30
0.0
 10
99.08980972222221
 20
198.9564361111111
 30
0.0
 10
93.52332916666666
 20
194.3660916666667
 30
0.0
 10
95.07943194444444
 20
200.61555
 30
0.0
 10
90.11408472222222
 20
204.97165
 30
0.0
 10
86.06207916666666
 20
208.530825
 30
0.0
 10
85.69554305555556
 20
208.0379944444445
 30
0.0
 10
88.83279583333334
 20
210.9477055555555
 30
0.0
 10
93.85882083333334
 20
215.6117805555555
 30
0.0
 10
93.3180125
 20
217.5580555555555
 30
0.0
 10
88.9936625
 20
221.5469138888889
 30
0.0
 10
86.3107875
 20
224.0188277777778
 30
0.0
 10
86.74929027777777
 20
223.8777166666667
 30
0.0
 10
89.12877638888888
 20
226.5341333333333
 30
0.0
 10
91.48921250000001
 20
229.1693833333333
 30
0.0
 10
96.39494027777779
 20
232.4865527777778
 30
0.0
 10
94.47477083333332
 20
235.0374888888889
 30
0.0
 10
92.27731805555555
 20
237.9507277777778
 30
0.0
 10
86.55914305555555
 20
234.5079694444445
 30
0.0
 10
95.45866805555555
 20
242.8680972222222
 30
0.0
 10
98.84850972222223
 20
246.0501527777778
 30
0.0
 10
102.8938125
 20
241.2961194444444
 30
0.0
 10
106.9560486111111
 20
241.7942416666667
 30
0.0
 10
113.1659958333333
 20
242.5534194444444
 30
0.0
 10
109.1358625
 20
239.3696
 30
0.0
 10
106.3570319444444
 20
234.0370111111111
 30
0.0
  0
POLYLINE
  5
398
330
1F
100
AcDbEntity
  8
DEFAULT
 62
   250
100
AcDb2dPolyline
 66
     1
 10
0.0
 20
0.0
 30
0.0
  0
VERTEX
  5
399
330
398
100
AcDbEntity
  8
DEFAULT
 62
   250
100
AcDbVertex
100
AcDb2dVertex
 10
72.75032722222221
 20
223.3185638888889
 30
0.0
  0
VERTEX
  5
39A
330
398
100
AcDbEntity
  8
DEFAULT
 62
   250
100
AcDbVertex
100
AcDb2dVertex
 10
72.75032722222221
 20
224.424875
 30
0.0
  0
VERTEX
  5
39B
330
398
100
AcDbEntity
  8
DEFAULT
 62
   250
100
AcDbVertex
100
AcDb2dVertex
 10
74.14097722222222
 20
223.3185638888889
 30
0.0
  0
VERTEX
  5
39C
330
398
100
AcDbEntity
  8
DEFAULT
 62
   250
100
AcDbVertex
100
AcDb2dVertex
 10
74.14097722222222
 20
224.4368694444444
 30
0.0
  0
SEQEND
  5
39D
330
398
100
AcDbEntity
  8
DEFAULT
 62
   250
  0
POLYLINE
  5
39E
330
1F
100
AcDbEntity
  8
DEFAULT
 62
   250
100
AcDb2dPolyline
 66
     1
 10
0.0
 20
0.0
 30
0.0
  0
VERTEX
  5
39F
330
39E
100
AcDbEntity
  8
DEFAULT
 62
   250
100
AcDbVertex
100
AcDb2dVertex
 10
72.75216166666665
 20
208.3201108333333
 30
0.0
  0
VERTEX
  5
3A0
330
39E
100
AcDbEntity
  8
DEFAULT
 62
   250
100
AcDbVertex
100
AcDb2dVertex
 10
72.75216166666665
 20
209.4264219444444
 30
0.0
  0
VERTEX
  5
3A1
330
39E
100
AcDbEntity
  8
DEFAULT
 62
   250
100
AcDbVertex
100
AcDb2dVertex
 10
74.14281166666666
 20
208.3201108333333
 30
0.0
  0
VERTEX
  5
3A2
330
39E
100
AcDbEntity
  8
DEFAULT
 62
   250
100
AcDbVertex
100
AcDb2dVertex
 10
74.14281166666666
 20
209.4384163888888
 30
0.0
  0
SEQEND
  5
3A3
330
39E
100
AcDbEntity
  8
DEFAULT
 62
   250
  0
SPLINE
  5
3A4
330
1F
100
AcDbEntity
  8
DEFAULT
 62
     3
100
AcDbSpline
210
0.0
220
0.0
230
1.0
 70
    11
 71
     3
 72
    14
 73
    10
 74
     0
 42
0.000000001
 43
0.0000000001
 40
0.0
 40
0.0
 40
0.0
 40
0.0
 40
1.0
 40
1.0
 40
1.0
 40
2.0
 40
2.0
 40
2.0
 40
3.0
 40
3.0
 40
3.0
 40
3.0
 10
77.08984666666666
 20
202.2467591666667
 30
0.0
 10
77.14981888888887
 20
203.3887008333333
 30
0.0
 10
76.80374388888887
 20
203.7104341666667
 30
0.0
 10
76.0159911111111
 20
204.2388952777778
 30
0.0
 10
74.72200222222222
 20
205.1070813888889
 30
0.0
 10
77.54104944444444
 20
204.5952008333333
 30
0.0
 10
78.47485222222221
 20
204.0367536111111
 30
0.0
 10
79.26225222222222
 20
203.5657952777778
 30
0.0
 10
77.03728277777778
 20
201.2487508333333
 30
0.0
 10
77.08984666666666
 20
202.2467591666667
 30
0.0
  0
SPLINE
  5
3A5
330
1F
100
AcDbEntity
  8
DEFAULT
 62
     3
100
AcDbSpline
210
0.0
220
0.0
230
1.0
 70
    11
 71
     3
 72
    14
 73
    10
 74
     0
 42
0.000000001
 43
0.0000000001
 40
0.0
 40
0.0
 40
0.0
 40
0.0
 40
1.0
 40
1.0
 40
1.0
 40
2.0
 40
2.0
 40
2.0
 40
3.0
 40
3.0
 40
3.0
 40
3.0
 10
76.93021472222222
 20
215.1957497222222
 30
0.0
 10
77.54898694444444
 20
216.1574219444444
 30
0.0
 10
77.47878416666666
 20
216.7832497222222
 30
0.0
 10
76.93021472222222
 20
217.5568913888889
 30
0.0
 10
76.34495638888887
 20
218.3820386111111
 30
0.0
 10
78.92623138888888
 20
217.7480969444444
 30
0.0
 10
78.92623138888888
 20
216.3764969444444
 30
0.0
 10
78.92623138888888
 20
214.8856580555555
 30
0.0
 10
76.38940638888889
 20
214.3554330555556
 30
0.0
 10
76.93021472222222
 20
215.1957497222222
 30
0.0
  0
SPLINE
  5
3A6
330
1F
100
AcDbEntity
  8
DEFAULT
 62
     3
100
AcDbSpline
210
0.0
220
0.0
230
1.0
 70
    11
 71
     3
 72
    26
 73
    22
 74
     0
 42
0.000000001
 43
0.0000000001
 40
0.0
 40
0.0
 40
0.0
 40
0.0
 40
1.0
 40
1.0
 40
1.0
 40
2.0
 40
2.0
 40
2.0
 40
3.0
 40
3.0
 40
3.0
 40
4.0
 40
4.0
 40
4.0
 40
5.0
 40
5.0
 40
5.0
 40
6.0
 40
6.0
 40
6.0
 40
7.0
 40
7.0
 40
7.0
 40
7.0
 10
78.98578027777778
 20
232.2536488888889
 30
0.0
 10
77.38946083333333
 20
230.1221655555555
 30
0.0
 10
77.30761638888889
 20
230.1369822222222
 30
0.0
 10
78.30386083333333
 20
230.3236016666667
 30
0.0
 10
79.2997525
 20
230.5105738888889
 30
0.0
 10
79.90159138888889
 20
231.070785
 30
0.0
 10
81.2506136111111
 20
233.8721933333333
 30
0.0
 10
82.59928305555555
 20
236.6736016666667
 30
0.0
 10
84.1557386111111
 20
237.731935
 30
0.0
 10
82.35057472222222
 20
237.420785
 30
0.0
 10
80.54505805555554
 20
237.109635
 30
0.0
 10
79.92240527777777
 20
238.0434377777778
 30
0.0
 10
79.2376636111111
 20
238.7281794444444
 30
0.0
 10
78.55292194444444
 20
239.4129211111111
 30
0.0
 10
78.49048027777778
 20
239.5374516666667
 30
0.0
 10
77.2455275
 20
238.9147988888889
 30
0.0
 10
76.00057472222223
 20
238.2924988888889
 30
0.0
 10
79.73578583333334
 20
237.7943766666667
 30
0.0
 10
80.1093775
 20
236.2379211111111
 30
0.0
 10
80.48261638888889
 20
234.6814655555555
 30
0.0
 10
80.15594416666667
 20
233.8164544444444
 30
0.0
 10
78.98578027777778
 20
232.2536488888889
 30
0.0
  0
SPLINE
  5
3A7
330
1F
100
AcDbEntity
  8
DEFAULT
 62
     5
100
AcDbSpline
210
0.0
220
0.0
230
1.0
 70
    11
 71
     3
 72
    20
 73
    16
 74
     0
 42
0.000000001
 43
0.0000000001
 40
0.0
 40
0.0
 40
0.0
 40
0.0
 40
1.0
 40
1.0
 40
1.0
 40
2.0
 40
2.0
 40
2.0
 40
3.0
 40
3.0
 40
3.0
 40
4.0
 40
4.0
 40
4.0
 40
5.0
 40
5.0
 40
5.0
 40
5.0
 10
74.00776833333333
 20
213.6394
 30
0.0
 10
76.0415322222222
 20
215.3454333333333
 30
0.0
 10
75.77165722222222
 20
217.5252472222222
 30
0.0
 10
74.25682944444443
 20
218.7444472222222
 30
0.0
 10
72.38957666666666
 20
220.2469277777778
 30
0.0
 10
73.41404333333332
 20
220.7080083333333
 30
0.0
 10
76.10785444444444
 20
219.9128472222222
 30
0.0
 10
78.80201833333332
 20
219.1176861111111
 30
0.0
 10
80.22441833333333
 20
219.4291888888889
 30
0.0
 10
80.22441833333333
 20
216.50325
 30
0.0
 10
80.22441833333333
 20
213.5148694444444
 30
0.0
 10
78.94136555555555
 20
213.3903388888889
 30
0.0
 10
76.72380444444444
 20
212.7676861111111
 30
0.0
 10
74.50624333333333
 20
212.1453861111111
 30
0.0
 10
72.07842666666666
 20
212.0208555555556
 30
0.0
 10
74.00776833333333
 20
213.6394
 30
0.0
  0
SPLINE
  5
3A8
330
1F
100
AcDbEntity
  8
DEFAULT
 62
     5
100
AcDbSpline
210
0.0
220
0.0
230
1.0
 70
    11
 71
     3
 72
    14
 73
    10
 74
     0
 42
0.000000001
 43
0.0000000001
 40
0.0
 40
0.0
 40
0.0
 40
0.0
 40
1.0
 40
1.0
 40
1.0
 40
2.0
 40
2.0
 40
2.0
 40
3.0
 40
3.0
 40
3.0
 40
3.0
 10
77.80577388888888
 20
200.8149047222222
 30
0.0
 10
79.60000166666666
 20
202.7177880555555
 30
0.0
 10
81.66551555555554
 20
204.7370880555555
 30
0.0
 10
78.9261961111111
 20
205.2348575
 30
0.0
 10
76.18722944444444
 20
205.7329797222222
 30
0.0
 10
70.95765166666665
 20
206.3923213888889
 30
0.0
 10
73.82150166666665
 20
204.5501158333333
 30
0.0
 10
77.27096277777777
 20
202.3314963888889
 30
0.0
 10
75.5892711111111
 20
198.4639936111111
 30
0.0
 10
77.80577388888888
 20
200.8149047222222
 30
0.0
  0
SPLINE
  5
3A9
330
1F
100
AcDbEntity
  8
DEFAULT
 62
     5
100
AcDbSpline
210
0.0
220
0.0
230
1.0
 70
    11
 71
     3
 72
    20
 73
    16
 74
     0
 42
0.000000001
 43
0.0000000001
 40
0.0
 40
0.0
 40
0.0
 40
0.0
 40
1.0
 40
1.0
 40
1.0
 40
2.0
 40
2.0
 40
2.0
 40
3.0
 40
3.0
 40
3.0
 40
4.0
 40
4.0
 40
4.0
 40
5.0
 40
5.0
 40
5.0
 40
5.0
 10
75.14727583333332
 20
239.3646258333333
 30
0.0
 10
72.24744249999999
 20
236.2009147222222
 30
0.0
 10
81.54102027777776
 20
238.4791536111111
 30
0.0
 10
78.30110916666665
 20
233.6231675
 30
0.0
 10
74.99099527777776
 20
228.6624063888889
 30
0.0
 10
71.41418138888888
 20
226.8166730555556
 30
0.0
 10
77.68868694444444
 20
228.2277841666667
 30
0.0
 10
81.23763138888889
 20
229.0261202777777
 30
0.0
 10
79.98350638888888
 20
227.8203258333333
 30
0.0
 10
82.2882036111111
 20
232.6272758333333
 30
0.0
 10
85.45191472222221
 20
239.2263369444444
 30
0.0
 10
87.95346194444443
 20
239.7865480555556
 30
0.0
 10
83.1595647222222
 20
239.1018063888889
 30
0.0
 10
79.23526472222221
 20
238.5408897222222
 30
0.0
 10
79.22926749999999
 20
243.8184452777778
 30
0.0
 10
75.14727583333332
 20
239.3646258333333
 30
0.0
  0
SPLINE
  5
3AA
330
1F
100
AcDbEntity
  8
DEFAULT
 62
     1
100
AcDbSpline
210
0.0
220
0.0
230
1.0
 70
    11
 71
     3
 72
    83
 73
    79
 74
     0
 42
0.000000001
 43
0.0000000001
 40
1.0
 40
1.0
 40
1.0
 40
1.0
 40
2.0
 40
2.0
 40
2.0
 40
3.0
 40
3.0
 40
3.0
 40
4.0
 40
4.0
 40
4.0
 40
5.0
 40
5.0
 40
5.0
 40
13.5040014698963
 40
13.5040014698963
 40
13.5040014698963
 40
14.5040014698963
 40
14.5040014698963
 40
14.5040014698963
 40
15.5040014698963
 40
15.5040014698963
 40
15.5040014698963
 40
16.5040014698963
 40
16.5040014698963
 40
16.5040014698963
 40
17.5040014698963
 40
17.5040014698963
 40
17.5040014698963
 40
18.5040014698963
 40
18.5040014698963
 40
18.5040014698963
 40
19.5040014698963
 40
19.5040014698963
 40
19.5040014698963
 40
20.5040014698963
 40
20.5040014698963
 40
20.5040014698963
 40
21.5040014698963
 40
21.5040014698963
 40
21.5040014698963
 40
30.00800293979271
 40
30.00800293979271
 40
30.00800293979271
 40
31.00800293979271
 40
31.00800293979271
 40
31.00800293979271
 40
32.00800293979271
 40
32.00800293979271
 40
32.00800293979271
 40
33.00800293979271
 40
33.00800293979271
 40
33.00800293979271
 40
34.00800293979271
 40
34.00800293979271
 40
34.00800293979271
 40
35.00800293979271
 40
35.00800293979271
 40
35.00800293979271
 40
36.00800293979271
 40
36.00800293979271
 40
36.00800293979271
 40
37.00800293979271
 40
37.00800293979271
 40
37.00800293979271
 40
38.00800293979271
 40
38.00800293979271
 40
38.00800293979271
 40
39.00800293979271
 40
39.00800293979271
 40
39.00800293979271
 40
40.00800293979271
 40
40.00800293979271
 40
40.00800293979271
 40
41.00800293979271
 40
41.00800293979271
 40
41.00800293979271
 40
42.00800293979271
 40
42.00800293979271
 40
42.00800293979271
 40
42.00800293979271
 10
86.17151083333333
 20
234.0370111111111
 30
0.0
 10
84.80379138888888
 20
231.4109333333333
 30
0.0
 10
83.15561361111111
 20
227.9512416666667
 30
0.0
 10
83.15349694444444
 20
225.371025
 30
0.0
 10
83.14044416666665
 20
225.3124638888889
 30
0.0
 10
82.36433305555555
 20
225.2690722222222
 30
0.0
 10
81.4030136111111
 20
225.2704833333333
 30
0.0
 10
80.43851916666667
 20
225.2729527777778
 30
0.0
 10
79.82821361111111
 20
225.3731416666667
 30
0.0
 10
79.65464694444445
 20
225.3720833333333
 30
0.0
 10
78.77975805555555
 20
225.3724361111111
 30
0.0
 10
76.15297472222221
 20
225.3777277777777
 30
0.0
 10
76.15297472222221
 20
225.3777277777777
 30
0.0
 10
76.15238675925924
 20
224.3777203703704
 30
0.0
 10
76.15179879629629
 20
223.377712962963
 30
0.0
 10
76.15121083333334
 20
222.3777055555556
 30
0.0
 10
76.15121083333334
 20
222.3777055555556
 30
0.0
 10
78.77446638888888
 20
222.3734722222222
 30
0.0
 10
79.65253027777777
 20
222.3724138888889
 30
0.0
 10
79.82644972222222
 20
222.3731194444444
 30
0.0
 10
80.43428583333333
 20
222.47225
 30
0.0
 10
81.4030136111111
 20
222.4726027777778
 30
0.0
 10
82.36750805555556
 20
222.4701333333333
 30
0.0
 10
83.15279138888889
 20
222.4249777777778
 30
0.0
 10
83.15138027777778
 20
222.3710027777778
 30
0.0
 10
83.14820527777778
 20
220.3185416666667
 30
0.0
 10
82.47016638888888
 20
218.3842611111111
 30
0.0
 10
82.64302749999999
 20
215.8262694444444
 30
0.0
 10
82.75662194444443
 20
214.1523388888889
 30
0.0
 10
83.0984636111111
 20
213.255225
 30
0.0
 10
83.15526083333333
 20
210.372325
 30
0.0
 10
83.1429136111111
 20
210.3172916666667
 30
0.0
 10
82.36680249999999
 20
210.2739
 30
0.0
 10
81.40583583333333
 20
210.2756638888889
 30
0.0
 10
80.43675527777778
 20
210.2753111111111
 30
0.0
 10
79.8299775
 20
210.3747944444445
 30
0.0
 10
79.65641083333334
 20
210.3737361111111
 30
0.0
 10
78.78258027777778
 20
210.3776166666667
 30
0.0
 10
76.1547386111111
 20
210.3793805555555
 30
0.0
 10
76.1547386111111
 20
210.3793805555555
 30
0.0
 10
76.15415064814813
 20
209.3793731481481
 30
0.0
 10
76.15356268518518
 20
208.3793657407407
 30
0.0
 10
76.15297472222221
 20
207.3793583333333
 30
0.0
 10
76.15297472222221
 20
207.3793583333333
 30
0.0
 10
78.77623027777777
 20
207.375125
 30
0.0
 10
79.65111916666666
 20
207.3747722222222
 30
0.0
 10
79.82821361111111
 20
207.3747722222222
 30
0.0
 10
80.43604972222221
 20
207.4739027777778
 30
0.0
 10
81.4016025
 20
207.4749611111111
 30
0.0
 10
82.36962472222223
 20
207.4717861111111
 30
0.0
 10
83.1510275
 20
207.4273361111111
 30
0.0
 10
83.15349694444444
 20
207.3726555555555
 30
0.0
 10
83.15032194444444
 20
205.3706416666666
 30
0.0
 10
84.47323861111111
 20
203.5421944444444
 30
0.0
 10
78.90428861111111
 20
198.9564361111111
 30
0.0
 10
73.33816083333332
 20
194.3660916666667
 30
0.0
 10
74.89391083333334
 20
200.61555
 30
0.0
 10
69.9285636111111
 20
204.97165
 30
0.0
 10
65.87655805555555
 20
208.530825
 30
0.0
 10
65.51002194444443
 20
208.0379944444445
 30
0.0
 10
68.64727472222222
 20
210.9477055555555
 30
0.0
 10
73.67329972222223
 20
215.6117805555555
 30
0.0
 10
73.1324913888889
 20
217.5580555555555
 30
0.0
 10
68.80814138888888
 20
221.5469138888889
 30
0.0
 10
66.12526638888889
 20
224.0188277777778
 30
0.0
 10
66.56376916666667
 20
223.8777166666667
 30
0.0
 10
68.94325527777778
 20
226.5341333333333
 30
0.0
 10
71.30369138888888
 20
229.1693833333333
 30
0.0
 10
76.20941916666666
 20
232.4865527777778
 30
0.0
 10
74.28924972222222
 20
235.0374888888889
 30
0.0
 10
72.09179694444444
 20
237.9507277777778
 30
0.0
 10
66.37362194444444
 20
234.5079694444445
 30
0.0
 10
75.27314694444443
 20
242.8680972222222
 30
0.0
 10
78.6629886111111
 20
246.0501527777778
 30
0.0
 10
82.70829138888888
 20
241.2961194444444
 30
0.0
 10
86.7705275
 20
241.7942416666667
 30
0.0
 10
92.98047472222223
 20
242.5534194444444
 30
0.0
 10
88.95034138888889
 20
239.3696
 30
0.0
 10
86.17151083333333
 20
234.0370111111111
 30
0.0
  0
POLYLINE
  5
3AB
330
1F
100
AcDbEntity
  8
DEFAULT
 62
   250
100
AcDb2dPolyline
 66
     1
 10
0.0
 20
0.0
 30
0.0
  0
VERTEX
  5
3AC
330
3AB
100
AcDbEntity
  8
DEFAULT
 62
   250
100
AcDbVertex
100
AcDb2dVertex
 10
52.5648061111111
 20
223.3185638888889
 30
0.0
  0
VERTEX
  5
3AD
330
3AB
100
AcDbEntity
  8
DEFAULT
 62
   250
100
AcDbVertex
100
AcDb2dVertex
 10
52.5648061111111
 20
224.424875
 30
0.0
  0
VERTEX
  5
3AE
330
3AB
100
AcDbEntity
  8
DEFAULT
 62
   250
100
AcDbVertex
100
AcDb2dVertex
 10
53.95545611111111
 20
223.3185638888889
 30
0.0
  0
VERTEX
  5
3AF
330
3AB
100
AcDbEntity
  8
DEFAULT
 62
   250
100
AcDbVertex
100
AcDb2dVertex
 10
53.95545611111111
 20
224.4368694444444
 30
0.0
  0
SEQEND
  5
3B0
330
3AB
100
AcDbEntity
  8
DEFAULT
 62
   250
  0
POLYLINE
  5
3B1
330
1F
100
AcDbEntity
  8
DEFAULT
 62
   250
100
AcDb2dPolyline
 66
     1
 10
0.0
 20
0.0
 30
0.0
  0
VERTEX
  5
3B2
330
3B1
100
AcDbEntity
  8
DEFAULT
 62
   250
100
AcDbVertex
100
AcDb2dVertex
 10
52.56664055555555
 20
208.3201108333333
 30
0.0
  0
VERTEX
  5
3B3
330
3B1
100
AcDbEntity
  8
DEFAULT
 62
   250
100
AcDbVertex
100
AcDb2dVertex
 10
52.56664055555555
 20
209.4264219444444
 30
0.0
  0
VERTEX
  5
3B4
330
3B1
100
AcDbEntity
  8
DEFAULT
 62
   250
100
AcDbVertex
100
AcDb2dVertex
 10
53.95729055555555
 20
208.3201108333333
 30
0.0
  0
VERTEX
  5
3B5
330
3B1
100
AcDbEntity
  8
DEFAULT
 62
   250
100
AcDbVertex
100
AcDb2dVertex
 10
53.95729055555555
 20
209.4384163888888
 30
0.0
  0
SEQEND
  5
3B6
330
3B1
100
AcDbEntity
  8
DEFAULT
 62
   250
  0
SPLINE
  5
3B7
330
1F
100
AcDbEntity
  8
DEFAULT
 62
     3
100
AcDbSpline
210
0.0
220
0.0
230
1.0
 70
    11
 71
     3
 72
    14
 73
    10
 74
     0
 42
0.000000001
 43
0.0000000001
 40
0.0
 40
0.0
 40
0.0
 40
0.0
 40
1.0
 40
1.0
 40
1.0
 40
2.0
 40
2.0
 40
2.0
 40
3.0
 40
3.0
 40
3.0
 40
3.0
 10
56.90432555555554
 20
202.2467591666667
 30
0.0
 10
56.96429777777777
 20
203.3887008333333
 30
0.0
 10
56.61822277777777
 20
203.7104341666667
 30
0.0
 10
55.83046999999998
 20
204.2388952777778
 30
0.0
 10
54.53648111111111
 20
205.1070813888889
 30
0.0
 10
57.35552833333333
 20
204.5952008333333
 30
0.0
 10
58.2893311111111
 20
204.0367536111111
 30
0.0
 10
59.07673111111109
 20
203.5657952777778
 30
0.0
 10
56.85176166666665
 20
201.2487508333333
 30
0.0
 10
56.90432555555554
 20
202.2467591666667
 30
0.0
  0
SPLINE
  5
3B8
330
1F
100
AcDbEntity
  8
DEFAULT
 62
     3
100
AcDbSpline
210
0.0
220
0.0
230
1.0
 70
    11
 71
     3
 72
    14
 73
    10
 74
     0
 42
0.000000001
 43
0.0000000001
 40
0.0
 40
0.0
 40
0.0
 40
0.0
 40
1.0
 40
1.0
 40
1.0
 40
2.0
 40
2.0
 40
2.0
 40
3.0
 40
3.0
 40
3.0
 40
3.0
 10
56.74469361111111
 20
215.1957497222222
 30
0.0
 10
57.36346583333333
 20
216.1574219444444
 30
0.0
 10
57.29326305555556
 20
216.7832497222222
 30
0.0
 10
56.74469361111111
 20
217.5568913888889
 30
0.0
 10
56.15943527777777
 20
218.3820386111111
 30
0.0
 10
58.74071027777777
 20
217.7480969444444
 30
0.0
 10
58.74071027777777
 20
216.3764969444444
 30
0.0
 10
58.74071027777777
 20
214.8856580555555
 30
0.0
 10
56.20388527777778
 20
214.3554330555556
 30
0.0
 10
56.74469361111111
 20
215.1957497222222
 30
0.0
  0
SPLINE
  5
3B9
330
1F
100
AcDbEntity
  8
DEFAULT
 62
     3
100
AcDbSpline
210
0.0
220
0.0
230
1.0
 70
    11
 71
     3
 72
    26
 73
    22
 74
     0
 42
0.000000001
 43
0.0000000001
 40
0.0
 40
0.0
 40
0.0
 40
0.0
 40
1.0
 40
1.0
 40
1.0
 40
2.0
 40
2.0
 40
2.0
 40
3.0
 40
3.0
 40
3.0
 40
4.0
 40
4.0
 40
4.0
 40
5.0
 40
5.0
 40
5.0
 40
6.0
 40
6.0
 40
6.0
 40
7.0
 40
7.0
 40
7.0
 40
7.0
 10
58.80025916666666
 20
232.2536488888889
 30
0.0
 10
57.20393972222222
 20
230.1221655555555
 30
0.0
 10
57.12209527777777
 20
230.1369822222222
 30
0.0
 10
58.11833972222222
 20
230.3236016666667
 30
0.0
 10
59.11423138888888
 20
230.5105738888889
 30
0.0
 10
59.71607027777777
 20
231.070785
 30
0.0
 10
61.06509249999998
 20
233.8721933333333
 30
0.0
 10
62.41376194444444
 20
236.6736016666667
 30
0.0
 10
63.97021749999999
 20
237.731935
 30
0.0
 10
62.16470083333333
 20
237.420785
 30
0.0
 10
60.35953694444444
 20
237.109635
 30
0.0
 10
59.73688416666666
 20
238.0434377777778
 30
0.0
 10
59.0521425
 20
238.7281794444444
 30
0.0
 10
58.36740083333333
 20
239.4129211111111
 30
0.0
 10
58.30495916666666
 20
239.5374516666667
 30
0.0
 10
57.06000638888889
 20
238.9147988888889
 30
0.0
 10
55.81470083333333
 20
238.2924988888889
 30
0.0
 10
59.55026472222222
 20
237.7943766666667
 30
0.0
 10
59.9235036111111
 20
236.2379211111111
 30
0.0
 10
60.29709527777777
 20
234.6814655555555
 30
0.0
 10
59.97042305555555
 20
233.8164544444444
 30
0.0
 10
58.80025916666666
 20
232.2536488888889
 30
0.0
  0
SPLINE
  5
3BA
330
1F
100
AcDbEntity
  8
DEFAULT
 62
     5
100
AcDbSpline
210
0.0
220
0.0
230
1.0
 70
    11
 71
     3
 72
    20
 73
    16
 74
     0
 42
0.000000001
 43
0.0000000001
 40
0.0
 40
0.0
 40
0.0
 40
0.0
 40
1.0
 40
1.0
 40
1.0
 40
2.0
 40
2.0
 40
2.0
 40
3.0
 40
3.0
 40
3.0
 40
4.0
 40
4.0
 40
4.0
 40
5.0
 40
5.0
 40
5.0
 40
5.0
 10
53.82224722222222
 20
213.6394
 30
0.0
 10
55.8560111111111
 20
215.3454333333333
 30
0.0
 10
55.58613611111111
 20
217.5252472222222
 30
0.0
 10
54.07130833333333
 20
218.7444472222222
 30
0.0
 10
52.20405555555556
 20
220.2469277777778
 30
0.0
 10
53.22852222222222
 20
220.7080083333333
 30
0.0
 10
55.92233333333333
 20
219.9128472222222
 30
0.0
 10
58.61614444444444
 20
219.1176861111111
 30
0.0
 10
60.03889722222223
 20
219.4291888888889
 30
0.0
 10
60.03889722222223
 20
216.50325
 30
0.0
 10
60.03889722222223
 20
213.5148694444444
 30
0.0
 10
58.75584444444445
 20
213.3903388888889
 30
0.0
 10
56.53828333333333
 20
212.7676861111111
 30
0.0
 10
54.32072222222222
 20
212.1453861111111
 30
0.0
 10
51.89290555555556
 20
212.0208555555556
 30
0.0
 10
53.82224722222222
 20
213.6394
 30
0.0
  0
SPLINE
  5
3BB
330
1F
100
AcDbEntity
  8
DEFAULT
 62
     5
100
AcDbSpline
210
0.0
220
0.0
230
1.0
 70
    11
 71
     3
 72
    14
 73
    10
 74
     0
 42
0.000000001
 43
0.0000000001
 40
0.0
 40
0.0
 40
0.0
 40
0.0
 40
1.0
 40
1.0
 40
1.0
 40
2.0
 40
2.0
 40
2.0
 40
3.0
 40
3.0
 40
3.0
 40
3.0
 10
57.62025277777777
 20
200.8149047222222
 30
0.0
 10
59.41448055555556
 20
202.7177880555555
 30
0.0
 10
61.47999444444444
 20
204.7370880555555
 30
0.0
 10
58.74102777777777
 20
205.2348575
 30
0.0
 10
56.00170833333333
 20
205.7329797222222
 30
0.0
 10
50.77213055555555
 20
206.3923213888889
 30
0.0
 10
53.63598055555555
 20
204.5501158333333
 30
0.0
 10
57.08544166666666
 20
202.3314963888889
 30
0.0
 10
55.40375
 20
198.4639936111111
 30
0.0
 10
57.62025277777777
 20
200.8149047222222
 30
0.0
  0
SPLINE
  5
3BC
330
1F
100
AcDbEntity
  8
DEFAULT
 62
     5
100
AcDbSpline
210
0.0
220
0.0
230
1.0
 70
    11
 71
     3
 72
    20
 73
    16
 74
     0
 42
0.000000001
 43
0.0000000001
 40
0.0
 40
0.0
 40
0.0
 40
0.0
 40
1.0
 40
1.0
 40
1.0
 40
2.0
 40
2.0
 40
2.0
 40
3.0
 40
3.0
 40
3.0
 40
4.0
 40
4.0
 40
4.0
 40
5.0
 40
5.0
 40
5.0
 40
5.0
 10
54.96175472222222
 20
239.3646258333333
 30
0.0
 10
52.06192138888888
 20
236.2009147222222
 30
0.0
 10
61.35549916666666
 20
238.4791536111111
 30
0.0
 10
58.11558805555555
 20
233.6231675
 30
0.0
 10
54.80547416666666
 20
228.6624063888889
 30
0.0
 10
51.22866027777778
 20
226.8166730555556
 30
0.0
 10
57.50316583333333
 20
228.2277841666667
 30
0.0
 10
61.05211027777778
 20
229.0261202777777
 30
0.0
 10
59.79798527777778
 20
227.8203258333333
 30
0.0
 10
62.10268249999999
 20
232.6272758333333
 30
0.0
 10
65.26639361111111
 20
239.2263369444444
 30
0.0
 10
67.76794083333333
 20
239.7865480555556
 30
0.0
 10
62.9740436111111
 20
239.1018063888889
 30
0.0
 10
59.0497436111111
 20
238.5408897222222
 30
0.0
 10
59.04374638888888
 20
243.8184452777778
 30
0.0
 10
54.96175472222222
 20
239.3646258333333
 30
0.0
  0
SPLINE
  5
3BD
330
1F
100
AcDbEntity
  8
DEFAULT
 62
     1
100
AcDbSpline
210
0.0
220
0.0
230
1.0
 70
    11
 71
     3
 72
    83
 73
    79
 74
     0
 42
0.000000001
 43
0.0000000001
 40
1.0
 40
1.0
 40
1.0
 40
1.0
 40
2.0
 40
2.0
 40
2.0
 40
3.0
 40
3.0
 40
3.0
 40
4.0
 40
4.0
 40
4.0
 40
5.0
 40
5.0
 40
5.0
 40
13.5040014698963
 40
13.5040014698963
 40
13.5040014698963
 40
14.5040014698963
 40
14.5040014698963
 40
14.5040014698963
 40
15.5040014698963
 40
15.5040014698963
 40
15.5040014698963
 40
16.5040014698963
 40
16.5040014698963
 40
16.5040014698963
 40
17.5040014698963
 40
17.5040014698963
 40
17.5040014698963
 40
18.5040014698963
 40
18.5040014698963
 40
18.5040014698963
 40
19.5040014698963
 40
19.5040014698963
 40
19.5040014698963
 40
20.5040014698963
 40
20.5040014698963
 40
20.5040014698963
 40
21.5040014698963
 40
21.5040014698963
 40
21.5040014698963
 40
30.00800293979271
 40
30.00800293979271
 40
30.00800293979271
 40
31.00800293979271
 40
31.00800293979271
 40
31.00800293979271
 40
32.00800293979271
 40
32.00800293979271
 40
32.00800293979271
 40
33.00800293979271
 40
33.00800293979271
 40
33.00800293979271
 40
34.00800293979271
 40
34.00800293979271
 40
34.00800293979271
 40
35.00800293979271
 40
35.00800293979271
 40
35.00800293979271
 40
36.00800293979271
 40
36.00800293979271
 40
36.00800293979271
 40
37.00800293979271
 40
37.00800293979271
 40
37.00800293979271
 40
38.00800293979271
 40
38.00800293979271
 40
38.00800293979271
 40
39.00800293979271
 40
39.00800293979271
 40
39.00800293979271
 40
40.00800293979271
 40
40.00800293979271
 40
40.00800293979271
 40
41.00800293979271
 40
41.00800293979271
 40
41.00800293979271
 40
42.00800293979271
 40
42.00800293979271
 40
42.00800293979271
 40
42.00800293979271
 10
65.98598972222221
 20
234.0370111111111
 30
0.0
 10
64.61827027777777
 20
231.4109333333333
 30
0.0
 10
62.97009249999999
 20
227.9512416666667
 30
0.0
 10
62.96797583333332
 20
225.371025
 30
0.0
 10
62.95492305555554
 20
225.3124638888889
 30
0.0
 10
62.17881194444443
 20
225.2690722222222
 30
0.0
 10
61.21749249999999
 20
225.2704833333333
 30
0.0
 10
60.25299805555554
 20
225.2729527777778
 30
0.0
 10
59.6426925
 20
225.3731416666667
 30
0.0
 10
59.46912583333332
 20
225.3720833333333
 30
0.0
 10
58.59423694444443
 20
225.3724361111111
 30
0.0
 10
55.9674536111111
 20
225.3777277777777
 30
0.0
 10
55.9674536111111
 20
225.3777277777777
 30
0.0
 10
55.96686564814814
 20
224.3777203703704
 30
0.0
 10
55.96627768518518
 20
223.377712962963
 30
0.0
 10
55.96568972222222
 20
222.3777055555556
 30
0.0
 10
55.96568972222222
 20
222.3777055555556
 30
0.0
 10
58.58894527777777
 20
222.3734722222222
 30
0.0
 10
59.46700916666666
 20
222.3724138888889
 30
0.0
 10
59.64092861111111
 20
222.3731194444444
 30
0.0
 10
60.24876472222221
 20
222.47225
 30
0.0
 10
61.21749249999999
 20
222.4726027777778
 30
0.0
 10
62.18198694444444
 20
222.4701333333333
 30
0.0
 10
62.96727027777777
 20
222.4249777777778
 30
0.0
 10
62.96585916666665
 20
222.3710027777778
 30
0.0
 10
62.96268416666666
 20
220.3185416666667
 30
0.0
 10
62.28464527777777
 20
218.3842611111111
 30
0.0
 10
62.45750638888888
 20
215.8262694444444
 30
0.0
 10
62.57110083333333
 20
214.1523388888889
 30
0.0
 10
62.91294249999999
 20
213.255225
 30
0.0
 10
62.96973972222221
 20
210.372325
 30
0.0
 10
62.95739249999999
 20
210.3172916666667
 30
0.0
 10
62.18128138888888
 20
210.2739
 30
0.0
 10
61.22031472222221
 20
210.2756638888889
 30
0.0
 10
60.25123416666666
 20
210.2753111111111
 30
0.0
 10
59.64445638888888
 20
210.3747944444445
 30
0.0
 10
59.47088972222222
 20
210.3737361111111
 30
0.0
 10
58.59670638888888
 20
210.3776166666667
 30
0.0
 10
55.96921749999999
 20
210.3793805555555
 30
0.0
 10
55.96921749999999
 20
210.3793805555555
 30
0.0
 10
55.96862953703703
 20
209.3793731481481
 30
0.0
 10
55.96804157407407
 20
208.3793657407407
 30
0.0
 10
55.9674536111111
 20
207.3793583333333
 30
0.0
 10
55.9674536111111
 20
207.3793583333333
 30
0.0
 10
58.59070916666666
 20
207.375125
 30
0.0
 10
59.46559805555555
 20
207.3747722222222
 30
0.0
 10
59.6426925
 20
207.3747722222222
 30
0.0
 10
60.2505286111111
 20
207.4739027777778
 30
0.0
 10
61.21608138888887
 20
207.4749611111111
 30
0.0
 10
62.18410361111111
 20
207.4717861111111
 30
0.0
 10
62.96550638888888
 20
207.4273361111111
 30
0.0
 10
62.96797583333332
 20
207.3726555555555
 30
0.0
 10
62.96480083333333
 20
205.3706416666666
 30
0.0
 10
64.2877175
 20
203.5421944444444
 30
0.0
 10
58.71876749999999
 20
198.9564361111111
 30
0.0
 10
53.15228694444444
 20
194.3660916666667
 30
0.0
 10
54.70838972222222
 20
200.61555
 30
0.0
 10
49.74304249999999
 20
204.97165
 30
0.0
 10
45.69103694444444
 20
208.530825
 30
0.0
 10
45.32414805555554
 20
208.0379944444445
 30
0.0
 10
48.4617536111111
 20
210.9477055555555
 30
0.0
 10
53.4877786111111
 20
215.6117805555555
 30
0.0
 10
52.94697027777777
 20
217.5580555555555
 30
0.0
 10
48.62226749999999
 20
221.5469138888889
 30
0.0
 10
45.93974527777777
 20
224.0188277777778
 30
0.0
 10
46.37824805555555
 20
223.8777166666667
 30
0.0
 10
48.75773416666666
 20
226.5341333333333
 30
0.0
 10
51.11817027777776
 20
229.1693833333333
 30
0.0
 10
56.02389805555555
 20
232.4865527777778
 30
0.0
 10
54.10337583333333
 20
235.0374888888889
 30
0.0
 10
51.90627583333332
 20
237.9507277777778
 30
0.0
 10
46.18810083333332
 20
234.5079694444445
 30
0.0
 10
55.08762583333333
 20
242.8680972222222
 30
0.0
 10
58.4774675
 20
246.0501527777778
 30
0.0
 10
62.52277027777777
 20
241.2961194444444
 30
0.0
 10
66.58500638888889
 20
241.7942416666667
 30
0.0
 10
72.7949536111111
 20
242.5534194444444
 30
0.0
 10
68.76482027777777
 20
239.3696
 30
0.0
 10
65.98598972222221
 20
234.0370111111111
 30
0.0
  0
POLYLINE
  5
3BE
330
1F
100
AcDbEntity
  8
DEFAULT
 62
   250
100
AcDb2dPolyline
 66
     1
 10
0.0
 20
0.0
 30
0.0
  0
VERTEX
  5
3BF
330
3BE
100
AcDbEntity
  8
DEFAULT
 62
   250
100
AcDbVertex
100
AcDb2dVertex
 10
32.379285
 20
223.3185638888889
 30
0.0
  0
VERTEX
  5
3C0
330
3BE
100
AcDbEntity
  8
DEFAULT
 62
   250
100
AcDbVertex
100
AcDb2dVertex
 10
32.379285
 20
224.424875
 30
0.0
  0
VERTEX
  5
3C1
330
3BE
100
AcDbEntity
  8
DEFAULT
 62
   250
100
AcDbVertex
100
AcDb2dVertex
 10
33.769935
 20
223.3185638888889
 30
0.0
  0
VERTEX
  5
3C2
330
3BE
100
AcDbEntity
  8
DEFAULT
 62
   250
100
AcDbVertex
100
AcDb2dVertex
 10
33.769935
 20
224.4368694444444
 30
0.0
  0
SEQEND
  5
3C3
330
3BE
100
AcDbEntity
  8
DEFAULT
 62
   250
  0
POLYLINE
  5
3C4
330
1F
100
AcDbEntity
  8
DEFAULT
 62
   250
100
AcDb2dPolyline
 66
     1
 10
0.0
 20
0.0
 30
0.0
  0
VERTEX
  5
3C5
330
3C4
100
AcDbEntity
  8
DEFAULT
 62
   250
100
AcDbVertex
100
AcDb2dVertex
 10
32.38111944444444
 20
208.3201108333333
 30
0.0
  0
VERTEX
  5
3C6
330
3C4
100
AcDbEntity
  8
DEFAULT
 62
   250
100
AcDbVertex
100
AcDb2dVertex
 10
32.38111944444444
 20
209.4264219444444
 30
0.0
  0
VERTEX
  5
3C7
330
3C4
100
AcDbEntity
  8
DEFAULT
 62
   250
100
AcDbVertex
100
AcDb2dVertex
 10
33.77176944444444
 20
208.3201108333333
 30
0.0
  0
VERTEX
  5
3C8
330
3C4
100
AcDbEntity
  8
DEFAULT
 62
   250
100
AcDbVertex
100
AcDb2dVertex
 10
33.77176944444444
 20
209.4384163888888
 30
0.0
  0
SEQEND
  5
3C9
330
3C4
100
AcDbEntity
  8
DEFAULT
 62
   250
  0
SPLINE
  5
3CA
330
1F
100
AcDbEntity
  8
DEFAULT
 62
     3
100
AcDbSpline
210
0.0
220
0.0
230
1.0
 70
    11
 71
     3
 72
    14
 73
    10
 74
     0
 42
0.000000001
 43
0.0000000001
 40
0.0
 40
0.0
 40
0.0
 40
0.0
 40
1.0
 40
1.0
 40
1.0
 40
2.0
 40
2.0
 40
2.0
 40
3.0
 40
3.0
 40
3.0
 40
3.0
 10
36.71880444444444
 20
202.2467591666667
 30
0.0
 10
36.77877666666667
 20
203.3887008333333
 30
0.0
 10
36.43270166666666
 20
203.7104341666667
 30
0.0
 10
35.64494888888888
 20
204.2388952777778
 30
0.0
 10
34.35095999999999
 20
205.1070813888889
 30
0.0
 10
37.17000722222222
 20
204.5952008333333
 30
0.0
 10
38.10381
 20
204.0367536111111
 30
0.0
 10
38.89120999999999
 20
203.5657952777778
 30
0.0
 10
36.66624055555555
 20
201.2487508333333
 30
0.0
 10
36.71880444444444
 20
202.2467591666667
 30
0.0
  0
SPLINE
  5
3CB
330
1F
100
AcDbEntity
  8
DEFAULT
 62
     3
100
AcDbSpline
210
0.0
220
0.0
230
1.0
 70
    11
 71
     3
 72
    14
 73
    10
 74
     0
 42
0.000000001
 43
0.0000000001
 40
0.0
 40
0.0
 40
0.0
 40
0.0
 40
1.0
 40
1.0
 40
1.0
 40
2.0
 40
2.0
 40
2.0
 40
3.0
 40
3.0
 40
3.0
 40
3.0
 10
36.5591725
 20
215.1957497222222
 30
0.0
 10
37.17794472222222
 20
216.1574219444444
 30
0.0
 10
37.10774194444444
 20
216.7832497222222
 30
0.0
 10
36.5591725
 20
217.5568913888889
 30
0.0
 10
35.97391416666666
 20
218.3820386111111
 30
0.0
 10
38.55518916666666
 20
217.7480969444444
 30
0.0
 10
38.55518916666666
 20
216.3764969444444
 30
0.0
 10
38.55518916666666
 20
214.8856580555555
 30
0.0
 10
36.01836416666666
 20
214.3554330555556
 30
0.0
 10
36.5591725
 20
215.1957497222222
 30
0.0
  0
SPLINE
  5
3CC
330
1F
100
AcDbEntity
  8
DEFAULT
 62
     3
100
AcDbSpline
210
0.0
220
0.0
230
1.0
 70
    11
 71
     3
 72
    26
 73
    22
 74
     0
 42
0.000000001
 43
0.0000000001
 40
0.0
 40
0.0
 40
0.0
 40
0.0
 40
1.0
 40
1.0
 40
1.0
 40
2.0
 40
2.0
 40
2.0
 40
3.0
 40
3.0
 40
3.0
 40
4.0
 40
4.0
 40
4.0
 40
5.0
 40
5.0
 40
5.0
 40
6.0
 40
6.0
 40
6.0
 40
7.0
 40
7.0
 40
7.0
 40
7.0
 10
38.61473805555556
 20
232.2536488888889
 30
0.0
 10
37.01841861111111
 20
230.1221655555555
 30
0.0
 10
36.93657416666667
 20
230.1369822222222
 30
0.0
 10
37.93281861111111
 20
230.3236016666667
 30
0.0
 10
38.92871027777777
 20
230.5105738888889
 30
0.0
 10
39.53054916666667
 20
231.070785
 30
0.0
 10
40.87957138888889
 20
233.8721933333333
 30
0.0
 10
42.22824083333333
 20
236.6736016666667
 30
0.0
 10
43.78469638888889
 20
237.731935
 30
0.0
 10
41.97917972222222
 20
237.420785
 30
0.0
 10
40.17401583333334
 20
237.109635
 30
0.0
 10
39.55136305555556
 20
238.0434377777778
 30
0.0
 10
38.86662138888889
 20
238.7281794444444
 30
0.0
 10
38.18187972222222
 20
239.4129211111111
 30
0.0
 10
38.11943805555556
 20
239.5374516666667
 30
0.0
 10
36.87448527777778
 20
238.9147988888889
 30
0.0
 10
35.62917972222223
 20
238.2924988888889
 30
0.0
 10
39.36474361111111
 20
237.7943766666667
 30
0.0
 10
39.7379825
 20
236.2379211111111
 30
0.0
 10
40.11157416666666
 20
234.6814655555555
 30
0.0
 10
39.78490194444444
 20
233.8164544444444
 30
0.0
 10
38.61473805555556
 20
232.2536488888889
 30
0.0
  0
SPLINE
  5
3CD
330
1F
100
AcDbEntity
  8
DEFAULT
 62
     5
100
AcDbSpline
210
0.0
220
0.0
230
1.0
 70
    11
 71
     3
 72
    20
 73
    16
 74
     0
 42
0.000000001
 43
0.0000000001
 40
0.0
 40
0.0
 40
0.0
 40
0.0
 40
1.0
 40
1.0
 40
1.0
 40
2.0
 40
2.0
 40
2.0
 40
3.0
 40
3.0
 40
3.0
 40
4.0
 40
4.0
 40
4.0
 40
5.0
 40
5.0
 40
5.0
 40
5.0
 10
33.63672611111111
 20
213.6394
 30
0.0
 10
35.67049
 20
215.3454333333333
 30
0.0
 10
35.400615
 20
217.5252472222222
 30
0.0
 10
33.88578722222222
 20
218.7444472222222
 30
0.0
 10
32.01853444444444
 20
220.2469277777778
 30
0.0
 10
33.04300111111111
 20
220.7080083333333
 30
0.0
 10
35.73681222222222
 20
219.9128472222222
 30
0.0
 10
38.43062333333333
 20
219.1176861111111
 30
0.0
 10
39.85337611111111
 20
219.4291888888889
 30
0.0
 10
39.85337611111111
 20
216.50325
 30
0.0
 10
39.85337611111111
 20
213.5148694444444
 30
0.0
 10
38.57032333333333
 20
213.3903388888889
 30
0.0
 10
36.35276222222222
 20
212.7676861111111
 30
0.0
 10
34.13520111111111
 20
212.1453861111111
 30
0.0
 10
31.70738444444445
 20
212.0208555555556
 30
0.0
 10
33.63672611111111
 20
213.6394
 30
0.0
  0
SPLINE
  5
3CE
330
1F
100
AcDbEntity
  8
DEFAULT
 62
     5
100
AcDbSpline
210
0.0
220
0.0
230
1.0
 70
    11
 71
     3
 72
    14
 73
    10
 74
     0
 42
0.000000001
 43
0.0000000001
 40
0.0
 40
0.0
 40
0.0
 40
0.0
 40
1.0
 40
1.0
 40
1.0
 40
2.0
 40
2.0
 40
2.0
 40
3.0
 40
3.0
 40
3.0
 40
3.0
 10
37.43473166666666
 20
200.8149047222222
 30
0.0
 10
39.22895944444444
 20
202.7177880555555
 30
0.0
 10
41.29447333333333
 20
204.7370880555555
 30
0.0
 10
38.55550666666667
 20
205.2348575
 30
0.0
 10
35.81618722222222
 20
205.7329797222222
 30
0.0
 10
30.58660944444444
 20
206.3923213888889
 30
0.0
 10
33.45045944444444
 20
204.5501158333333
 30
0.0
 10
36.89992055555555
 20
202.3314963888889
 30
0.0
 10
35.21822888888888
 20
198.4639936111111
 30
0.0
 10
37.43473166666666
 20
200.8149047222222
 30
0.0
  0
SPLINE
  5
3CF
330
1F
100
AcDbEntity
  8
DEFAULT
 62
     5
100
AcDbSpline
210
0.0
220
0.0
230
1.0
 70
    11
 71
     3
 72
    20
 73
    16
 74
     0
 42
0.000000001
 43
0.0000000001
 40
0.0
 40
0.0
 40
0.0
 40
0.0
 40
1.0
 40
1.0
 40
1.0
 40
2.0
 40
2.0
 40
2.0
 40
3.0
 40
3.0
 40
3.0
 40
4.0
 40
4.0
 40
4.0
 40
5.0
 40
5.0
 40
5.0
 40
5.0
 10
34.77623361111111
 20
239.3646258333333
 30
0.0
 10
31.87640027777778
 20
236.2009147222222
 30
0.0
 10
41.16997805555555
 20
238.4791536111111
 30
0.0
 10
37.93006694444444
 20
233.6231675
 30
0.0
 10
34.61995305555556
 20
228.6624063888889
 30
0.0
 10
31.04313916666666
 20
226.8166730555556
 30
0.0
 10
37.31764472222222
 20
228.2277841666667
 30
0.0
 10
40.86658916666666
 20
229.0261202777777
 30
0.0
 10
39.61246416666666
 20
227.8203258333333
 30
0.0
 10
41.91716138888889
 20
232.6272758333333
 30
0.0
 10
45.08087249999999
 20
239.2263369444444
 30
0.0
 10
47.58241972222222
 20
239.7865480555556
 30
0.0
 10
42.7885225
 20
239.1018063888889
 30
0.0
 10
38.8642225
 20
238.5408897222222
 30
0.0
 10
38.85822527777777
 20
243.8184452777778
 30
0.0
 10
34.77623361111111
 20
239.3646258333333
 30
0.0
  0
SPLINE
  5
3D0
330
1F
100
AcDbEntity
  8
DEFAULT
 62
     1
100
AcDbSpline
210
0.0
220
0.0
230
1.0
 70
    11
 71
     3
 72
    83
 73
    79
 74
     0
 42
0.000000001
 43
0.0000000001
 40
1.0
 40
1.0
 40
1.0
 40
1.0
 40
2.0
 40
2.0
 40
2.0
 40
3.0
 40
3.0
 40
3.0
 40
4.0
 40
4.0
 40
4.0
 40
5.0
 40
5.0
 40
5.0
 40
13.5040014698963
 40
13.5040014698963
 40
13.5040014698963
 40
14.5040014698963
 40
14.5040014698963
 40
14.5040014698963
 40
15.5040014698963
 40
15.5040014698963
 40
15.5040014698963
 40
16.5040014698963
 40
16.5040014698963
 40
16.5040014698963
 40
17.5040014698963
 40
17.5040014698963
 40
17.5040014698963
 40
18.5040014698963
 40
18.5040014698963
 40
18.5040014698963
 40
19.5040014698963
 40
19.5040014698963
 40
19.5040014698963
 40
20.5040014698963
 40
20.5040014698963
 40
20.5040014698963
 40
21.5040014698963
 40
21.5040014698963
 40
21.5040014698963
 40
30.00800293979271
 40
30.00800293979271
 40
30.00800293979271
 40
31.00800293979271
 40
31.00800293979271
 40
31.00800293979271
 40
32.00800293979271
 40
32.00800293979271
 40
32.00800293979271
 40
33.00800293979271
 40
33.00800293979271
 40
33.00800293979271
 40
34.00800293979271
 40
34.00800293979271
 40
34.00800293979271
 40
35.00800293979271
 40
35.00800293979271
 40
35.00800293979271
 40
36.00800293979271
 40
36.00800293979271
 40
36.00800293979271
 40
37.00800293979271
 40
37.00800293979271
 40
37.00800293979271
 40
38.00800293979271
 40
38.00800293979271
 40
38.00800293979271
 40
39.00800293979271
 40
39.00800293979271
 40
39.00800293979271
 40
40.00800293979271
 40
40.00800293979271
 40
40.00800293979271
 40
41.00800293979271
 40
41.00800293979271
 40
41.00800293979271
 40
42.00800293979271
 40
42.00800293979271
 40
42.00800293979271
 40
42.00800293979271
 10
45.80046861111111
 20
234.0370111111111
 30
0.0
 10
44.43274916666667
 20
231.4109333333333
 30
0.0
 10
42.78457138888889
 20
227.9512416666667
 30
0.0
 10
42.78245472222222
 20
225.371025
 30
0.0
 10
42.76940194444445
 20
225.3124638888889
 30
0.0
 10
41.99329083333333
 20
225.2690722222222
 30
0.0
 10
41.03197138888889
 20
225.2704833333333
 30
0.0
 10
40.06747694444444
 20
225.2729527777778
 30
0.0
 10
39.45717138888889
 20
225.3731416666667
 30
0.0
 10
39.28360472222222
 20
225.3720833333333
 30
0.0
 10
38.40871583333333
 20
225.3724361111111
 30
0.0
 10
35.7819325
 20
225.3777277777777
 30
0.0
 10
35.7819325
 20
225.3777277777777
 30
0.0
 10
35.78134453703704
 20
224.3777203703704
 30
0.0
 10
35.78075657407407
 20
223.377712962963
 30
0.0
 10
35.78016861111111
 20
222.3777055555556
 30
0.0
 10
35.78016861111111
 20
222.3777055555556
 30
0.0
 10
38.40342416666667
 20
222.3734722222222
 30
0.0
 10
39.28184083333333
 20
222.3724138888889
 30
0.0
 10
39.4554075
 20
222.3731194444444
 30
0.0
 10
40.0632436111111
 20
222.47225
 30
0.0
 10
41.03197138888889
 20
222.4726027777778
 30
0.0
 10
41.99646583333333
 20
222.4701333333333
 30
0.0
 10
42.78174916666666
 20
222.4249777777778
 30
0.0
 10
42.78069083333333
 20
222.3710027777778
 30
0.0
 10
42.77716305555555
 20
220.3185416666667
 30
0.0
 10
42.09912416666666
 20
218.3842611111111
 30
0.0
 10
42.27198527777778
 20
215.8262694444444
 30
0.0
 10
42.38557972222222
 20
214.1523388888889
 30
0.0
 10
42.72742138888889
 20
213.255225
 30
0.0
 10
42.78421861111111
 20
210.372325
 30
0.0
 10
42.77187138888888
 20
210.3172916666667
 30
0.0
 10
41.99576027777778
 20
210.2739
 30
0.0
 10
41.03479361111111
 20
210.2756638888889
 30
0.0
 10
40.06571305555556
 20
210.2753111111111
 30
0.0
 10
39.45893527777778
 20
210.3747944444445
 30
0.0
 10
39.28536861111111
 20
210.3737361111111
 30
0.0
 10
38.41153805555555
 20
210.3776166666667
 30
0.0
 10
35.78369638888888
 20
210.3793805555555
 30
0.0
 10
35.78369638888888
 20
210.3793805555555
 30
0.0
 10
35.78310842592592
 20
209.3793731481481
 30
0.0
 10
35.78252046296296
 20
208.3793657407407
 30
0.0
 10
35.7819325
 20
207.3793583333333
 30
0.0
 10
35.7819325
 20
207.3793583333333
 30
0.0
 10
38.40518805555556
 20
207.375125
 30
0.0
 10
39.28007694444444
 20
207.3747722222222
 30
0.0
 10
39.45717138888889
 20
207.3747722222222
 30
0.0
 10
40.0650075
 20
207.4739027777778
 30
0.0
 10
41.03056027777777
 20
207.4749611111111
 30
0.0
 10
41.9985825
 20
207.4717861111111
 30
0.0
 10
42.77998527777778
 20
207.4273361111111
 30
0.0
 10
42.78245472222222
 20
207.3726555555555
 30
0.0
 10
42.77927972222222
 20
205.3706416666666
 30
0.0
 10
44.10219638888889
 20
203.5421944444444
 30
0.0
 10
38.53324638888889
 20
198.9564361111111
 30
0.0
 10
32.96711861111111
 20
194.3660916666667
 30
0.0
 10
34.52286861111111
 20
200.61555
 30
0.0
 10
29.55752138888889
 20
204.97165
 30
0.0
 10
25.50551583333333
 20
208.530825
 30
0.0
 10
25.13897972222222
 20
208.0379944444445
 30
0.0
 10
28.2762325
 20
210.9477055555555
 30
0.0
 10
33.3022575
 20
215.6117805555555
 30
0.0
 10
32.76144916666667
 20
217.5580555555555
 30
0.0
 10
28.43709916666667
 20
221.5469138888889
 30
0.0
 10
25.75422416666667
 20
224.0188277777778
 30
0.0
 10
26.19272694444444
 20
223.8777166666667
 30
0.0
 10
28.57221305555555
 20
226.5341333333333
 30
0.0
 10
30.93264916666666
 20
229.1693833333333
 30
0.0
 10
35.83837694444444
 20
232.4865527777778
 30
0.0
 10
33.9182075
 20
235.0374888888889
 30
0.0
 10
31.72075472222222
 20
237.9507277777778
 30
0.0
 10
26.00257972222222
 20
234.5079694444445
 30
0.0
 10
34.90210472222222
 20
242.8680972222222
 30
0.0
 10
38.29194638888889
 20
246.0501527777778
 30
0.0
 10
42.33724916666666
 20
241.2961194444444
 30
0.0
 10
46.39948527777778
 20
241.7942416666667
 30
0.0
 10
52.60943249999999
 20
242.5534194444444
 30
0.0
 10
48.57929916666667
 20
239.3696
 30
0.0
 10
45.80046861111111
 20
234.0370111111111
 30
0.0
  0
POLYLINE
  5
3D1
330
1F
100
AcDbEntity
  8
DEFAULT
 62
   250
100
AcDb2dPolyline
 66
     1
 10
0.0
 20
0.0
 30
0.0
  0
VERTEX
  5
3D2
330
3D1
100
AcDbEntity
  8
DEFAULT
 62
   250
100
AcDbVertex
100
AcDb2dVertex
 10
12.19376388888889
 20
223.3185638888889
 30
0.0
  0
VERTEX
  5
3D3
330
3D1
100
AcDbEntity
  8
DEFAULT
 62
   250
100
AcDbVertex
100
AcDb2dVertex
 10
12.19376388888889
 20
224.424875
 30
0.0
  0
VERTEX
  5
3D4
330
3D1
100
AcDbEntity
  8
DEFAULT
 62
   250
100
AcDbVertex
100
AcDb2dVertex
 10
13.58441388888889
 20
223.3185638888889
 30
0.0
  0
VERTEX
  5
3D5
330
3D1
100
AcDbEntity
  8
DEFAULT
 62
   250
100
AcDbVertex
100
AcDb2dVertex
 10
13.58441388888889
 20
224.4368694444444
 30
0.0
  0
SEQEND
  5
3D6
330
3D1
100
AcDbEntity
  8
DEFAULT
 62
   250
  0
POLYLINE
  5
3D7
330
1F
100
AcDbEntity
  8
DEFAULT
 62
   250
100
AcDb2dPolyline
 66
     1
 10
0.0
 20
0.0
 30
0.0
  0
VERTEX
  5
3D8
330
3D7
100
AcDbEntity
  8
DEFAULT
 62
   250
100
AcDbVertex
100
AcDb2dVertex
 10
12.19559833333333
 20
208.3201108333333
 30
0.0
  0
VERTEX
  5
3D9
330
3D7
100
AcDbEntity
  8
DEFAULT
 62
   250
100
AcDbVertex
100
AcDb2dVertex
 10
12.19559833333333
 20
209.4264219444444
 30
0.0
  0
VERTEX
  5
3DA
330
3D7
100
AcDbEntity
  8
DEFAULT
 62
   250
100
AcDbVertex
100
AcDb2dVertex
 10
13.58624833333333
 20
208.3201108333333
 30
0.0
  0
VERTEX
  5
3DB
330
3D7
100
AcDbEntity
  8
DEFAULT
 62
   250
100
AcDbVertex
100
AcDb2dVertex
 10
13.58624833333333
 20
209.4384163888888
 30
0.0
  0
SEQEND
  5
3DC
330
3D7
100
AcDbEntity
  8
DEFAULT
 62
   250
  0
SPLINE
  5
3DD
330
1F
100
AcDbEntity
  8
DEFAULT
 62
     3
100
AcDbSpline
210
0.0
220
0.0
230
1.0
 70
    11
 71
     3
 72
    14
 73
    10
 74
     0
 42
0.000000001
 43
0.0000000001
 40
0.0
 40
0.0
 40
0.0
 40
0.0
 40
1.0
 40
1.0
 40
1.0
 40
2.0
 40
2.0
 40
2.0
 40
3.0
 40
3.0
 40
3.0
 40
3.0
 10
16.53328333333333
 20
202.2467591666667
 30
0.0
 10
16.59325555555555
 20
203.3887008333333
 30
0.0
 10
16.24718055555556
 20
203.7104341666667
 30
0.0
 10
15.45942777777778
 20
204.2388952777778
 30
0.0
 10
14.16543888888889
 20
205.1070813888889
 30
0.0
 10
16.98448611111111
 20
204.5952008333333
 30
0.0
 10
17.91828888888889
 20
204.0367536111111
 30
0.0
 10
18.70568888888889
 20
203.5657952777778
 30
0.0
 10
16.48071944444444
 20
201.2487508333333
 30
0.0
 10
16.53328333333333
 20
202.2467591666667
 30
0.0
  0
SPLINE
  5
3DE
330
1F
100
AcDbEntity
  8
DEFAULT
 62
     3
100
AcDbSpline
210
0.0
220
0.0
230
1.0
 70
    11
 71
     3
 72
    14
 73
    10
 74
     0
 42
0.000000001
 43
0.0000000001
 40
0.0
 40
0.0
 40
0.0
 40
0.0
 40
1.0
 40
1.0
 40
1.0
 40
2.0
 40
2.0
 40
2.0
 40
3.0
 40
3.0
 40
3.0
 40
3.0
 10
16.37365138888889
 20
215.1957497222222
 30
0.0
 10
16.99242361111111
 20
216.1574219444444
 30
0.0
 10
16.92222083333333
 20
216.7832497222222
 30
0.0
 10
16.37365138888889
 20
217.5568913888889
 30
0.0
 10
15.78839305555555
 20
218.3820386111111
 30
0.0
 10
18.36966805555555
 20
217.7480969444444
 30
0.0
 10
18.36966805555555
 20
216.3764969444444
 30
0.0
 10
18.36966805555555
 20
214.8856580555555
 30
0.0
 10
15.83284305555555
 20
214.3554330555556
 30
0.0
 10
16.37365138888889
 20
215.1957497222222
 30
0.0
  0
SPLINE
  5
3DF
330
1F
100
AcDbEntity
  8
DEFAULT
 62
     3
100
AcDbSpline
210
0.0
220
0.0
230
1.0
 70
    11
 71
     3
 72
    26
 73
    22
 74
     0
 42
0.000000001
 43
0.0000000001
 40
0.0
 40
0.0
 40
0.0
 40
0.0
 40
1.0
 40
1.0
 40
1.0
 40
2.0
 40
2.0
 40
2.0
 40
3.0
 40
3.0
 40
3.0
 40
4.0
 40
4.0
 40
4.0
 40
5.0
 40
5.0
 40
5.0
 40
6.0
 40
6.0
 40
6.0
 40
7.0
 40
7.0
 40
7.0
 40
7.0
 10
18.42921694444444
 20
232.2536488888889
 30
0.0
 10
16.8328975
 20
230.1221655555555
 30
0.0
 10
16.75105305555556
 20
230.1369822222222
 30
0.0
 10
17.7472975
 20
230.3236016666667
 30
0.0
 10
18.74318916666666
 20
230.5105738888889
 30
0.0
 10
19.34502805555555
 20
231.070785
 30
0.0
 10
20.69405027777778
 20
233.8721933333333
 30
0.0
 10
22.04271972222222
 20
236.6736016666667
 30
0.0
 10
23.59917527777777
 20
237.731935
 30
0.0
 10
21.79401138888889
 20
237.420785
 30
0.0
 10
19.98849472222222
 20
237.109635
 30
0.0
 10
19.36584194444444
 20
238.0434377777778
 30
0.0
 10
18.68110027777777
 20
238.7281794444444
 30
0.0
 10
17.99635861111111
 20
239.4129211111111
 30
0.0
 10
17.93391694444444
 20
239.5374516666667
 30
0.0
 10
16.68896416666666
 20
238.9147988888889
 30
0.0
 10
15.44401138888889
 20
238.2924988888889
 30
0.0
 10
19.1792225
 20
237.7943766666667
 30
0.0
 10
19.55281416666666
 20
236.2379211111111
 30
0.0
 10
19.92605305555555
 20
234.6814655555555
 30
0.0
 10
19.59938083333333
 20
233.8164544444444
 30
0.0
 10
18.42921694444444
 20
232.2536488888889
 30
0.0
  0
SPLINE
  5
3E0
330
1F
100
AcDbEntity
  8
DEFAULT
 62
     5
100
AcDbSpline
210
0.0
220
0.0
230
1.0
 70
    11
 71
     3
 72
    20
 73
    16
 74
     0
 42
0.000000001
 43
0.0000000001
 40
0.0
 40
0.0
 40
0.0
 40
0.0
 40
1.0
 40
1.0
 40
1.0
 40
2.0
 40
2.0
 40
2.0
 40
3.0
 40
3.0
 40
3.0
 40
4.0
 40
4.0
 40
4.0
 40
5.0
 40
5.0
 40
5.0
 40
5.0
 10
13.451205
 20
213.6394
 30
0.0
 10
15.48496888888889
 20
215.3454333333333
 30
0.0
 10
15.21509388888889
 20
217.5252472222222
 30
0.0
 10
13.70026611111111
 20
218.7444472222222
 30
0.0
 10
11.83301333333333
 20
220.2469277777778
 30
0.0
 10
12.85748
 20
220.7080083333333
 30
0.0
 10
15.55129111111111
 20
219.9128472222222
 30
0.0
 10
18.245455
 20
219.1176861111111
 30
0.0
 10
19.667855
 20
219.4291888888889
 30
0.0
 10
19.667855
 20
216.50325
 30
0.0
 10
19.667855
 20
213.5148694444444
 30
0.0
 10
18.38480222222222
 20
213.3903388888889
 30
0.0
 10
16.16724111111111
 20
212.7676861111111
 30
0.0
 10
13.94968
 20
212.1453861111111
 30
0.0
 10
11.52186333333333
 20
212.0208555555556
 30
0.0
 10
13.451205
 20
213.6394
 30
0.0
  0
SPLINE
  5
3E1
330
1F
100
AcDbEntity
  8
DEFAULT
 62
     5
100
AcDbSpline
210
0.0
220
0.0
230
1.0
 70
    11
 71
     3
 72
    14
 73
    10
 74
     0
 42
0.000000001
 43
0.0000000001
 40
0.0
 40
0.0
 40
0.0
 40
0.0
 40
1.0
 40
1.0
 40
1.0
 40
2.0
 40
2.0
 40
2.0
 40
3.0
 40
3.0
 40
3.0
 40
3.0
 10
17.24921055555555
 20
200.8149047222222
 30
0.0
 10
19.04343833333333
 20
202.7177880555555
 30
0.0
 10
21.10895222222222
 20
204.7370880555555
 30
0.0
 10
18.36963277777778
 20
205.2348575
 30
0.0
 10
15.63066611111111
 20
205.7329797222222
 30
0.0
 10
10.40108833333333
 20
206.3923213888889
 30
0.0
 10
13.26493833333333
 20
204.5501158333333
 30
0.0
 10
16.71439944444445
 20
202.3314963888889
 30
0.0
 10
15.03270777777778
 20
198.4639936111111
 30
0.0
 10
17.24921055555555
 20
200.8149047222222
 30
0.0
  0
SPLINE
  5
3E2
330
1F
100
AcDbEntity
  8
DEFAULT
 62
     5
100
AcDbSpline
210
0.0
220
0.0
230
1.0
 70
    11
 71
     3
 72
    20
 73
    16
 74
     0
 42
0.000000001
 43
0.0000000001
 40
0.0
 40
0.0
 40
0.0
 40
0.0
 40
1.0
 40
1.0
 40
1.0
 40
2.0
 40
2.0
 40
2.0
 40
3.0
 40
3.0
 40
3.0
 40
4.0
 40
4.0
 40
4.0
 40
5.0
 40
5.0
 40
5.0
 40
5.0
 10
14.5907125
 20
239.3646258333333
 30
0.0
 10
11.69087916666667
 20
236.2009147222222
 30
0.0
 10
20.98445694444444
 20
238.4791536111111
 30
0.0
 10
17.74454583333333
 20
233.6231675
 30
0.0
 10
14.43443194444444
 20
228.6624063888889
 30
0.0
 10
10.85761805555555
 20
226.8166730555556
 30
0.0
 10
17.13212361111111
 20
228.2277841666667
 30
0.0
 10
20.68106805555555
 20
229.0261202777777
 30
0.0
 10
19.42694305555555
 20
227.8203258333333
 30
0.0
 10
21.73164027777777
 20
232.6272758333333
 30
0.0
 10
24.89535138888889
 20
239.2263369444444
 30
0.0
 10
27.39689861111111
 20
239.7865480555556
 30
0.0
 10
22.60300138888889
 20
239.1018063888889
 30
0.0
 10
18.67870138888889
 20
238.5408897222222
 30
0.0
 10
18.67270416666666
 20
243.8184452777778
 30
0.0
 10
14.5907125
 20
239.3646258333333
 30
0.0
  0
SPLINE
  5
3E3
330
1F
100
AcDbEntity
  8
DEFAULT
 62
     1
100
AcDbSpline
210
0.0
220
0.0
230
1.0
 70
    11
 71
     3
 72
    83
 73
    79
 74
     0
 42
0.000000001
 43
0.0000000001
 40
1.0
 40
1.0
 40
1.0
 40
1.0
 40
2.0
 40
2.0
 40
2.0
 40
3.0
 40
3.0
 40
3.0
 40
4.0
 40
4.0
 40
4.0
 40
5.0
 40
5.0
 40
5.0
 40
13.5040014698963
 40
13.5040014698963
 40
13.5040014698963
 40
14.5040014698963
 40
14.5040014698963
 40
14.5040014698963
 40
15.5040014698963
 40
15.5040014698963
 40
15.5040014698963
 40
16.5040014698963
 40
16.5040014698963
 40
16.5040014698963
 40
17.5040014698963
 40
17.5040014698963
 40
17.5040014698963
 40
18.5040014698963
 40
18.5040014698963
 40
18.5040014698963
 40
19.5040014698963
 40
19.5040014698963
 40
19.5040014698963
 40
20.5040014698963
 40
20.5040014698963
 40
20.5040014698963
 40
21.5040014698963
 40
21.5040014698963
 40
21.5040014698963
 40
30.00800293979271
 40
30.00800293979271
 40
30.00800293979271
 40
31.00800293979271
 40
31.00800293979271
 40
31.00800293979271
 40
32.00800293979271
 40
32.00800293979271
 40
32.00800293979271
 40
33.00800293979271
 40
33.00800293979271
 40
33.00800293979271
 40
34.00800293979271
 40
34.00800293979271
 40
34.00800293979271
 40
35.00800293979271
 40
35.00800293979271
 40
35.00800293979271
 40
36.00800293979271
 40
36.00800293979271
 40
36.00800293979271
 40
37.00800293979271
 40
37.00800293979271
 40
37.00800293979271
 40
38.00800293979271
 40
38.00800293979271
 40
38.00800293979271
 40
39.00800293979271
 40
39.00800293979271
 40
39.00800293979271
 40
40.00800293979271
 40
40.00800293979271
 40
40.00800293979271
 40
41.00800293979271
 40
41.00800293979271
 40
41.00800293979271
 40
42.00800293979271
 40
42.00800293979271
 40
42.00800293979271
 40
42.00800293979271
 10
25.6149475
 20
234.0370111111111
 30
0.0
 10
24.24722805555556
 20
231.4109333333333
 30
0.0
 10
22.59905027777778
 20
227.9512416666667
 30
0.0
 10
22.59693361111111
 20
225.371025
 30
0.0
 10
22.58388083333333
 20
225.3124638888889
 30
0.0
 10
21.80776972222222
 20
225.2690722222222
 30
0.0
 10
20.84645027777778
 20
225.2704833333333
 30
0.0
 10
19.88195583333333
 20
225.2729527777778
 30
0.0
 10
19.27165027777778
 20
225.3731416666667
 30
0.0
 10
19.09808361111111
 20
225.3720833333333
 30
0.0
 10
18.22319472222222
 20
225.3724361111111
 30
0.0
 10
15.59641138888889
 20
225.3777277777777
 30
0.0
 10
15.59641138888889
 20
225.3777277777777
 30
0.0
 10
15.59582342592593
 20
224.3777203703704
 30
0.0
 10
15.59523546296296
 20
223.377712962963
 30
0.0
 10
15.5946475
 20
222.3777055555556
 30
0.0
 10
15.5946475
 20
222.3777055555556
 30
0.0
 10
18.21790305555555
 20
222.3734722222222
 30
0.0
 10
19.09596694444445
 20
222.3724138888889
 30
0.0
 10
19.26988638888889
 20
222.3731194444444
 30
0.0
 10
19.8777225
 20
222.47225
 30
0.0
 10
20.84645027777778
 20
222.4726027777778
 30
0.0
 10
21.81094472222222
 20
222.4701333333333
 30
0.0
 10
22.59622805555555
 20
222.4249777777778
 30
0.0
 10
22.59481694444445
 20
222.3710027777778
 30
0.0
 10
22.59164194444444
 20
220.3185416666667
 30
0.0
 10
21.91360305555555
 20
218.3842611111111
 30
0.0
 10
22.08646416666667
 20
215.8262694444444
 30
0.0
 10
22.20005861111111
 20
214.1523388888889
 30
0.0
 10
22.54190027777778
 20
213.255225
 30
0.0
 10
22.5986975
 20
210.372325
 30
0.0
 10
22.58635027777778
 20
210.3172916666667
 30
0.0
 10
21.81023916666667
 20
210.2739
 30
0.0
 10
20.8492725
 20
210.2756638888889
 30
0.0
 10
19.88019194444444
 20
210.2753111111111
 30
0.0
 10
19.27341416666667
 20
210.3747944444445
 30
0.0
 10
19.0998475
 20
210.3737361111111
 30
0.0
 10
18.22601694444445
 20
210.3776166666667
 30
0.0
 10
15.59817527777778
 20
210.3793805555555
 30
0.0
 10
15.59817527777778
 20
210.3793805555555
 30
0.0
 10
15.59758731481481
 20
209.3793731481481
 30
0.0
 10
15.59699935185185
 20
208.3793657407407
 30
0.0
 10
15.59641138888889
 20
207.3793583333333
 30
0.0
 10
15.59641138888889
 20
207.3793583333333
 30
0.0
 10
18.21966694444444
 20
207.375125
 30
0.0
 10
19.09455583333333
 20
207.3747722222222
 30
0.0
 10
19.27165027777778
 20
207.3747722222222
 30
0.0
 10
19.87948638888889
 20
207.4739027777778
 30
0.0
 10
20.84503916666667
 20
207.4749611111111
 30
0.0
 10
21.81306138888889
 20
207.4717861111111
 30
0.0
 10
22.59446416666667
 20
207.4273361111111
 30
0.0
 10
22.59693361111111
 20
207.3726555555555
 30
0.0
 10
22.59375861111111
 20
205.3706416666666
 30
0.0
 10
23.91667527777777
 20
203.5421944444444
 30
0.0
 10
18.34772527777778
 20
198.9564361111111
 30
0.0
 10
12.7815975
 20
194.3660916666667
 30
0.0
 10
14.3373475
 20
200.61555
 30
0.0
 10
9.37200027777778
 20
204.97165
 30
0.0
 10
5.319994722222222
 20
208.530825
 30
0.0
 10
4.953458611111113
 20
208.0379944444445
 30
0.0
 10
8.090711388888892
 20
210.9477055555555
 30
0.0
 10
13.11673638888889
 20
215.6117805555555
 30
0.0
 10
12.57592805555556
 20
217.5580555555555
 30
0.0
 10
8.251578055555555
 20
221.5469138888889
 30
0.0
 10
5.568703055555558
 20
224.0188277777778
 30
0.0
 10
6.007205833333333
 20
223.8777166666667
 30
0.0
 10
8.386691944444445
 20
226.5341333333333
 30
0.0
 10
10.74712805555555
 20
229.1693833333333
 30
0.0
 10
15.65285583333333
 20
232.4865527777778
 30
0.0
 10
13.73268638888889
 20
235.0374888888889
 30
0.0
 10
11.53523361111111
 20
237.9507277777778
 30
0.0
 10
5.817058611111113
 20
234.5079694444445
 30
0.0
 10
14.71658361111111
 20
242.8680972222222
 30
0.0
 10
18.10642527777778
 20
246.0501527777778
 30
0.0
 10
22.15172805555556
 20
241.2961194444444
 30
0.0
 10
26.21396416666666
 20
241.7942416666667
 30
0.0
 10
32.42391138888889
 20
242.5534194444444
 30
0.0
 10
28.39377805555555
 20
239.3696
 30
0.0
 10
25.6149475
 20
234.0370111111111
 30
0.0
  0
SPLINE
  5
3E4
330
1F
100
AcDbEntity
  8
DEFAULT
 62
   250
100
AcDbSpline
210
0.0
220
0.0
230
1.0
 70
     8
 71
     3
 72
    11
 73
     7
 74
     0
 42
0.000000001
 43
0.0000000001
 40
0.0
 40
0.0
 40
0.0
 40
0.0
 40
1.0
 40
1.0
 40
1.0
 40
2.0
 40
2.0
 40
2.0
 40
2.0
 10
242.9536811111111
 20
33.004125
 30
0.0
 10
242.8051616666666
 20
33.14629444444444
 30
0.0
 10
242.7607116666666
 20
33.34243888888889
 30
0.0
 10
242.8355005555555
 20
33.5026
 30
0.0
 10
242.8482005555555
 20
33.52976388888889
 30
0.0
 10
242.8598422222222
 20
33.54775555555555
 30
0.0
 10
242.8753644444444
 20
33.56680555555555
 30
0.0
  0
SPLINE
  5
3E5
330
1F
100
AcDbEntity
  8
DEFAULT
 62
   250
100
AcDbSpline
210
0.0
220
0.0
230
1.0
 70
     8
 71
     3
 72
    11
 73
     7
 74
     0
 42
0.000000001
 43
0.0000000001
 40
0.0
 40
0.0
 40
0.0
 40
0.0
 40
2.830130915699874
 40
2.830130915699874
 40
2.830130915699874
 40
3.830130915699874
 40
3.830130915699874
 40
3.830130915699874
 40
3.830130915699874
 10
244.010815
 20
32.51125916666668
 30
0.0
 10
243.7091899999999
 20
32.65189990740741
 30
0.0
 10
243.4075649999999
 20
32.79254064814815
 30
0.0
 10
243.1059399999999
 20
32.93318138888889
 30
0.0
 10
242.9510705555555
 20
33.00550083333333
 30
0.0
 10
242.8166622222222
 20
33.06476749999999
 30
0.0
 10
242.6903677777777
 20
33.11345083333332
 30
0.0
  0
SPLINE
  5
3E6
330
1F
100
AcDbEntity
  8
DEFAULT
 62
   250
100
AcDbSpline
210
0.0
220
0.0
230
1.0
 70
     8
 71
     3
 72
    11
 73
     7
 74
     0
 42
0.000000001
 43
0.0000000001
 40
0.0
 40
0.0
 40
0.0
 40
0.0
 40
1.0
 40
1.0
 40
1.0
 40
2.0
 40
2.0
 40
2.0
 40
2.0
 10
192.6985111111111
 20
33.42872833333333
 30
0.0
 10
192.9031222222222
 20
33.45130611111111
 30
0.0
 10
193.0816277777778
 20
33.35923111111111
 30
0.0
 10
193.1564166666666
 20
33.19871722222222
 30
0.0
 10
193.1691166666666
 20
33.17155333333333
 30
0.0
 10
193.1751138888889
 20
33.151445
 30
0.0
 10
193.1800527777777
 20
33.12710333333333
 30
0.0
  0
SPLINE
  5
3E7
330
1F
100
AcDbEntity
  8
DEFAULT
 62
   250
100
AcDbSpline
210
0.0
220
0.0
230
1.0
 70
     8
 71
     3
 72
    11
 73
     7
 74
     0
 42
0.000000001
 43
0.0000000001
 40
0.0
 40
0.0
 40
0.0
 40
0.0
 40
2.830130915699886
 40
2.830130915699886
 40
2.830130915699886
 40
3.830130915699886
 40
3.830130915699886
 40
3.830130915699886
 40
3.830130915699886
 10
191.6414124999999
 20
32.9358625
 30
0.0
 10
191.9430374999999
 20
33.07650324074074
 30
0.0
 10
192.2446625
 20
33.21714398148148
 30
0.0
 10
192.5462874999999
 20
33.35778472222222
 30
0.0
 10
192.7011569444444
 20
33.43010416666667
 30
0.0
 10
192.8330958333333
 20
33.49501527777777
 30
0.0
 10
192.9516291666667
 20
33.55992638888889
 30
0.0
  0
POLYLINE
  5
3E8
330
1F
100
AcDbEntity
  8
DEFAULT
 62
   250
100
AcDb2dPolyline
 66
     1
 10
0.0
 20
0.0
 30
0.0
  0
VERTEX
  5
3E9
330
3E8
100
AcDbEntity
  8
DEFAULT
 62
   250
100
AcDbVertex
100
AcDb2dVertex
 10
217.6152761111111
 20
66.40533666666666
 30
0.0
  0
VERTEX
  5
3EA
330
3E8
100
AcDbEntity
  8
DEFAULT
 62
   250
100
AcDbVertex
100
AcDb2dVertex
 10
217.6152761111111
 20
66.08360333333333
 30
0.0
  0
SEQEND
  5
3EB
330
3E8
100
AcDbEntity
  8
DEFAULT
 62
   250
  0
SPLINE
  5
3EC
330
1F
100
AcDbEntity
  8
DEFAULT
 62
   250
100
AcDbSpline
210
0.0
220
0.0
230
1.0
 70
     8
 71
     3
 72
    14
 73
    10
 74
     0
 42
0.000000001
 43
0.0000000001
 40
0.0
 40
0.0
 40
0.0
 40
0.0
 40
3.580000000000013
 40
3.580000000000013
 40
3.580000000000013
 40
4.580000000000013
 40
4.580000000000013
 40
4.580000000000013
 40
5.580000000000013
 40
5.580000000000013
 40
5.580000000000013
 40
5.580000000000013
 10
217.6152761111111
 20
66.87357861111111
 30
0.0
 10
217.6152761111111
 20
67.29456009259259
 30
0.0
 10
217.6152761111111
 20
67.71554157407408
 30
0.0
 10
217.6152761111111
 20
68.13652305555556
 30
0.0
 10
217.6152761111111
 20
68.38981749999999
 30
0.0
 10
217.6600788888889
 20
68.55385916666667
 30
0.0
 10
217.7891955555556
 20
68.6723925
 30
0.0
 10
217.9063177777778
 20
68.77752027777777
 30
0.0
 10
218.0954066666667
 20
68.82055916666667
 30
0.0
 10
218.2389872222222
 20
68.77505083333332
 30
0.0
  0
POLYLINE
  5
3ED
330
1F
100
AcDbEntity
  8
DEFAULT
 62
   250
100
AcDb2dPolyline
 66
     1
 10
0.0
 20
0.0
 30
0.0
  0
VERTEX
  5
3EE
330
3ED
100
AcDbEntity
  8
DEFAULT
 62
   250
100
AcDbVertex
100
AcDb2dVertex
 10
207.9152983333333
 20
66.40861749999999
 30
0.0
  0
VERTEX
  5
3EF
330
3ED
100
AcDbEntity
  8
DEFAULT
 62
   250
100
AcDbVertex
100
AcDb2dVertex
 10
207.9152983333333
 20
66.08688416666666
 30
0.0
  0
SEQEND
  5
3F0
330
3ED
100
AcDbEntity
  8
DEFAULT
 62
   250
  0
POLYLINE
  5
3F1
330
1F
100
AcDbEntity
  8
DEFAULT
 62
   250
100
AcDb2dPolyline
 66
     1
 10
0.0
 20
0.0
 30
0.0
  0
VERTEX
  5
3F2
330
3F1
100
AcDbEntity
  8
DEFAULT
 62
   250
100
AcDbVertex
100
AcDb2dVertex
 10
207.9152983333333
 20
68.32483583333332
 30
0.0
  0
VERTEX
  5
3F3
330
3F1
100
AcDbEntity
  8
DEFAULT
 62
   250
100
AcDbVertex
100
AcDb2dVertex
 10
207.9152983333333
 20
66.87350805555555
 30
0.0
  0
SEQEND
  5
3F4
330
3F1
100
AcDbEntity
  8
DEFAULT
 62
   250
  0
POLYLINE
  5
3F5
330
1F
100
AcDbEntity
  8
DEFAULT
 62
   250
100
AcDb2dPolyline
 66
     1
 10
0.0
 20
0.0
 30
0.0
  0
VERTEX
  5
3F6
330
3F5
100
AcDbEntity
  8
DEFAULT
 62
   250
100
AcDbVertex
100
AcDb2dVertex
 10
227.9319094444444
 20
66.40516027777777
 30
0.0
  0
VERTEX
  5
3F7
330
3F5
100
AcDbEntity
  8
DEFAULT
 62
   250
100
AcDbVertex
100
AcDb2dVertex
 10
227.9319094444444
 20
66.08342694444443
 30
0.0
  0
SEQEND
  5
3F8
330
3F5
100
AcDbEntity
  8
DEFAULT
 62
   250
  0
POLYLINE
  5
3F9
330
1F
100
AcDbEntity
  8
DEFAULT
 62
   250
100
AcDb2dPolyline
 66
     1
 10
0.0
 20
0.0
 30
0.0
  0
VERTEX
  5
3FA
330
3F9
100
AcDbEntity
  8
DEFAULT
 62
   250
100
AcDbVertex
100
AcDb2dVertex
 10
227.9319094444444
 20
68.3213786111111
 30
0.0
  0
VERTEX
  5
3FB
330
3F9
100
AcDbEntity
  8
DEFAULT
 62
   250
100
AcDbVertex
100
AcDb2dVertex
 10
227.9319094444444
 20
66.87005083333332
 30
0.0
  0
SEQEND
  5
3FC
330
3F9
100
AcDbEntity
  8
DEFAULT
 62
   250
  0
SPLINE
  5
3FD
330
1F
100
AcDbEntity
  8
DEFAULT
 62
   250
100
AcDbSpline
210
0.0
220
0.0
230
1.0
 70
     8
 71
     3
 72
    11
 73
     7
 74
     0
 42
0.000000001
 43
0.0000000001
 40
0.0
 40
0.0
 40
0.0
 40
0.0
 40
1.019999999999996
 40
1.019999999999996
 40
1.019999999999996
 40
2.019999999999996
 40
2.019999999999996
 40
2.019999999999996
 40
2.019999999999996
 10
237.8705766666667
 20
44.05845194444444
 30
0.0
 10
237.8705766666667
 20
44.05845194444444
 30
0.0
 10
239.5039377777778
 20
44.61689916666666
 30
0.0
 10
239.7593488888889
 20
44.68745472222222
 30
0.0
 10
239.5071127777778
 20
44.75377694444445
 30
0.0
 10
237.8705766666667
 20
45.35808527777778
 30
0.0
 10
237.8705766666667
 20
45.35808527777778
 30
0.0
  0
SPLINE
  5
3FE
330
1F
100
AcDbEntity
  8
DEFAULT
 62
   250
100
AcDbSpline
210
0.0
220
0.0
230
1.0
 70
     8
 71
     3
 72
    11
 73
     7
 74
     0
 42
0.000000001
 43
0.0000000001
 40
0.0
 40
0.0
 40
0.0
 40
0.0
 40
1.019999999999996
 40
1.019999999999996
 40
1.019999999999996
 40
2.019999999999996
 40
2.019999999999996
 40
2.019999999999996
 40
2.019999999999996
 10
197.9780069444444
 20
45.35801472222222
 30
0.0
 10
197.9780069444444
 20
45.35801472222222
 30
0.0
 10
196.3446458333333
 20
44.7995675
 30
0.0
 10
196.0892347222222
 20
44.72901194444444
 30
0.0
 10
196.3414708333333
 20
44.66268972222222
 30
0.0
 10
197.9780069444444
 20
44.05838138888889
 30
0.0
 10
197.9780069444444
 20
44.05838138888889
 30
0.0
  0
POLYLINE
  5
3FF
330
1F
100
AcDbEntity
  8
DEFAULT
 62
   250
100
AcDb2dPolyline
 66
     1
 10
0.0
 20
0.0
 30
0.0
  0
VERTEX
  5
400
330
3FF
100
AcDbEntity
  8
DEFAULT
 62
   250
100
AcDbVertex
100
AcDb2dVertex
 10
224.1712630555555
 20
24.91362527777778
 30
0.0
  0
VERTEX
  5
401
330
3FF
100
AcDbEntity
  8
DEFAULT
 62
   250
100
AcDbVertex
100
AcDb2dVertex
 10
225.6673936111111
 20
24.91362527777778
 30
0.0
  0
SEQEND
  5
402
330
3FF
100
AcDbEntity
  8
DEFAULT
 62
   250
  0
POLYLINE
  5
403
330
1F
100
AcDbEntity
  8
DEFAULT
 62
   250
100
AcDb2dPolyline
 66
     1
 10
0.0
 20
0.0
 30
0.0
  0
VERTEX
  5
404
330
403
100
AcDbEntity
  8
DEFAULT
 62
   250
100
AcDbVertex
100
AcDb2dVertex
 10
224.9192577777778
 20
24.91362527777778
 30
0.0
  0
VERTEX
  5
405
330
403
100
AcDbEntity
  8
DEFAULT
 62
   250
100
AcDbVertex
100
AcDb2dVertex
 10
224.9192577777778
 20
22.89291416666667
 30
0.0
  0
SEQEND
  5
406
330
403
100
AcDbEntity
  8
DEFAULT
 62
   250
  0
POLYLINE
  5
407
330
1F
100
AcDbEntity
  8
DEFAULT
 62
   250
100
AcDb2dPolyline
 66
     1
 10
0.0
 20
0.0
 30
0.0
  0
VERTEX
  5
408
330
407
100
AcDbEntity
  8
DEFAULT
 62
   250
100
AcDbVertex
100
AcDb2dVertex
 10
210.1730408333333
 20
24.91362527777778
 30
0.0
  0
VERTEX
  5
409
330
407
100
AcDbEntity
  8
DEFAULT
 62
   250
100
AcDbVertex
100
AcDb2dVertex
 10
211.6691713888889
 20
24.91362527777778
 30
0.0
  0
SEQEND
  5
40A
330
407
100
AcDbEntity
  8
DEFAULT
 62
   250
  0
POLYLINE
  5
40B
330
1F
100
AcDbEntity
  8
DEFAULT
 62
   250
100
AcDb2dPolyline
 66
     1
 10
0.0
 20
0.0
 30
0.0
  0
VERTEX
  5
40C
330
40B
100
AcDbEntity
  8
DEFAULT
 62
   250
100
AcDbVertex
100
AcDb2dVertex
 10
210.9210355555555
 20
24.91362527777778
 30
0.0
  0
VERTEX
  5
40D
330
40B
100
AcDbEntity
  8
DEFAULT
 62
   250
100
AcDbVertex
100
AcDb2dVertex
 10
210.9210355555555
 20
22.89291416666667
 30
0.0
  0
SEQEND
  5
40E
330
40B
100
AcDbEntity
  8
DEFAULT
 62
   250
  0
SPLINE
  5
40F
330
1F
100
AcDbEntity
  8
DEFAULT
 62
   250
100
AcDbSpline
210
0.0
220
0.0
230
1.0
 70
     8
 71
     3
 72
    26
 73
    22
 74
     0
 42
0.000000001
 43
0.0000000001
 40
0.0
 40
0.0
 40
0.0
 40
0.0
 40
1.0
 40
1.0
 40
1.0
 40
2.0
 40
2.0
 40
2.0
 40
3.0
 40
3.0
 40
3.0
 40
4.0
 40
4.0
 40
4.0
 40
5.0
 40
5.0
 40
5.0
 40
6.0
 40
6.0
 40
6.0
 40
7.0
 40
7.0
 40
7.0
 40
7.0
 10
256.9683075
 20
18.89661222222222
 30
0.0
 10
256.6956102777777
 20
18.96857888888889
 30
0.0
 10
256.3385991666667
 20
19.67519277777777
 30
0.0
 10
256.1047075
 20
19.75597888888889
 30
0.0
 10
256.0627269444444
 20
19.77114833333333
 30
0.0
 10
256.1107047222222
 20
19.16049
 30
0.0
 10
256.0715463888889
 20
19.16049
 30
0.0
 10
255.5921213888889
 20
19.17848166666666
 30
0.0
 10
255.1814880555555
 20
19.53231777777777
 30
0.0
 10
255.1814880555555
 20
20.18284
 30
0.0
 10
255.1814880555555
 20
20.83054
 30
0.0
 10
255.5769519444444
 20
21.24717055555555
 30
0.0
 10
256.1226991666666
 20
21.24717055555555
 30
0.0
 10
256.6716213888889
 20
21.24717055555555
 30
0.0
 10
257.0282797222222
 20
20.82136777777778
 30
0.0
 10
257.0282797222222
 20
20.22482055555555
 30
0.0
 10
257.0282797222222
 20
19.70588444444444
 30
0.0
 10
256.7139547222222
 20
19.335115
 30
0.0
 10
256.4857074999999
 20
19.25150666666666
 30
0.0
 10
256.2571075
 20
19.16754555555555
 30
0.0
 10
256.1047075
 20
19.15660944444444
 30
0.0
 10
256.1047075
 20
19.15660944444444
 30
0.0
  0
SPLINE
  5
410
330
1F
100
AcDbEntity
  8
DEFAULT
 62
   250
100
AcDbSpline
210
0.0
220
0.0
230
1.0
 70
     8
 71
     3
 72
    26
 73
    22
 74
     0
 42
0.000000001
 43
0.0000000001
 40
0.0
 40
0.0
 40
0.0
 40
0.0
 40
1.0
 40
1.0
 40
1.0
 40
2.0
 40
2.0
 40
2.0
 40
3.0
 40
3.0
 40
3.0
 40
4.0
 40
4.0
 40
4.0
 40
5.0
 40
5.0
 40
5.0
 40
6.0
 40
6.0
 40
6.0
 40
7.0
 40
7.0
 40
7.0
 40
7.0
 10
180.6025019444444
 20
18.90021055555555
 30
0.0
 10
180.3298047222222
 20
18.97217722222222
 30
0.0
 10
179.9727936111111
 20
19.67879111111111
 30
0.0
 10
179.7389019444444
 20
19.75957722222222
 30
0.0
 10
179.6969213888889
 20
19.77474666666667
 30
0.0
 10
179.7448991666666
 20
19.16408833333333
 30
0.0
 10
179.7057408333333
 20
19.16408833333333
 30
0.0
 10
179.2263158333333
 20
19.18208
 30
0.0
 10
178.8156825
 20
19.53591611111111
 30
0.0
 10
178.8156825
 20
20.18643833333333
 30
0.0
 10
178.8156825
 20
20.83413833333333
 30
0.0
 10
179.2111463888889
 20
21.25076888888889
 30
0.0
 10
179.7568936111111
 20
21.25076888888889
 30
0.0
 10
180.3058158333333
 20
21.25076888888889
 30
0.0
 10
180.6624741666666
 20
20.82496611111111
 30
0.0
 10
180.6624741666666
 20
20.22841888888889
 30
0.0
 10
180.6624741666666
 20
19.70948277777778
 30
0.0
 10
180.3481491666666
 20
19.33871333333333
 30
0.0
 10
180.1199019444444
 20
19.255105
 30
0.0
 10
179.8913019444444
 20
19.17149666666667
 30
0.0
 10
179.7389019444444
 20
19.16056055555556
 30
0.0
 10
179.7389019444444
 20
19.16056055555556
 30
0.0
  0
POLYLINE
  5
411
330
1F
100
AcDbEntity
  8
DEFAULT
 62
   250
100
AcDb2dPolyline
 66
     1
 10
0.0
 20
0.0
 30
0.0
  0
VERTEX
  5
412
330
411
100
AcDbEntity
  8
DEFAULT
 62
   250
100
AcDbVertex
100
AcDb2dVertex
 10
202.6497019444444
 20
28.64171027777775
 30
0.0
  0
VERTEX
  5
413
330
411
100
AcDbEntity
  8
DEFAULT
 62
   250
100
AcDbVertex
100
AcDb2dVertex
 10
201.8559519444444
 20
29.43792972222221
 30
0.0
  0
VERTEX
  5
414
330
411
100
AcDbEntity
  8
DEFAULT
 62
   250
100
AcDbVertex
100
AcDb2dVertex
 10
203.2871713888889
 20
30.86456305555555
 30
0.0
  0
SEQEND
  5
415
330
411
100
AcDbEntity
  8
DEFAULT
 62
   250
  0
POLYLINE
  5
416
330
1F
100
AcDbEntity
  8
DEFAULT
 62
   250
100
AcDb2dPolyline
 66
     1
 10
0.0
 20
0.0
 30
0.0
  0
VERTEX
  5
417
330
416
100
AcDbEntity
  8
DEFAULT
 62
   250
100
AcDbVertex
100
AcDb2dVertex
 10
233.1977880555555
 20
60.78223527777776
 30
0.0
  0
VERTEX
  5
418
330
416
100
AcDbEntity
  8
DEFAULT
 62
   250
100
AcDbVertex
100
AcDb2dVertex
 10
233.9915380555555
 20
59.98601583333333
 30
0.0
  0
VERTEX
  5
419
330
416
100
AcDbEntity
  8
DEFAULT
 62
   250
100
AcDbVertex
100
AcDb2dVertex
 10
232.5603186111111
 20
58.5593825
 30
0.0
  0
SEQEND
  5
41A
330
416
100
AcDbEntity
  8
DEFAULT
 62
   250
  0
POLYLINE
  5
41B
330
1F
100
AcDbEntity
  8
DEFAULT
 62
   250
100
AcDb2dPolyline
 66
     1
 10
0.0
 20
0.0
 30
0.0
  0
VERTEX
  5
41C
330
41B
100
AcDbEntity
  8
DEFAULT
 62
   250
100
AcDbVertex
100
AcDb2dVertex
 10
201.8534825
 20
59.98601583333333
 30
0.0
  0
VERTEX
  5
41D
330
41B
100
AcDbEntity
  8
DEFAULT
 62
   250
100
AcDbVertex
100
AcDb2dVertex
 10
202.6497019444444
 20
60.77976583333332
 30
0.0
  0
VERTEX
  5
41E
330
41B
100
AcDbEntity
  8
DEFAULT
 62
   250
100
AcDbVertex
100
AcDb2dVertex
 10
204.0763352777778
 20
59.34854638888888
 30
0.0
  0
SEQEND
  5
41F
330
41B
100
AcDbEntity
  8
DEFAULT
 62
   250
  0
POLYLINE
  5
420
330
1F
100
AcDbEntity
  8
DEFAULT
 62
   250
100
AcDb2dPolyline
 66
     1
 10
0.0
 20
0.0
 30
0.0
  0
VERTEX
  5
421
330
420
100
AcDbEntity
  8
DEFAULT
 62
   250
100
AcDbVertex
100
AcDb2dVertex
 10
233.9940075
 20
29.43792972222222
 30
0.0
  0
VERTEX
  5
422
330
420
100
AcDbEntity
  8
DEFAULT
 62
   250
100
AcDbVertex
100
AcDb2dVertex
 10
233.1977880555556
 20
28.6441797222222
 30
0.0
  0
VERTEX
  5
423
330
420
100
AcDbEntity
  8
DEFAULT
 62
   250
100
AcDbVertex
100
AcDb2dVertex
 10
231.7711547222222
 20
30.07539916666666
 30
0.0
  0
SEQEND
  5
424
330
420
100
AcDbEntity
  8
DEFAULT
 62
   250
  0
SPLINE
  5
425
330
1F
100
AcDbEntity
  8
DEFAULT
 62
     1
100
AcDbSpline
210
0.0
220
0.0
230
1.0
 70
    11
 71
     3
 72
   386
 73
   382
 74
     0
 42
0.000000001
 43
0.0000000001
 40
1.0
 40
1.0
 40
1.0
 40
1.0
 40
2.0
 40
2.0
 40
2.0
 40
3.0
 40
3.0
 40
3.0
 40
4.0
 40
4.0
 40
4.0
 40
12.4957695354806
 40
12.4957695354806
 40
12.4957695354806
 40
13.4957695354806
 40
13.4957695354806
 40
13.4957695354806
 40
14.4957695354806
 40
14.4957695354806
 40
14.4957695354806
 40
15.4957695354806
 40
15.4957695354806
 40
15.4957695354806
 40
16.4957695354806
 40
16.4957695354806
 40
16.4957695354806
 40
17.4957695354806
 40
17.4957695354806
 40
17.4957695354806
 40
18.4957695354806
 40
18.4957695354806
 40
18.4957695354806
 40
28.41576953548056
 40
28.41576953548056
 40
28.41576953548056
 40
36.92576953548058
 40
36.92576953548058
 40
36.92576953548058
 40
46.84576953548054
 40
46.84576953548054
 40
46.84576953548054
 40
47.84576953548054
 40
47.84576953548054
 40
47.84576953548054
 40
48.84576953548054
 40
48.84576953548054
 40
48.84576953548054
 40
49.84576953548054
 40
49.84576953548054
 40
49.84576953548054
 40
50.84576953548054
 40
50.84576953548054
 40
50.84576953548054
 40
51.84576953548054
 40
51.84576953548054
 40
51.84576953548054
 40
52.84576953548054
 40
52.84576953548054
 40
52.84576953548054
 40
61.34519304534285
 40
61.34519304534285
 40
61.34519304534285
 40
62.34519304534285
 40
62.34519304534285
 40
62.34519304534285
 40
63.34519304534285
 40
63.34519304534285
 40
63.34519304534285
 40
64.34519304534285
 40
64.34519304534285
 40
64.34519304534285
 40
65.34519304534285
 40
65.34519304534285
 40
65.34519304534285
 40
66.34519304534285
 40
66.34519304534285
 40
66.34519304534285
 40
67.34519304534285
 40
67.34519304534285
 40
67.34519304534285
 40
77.26519304534284
 40
77.26519304534284
 40
77.26519304534284
 40
85.76519892769375
 40
85.76519892769375
 40
85.76519892769375
 40
95.67519892769371
 40
95.67519892769371
 40
95.67519892769371
 40
96.67519892769371
 40
96.67519892769371
 40
96.67519892769371
 40
97.67519892769371
 40
97.67519892769371
 40
97.67519892769371
 40
98.67519892769371
 40
98.67519892769371
 40
98.67519892769371
 40
99.67519892769371
 40
99.67519892769371
 40
99.67519892769371
 40
100.6751989276937
 40
100.6751989276937
 40
100.6751989276937
 40
110.5951989276937
 40
110.5951989276937
 40
110.5951989276937
 40
119.1051989276937
 40
119.1051989276937
 40
119.1051989276937
 40
129.0251989276937
 40
129.0251989276937
 40
129.0251989276937
 40
130.0251989276937
 40
130.0251989276937
 40
130.0251989276937
 40
131.0251989276937
 40
131.0251989276937
 40
131.0251989276937
 40
132.0251989276937
 40
132.0251989276937
 40
132.0251989276937
 40
133.0251989276937
 40
133.0251989276937
 40
133.0251989276937
 40
134.0251989276937
 40
134.0251989276937
 40
134.0251989276937
 40
143.9351989276936
 40
143.9351989276936
 40
143.9351989276936
 40
152.4352048100446
 40
152.4352048100446
 40
152.4352048100446
 40
162.3552048100445
 40
162.3552048100445
 40
162.3552048100445
 40
163.3552048100445
 40
163.3552048100445
 40
163.3552048100445
 40
164.3552048100445
 40
164.3552048100445
 40
164.3552048100445
 40
165.3552048100445
 40
165.3552048100445
 40
165.3552048100445
 40
166.3552048100445
 40
166.3552048100445
 40
166.3552048100445
 40
167.3552048100445
 40
167.3552048100445
 40
167.3552048100445
 40
168.3552048100445
 40
168.3552048100445
 40
168.3552048100445
 40
176.8546283199068
 40
176.8546283199068
 40
176.8546283199068
 40
177.8546283199068
 40
177.8546283199068
 40
177.8546283199068
 40
178.8546283199068
 40
178.8546283199068
 40
178.8546283199068
 40
179.8546283199068
 40
179.8546283199068
 40
179.8546283199068
 40
180.8546283199068
 40
180.8546283199068
 40
180.8546283199068
 40
181.8546283199068
 40
181.8546283199068
 40
181.8546283199068
 40
182.8546283199068
 40
182.8546283199068
 40
182.8546283199068
 40
192.7746283199068
 40
192.7746283199068
 40
192.7746283199068
 40
201.2746283199068
 40
201.2746283199068
 40
201.2746283199068
 40
211.1946283199068
 40
211.1946283199068
 40
211.1946283199068
 40
212.1946283199068
 40
212.1946283199068
 40
212.1946283199068
 40
213.1946283199068
 40
213.1946283199068
 40
213.1946283199068
 40
214.1946283199068
 40
214.1946283199068
 40
214.1946283199068
 40
215.1946283199068
 40
215.1946283199068
 40
215.1946283199068
 40
216.1946283199068
 40
216.1946283199068
 40
216.1946283199068
 40
217.1946283199068
 40
217.1946283199068
 40
217.1946283199068
 40
225.6903978553873
 40
225.6903978553873
 40
225.6903978553873
 40
226.6903978553873
 40
226.6903978553873
 40
226.6903978553873
 40
227.6903978553873
 40
227.6903978553873
 40
227.6903978553873
 40
228.6903978553873
 40
228.6903978553873
 40
228.6903978553873
 40
229.6903978553873
 40
229.6903978553873
 40
229.6903978553873
 40
255.0603978553873
 40
255.0603978553873
 40
255.0603978553873
 40
256.0603978553874
 40
256.0603978553874
 40
256.0603978553874
 40
257.0603978553874
 40
257.0603978553874
 40
257.0603978553874
 40
258.0603978553874
 40
258.0603978553874
 40
258.0603978553874
 40
267.9803978553874
 40
267.9803978553874
 40
267.9803978553874
 40
276.4903978553874
 40
276.4903978553874
 40
276.4903978553874
 40
286.4103978553874
 40
286.4103978553874
 40
286.4103978553874
 40
287.4103978553874
 40
287.4103978553874
 40
287.4103978553874
 40
288.4103978553874
 40
288.4103978553874
 40
288.4103978553874
 40
289.4103978553874
 40
289.4103978553874
 40
289.4103978553874
 40
290.4103978553874
 40
290.4103978553874
 40
290.4103978553874
 40
291.4103978553874
 40
291.4103978553874
 40
291.4103978553874
 40
292.4103978553874
 40
292.4103978553874
 40
292.4103978553874
 40
293.4103978553874
 40
293.4103978553874
 40
293.4103978553874
 40
301.9098213652497
 40
301.9098213652497
 40
301.9098213652497
 40
302.9098213652497
 40
302.9098213652497
 40
302.9098213652497
 40
303.9098213652497
 40
303.9098213652497
 40
303.9098213652497
 40
304.9098213652497
 40
304.9098213652497
 40
304.9098213652497
 40
305.9098213652497
 40
305.9098213652497
 40
305.9098213652497
 40
306.9098213652497
 40
306.9098213652497
 40
306.9098213652497
 40
307.9098213652497
 40
307.9098213652497
 40
307.9098213652497
 40
317.8398213652497
 40
317.8398213652497
 40
317.8398213652497
 40
326.3398272476006
 40
326.3398272476006
 40
326.3398272476006
 40
336.2598272476006
 40
336.2598272476006
 40
336.2598272476006
 40
337.2598272476006
 40
337.2598272476006
 40
337.2598272476006
 40
338.2598272476006
 40
338.2598272476006
 40
338.2598272476006
 40
339.2598272476006
 40
339.2598272476006
 40
339.2598272476006
 40
340.2598272476006
 40
340.2598272476006
 40
340.2598272476006
 40
341.2598272476006
 40
341.2598272476006
 40
341.2598272476006
 40
342.2598272476006
 40
342.2598272476006
 40
342.2598272476006
 40
352.1798272476007
 40
352.1798272476007
 40
352.1798272476007
 40
360.6798272476007
 40
360.6798272476007
 40
360.6798272476007
 40
370.5998272476007
 40
370.5998272476007
 40
370.5998272476007
 40
371.5998272476007
 40
371.5998272476007
 40
371.5998272476007
 40
372.5998272476007
 40
372.5998272476007
 40
372.5998272476007
 40
373.5998272476007
 40
373.5998272476007
 40
373.5998272476007
 40
374.5998272476007
 40
374.5998272476007
 40
374.5998272476007
 40
375.5998272476007
 40
375.5998272476007
 40
375.5998272476007
 40
376.5998272476007
 40
376.5998272476007
 40
376.5998272476007
 40
385.1134046390384
 40
385.1134046390384
 40
385.1134046390384
 40
386.1134046390384
 40
386.1134046390384
 40
386.1134046390384
 40
387.1134046390384
 40
387.1134046390384
 40
387.1134046390384
 40
388.1134046390384
 40
388.1134046390384
 40
388.1134046390384
 40
389.1134046390384
 40
389.1134046390384
 40
389.1134046390384
 40
390.1134046390384
 40
390.1134046390384
 40
390.1134046390384
 40
391.1134046390384
 40
391.1134046390384
 40
391.1134046390384
 40
392.1134046390384
 40
392.1134046390384
 40
392.1134046390384
 40
402.0334046390384
 40
402.0334046390384
 40
402.0334046390384
 40
410.5434046390384
 40
410.5434046390384
 40
410.5434046390384
 40
420.4634046390384
 40
420.4634046390384
 40
420.4634046390384
 40
421.4634046390384
 40
421.4634046390384
 40
421.4634046390384
 40
422.4634046390384
 40
422.4634046390384
 40
422.4634046390384
 40
423.4634046390384
 40
423.4634046390384
 40
423.4634046390384
 40
448.8334046390384
 40
448.8334046390384
 40
448.8334046390384
 40
449.8334046390384
 40
449.8334046390384
 40
449.8334046390384
 40
449.8334046390384
 10
251.5969130555555
 20
27.57462805555555
 30
0.0
 10
251.6216075
 20
27.62401694444444
 30
0.0
 10
250.9301630555555
 20
27.99443361111111
 30
0.0
 10
250.0588019444444
 20
28.40365583333333
 30
0.0
 10
249.1803852777778
 20
28.81287805555555
 30
0.0
 10
248.5877186111111
 20
28.97868361111111
 30
0.0
 10
248.4289686111111
 20
29.05276694444444
 30
0.0
 10
247.6352186111111
 20
29.42318361111111
 30
0.0
 10
245.2574963888889
 20
30.53443361111111
 30
0.0
 10
245.2574963888889
 20
30.53443361111111
 30
0.0
 10
245.6796537962963
 20
31.43989657407407
 30
0.0
 10
246.1018112037037
 20
32.34535953703703
 30
0.0
 10
246.5239686111111
 20
33.2508225
 30
0.0
 10
246.5239686111111
 20
33.2508225
 30
0.0
 10
248.9052186111111
 20
32.14310027777778
 30
0.0
 10
249.6989686111111
 20
31.77268361111111
 30
0.0
 10
249.8541908333333
 20
31.69860027777777
 30
0.0
 10
250.3657186111111
 20
31.35287805555555
 30
0.0
 10
251.2406075
 20
30.94365583333333
 30
0.0
 10
252.1190241666667
 20
30.53443361111111
 30
0.0
 10
252.8457463888889
 20
30.24515583333333
 30
0.0
 10
252.8704408333333
 20
30.29454472222222
 30
0.0
 10
254.1369130555555
 20
33.01093361111111
 30
0.0
 10
248.8558297222222
 20
34.52082249999999
 30
0.0
 10
248.8593575
 20
43.20621138888888
 30
0.0
 10
248.8593575
 20
43.26265583333333
 30
0.0
 10
248.0761908333333
 20
43.30851694444444
 30
0.0
 10
247.1060519444444
 20
43.30851694444444
 30
0.0
 10
246.1394408333333
 20
43.30851694444444
 30
0.0
 10
245.5326630555555
 20
43.20621138888888
 30
0.0
 10
245.3562741666667
 20
43.20621138888888
 30
0.0
 10
244.1897556481482
 20
43.20621138888888
 30
0.0
 10
243.0232371296296
 20
43.20621138888888
 30
0.0
 10
241.8567186111111
 20
43.20621138888888
 30
0.0
 10
241.8567186111111
 20
44.20692435185185
 30
0.0
 10
241.8567186111111
 20
45.20763731481481
 30
0.0
 10
241.8567186111111
 20
46.20835027777778
 30
0.0
 10
243.0232371296296
 20
46.20835027777778
 30
0.0
 10
244.1897556481482
 20
46.20835027777778
 30
0.0
 10
245.3562741666667
 20
46.20835027777778
 30
0.0
 10
245.5326630555555
 20
46.20835027777778
 30
0.0
 10
246.1394408333333
 20
46.10604472222222
 30
0.0
 10
247.1060519444444
 20
46.10604472222222
 30
0.0
 10
248.0761908333333
 20
46.10604472222222
 30
0.0
 10
248.8593575
 20
46.15190583333332
 30
0.0
 10
248.8593575
 20
46.20835027777778
 30
0.0
 10
248.8593575
 20
57.89235027777777
 30
0.0
 10
248.4395519444444
 20
58.31215583333334
 30
0.0
 10
241.0453297222222
 20
65.70637805555555
 30
0.0
 10
241.0065241666667
 20
65.74518361111112
 30
0.0
 10
240.4209130555555
 20
65.22307249999999
 30
0.0
 10
239.7365241666667
 20
64.53868361111111
 30
0.0
 10
239.0556630555555
 20
63.85429472222221
 30
0.0
 10
238.6958297222222
 20
63.35335027777776
 30
0.0
 10
238.5723575
 20
63.22987805555556
 30
0.0
 10
237.9514686111111
 20
62.61251694444444
 30
0.0
 10
236.0958575
 20
60.75690583333333
 30
0.0
 10
236.0958575
 20
60.75690583333333
 30
0.0
 10
235.3891260185185
 20
61.46363731481481
 30
0.0
 10
234.682394537037
 20
62.17036879629629
 30
0.0
 10
233.9756630555555
 20
62.87710027777778
 30
0.0
 10
233.9756630555555
 20
62.87710027777778
 30
0.0
 10
235.8312741666666
 20
64.73271138888889
 30
0.0
 10
236.4486352777778
 20
65.35360027777777
 30
0.0
 10
236.5721075
 20
65.47707249999999
 30
0.0
 10
237.0730519444444
 20
65.83690583333333
 30
0.0
 10
237.7574408333333
 20
66.51776694444445
 30
0.0
 10
238.4418297222222
 20
67.20215583333334
 30
0.0
 10
238.9639408333333
 20
67.78776694444444
 30
0.0
 10
238.9251352777778
 20
67.8265725
 30
0.0
 10
232.1835519444444
 20
74.56815583333332
 30
0.0
 10
234.8470241666667
 20
77.30571138888888
 30
0.0
 10
229.4318852777778
 20
77.30571138888888
 30
0.0
 10
229.3754408333333
 20
77.3021836111111
 30
0.0
 10
229.3331075
 20
76.52254472222221
 30
0.0
 10
229.3295797222222
 20
75.55240583333332
 30
0.0
 10
229.3331075
 20
74.58579472222222
 30
0.0
 10
229.4318852777778
 20
73.97548916666666
 30
0.0
 10
229.4318852777778
 20
73.80262805555554
 30
0.0
 10
229.4318852777778
 20
72.63610953703703
 30
0.0
 10
229.4318852777778
 20
71.46959101851851
 30
0.0
 10
229.4318852777778
 20
70.3030725
 30
0.0
 10
228.4323482407407
 20
70.30424842592593
 30
0.0
 10
227.4328112037037
 20
70.30542435185185
 30
0.0
 10
226.4332741666666
 20
70.30660027777778
 30
0.0
 10
226.4332741666666
 20
71.47194287037036
 30
0.0
 10
226.4332741666666
 20
72.63728546296295
 30
0.0
 10
226.4332741666666
 20
73.80262805555554
 30
0.0
 10
226.4332741666666
 20
73.97548916666666
 30
0.0
 10
226.5320519444444
 20
74.58579472222222
 30
0.0
 10
226.5320519444444
 20
75.55240583333332
 30
0.0
 10
226.5320519444444
 20
76.51901694444445
 30
0.0
 10
226.4861908333333
 20
77.3021836111111
 30
0.0
 10
226.4332741666666
 20
77.3021836111111
 30
0.0
 10
224.4506630555555
 20
77.3021836111111
 30
0.0
 10
222.4680519444444
 20
77.3021836111111
 30
0.0
 10
219.4271075
 20
77.30571138888888
 30
0.0
 10
219.3706630555556
 20
77.30571138888888
 30
0.0
 10
219.3248019444444
 20
76.52254472222221
 30
0.0
 10
219.3248019444444
 20
75.55593361111112
 30
0.0
 10
219.3248019444444
 20
74.5893225
 30
0.0
 10
219.4271075
 20
73.97901694444444
 30
0.0
 10
219.4271075
 20
73.80615583333334
 30
0.0
 10
219.4271075
 20
72.63963731481482
 30
0.0
 10
219.4271075
 20
71.4731187962963
 30
0.0
 10
219.4271075
 20
70.30660027777778
 30
0.0
 10
218.426394537037
 20
70.30660027777778
 30
0.0
 10
217.425681574074
 20
70.30660027777778
 30
0.0
 10
216.4249686111111
 20
70.30660027777778
 30
0.0
 10
216.4249686111111
 20
71.4731187962963
 30
0.0
 10
216.4249686111111
 20
72.63963731481482
 30
0.0
 10
216.4249686111111
 20
73.80615583333334
 30
0.0
 10
216.4249686111111
 20
73.97901694444444
 30
0.0
 10
216.5237463888889
 20
74.5893225
 30
0.0
 10
216.5237463888889
 20
75.55593361111112
 30
0.0
 10
216.5237463888889
 20
76.52254472222221
 30
0.0
 10
216.4814130555555
 20
77.30571138888888
 30
0.0
 10
216.4249686111111
 20
77.30571138888888
 30
0.0
 10
213.3875519444444
 20
77.30571138888888
 30
0.0
 10
211.3978852777778
 20
77.3021836111111
 30
0.0
 10
209.4152741666666
 20
77.30571138888888
 30
0.0
 10
209.3588297222222
 20
77.30571138888888
 30
0.0
 10
209.3200241666667
 20
76.52254472222221
 30
0.0
 10
209.3164963888889
 20
75.55593361111112
 30
0.0
 10
209.3164963888889
 20
74.5893225
 30
0.0
 10
209.4117463888889
 20
73.97548916666666
 30
0.0
 10
209.4152741666666
 20
73.80262805555554
 30
0.0
 10
209.4152741666666
 20
72.63728546296295
 30
0.0
 10
209.4152741666666
 20
71.47194287037037
 30
0.0
 10
209.4152741666666
 20
70.30660027777778
 30
0.0
 10
208.4157371296296
 20
70.30777620370371
 30
0.0
 10
207.4162000925926
 20
70.30895212962963
 30
0.0
 10
206.4166630555555
 20
70.31012805555555
 30
0.0
 10
206.4166630555555
 20
71.47664657407405
 30
0.0
 10
206.4166630555555
 20
72.64316509259258
 30
0.0
 10
206.4166630555555
 20
73.8096836111111
 30
0.0
 10
206.4166630555555
 20
73.97901694444444
 30
0.0
 10
206.5154408333333
 20
74.59285027777777
 30
0.0
 10
206.5154408333333
 20
75.55593361111112
 30
0.0
 10
206.5154408333333
 20
76.52254472222221
 30
0.0
 10
206.4695797222222
 20
77.30571138888888
 30
0.0
 10
206.4201908333333
 20
77.30923916666666
 30
0.0
 10
201.0050519444444
 20
77.30923916666666
 30
0.0
 10
203.6685241666667
 20
74.56815583333332
 30
0.0
 10
196.9304686111111
 20
67.83010027777776
 30
0.0
 10
196.9093019444445
 20
67.77365583333334
 30
0.0
 10
197.4243575
 20
67.19510027777777
 30
0.0
 10
198.0981630555555
 20
66.52129472222222
 30
0.0
 10
198.7825519444444
 20
65.84043361111111
 30
0.0
 10
199.2834963888889
 20
65.48060027777778
 30
0.0
 10
199.4069686111111
 20
65.35712805555555
 30
0.0
 10
200.0243297222222
 20
64.73623916666666
 30
0.0
 10
201.8799408333333
 20
62.88062805555555
 30
0.0
 10
201.8799408333333
 20
62.88062805555555
 30
0.0
 10
201.1732093518518
 20
62.17389657407407
 30
0.0
 10
200.4664778703703
 20
61.46716509259259
 30
0.0
 10
199.7597463888889
 20
60.76043361111111
 30
0.0
 10
199.7597463888889
 20
60.76043361111111
 30
0.0
 10
197.9041352777778
 20
62.61604472222222
 30
0.0
 10
197.2832463888889
 20
63.23340583333333
 30
0.0
 10
197.1597741666667
 20
63.35687805555555
 30
0.0
 10
196.7999408333333
 20
63.85782249999999
 30
0.0
 10
196.1190797222222
 20
64.54221138888887
 30
0.0
 10
195.4346908333333
 20
65.22660027777776
 30
0.0
 10
194.8490797222222
 20
65.74871138888888
 30
0.0
 10
194.8102741666667
 20
65.70990583333332
 30
0.0
 10
187.4160519444444
 20
58.31568361111111
 30
0.0
 10
186.9927186111111
 20
57.89235027777777
 30
0.0
 10
186.9927186111111
 20
46.20835027777778
 30
0.0
 10
186.9927186111111
 20
46.1554336111111
 30
0.0
 10
187.7758852777777
 20
46.10957249999999
 30
0.0
 10
188.7424963888889
 20
46.10957249999999
 30
0.0
 10
189.7091075
 20
46.10957249999999
 30
0.0
 10
190.3194130555555
 20
46.20835027777778
 30
0.0
 10
190.4922741666667
 20
46.20835027777778
 30
0.0
 10
191.6587926851852
 20
46.20835027777778
 30
0.0
 10
192.8253112037037
 20
46.20835027777778
 30
0.0
 10
193.9918297222222
 20
46.20835027777778
 30
0.0
 10
193.9918297222222
 20
45.20881324074075
 30
0.0
 10
193.9918297222222
 20
44.2092762037037
 30
0.0
 10
193.9918297222222
 20
43.20973916666667
 30
0.0
 10
192.8253112037037
 20
43.20973916666666
 30
0.0
 10
191.6587926851852
 20
43.20973916666666
 30
0.0
 10
190.4922741666667
 20
43.20973916666667
 30
0.0
 10
190.3194130555555
 20
43.20973916666667
 30
0.0
 10
189.7091075
 20
43.30851694444444
 30
0.0
 10
188.7424963888889
 20
43.30851694444444
 30
0.0
 10
187.7758852777777
 20
43.30851694444444
 30
0.0
 10
186.9927186111111
 20
43.26618361111111
 30
0.0
 10
186.9927186111111
 20
43.20973916666667
 30
0.0
 10
186.9927186111111
 20
34.52435027777778
 30
0.0
 10
181.7116352777778
 20
33.01446138888888
 30
0.0
 10
182.9781075
 20
30.2980725
 30
0.0
 10
183.0028019444444
 20
30.24868361111111
 30
0.0
 10
183.7295241666667
 20
30.53796138888889
 30
0.0
 10
184.6079408333333
 20
30.94718361111111
 30
0.0
 10
185.4828297222222
 20
31.35640583333333
 30
0.0
 10
185.9943575
 20
31.70212805555555
 30
0.0
 10
186.1495797222222
 20
31.77621138888889
 30
0.0
 10
186.9433297222222
 20
32.14662805555555
 30
0.0
 10
189.3245797222222
 20
33.25435027777777
 30
0.0
 10
189.3245797222222
 20
33.25435027777777
 30
0.0
 10
189.7467371296297
 20
32.34888731481481
 30
0.0
 10
190.1688945370371
 20
31.44342435185185
 30
0.0
 10
190.5910519444444
 20
30.53796138888889
 30
0.0
 10
190.5910519444444
 20
30.53796138888889
 30
0.0
 10
188.2133297222222
 20
29.42671138888889
 30
0.0
 10
187.4195797222222
 20
29.05629472222222
 30
0.0
 10
187.2608297222222
 20
28.98221138888889
 30
0.0
 10
186.6681630555555
 20
28.81640583333333
 30
0.0
 10
185.7897463888889
 20
28.40718361111111
 30
0.0
 10
184.9148575
 20
27.99796138888889
 30
0.0
 10
184.2198852777778
 20
27.62754472222222
 30
0.0
 10
184.2445797222222
 20
27.57815583333333
 30
0.0
 10
184.6538019444445
 20
26.69973916666667
 30
0.0
 10
175.2381630555556
 20
24.28321138888889
 30
0.0
 10
175.2381630555556
 20
21.98310027777778
 30
0.0
 10
175.2381630555556
 20
18.9997762037037
 30
0.0
 10
175.2381630555556
 20
16.01645212962963
 30
0.0
 10
175.2381630555556
 20
13.03312805555555
 30
0.0
 10
175.2381630555556
 20
11.3750725
 30
0.0
 10
176.5787186111111
 20
10.03451694444444
 30
0.0
 10
178.2367741666667
 20
10.03451694444444
 30
0.0
 10
178.2932186111111
 20
10.03451694444444
 30
0.0
 10
178.3390797222222
 20
10.81768361111111
 30
0.0
 10
178.3390797222222
 20
11.78429472222222
 30
0.0
 10
178.3390797222222
 20
12.75090583333333
 30
0.0
 10
178.2367741666667
 20
13.35768361111111
 30
0.0
 10
178.2367741666667
 20
13.5340725
 30
0.0
 10
178.2367741666667
 20
14.70059101851852
 30
0.0
 10
178.2367741666667
 20
15.86710953703703
 30
0.0
 10
178.2367741666667
 20
17.03362805555555
 30
0.0
 10
179.2374871296296
 20
17.03362805555555
 30
0.0
 10
180.2382000925926
 20
17.03362805555555
 30
0.0
 10
181.2389130555555
 20
17.03362805555555
 30
0.0
 10
181.2389130555556
 20
15.86710953703704
 30
0.0
 10
181.2389130555556
 20
14.70059101851852
 30
0.0
 10
181.2389130555555
 20
13.5340725
 30
0.0
 10
181.2389130555555
 20
13.35768361111111
 30
0.0
 10
181.1366075
 20
12.75090583333333
 30
0.0
 10
181.1366075
 20
11.78429472222222
 30
0.0
 10
181.1366075
 20
10.81768361111111
 30
0.0
 10
181.1824686111111
 20
10.03451694444444
 30
0.0
 10
181.2389130555555
 20
10.03451694444444
 30
0.0
 10
182.8969686111111
 20
10.03451694444444
 30
0.0
 10
184.2375241666666
 20
11.3750725
 30
0.0
 10
184.2375241666666
 20
13.03312805555555
 30
0.0
 10
184.2375241666666
 20
19.42546138888889
 30
0.0
 10
193.9741908333333
 20
24.5513225
 30
0.0
 10
194.8067463888889
 20
23.71523916666666
 30
0.0
 10
194.8455519444445
 20
23.67643361111111
 30
0.0
 10
195.4311630555555
 20
24.19854472222222
 30
0.0
 10
196.1120241666667
 20
24.88293361111111
 30
0.0
 10
196.7964130555555
 20
25.56379472222222
 30
0.0
 10
197.1562463888889
 20
26.06473916666666
 30
0.0
 10
197.2797186111111
 20
26.18821138888889
 30
0.0
 10
197.8970797222222
 20
26.80910027777778
 30
0.0
 10
199.7562186111111
 20
28.66471138888889
 30
0.0
 10
199.7562186111111
 20
28.66471138888889
 30
0.0
 10
200.4629500925926
 20
27.95797990740741
 30
0.0
 10
201.169681574074
 20
27.25124842592592
 30
0.0
 10
201.8764130555555
 20
26.54451694444445
 30
0.0
 10
201.8764130555555
 20
26.54451694444445
 30
0.0
 10
200.0208019444444
 20
24.68890583333333
 30
0.0
 10
199.3999130555555
 20
24.06801694444444
 30
0.0
 10
199.2764408333333
 20
23.94454472222222
 30
0.0
 10
198.7790241666667
 20
23.58471138888888
 30
0.0
 10
198.0946352777778
 20
22.9003225
 30
0.0
 10
197.4102463888889
 20
22.21593361111111
 30
0.0
 10
196.8846075
 20
21.63385027777777
 30
0.0
 10
196.9234130555556
 20
21.59504472222222
 30
0.0
 10
199.0436075
 20
19.4713225
 30
0.0
 10
202.5149408333334
 20
13.86568361111111
 30
0.0
 10
209.4223297222222
 20
13.86215583333333
 30
0.0
 10
209.4752463888889
 20
13.86215583333333
 30
0.0
 10
209.5211075
 20
14.6453225
 30
0.0
 10
209.5211075
 20
15.61546138888889
 30
0.0
 10
209.5211075
 20
16.57854472222222
 30
0.0
 10
209.4223297222222
 20
17.1853225
 30
0.0
 10
209.4223297222222
 20
17.36171138888889
 30
0.0
 10
209.4223297222222
 20
18.52940583333333
 30
0.0
 10
209.4223297222222
 20
19.69710027777777
 30
0.0
 10
209.4223297222222
 20
20.86479472222222
 30
0.0
 10
210.4218667592592
 20
20.8636187962963
 30
0.0
 10
211.4214037962962
 20
20.86244287037037
 30
0.0
 10
212.4209408333333
 20
20.86126694444444
 30
0.0
 10
212.4209408333333
 20
19.69474842592593
 30
0.0
 10
212.4209408333333
 20
18.5282299074074
 30
0.0
 10
212.4209408333333
 20
17.36171138888889
 30
0.0
 10
212.4209408333333
 20
17.1853225
 30
0.0
 10
212.3221630555555
 20
16.57854472222222
 30
0.0
 10
212.3221630555555
 20
15.61193361111111
 30
0.0
 10
212.3221630555555
 20
14.6453225
 30
0.0
 10
212.3680241666667
 20
13.86215583333333
 30
0.0
 10
212.4209408333333
 20
13.86215583333333
 30
0.0
 10
214.7739686111111
 20
13.86215583333333
 30
0.0
 10
214.8833297222222
 20
14.92048916666666
 30
0.0
 10
217.9207463888889
 20
14.92048916666666
 30
0.0
 10
220.9581630555556
 20
14.92048916666666
 30
0.0
 10
221.0675241666667
 20
13.86215583333333
 30
0.0
 10
223.4205519444444
 20
13.86215583333333
 30
0.0
 10
223.4734686111111
 20
13.86215583333333
 30
0.0
 10
223.5193297222222
 20
14.6453225
 30
0.0
 10
223.5193297222222
 20
15.61193361111111
 30
0.0
 10
223.5193297222222
 20
16.57854472222222
 30
0.0
 10
223.4205519444444
 20
17.1853225
 30
0.0
 10
223.4205519444444
 20
17.36171138888889
 30
0.0
 10
223.4205519444444
 20
18.52822990740741
 30
0.0
 10
223.4205519444444
 20
19.69474842592593
 30
0.0
 10
223.4205519444444
 20
20.86126694444444
 30
0.0
 10
224.4200889814815
 20
20.86126694444444
 30
0.0
 10
225.4196260185185
 20
20.86126694444444
 30
0.0
 10
226.4191630555556
 20
20.86126694444444
 30
0.0
 10
226.4191630555556
 20
19.69474842592593
 30
0.0
 10
226.4191630555556
 20
18.5282299074074
 30
0.0
 10
226.4191630555556
 20
17.36171138888889
 30
0.0
 10
226.4191630555556
 20
17.1853225
 30
0.0
 10
226.3203852777777
 20
16.57854472222222
 30
0.0
 10
226.3203852777777
 20
15.61193361111111
 30
0.0
 10
226.3203852777777
 20
14.6453225
 30
0.0
 10
226.3662463888889
 20
13.86215583333333
 30
0.0
 10
226.4191630555556
 20
13.86215583333333
 30
0.0
 10
233.3265519444444
 20
13.86215583333333
 30
0.0
 10
236.7978852777778
 20
19.46779472222222
 30
0.0
 10
238.9180797222222
 20
21.59151694444444
 30
0.0
 10
238.9568852777778
 20
21.6303225
 30
0.0
 10
238.4312463888889
 20
22.21240583333333
 30
0.0
 10
237.7468575
 20
22.89679472222222
 30
0.0
 10
237.0624686111111
 20
23.58118361111111
 30
0.0
 10
236.5650519444444
 20
23.94101694444444
 30
0.0
 10
236.4415797222222
 20
24.06448916666667
 30
0.0
 10
235.8206908333333
 20
24.68537805555555
 30
0.0
 10
233.9650797222222
 20
26.54098916666667
 30
0.0
 10
233.9650797222222
 20
26.54098916666667
 30
0.0
 10
234.6741630555556
 20
27.24772064814815
 30
0.0
 10
235.3832463888889
 20
27.95445212962963
 30
0.0
 10
236.0923297222222
 20
28.66118361111111
 30
0.0
 10
236.0923297222222
 20
28.66118361111111
 30
0.0
 10
237.9444130555555
 20
26.8055725
 30
0.0
 10
238.5617741666667
 20
26.18468361111111
 30
0.0
 10
238.6852463888889
 20
26.06121138888889
 30
0.0
 10
239.0450797222222
 20
25.56026694444444
 30
0.0
 10
239.7294686111111
 20
24.87940583333333
 30
0.0
 10
240.4103297222222
 20
24.19501694444444
 30
0.0
 10
240.9959408333333
 20
23.67290583333333
 30
0.0
 10
241.0347463888889
 20
23.71171138888889
 30
0.0
 10
241.8673019444444
 20
24.54779472222222
 30
0.0
 10
251.6039686111111
 20
19.42193361111111
 30
0.0
 10
251.6039686111111
 20
13.02960027777778
 30
0.0
 10
251.6039686111111
 20
11.37154472222222
 30
0.0
 10
252.9445241666666
 20
10.03098916666667
 30
0.0
 10
254.6025797222222
 20
10.03098916666667
 30
0.0
 10
254.6590241666667
 20
10.03098916666667
 30
0.0
 10
254.7048852777777
 20
10.81415583333333
 30
0.0
 10
254.7048852777777
 20
11.78076694444444
 30
0.0
 10
254.7048852777777
 20
12.74737805555556
 30
0.0
 10
254.6025797222222
 20
13.35415583333333
 30
0.0
 10
254.6025797222222
 20
13.53054472222222
 30
0.0
 10
254.6025797222222
 20
14.69706324074074
 30
0.0
 10
254.6025797222222
 20
15.86358175925926
 30
0.0
 10
254.6025797222222
 20
17.03010027777778
 30
0.0
 10
255.6032926851852
 20
17.03010027777778
 30
0.0
 10
256.6040056481481
 20
17.03010027777778
 30
0.0
 10
257.6047186111111
 20
17.03010027777778
 30
0.0
 10
257.6047186111111
 20
15.86358175925926
 30
0.0
 10
257.6047186111111
 20
14.69706324074074
 30
0.0
 10
257.6047186111111
 20
13.53054472222222
 30
0.0
 10
257.6047186111111
 20
13.35415583333333
 30
0.0
 10
257.5024130555556
 20
12.74737805555556
 30
0.0
 10
257.5024130555556
 20
11.78076694444444
 30
0.0
 10
257.5024130555556
 20
10.81415583333333
 30
0.0
 10
257.5482741666667
 20
10.03098916666667
 30
0.0
 10
257.6047186111111
 20
10.03098916666667
 30
0.0
 10
259.2627741666667
 20
10.03098916666667
 30
0.0
 10
260.6033297222222
 20
11.37154472222222
 30
0.0
 10
260.6033297222222
 20
13.02960027777778
 30
0.0
 10
260.6033297222222
 20
16.01292435185185
 30
0.0
 10
260.6033297222222
 20
18.99624842592592
 30
0.0
 10
260.6033297222222
 20
21.9795725
 30
0.0
 10
260.6033297222222
 20
24.27968361111111
 30
0.0
 10
251.1876908333333
 20
26.69621138888889
 30
0.0
 10
251.5969130555555
 20
27.57462805555555
 30
0.0
  0
SPLINE
  5
426
330
1F
100
AcDbEntity
  8
DEFAULT
 62
     1
100
AcDbSpline
210
0.0
220
0.0
230
1.0
 70
    11
 71
     3
 72
    17
 73
    13
 74
     0
 42
0.000000001
 43
0.0000000001
 40
1.0
 40
1.0
 40
1.0
 40
1.0
 40
2.0
 40
2.0
 40
2.0
 40
3.0
 40
3.0
 40
3.0
 40
4.0
 40
4.0
 40
4.0
 40
5.0
 40
5.0
 40
5.0
 40
5.0
 10
217.9207463888889
 20
32.37946138888888
 30
0.0
 10
209.0836630555556
 20
32.37946138888888
 30
0.0
 10
195.8580241666667
 20
47.63004472222222
 30
0.0
 10
204.3705519444445
 20
49.9830725
 30
0.0
 10
212.7913575
 20
52.30435027777777
 30
0.0
 10
209.0871908333334
 20
59.66682249999999
 30
0.0
 10
217.9242741666667
 20
59.66329472222222
 30
0.0
 10
226.7578297222222
 20
59.66329472222222
 30
0.0
 10
223.0536630555555
 20
52.30435027777777
 30
0.0
 10
231.4709408333333
 20
49.97954472222222
 30
0.0
 10
239.9869963888889
 20
47.62651694444444
 30
0.0
 10
226.7543019444444
 20
32.37946138888888
 30
0.0
 10
217.9207463888889
 20
32.37946138888888
 30
0.0
  0
POLYLINE
  5
427
330
1F
100
AcDbEntity
  8
DEFAULT
 62
   250
100
AcDb2dPolyline
 66
     1
 10
0.0
 20
0.0
 30
0.0
  0
VERTEX
  5
428
330
427
100
AcDbEntity
  8
DEFAULT
 62
   250
100
AcDbVertex
100
AcDb2dVertex
 10
148.1907613888889
 20
17.765395
 30
0.0
  0
VERTEX
  5
429
330
427
100
AcDbEntity
  8
DEFAULT
 62
   250
100
AcDbVertex
100
AcDb2dVertex
 10
148.1907613888889
 20
18.08712833333333
 30
0.0
  0
SEQEND
  5
42A
330
427
100
AcDbEntity
  8
DEFAULT
 62
   250
  0
SPLINE
  5
42B
330
1F
100
AcDbEntity
  8
DEFAULT
 62
   250
100
AcDbSpline
210
0.0
220
0.0
230
1.0
 70
     8
 71
     3
 72
    14
 73
    10
 74
     0
 42
0.000000001
 43
0.0000000001
 40
0.0
 40
0.0
 40
0.0
 40
0.0
 40
3.579999999999998
 40
3.579999999999998
 40
3.579999999999998
 40
4.579999999999998
 40
4.579999999999998
 40
4.579999999999998
 40
5.579999999999998
 40
5.579999999999998
 40
5.579999999999998
 40
5.579999999999998
 10
148.1907613888889
 20
17.29718833333333
 30
0.0
 10
148.1907613888889
 20
16.87620685185185
 30
0.0
 10
148.1907613888889
 20
16.45522537037037
 30
0.0
 10
148.1907613888889
 20
16.03424388888889
 30
0.0
 10
148.1907613888889
 20
15.78094944444444
 30
0.0
 10
148.1459586111111
 20
15.616555
 30
0.0
 10
148.0168419444445
 20
15.49802166666666
 30
0.0
 10
147.8997197222222
 20
15.39324666666666
 30
0.0
 10
147.7106308333333
 20
15.35020777777778
 30
0.0
 10
147.5670502777778
 20
15.39571611111111
 30
0.0
  0
SPLINE
  5
42C
330
1F
100
AcDbEntity
  8
DEFAULT
 62
   250
100
AcDbSpline
210
0.0
220
0.0
230
1.0
 70
     8
 71
     3
 72
    11
 73
     7
 74
     0
 42
0.000000001
 43
0.0000000001
 40
0.0
 40
0.0
 40
0.0
 40
0.0
 40
4.113
 40
4.113
 40
4.113
 40
5.113
 40
5.113
 40
5.113
 40
5.113
 10
142.0546152777778
 20
36.02781861111111
 30
0.0
 10
142.0546152777778
 20
35.54416027777777
 30
0.0
 10
142.0546152777778
 20
35.06050194444444
 30
0.0
 10
142.0546152777778
 20
34.57684361111111
 30
0.0
 10
142.0546152777778
 20
33.9531325
 30
0.0
 10
141.7349986111111
 20
33.70407138888888
 30
0.0
 10
141.3084902777778
 20
33.90797694444444
 30
0.0
  0
POLYLINE
  5
42D
330
1F
100
AcDbEntity
  8
DEFAULT
 62
   250
100
AcDb2dPolyline
 66
     1
 10
0.0
 20
0.0
 30
0.0
  0
VERTEX
  5
42E
330
42D
100
AcDbEntity
  8
DEFAULT
 62
   250
100
AcDbVertex
100
AcDb2dVertex
 10
142.4625675
 20
34.57673777777777
 30
0.0
  0
VERTEX
  5
42F
330
42D
100
AcDbEntity
  8
DEFAULT
 62
   250
100
AcDbVertex
100
AcDb2dVertex
 10
141.4433925
 20
34.57673777777777
 30
0.0
  0
SEQEND
  5
430
330
42D
100
AcDbEntity
  8
DEFAULT
 62
   250
  0
SPLINE
  5
431
330
1F
100
AcDbEntity
  8
DEFAULT
 62
   250
100
AcDbSpline
210
0.0
220
0.0
230
1.0
 70
     8
 71
     3
 72
    11
 73
     7
 74
     0
 42
0.000000001
 43
0.0000000001
 40
0.0
 40
0.0
 40
0.0
 40
0.0
 40
4.113818907049756
 40
4.113818907049756
 40
4.113818907049756
 40
5.113818907049756
 40
5.113818907049756
 40
5.113818907049756
 40
5.113818907049756
 10
150.0129997222222
 20
39.94901416666666
 30
0.0
 10
149.8473117592593
 20
39.49451879629629
 30
0.0
 10
149.6816237962963
 20
39.04002342592592
 30
0.0
 10
149.5159358333333
 20
38.58552805555555
 30
0.0
 10
149.3025052777778
 20
37.99991694444444
 30
0.0
 10
148.9169191666666
 20
37.87538638888888
 30
0.0
 10
148.5860136111111
 20
38.21299472222221
 30
0.0
  0
POLYLINE
  5
432
330
1F
100
AcDbEntity
  8
DEFAULT
 62
   250
100
AcDb2dPolyline
 66
     1
 10
0.0
 20
0.0
 30
0.0
  0
VERTEX
  5
433
330
432
100
AcDbEntity
  8
DEFAULT
 62
   250
100
AcDbVertex
100
AcDb2dVertex
 10
149.8992641666667
 20
38.44596916666665
 30
0.0
  0
VERTEX
  5
434
330
432
100
AcDbEntity
  8
DEFAULT
 62
   250
100
AcDbVertex
100
AcDb2dVertex
 10
148.9418252777778
 20
38.79521916666666
 30
0.0
  0
SEQEND
  5
435
330
432
100
AcDbEntity
  8
DEFAULT
 62
   250
  0
SPLINE
  5
436
330
1F
100
AcDbEntity
  8
DEFAULT
 62
   250
100
AcDbSpline
210
0.0
220
0.0
230
1.0
 70
     8
 71
     3
 72
    11
 73
     7
 74
     0
 42
0.000000001
 43
0.0000000001
 40
0.0
 40
0.0
 40
0.0
 40
0.0
 40
4.113020909258847
 40
4.113020909258847
 40
4.113020909258847
 40
5.113020909258847
 40
5.113020909258847
 40
5.113020909258847
 40
5.113020909258847
 10
158.4827355555556
 20
40.58274416666665
 30
0.0
 10
158.158767962963
 20
40.22361638888887
 30
0.0
 10
157.8348003703703
 20
39.86448861111109
 30
0.0
 10
157.5108327777778
 20
39.50536083333331
 30
0.0
 10
157.0931438888888
 20
39.04216361111111
 30
0.0
 10
156.6888605555556
 20
39.07144416666666
 30
0.0
 10
156.5089438888889
 20
39.50853583333333
 30
0.0
  0
POLYLINE
  5
437
330
1F
100
AcDbEntity
  8
DEFAULT
 62
   250
100
AcDb2dPolyline
 66
     1
 10
0.0
 20
0.0
 30
0.0
  0
VERTEX
  5
438
330
437
100
AcDbEntity
  8
DEFAULT
 62
   250
100
AcDbVertex
100
AcDb2dVertex
 10
157.8137277777778
 20
39.2320286111111
 30
0.0
  0
VERTEX
  5
439
330
437
100
AcDbEntity
  8
DEFAULT
 62
   250
100
AcDbVertex
100
AcDb2dVertex
 10
157.0570194444444
 20
39.91465361111111
 30
0.0
  0
SEQEND
  5
43A
330
437
100
AcDbEntity
  8
DEFAULT
 62
   250
  0
SPLINE
  5
43B
330
1F
100
AcDbEntity
  8
DEFAULT
 62
     1
100
AcDbSpline
210
0.0
220
0.0
230
1.0
 70
    11
 71
     3
 72
   122
 73
   118
 74
     0
 42
0.000000001
 43
0.0000000001
 40
1.0
 40
1.0
 40
1.0
 40
1.0
 40
2.0
 40
2.0
 40
2.0
 40
3.0
 40
3.0
 40
3.0
 40
4.0
 40
4.0
 40
4.0
 40
5.0
 40
5.0
 40
5.0
 40
6.0
 40
6.0
 40
6.0
 40
7.0
 40
7.0
 40
7.0
 40
8.0
 40
8.0
 40
8.0
 40
9.0
 40
9.0
 40
9.0
 40
18.92
 40
18.92
 40
18.92
 40
27.42999999999999
 40
27.42999999999999
 40
27.42999999999999
 40
37.34999999999999
 40
37.34999999999999
 40
37.34999999999999
 40
38.34999999999999
 40
38.34999999999999
 40
38.34999999999999
 40
39.34999999999999
 40
39.34999999999999
 40
39.34999999999999
 40
40.34999999999999
 40
40.34999999999999
 40
40.34999999999999
 40
41.34999999999999
 40
41.34999999999999
 40
41.34999999999999
 40
42.34999999999999
 40
42.34999999999999
 40
42.34999999999999
 40
43.34999999999999
 40
43.34999999999999
 40
43.34999999999999
 40
51.84368477164065
 40
51.84368477164065
 40
51.84368477164065
 40
52.84368477164065
 40
52.84368477164065
 40
52.84368477164065
 40
53.84368477164065
 40
53.84368477164065
 40
53.84368477164065
 40
54.84368477164065
 40
54.84368477164065
 40
54.84368477164065
 40
55.84368477164065
 40
55.84368477164065
 40
55.84368477164065
 40
56.84368477164065
 40
56.84368477164065
 40
56.84368477164065
 40
57.84368477164065
 40
57.84368477164065
 40
57.84368477164065
 40
58.84368477164065
 40
58.84368477164065
 40
58.84368477164065
 40
67.35366485387352
 40
67.35366485387352
 40
67.35366485387352
 40
68.35366485387352
 40
68.35366485387352
 40
68.35366485387352
 40
69.35366485387352
 40
69.35366485387352
 40
69.35366485387352
 40
70.35366485387352
 40
70.35366485387352
 40
70.35366485387352
 40
71.35366485387352
 40
71.35366485387352
 40
71.35366485387352
 40
72.35366485387352
 40
72.35366485387352
 40
72.35366485387352
 40
73.35366485387352
 40
73.35366485387352
 40
73.35366485387352
 40
74.35366485387352
 40
74.35366485387352
 40
74.35366485387352
 40
75.35366485387352
 40
75.35366485387352
 40
75.35366485387352
 40
76.35366485387352
 40
76.35366485387352
 40
76.35366485387352
 40
86.27366485387353
 40
86.27366485387353
 40
86.27366485387353
 40
94.77366485387353
 40
94.77366485387353
 40
94.77366485387353
 40
104.6936648538735
 40
104.6936648538735
 40
104.6936648538735
 40
105.6936648538735
 40
105.6936648538735
 40
105.6936648538735
 40
105.6936648538735
 10
146.4790836111111
 20
8.614868611111111
 30
0.0
 10
146.4790836111111
 20
7.648257500000001
 30
0.0
 10
146.4367502777777
 20
6.865090833333333
 30
0.0
 10
146.3803058333333
 20
6.865090833333333
 30
0.0
 10
144.7222502777778
 20
6.865090833333333
 30
0.0
 10
143.3816947222222
 20
8.205646388888889
 30
0.0
 10
143.3816947222222
 20
9.863701944444443
 30
0.0
 10
143.3816947222222
 20
14.76731305555555
 30
0.0
 10
138.8220419444444
 20
18.60588805555555
 30
0.0
 10
141.1140391666666
 20
22.99091583333333
 30
0.0
 10
143.6663863888889
 20
27.87547694444444
 30
0.0
 10
140.0952169444444
 20
24.17377972222222
 30
0.0
 10
136.4721891666667
 20
30.60844638888889
 30
0.0
 10
134.1720780555555
 20
34.69361305555556
 30
0.0
 10
134.1445613888889
 20
35.65387416666667
 30
0.0
 10
135.6879641666667
 20
38.47009916666666
 30
0.0
 10
137.5005363888889
 20
41.77668527777777
 30
0.0
 10
137.3848252777778
 20
44.63947694444445
 30
0.0
 10
140.3834363888889
 20
44.63947694444445
 30
0.0
 10
140.4398808333333
 20
44.63947694444445
 30
0.0
 10
140.4857419444444
 20
43.85631027777778
 30
0.0
 10
140.4857419444444
 20
42.88969916666667
 30
0.0
 10
140.4857419444444
 20
41.92308805555555
 30
0.0
 10
140.3834363888889
 20
41.3127825
 30
0.0
 10
140.3834363888889
 20
41.13992138888889
 30
0.0
 10
140.3834363888889
 20
39.97340287037037
 30
0.0
 10
140.3834363888889
 20
38.80688435185186
 30
0.0
 10
140.3834363888889
 20
37.64036583333333
 30
0.0
 10
141.3841493518518
 20
37.64036583333333
 30
0.0
 10
142.3848623148148
 20
37.64036583333333
 30
0.0
 10
143.3855752777777
 20
37.64036583333333
 30
0.0
 10
143.3855752777777
 20
38.80688435185186
 30
0.0
 10
143.3855752777777
 20
39.97340287037037
 30
0.0
 10
143.3855752777777
 20
41.13992138888889
 30
0.0
 10
143.3855752777777
 20
41.3127825
 30
0.0
 10
143.2832697222222
 20
41.92308805555555
 30
0.0
 10
143.2832697222222
 20
42.88969916666667
 30
0.0
 10
143.2832697222222
 20
43.85631027777778
 30
0.0
 10
143.3291308333333
 20
44.63947694444445
 30
0.0
 10
143.3855752777777
 20
44.63947694444445
 30
0.0
 10
146.5535197222222
 20
44.63947694444445
 30
0.0
 10
148.5802280555556
 20
49.63798527777777
 30
0.0
 10
151.3992752777778
 20
48.61246027777778
 30
0.0
 10
151.4514863888889
 20
48.59341027777778
 30
0.0
 10
151.2246502777778
 20
47.84269916666666
 30
0.0
 10
150.8944502777778
 20
46.93288527777777
 30
0.0
 10
150.5600169444444
 20
46.0258936111111
 30
0.0
 10
150.2576863888889
 20
45.48861305555555
 30
0.0
 10
150.1998308333333
 20
45.32351305555555
 30
0.0
 10
149.9003225
 20
44.50224638888889
 30
0.0
 10
149.0003863888889
 20
42.03456583333333
 30
0.0
 10
149.0003863888889
 20
42.03456583333333
 30
0.0
 10
149.9387752777778
 20
41.69248898148148
 30
0.0
 10
150.8771641666667
 20
41.35041212962963
 30
0.0
 10
151.8155530555555
 20
41.00833527777777
 30
0.0
 10
151.8155530555555
 20
41.00833527777777
 30
0.0
 10
152.7169002777778
 20
43.47248805555555
 30
0.0
 10
153.0160558333333
 20
44.29375472222222
 30
0.0
 10
153.0774391666667
 20
44.45991305555555
 30
0.0
 10
153.1903280555555
 20
45.06316305555556
 30
0.0
 10
153.5240558333333
 20
45.9736825
 30
0.0
 10
153.8553141666667
 20
46.87996861111111
 30
0.0
 10
154.1664641666667
 20
47.60210472222222
 30
0.0
 10
154.2190280555555
 20
47.5834075
 30
0.0
 10
157.0352530555555
 20
46.55364916666666
 30
0.0
 10
160.7842225
 20
50.10788527777777
 30
0.0
 10
163.0102502777778
 20
48.09599361111111
 30
0.0
 10
163.0508197222222
 20
48.05930472222222
 30
0.0
 10
162.5625752777778
 20
47.44935194444444
 30
0.0
 10
161.9148752777778
 20
46.73215472222222
 30
0.0
 10
161.2640002777778
 20
46.01072416666667
 30
0.0
 10
160.7831641666666
 20
45.62654916666666
 30
0.0
 10
160.6660419444444
 20
45.49602138888888
 30
0.0
 10
160.0800780555556
 20
44.84796861111111
 30
0.0
 10
158.3218336111111
 20
42.89957694444444
 30
0.0
 10
158.3218336111111
 20
42.89957694444444
 30
0.0
 10
159.0649012037037
 20
42.22929916666666
 30
0.0
 10
159.8079687962963
 20
41.55902138888889
 30
0.0
 10
160.5510363888889
 20
40.88874361111111
 30
0.0
 10
160.5510363888889
 20
40.88874361111111
 30
0.0
 10
162.3089280555556
 20
42.84031027777777
 30
0.0
 10
162.8948919444444
 20
43.48871583333333
 30
0.0
 10
163.0120141666667
 20
43.61889083333333
 30
0.0
 10
163.3460947222222
 20
44.13571027777778
 30
0.0
 10
163.9937947222222
 20
44.85326027777778
 30
0.0
 10
164.6411419444444
 20
45.57398527777778
 30
0.0
 10
165.1981780555555
 20
46.12572972222222
 30
0.0
 10
165.2391002777778
 20
46.08868805555554
 30
0.0
 10
166.3552891666666
 20
45.08327138888889
 30
0.0
 10
170.4997225
 20
43.21531305555555
 30
0.0
 10
168.4747780555555
 20
41.76539638888889
 30
0.0
 10
162.3893613888889
 20
37.41564638888889
 30
0.0
 10
159.2249447222222
 20
36.07156305555555
 30
0.0
 10
159.2249447222222
 20
33.60564638888889
 30
0.0
 10
159.2249447222222
 20
15.25061861111111
 30
0.0
 10
152.3810558333333
 20
18.46089638888889
 30
0.0
 10
152.3810558333333
 20
9.863701944444443
 30
0.0
 10
152.3810558333333
 20
8.205646388888889
 30
0.0
 10
151.0369725
 20
6.865090833333333
 30
0.0
 10
149.3789169444444
 20
6.865090833333333
 30
0.0
 10
149.3260002777778
 20
6.865090833333333
 30
0.0
 10
149.2801391666667
 20
7.648257500000001
 30
0.0
 10
149.2801391666667
 20
8.614868611111111
 30
0.0
 10
149.2801391666667
 20
9.581479722222221
 30
0.0
 10
149.3789169444444
 20
10.1882575
 30
0.0
 10
149.3789169444444
 20
10.36464638888889
 30
0.0
 10
149.3789169444444
 20
11.53116490740741
 30
0.0
 10
149.3789169444444
 20
12.69768342592593
 30
0.0
 10
149.3789169444444
 20
13.86420194444444
 30
0.0
 10
148.3793799074074
 20
13.86420194444444
 30
0.0
 10
147.3798428703703
 20
13.86420194444444
 30
0.0
 10
146.3803058333333
 20
13.86420194444444
 30
0.0
 10
146.3803058333333
 20
12.69768342592593
 30
0.0
 10
146.3803058333333
 20
11.53116490740741
 30
0.0
 10
146.3803058333333
 20
10.36464638888889
 30
0.0
 10
146.3803058333333
 20
10.1882575
 30
0.0
 10
146.4790836111111
 20
9.581479722222221
 30
0.0
 10
146.4790836111111
 20
8.614868611111111
 30
0.0
  0
SPLINE
  5
43C
330
1F
100
AcDbEntity
  8
DEFAULT
 62
     1
100
AcDbSpline
210
0.0
220
0.0
230
1.0
 70
    11
 71
     3
 72
    74
 73
    70
 74
     0
 42
0.000000001
 43
0.0000000001
 40
1.0
 40
1.0
 40
1.0
 40
1.0
 40
2.0
 40
2.0
 40
2.0
 40
3.0
 40
3.0
 40
3.0
 40
22.84999999999997
 40
22.84999999999997
 40
22.84999999999997
 40
23.84999999999997
 40
23.84999999999997
 40
23.84999999999997
 40
24.84999999999997
 40
24.84999999999997
 40
24.84999999999997
 40
25.84999999999997
 40
25.84999999999997
 40
25.84999999999997
 40
26.84999999999997
 40
26.84999999999997
 40
26.84999999999997
 40
27.84999999999997
 40
27.84999999999997
 40
27.84999999999997
 40
28.84999999999997
 40
28.84999999999997
 40
28.84999999999997
 40
29.84999999999997
 40
29.84999999999997
 40
29.84999999999997
 40
38.35395202244224
 40
38.35395202244224
 40
38.35395202244224
 40
39.35395202244224
 40
39.35395202244224
 40
39.35395202244224
 40
40.35395202244224
 40
40.35395202244224
 40
40.35395202244224
 40
41.35395202244224
 40
41.35395202244224
 40
41.35395202244224
 40
42.35395202244224
 40
42.35395202244224
 40
42.35395202244224
 40
43.35395202244224
 40
43.35395202244224
 40
43.35395202244224
 40
44.35395202244224
 40
44.35395202244224
 40
44.35395202244224
 40
45.35395202244224
 40
45.35395202244224
 40
45.35395202244224
 40
46.35395202244224
 40
46.35395202244224
 40
46.35395202244224
 40
56.27395202244226
 40
56.27395202244226
 40
56.27395202244226
 40
64.77395202244226
 40
64.77395202244226
 40
64.77395202244226
 40
74.69395202244228
 40
74.69395202244228
 40
74.69395202244228
 40
75.69395202244228
 40
75.69395202244228
 40
75.69395202244228
 40
75.69395202244228
 10
161.8872527777777
 20
131.2100147222222
 30
0.0
 10
161.8872527777777
 20
132.1766258333333
 30
0.0
 10
161.8413916666667
 20
132.9597925
 30
0.0
 10
161.788475
 20
132.9597925
 30
0.0
 10
160.1304194444444
 20
132.9597925
 30
0.0
 10
158.7863361111111
 20
131.6192369444445
 30
0.0
 10
158.7863361111111
 20
129.9611813888889
 30
0.0
 10
158.7863361111111
 20
127.6269684259259
 30
0.0
 10
158.7863361111111
 20
125.2927554629629
 30
0.0
 10
158.7863361111111
 20
122.9585425
 30
0.0
 10
158.7863361111111
 20
116.5767925
 30
0.0
 10
154.0555861111111
 20
118.5805702777778
 30
0.0
 10
157.0612527777778
 20
110.7947647222222
 30
0.0
 10
159.7988083333333
 20
103.6968758333333
 30
0.0
 10
161.7874166666666
 20
113.7633897222222
 30
0.0
 10
165.9124472222222
 20
111.3768480555555
 30
0.0
 10
167.427275
 20
110.5005480555555
 30
0.0
 10
170.4576361111111
 20
108.7490063888889
 30
0.0
 10
171.9731694444444
 20
107.8737647222222
 30
0.0
 10
173.4086222222222
 20
107.0443841666667
 30
0.0
 10
175.2434194444444
 20
107.5350980555555
 30
0.0
 10
176.0724472222222
 20
108.9709036111111
 30
0.0
 10
176.1006694444444
 20
109.0202925
 30
0.0
 10
175.4445027777778
 20
109.4506813888889
 30
0.0
 10
174.6084194444444
 20
109.9339869444444
 30
0.0
 10
173.7688083333333
 20
110.4172925
 30
0.0
 10
173.1937805555555
 20
110.6360147222222
 30
0.0
 10
173.0420861111111
 20
110.7242091666667
 30
0.0
 10
172.2836138888889
 20
111.1616536111111
 30
0.0
 10
170.011725
 20
112.4739869444444
 30
0.0
 10
170.011725
 20
112.4739869444444
 30
0.0
 10
170.5126694444444
 20
113.3394684259259
 30
0.0
 10
171.0136138888889
 20
114.2049499074074
 30
0.0
 10
171.5145583333333
 20
115.0704313888889
 30
0.0
 10
171.5145583333333
 20
115.0704313888889
 30
0.0
 10
173.7864472222222
 20
113.7580980555555
 30
0.0
 10
174.5449194444444
 20
113.3206536111111
 30
0.0
 10
174.6966138888889
 20
113.2324591666667
 30
0.0
 10
175.1728638888889
 20
112.8408758333333
 30
0.0
 10
176.0089472222222
 20
112.3575702777778
 30
0.0
 10
176.8450305555555
 20
111.8742647222222
 30
0.0
 10
177.5470583333333
 20
111.5214869444444
 30
0.0
 10
177.5752805555555
 20
111.5673480555555
 30
0.0
 10
178.4043083333333
 20
113.0031536111111
 30
0.0
 10
177.9139472222222
 20
114.8372452777778
 30
0.0
 10
176.4781416666667
 20
115.6666258333333
 30
0.0
 10
170.4167138888889
 20
119.1682980555555
 30
0.0
 10
167.7856972222222
 20
122.0589591666667
 30
0.0
 10
167.7856972222222
 20
129.9611813888889
 30
0.0
 10
167.7856972222222
 20
131.6192369444445
 30
0.0
 10
166.4451416666666
 20
132.9597925
 30
0.0
 10
164.7870861111111
 20
132.9597925
 30
0.0
 10
164.7306416666667
 20
132.9597925
 30
0.0
 10
164.6883083333333
 20
132.1766258333333
 30
0.0
 10
164.6883083333333
 20
131.2100147222222
 30
0.0
 10
164.6883083333333
 20
130.2434036111111
 30
0.0
 10
164.7870861111111
 20
129.6330980555555
 30
0.0
 10
164.7870861111111
 20
129.4602369444444
 30
0.0
 10
164.7870861111111
 20
128.2937184259259
 30
0.0
 10
164.7870861111111
 20
127.1271999074074
 30
0.0
 10
164.7870861111111
 20
125.9606813888889
 30
0.0
 10
163.7875490740741
 20
125.9606813888889
 30
0.0
 10
162.788012037037
 20
125.9606813888889
 30
0.0
 10
161.788475
 20
125.9606813888889
 30
0.0
 10
161.788475
 20
127.1271999074074
 30
0.0
 10
161.788475
 20
128.2937184259259
 30
0.0
 10
161.788475
 20
129.4602369444444
 30
0.0
 10
161.788475
 20
129.6330980555555
 30
0.0
 10
161.8872527777777
 20
130.2434036111111
 30
0.0
 10
161.8872527777777
 20
131.2100147222222
 30
0.0
  0
POLYLINE
  5
43D
330
1F
100
AcDbEntity
  8
DEFAULT
 62
   250
100
AcDb2dPolyline
 66
     1
 10
0.0
 20
0.0
 30
0.0
  0
VERTEX
  5
43E
330
43D
100
AcDbEntity
  8
DEFAULT
 62
   250
100
AcDbVertex
100
AcDb2dVertex
 10
136.7113725
 20
122.0626986111111
 30
0.0
  0
VERTEX
  5
43F
330
43D
100
AcDbEntity
  8
DEFAULT
 62
   250
100
AcDbVertex
100
AcDb2dVertex
 10
136.7113725
 20
121.7409652777778
 30
0.0
  0
SEQEND
  5
440
330
43D
100
AcDbEntity
  8
DEFAULT
 62
   250
  0
POLYLINE
  5
441
330
1F
100
AcDbEntity
  8
DEFAULT
 62
   250
100
AcDb2dPolyline
 66
     1
 10
0.0
 20
0.0
 30
0.0
  0
VERTEX
  5
442
330
441
100
AcDbEntity
  8
DEFAULT
 62
   250
100
AcDbVertex
100
AcDb2dVertex
 10
136.7113725
 20
123.9789522222222
 30
0.0
  0
VERTEX
  5
443
330
441
100
AcDbEntity
  8
DEFAULT
 62
   250
100
AcDbVertex
100
AcDb2dVertex
 10
136.7113725
 20
122.5276244444444
 30
0.0
  0
SEQEND
  5
444
330
441
100
AcDbEntity
  8
DEFAULT
 62
   250
  0
SPLINE
  5
445
330
1F
100
AcDbEntity
  8
DEFAULT
 62
   250
100
AcDbSpline
210
0.0
220
0.0
230
1.0
 70
     8
 71
     3
 72
    17
 73
    13
 74
     0
 42
0.000000001
 43
0.0000000001
 40
0.0
 40
0.0
 40
0.0
 40
0.0
 40
2.363023698569347
 40
2.363023698569347
 40
2.363023698569347
 40
3.363023698569347
 40
3.363023698569347
 40
3.363023698569347
 40
4.363023698569347
 40
4.363023698569347
 40
4.363023698569347
 40
5.363023698569347
 40
5.363023698569347
 40
5.363023698569347
 40
5.363023698569347
 10
130.8631988888888
 20
114.2418269444444
 30
0.0
 10
131.1036757407407
 20
114.381056574074
 30
0.0
 10
131.3441525925926
 20
114.5202862037037
 30
0.0
 10
131.5846294444444
 20
114.6595158333333
 30
0.0
 10
131.7871238888889
 20
114.7766380555556
 30
0.0
 10
131.9081266666666
 20
114.9621991666667
 30
0.0
 10
131.7641933333333
 20
115.2109075
 30
0.0
 10
131.6654155555555
 20
115.3816519444444
 30
0.0
 10
131.4833822222222
 20
115.4564408333333
 30
0.0
 10
131.331335
 20
115.4320991666667
 30
0.0
 10
131.2914711111111
 20
115.4289241666667
 30
0.0
 10
131.2561933333333
 20
115.4126963888889
 30
0.0
 10
131.2120961111111
 20
115.3872963888889
 30
0.0
  0
POLYLINE
  5
446
330
1F
100
AcDbEntity
  8
DEFAULT
 62
   250
100
AcDb2dPolyline
 66
     1
 10
0.0
 20
0.0
 30
0.0
  0
VERTEX
  5
447
330
446
100
AcDbEntity
  8
DEFAULT
 62
   250
100
AcDbVertex
100
AcDb2dVertex
 10
130.4541530555555
 20
114.9485113888889
 30
0.0
  0
VERTEX
  5
448
330
446
100
AcDbEntity
  8
DEFAULT
 62
   250
100
AcDbVertex
100
AcDb2dVertex
 10
132.2967113888889
 20
116.0149586111111
 30
0.0
  0
SEQEND
  5
449
330
446
100
AcDbEntity
  8
DEFAULT
 62
   250
  0
SPLINE
  5
44A
330
1F
100
AcDbEntity
  8
DEFAULT
 62
     1
100
AcDbSpline
210
0.0
220
0.0
230
1.0
 70
    11
 71
     3
 72
    74
 73
    70
 74
     0
 42
0.000000001
 43
0.0000000001
 40
1.0
 40
1.0
 40
1.0
 40
1.0
 40
2.0
 40
2.0
 40
2.0
 40
3.0
 40
3.0
 40
3.0
 40
22.84999999999997
 40
22.84999999999997
 40
22.84999999999997
 40
23.84999999999997
 40
23.84999999999997
 40
23.84999999999997
 40
24.84999999999997
 40
24.84999999999997
 40
24.84999999999997
 40
25.84999999999997
 40
25.84999999999997
 40
25.84999999999997
 40
26.84999999999997
 40
26.84999999999997
 40
26.84999999999997
 40
27.84999999999997
 40
27.84999999999997
 40
27.84999999999997
 40
28.84999999999997
 40
28.84999999999997
 40
28.84999999999997
 40
29.84999999999997
 40
29.84999999999997
 40
29.84999999999997
 40
38.35395202244227
 40
38.35395202244227
 40
38.35395202244227
 40
39.35395202244227
 40
39.35395202244227
 40
39.35395202244227
 40
40.35395202244227
 40
40.35395202244227
 40
40.35395202244227
 40
41.35395202244227
 40
41.35395202244227
 40
41.35395202244227
 40
42.35395202244227
 40
42.35395202244227
 40
42.35395202244227
 40
43.35395202244227
 40
43.35395202244227
 40
43.35395202244227
 40
44.35395202244227
 40
44.35395202244227
 40
44.35395202244227
 40
45.35395202244227
 40
45.35395202244227
 40
45.35395202244227
 40
46.35395202244227
 40
46.35395202244227
 40
46.35395202244227
 40
56.27395202244229
 40
56.27395202244229
 40
56.27395202244229
 40
64.77395202244229
 40
64.77395202244229
 40
64.77395202244229
 40
74.6939520224423
 40
74.6939520224423
 40
74.6939520224423
 40
75.6939520224423
 40
75.6939520224423
 40
75.6939520224423
 40
75.6939520224423
 10
138.1126411111111
 20
131.2100147222222
 30
0.0
 10
138.1126411111111
 20
132.1766258333333
 30
0.0
 10
138.1585022222222
 20
132.9597925
 30
0.0
 10
138.2114188888889
 20
132.9597925
 30
0.0
 10
139.8694744444444
 20
132.9597925
 30
0.0
 10
141.2135577777778
 20
131.6192369444445
 30
0.0
 10
141.2135577777778
 20
129.9611813888889
 30
0.0
 10
141.2135577777778
 20
127.6269684259259
 30
0.0
 10
141.2135577777778
 20
125.2927554629629
 30
0.0
 10
141.2135577777778
 20
122.9585425
 30
0.0
 10
141.2135577777778
 20
116.5767925
 30
0.0
 10
145.9443077777778
 20
118.5805702777778
 30
0.0
 10
142.9386411111111
 20
110.7947647222222
 30
0.0
 10
140.2010855555556
 20
103.6968758333333
 30
0.0
 10
138.2124772222222
 20
113.7633897222222
 30
0.0
 10
134.0874466666666
 20
111.3768480555555
 30
0.0
 10
132.5726188888889
 20
110.5005480555555
 30
0.0
 10
129.5422577777778
 20
108.7490063888889
 30
0.0
 10
128.0267244444445
 20
107.8737647222222
 30
0.0
 10
126.5912716666667
 20
107.0443841666667
 30
0.0
 10
124.7564744444444
 20
107.5350980555555
 30
0.0
 10
123.9274466666667
 20
108.9709036111111
 30
0.0
 10
123.8992244444444
 20
109.0202925
 30
0.0
 10
124.5553911111111
 20
109.4506813888889
 30
0.0
 10
125.3914744444444
 20
109.9339869444444
 30
0.0
 10
126.2310855555556
 20
110.4172925
 30
0.0
 10
126.8061133333333
 20
110.6360147222222
 30
0.0
 10
126.9578077777778
 20
110.7242091666667
 30
0.0
 10
127.71628
 20
111.1616536111111
 30
0.0
 10
129.9881688888889
 20
112.4739869444444
 30
0.0
 10
129.9881688888889
 20
112.4739869444444
 30
0.0
 10
129.4872244444444
 20
113.3394684259259
 30
0.0
 10
128.98628
 20
114.2049499074074
 30
0.0
 10
128.4853355555555
 20
115.0704313888889
 30
0.0
 10
128.4853355555555
 20
115.0704313888889
 30
0.0
 10
126.2134466666667
 20
113.7580980555555
 30
0.0
 10
125.4549744444444
 20
113.3206536111111
 30
0.0
 10
125.30328
 20
113.2324591666667
 30
0.0
 10
124.82703
 20
112.8408758333333
 30
0.0
 10
123.9909466666667
 20
112.3575702777778
 30
0.0
 10
123.1548633333333
 20
111.8742647222222
 30
0.0
 10
122.4528355555556
 20
111.5214869444444
 30
0.0
 10
122.4246133333333
 20
111.5673480555555
 30
0.0
 10
121.5955855555555
 20
113.0031536111111
 30
0.0
 10
122.0859466666667
 20
114.8372452777778
 30
0.0
 10
123.5217522222222
 20
115.6666258333333
 30
0.0
 10
129.58318
 20
119.1682980555555
 30
0.0
 10
132.2141966666667
 20
122.0589591666667
 30
0.0
 10
132.2141966666667
 20
129.9611813888889
 30
0.0
 10
132.2141966666667
 20
131.6192369444445
 30
0.0
 10
133.5547522222222
 20
132.9597925
 30
0.0
 10
135.2128077777778
 20
132.9597925
 30
0.0
 10
135.2692522222222
 20
132.9597925
 30
0.0
 10
135.3115855555556
 20
132.1766258333333
 30
0.0
 10
135.3115855555556
 20
131.2100147222222
 30
0.0
 10
135.3115855555556
 20
130.2434036111111
 30
0.0
 10
135.2128077777778
 20
129.6330980555555
 30
0.0
 10
135.2128077777778
 20
129.4602369444444
 30
0.0
 10
135.2128077777778
 20
128.2937184259259
 30
0.0
 10
135.2128077777778
 20
127.1271999074074
 30
0.0
 10
135.2128077777778
 20
125.9606813888889
 30
0.0
 10
136.2123448148148
 20
125.9606813888889
 30
0.0
 10
137.2118818518518
 20
125.9606813888889
 30
0.0
 10
138.2114188888889
 20
125.9606813888889
 30
0.0
 10
138.2114188888889
 20
127.1271999074074
 30
0.0
 10
138.2114188888889
 20
128.2937184259259
 30
0.0
 10
138.2114188888889
 20
129.4602369444444
 30
0.0
 10
138.2114188888889
 20
129.6330980555555
 30
0.0
 10
138.1126411111111
 20
130.2434036111111
 30
0.0
 10
138.1126411111111
 20
131.2100147222222
 30
0.0
  0
SPLINE
  5
44B
330
1F
100
AcDbEntity
  8
DEFAULT
 62
   250
100
AcDbSpline
210
0.0
220
0.0
230
1.0
 70
     8
 71
     3
 72
    29
 73
    25
 74
     0
 42
0.000000001
 43
0.0000000001
 40
0.0
 40
0.0
 40
0.0
 40
0.0
 40
1.0
 40
1.0
 40
1.0
 40
2.0
 40
2.0
 40
2.0
 40
3.0
 40
3.0
 40
3.0
 40
4.0
 40
4.0
 40
4.0
 40
5.0
 40
5.0
 40
5.0
 40
6.0
 40
6.0
 40
6.0
 40
7.0
 40
7.0
 40
7.0
 40
8.0
 40
8.0
 40
8.0
 40
8.0
 10
123.0403869444444
 20
64.81155722222222
 30
0.0
 10
123.0513230555555
 20
64.94772944444443
 30
0.0
 10
123.2047813888889
 20
65.14105166666667
 30
0.0
 10
123.3914008333333
 20
65.24900166666667
 30
0.0
 10
123.6898508333333
 20
65.42151
 30
0.0
 10
124.0309869444444
 20
65.32520166666666
 30
0.0
 10
124.1985563888889
 20
65.03557111111111
 30
0.0
 10
124.4035202777777
 20
64.68138222222223
 30
0.0
 10
124.2539425
 20
64.32648777777777
 30
0.0
 10
123.9777175
 20
64.16667944444444
 30
0.0
 10
123.7688730555555
 20
64.04602944444444
 30
0.0
 10
123.5469758333333
 20
64.04426555555555
 30
0.0
 10
123.4446702777778
 20
64.10035722222223
 30
0.0
 10
123.3966925
 20
64.19419611111111
 30
0.0
 10
122.8742286111111
 20
65.09871833333332
 30
0.0
 10
122.8742286111111
 20
65.09871833333332
 30
0.0
 10
122.7073647222222
 20
65.38693777777777
 30
0.0
 10
122.6555063888889
 20
65.59225444444444
 30
0.0
 10
122.6999563888889
 20
65.76335166666667
 30
0.0
 10
122.7408786111111
 20
65.93974055555556
 30
0.0
 10
122.8752869444444
 20
66.06568222222222
 30
0.0
 10
123.0142813888889
 20
66.14646833333333
 30
0.0
 10
123.1469258333333
 20
66.22302111111111
 30
0.0
 10
123.3141425
 20
66.27135166666666
 30
0.0
 10
123.4422008333333
 20
66.25547666666667
 30
0.0
  0
SPLINE
  5
44C
330
1F
100
AcDbEntity
  8
DEFAULT
 62
   250
100
AcDbSpline
210
0.0
220
0.0
230
1.0
 70
     8
 71
     3
 72
    11
 73
     7
 74
     0
 42
0.000000001
 43
0.0000000001
 40
0.0
 40
0.0
 40
0.0
 40
0.0
 40
4.113747196899674
 40
4.113747196899674
 40
4.113747196899674
 40
5.113747196899674
 40
5.113747196899674
 40
5.113747196899674
 40
5.113747196899674
 10
175.5371069444444
 20
63.61885083333333
 30
0.0
 10
175.9216347222222
 20
63.32533972222222
 30
0.0
 10
176.3061625
 20
63.03182861111111
 30
0.0
 10
176.6906902777778
 20
62.73831749999999
 30
0.0
 10
177.1863430555555
 20
62.36013972222221
 30
0.0
 10
177.1902236111111
 20
61.95479805555555
 30
0.0
 10
176.7693597222222
 20
61.73960361111111
 30
0.0
  0
POLYLINE
  5
44D
330
1F
100
AcDbEntity
  8
DEFAULT
 62
   250
100
AcDb2dPolyline
 66
     1
 10
0.0
 20
0.0
 30
0.0
  0
VERTEX
  5
44E
330
44D
100
AcDbEntity
  8
DEFAULT
 62
   250
100
AcDbVertex
100
AcDb2dVertex
 10
176.9380933333333
 20
63.06269666666666
 30
0.0
  0
VERTEX
  5
44F
330
44D
100
AcDbEntity
  8
DEFAULT
 62
   250
100
AcDbVertex
100
AcDb2dVertex
 10
176.3196738888889
 20
62.25271888888889
 30
0.0
  0
SEQEND
  5
450
330
44D
100
AcDbEntity
  8
DEFAULT
 62
   250
  0
SPLINE
  5
451
330
1F
100
AcDbEntity
  8
DEFAULT
 62
   250
100
AcDbSpline
210
0.0
220
0.0
230
1.0
 70
     8
 71
     3
 72
    11
 73
     7
 74
     0
 42
0.000000001
 43
0.0000000001
 40
0.0
 40
0.0
 40
0.0
 40
0.0
 40
4.113350945397258
 40
4.113350945397258
 40
4.113350945397258
 40
5.113350945397258
 40
5.113350945397258
 40
5.113350945397258
 40
5.113350945397258
 10
157.2765530555555
 20
67.02135722222222
 30
0.0
 10
157.6253326851852
 20
66.68621833333333
 30
0.0
 10
157.9741123148148
 20
66.35107944444444
 30
0.0
 10
158.3228919444445
 20
66.01594055555555
 30
0.0
 10
158.7726836111111
 20
65.58378777777777
 30
0.0
 10
158.7307030555556
 20
65.18091555555554
 30
0.0
 10
158.2879669444444
 20
65.01475722222222
 30
0.0
  0
POLYLINE
  5
452
330
1F
100
AcDbEntity
  8
DEFAULT
 62
   250
100
AcDb2dPolyline
 66
     1
 10
0.0
 20
0.0
 30
0.0
  0
VERTEX
  5
453
330
452
100
AcDbEntity
  8
DEFAULT
 62
   250
100
AcDbVertex
100
AcDb2dVertex
 10
158.6055375
 20
66.31012194444443
 30
0.0
  0
VERTEX
  5
454
330
452
100
AcDbEntity
  8
DEFAULT
 62
   250
100
AcDbVertex
100
AcDb2dVertex
 10
157.8992763888889
 20
65.57528583333331
 30
0.0
  0
SEQEND
  5
455
330
452
100
AcDbEntity
  8
DEFAULT
 62
   250
  0
SPLINE
  5
456
330
1F
100
AcDbEntity
  8
DEFAULT
 62
   250
100
AcDbSpline
210
0.0
220
0.0
230
1.0
 70
     8
 71
     3
 72
    11
 73
     7
 74
     0
 42
0.000000001
 43
0.0000000001
 40
0.0
 40
0.0
 40
0.0
 40
0.0
 40
4.113350945397197
 40
4.113350945397197
 40
4.113350945397197
 40
5.113350945397197
 40
5.113350945397197
 40
5.113350945397197
 40
5.113350945397197
 10
139.9481086111111
 20
67.49404416666664
 30
0.0
 10
140.2968882407407
 20
67.15890527777775
 30
0.0
 10
140.6456678703704
 20
66.82376638888887
 30
0.0
 10
140.9944475
 20
66.48862749999998
 30
0.0
 10
141.4442391666666
 20
66.05647472222222
 30
0.0
 10
141.4022586111111
 20
65.65360249999999
 30
0.0
 10
140.9595225
 20
65.48744416666666
 30
0.0
  0
POLYLINE
  5
457
330
1F
100
AcDbEntity
  8
DEFAULT
 62
   250
100
AcDb2dPolyline
 66
     1
 10
0.0
 20
0.0
 30
0.0
  0
VERTEX
  5
458
330
457
100
AcDbEntity
  8
DEFAULT
 62
   250
100
AcDbVertex
100
AcDb2dVertex
 10
141.2770930555556
 20
66.78280888888887
 30
0.0
  0
VERTEX
  5
459
330
457
100
AcDbEntity
  8
DEFAULT
 62
   250
100
AcDbVertex
100
AcDb2dVertex
 10
140.5711847222222
 20
66.04797277777777
 30
0.0
  0
SEQEND
  5
45A
330
457
100
AcDbEntity
  8
DEFAULT
 62
   250
  0
SPLINE
  5
45B
330
1F
100
AcDbEntity
  8
DEFAULT
 62
     1
100
AcDbSpline
210
0.0
220
0.0
230
1.0
 70
    11
 71
     3
 72
   122
 73
   118
 74
     0
 42
0.000000001
 43
0.0000000001
 40
1.0
 40
1.0
 40
1.0
 40
1.0
 40
2.0
 40
2.0
 40
2.0
 40
3.0
 40
3.0
 40
3.0
 40
4.0
 40
4.0
 40
4.0
 40
5.0
 40
5.0
 40
5.0
 40
6.0
 40
6.0
 40
6.0
 40
7.0
 40
7.0
 40
7.0
 40
8.0
 40
8.0
 40
8.0
 40
9.0
 40
9.0
 40
9.0
 40
10.0
 40
10.0
 40
10.0
 40
18.50395202244228
 40
18.50395202244228
 40
18.50395202244228
 40
19.50395202244228
 40
19.50395202244228
 40
19.50395202244228
 40
20.50395202244228
 40
20.50395202244228
 40
20.50395202244228
 40
21.50395202244228
 40
21.50395202244228
 40
21.50395202244228
 40
22.50395202244228
 40
22.50395202244228
 40
22.50395202244228
 40
23.50395202244228
 40
23.50395202244228
 40
23.50395202244228
 40
24.50395202244228
 40
24.50395202244228
 40
24.50395202244228
 40
25.50395202244228
 40
25.50395202244228
 40
25.50395202244228
 40
34.00506959603226
 40
34.00506959603226
 40
34.00506959603226
 40
35.00506959603226
 40
35.00506959603226
 40
35.00506959603226
 40
36.00506959603226
 40
36.00506959603226
 40
36.00506959603226
 40
37.00506959603226
 40
37.00506959603226
 40
37.00506959603226
 40
38.00506959603226
 40
38.00506959603226
 40
38.00506959603226
 40
39.00506959603226
 40
39.00506959603226
 40
39.00506959603226
 40
40.00506959603226
 40
40.00506959603226
 40
40.00506959603226
 40
41.00506959603226
 40
41.00506959603226
 40
41.00506959603226
 40
49.5018984162451
 40
49.5018984162451
 40
49.5018984162451
 40
50.5018984162451
 40
50.5018984162451
 40
50.5018984162451
 40
51.5018984162451
 40
51.5018984162451
 40
51.5018984162451
 40
52.5018984162451
 40
52.5018984162451
 40
52.5018984162451
 40
53.5018984162451
 40
53.5018984162451
 40
53.5018984162451
 40
54.5018984162451
 40
54.5018984162451
 40
54.5018984162451
 40
55.5018984162451
 40
55.5018984162451
 40
55.5018984162451
 40
56.5018984162451
 40
56.5018984162451
 40
56.5018984162451
 40
65.00620320852528
 40
65.00620320852528
 40
65.00620320852528
 40
66.00620320852528
 40
66.00620320852528
 40
66.00620320852528
 40
67.00620320852528
 40
67.00620320852528
 40
67.00620320852528
 40
68.00620320852528
 40
68.00620320852528
 40
68.00620320852528
 40
69.00620320852528
 40
69.00620320852528
 40
69.00620320852528
 40
70.00620320852528
 40
70.00620320852528
 40
70.00620320852528
 40
70.00620320852528
 10
182.4676733333333
 20
53.83364194444444
 30
0.0
 10
181.3070344444444
 20
50.76800305555555
 30
0.0
 10
176.7808955555555
 20
53.79483638888888
 30
0.0
 10
175.0628677777777
 20
54.84258638888889
 30
0.0
 10
172.0007566666666
 20
56.7123086111111
 30
0.0
 10
167.1042011111111
 20
57.57661416666666
 30
0.0
 10
154.9827566666666
 20
58.45150305555555
 30
0.0
 10
140.6388122222222
 20
59.48866972222222
 30
0.0
 10
150.5342288888889
 20
52.39783638888888
 30
0.0
 10
145.3237011111111
 20
52.39783638888888
 30
0.0
 10
136.7265066666666
 20
52.39783638888888
 30
0.0
 10
139.9367844444444
 20
59.24172527777777
 30
0.0
 10
121.5817566666666
 20
59.24172527777777
 30
0.0
 10
119.1158399999999
 20
59.24172527777777
 30
0.0
 10
117.7717566666666
 20
62.40614194444444
 30
0.0
 10
113.4220066666666
 20
68.4915586111111
 30
0.0
 10
111.97209
 20
70.51650305555555
 30
0.0
 10
116.0290344444444
 20
72.05108638888889
 30
0.0
 10
117.3272566666666
 20
72.80250305555555
 30
0.0
 10
117.3766455555555
 20
72.83072527777777
 30
0.0
 10
117.8070344444444
 20
72.17455861111111
 30
0.0
 10
118.29034
 20
71.33847527777777
 30
0.0
 10
118.7736455555555
 20
70.49886416666666
 30
0.0
 10
118.9923677777777
 20
69.92383638888887
 30
0.0
 10
119.0805622222222
 20
69.77214194444444
 30
0.0
 10
119.5180066666666
 20
69.01366972222222
 30
0.0
 10
120.83034
 20
66.74178083333332
 30
0.0
 10
120.83034
 20
66.74178083333332
 30
0.0
 10
121.6958214814814
 20
67.24272527777777
 30
0.0
 10
122.5613029629629
 20
67.74366972222221
 30
0.0
 10
123.4267844444444
 20
68.24461416666666
 30
0.0
 10
123.4267844444444
 20
68.24461416666666
 30
0.0
 10
122.1144511111111
 20
70.51650305555555
 30
0.0
 10
121.6770066666666
 20
71.27497527777777
 30
0.0
 10
121.5888122222222
 20
71.42314194444444
 30
0.0
 10
121.1972288888889
 20
71.89939194444445
 30
0.0
 10
120.7139233333333
 20
72.73900305555556
 30
0.0
 10
120.2306177777778
 20
73.57508638888889
 30
0.0
 10
119.87784
 20
74.27711416666666
 30
0.0
 10
119.9237011111111
 20
74.30180861111111
 30
0.0
 10
122.5236733333333
 20
75.80464194444444
 30
0.0
 10
131.3572288888889
 20
71.23264194444444
 30
0.0
 10
132.5813677777778
 20
72.26275305555555
 30
0.0
 10
132.6237011111111
 20
72.29803083333333
 30
0.0
 10
133.2163677777777
 20
71.79355861111111
 30
0.0
 10
133.9148677777777
 20
71.11975305555555
 30
0.0
 10
134.6133677777778
 20
70.45300305555554
 30
0.0
 10
134.9802566666666
 20
69.95911416666667
 30
0.0
 10
135.1072566666666
 20
69.83916972222222
 30
0.0
 10
135.7387288888889
 20
69.22886416666667
 30
0.0
 10
137.6296177777777
 20
67.40853083333333
 30
0.0
 10
137.6296177777777
 20
67.40853083333333
 30
0.0
 10
138.3222381481481
 20
68.12937342592592
 30
0.0
 10
139.0148585185185
 20
68.85021601851851
 30
0.0
 10
139.7074788888889
 20
69.5710586111111
 30
0.0
 10
139.7074788888889
 20
69.5710586111111
 30
0.0
 10
137.81659
 20
71.39139194444444
 30
0.0
 10
137.1851177777777
 20
71.99816972222222
 30
0.0
 10
137.0581177777777
 20
72.12164194444443
 30
0.0
 10
136.5501177777778
 20
72.46736416666666
 30
0.0
 10
135.8551455555555
 20
73.14116972222222
 30
0.0
 10
135.1601733333333
 20
73.80791972222222
 30
0.0
 10
134.6239511111111
 20
74.38647527777776
 30
0.0
 10
134.6627566666666
 20
74.42528083333333
 30
0.0
 10
137.78484
 20
77.74139194444444
 30
0.0
 10
147.8284233333333
 20
69.51814194444444
 30
0.0
 10
149.88159
 20
71.70183638888888
 30
0.0
 10
149.9309788888889
 20
71.73711416666666
 30
0.0
 10
150.5236455555555
 20
71.23616972222221
 30
0.0
 10
151.2256733333333
 20
70.58000305555555
 30
0.0
 10
151.9312288888889
 20
69.91678083333333
 30
0.0
 10
152.3051733333333
 20
69.42641972222222
 30
0.0
 10
152.4357011111111
 20
69.30647527777776
 30
0.0
 10
153.0707011111111
 20
68.71028083333333
 30
0.0
 10
154.9862844444444
 20
66.91111416666666
 30
0.0
 10
154.9862844444444
 20
66.91111416666666
 30
0.0
 10
155.6694974074074
 20
67.64018824074073
 30
0.0
 10
156.3527103703703
 20
68.3692623148148
 30
0.0
 10
157.0359233333333
 20
69.09833638888888
 30
0.0
 10
157.0359233333333
 20
69.09833638888888
 30
0.0
 10
155.1238677777777
 20
70.89397527777777
 30
0.0
 10
154.48534
 20
71.4936975
 30
0.0
 10
154.3618677777777
 20
71.61716972222222
 30
0.0
 10
153.8468122222222
 20
71.95936416666666
 30
0.0
 10
153.1412566666666
 20
72.6190586111111
 30
0.0
 10
152.4392288888889
 20
73.28228083333333
 30
0.0
 10
151.8994788888889
 20
73.85025305555556
 30
0.0
 10
151.9347566666666
 20
73.8890586111111
 30
0.0
 10
155.2967288888889
 20
77.47328083333333
 30
0.0
 10
165.8588955555555
 20
65.14016972222221
 30
0.0
 10
167.6827566666666
 20
67.5214197222222
 30
0.0
 10
167.7145066666666
 20
67.56728083333333
 30
0.0
 10
168.3636177777777
 20
67.12630861111111
 30
0.0
 10
169.1326733333333
 20
66.53716972222222
 30
0.0
 10
169.8982011111111
 20
65.9515586111111
 30
0.0
 10
170.3215344444444
 20
65.50353083333333
 30
0.0
 10
170.4626455555555
 20
65.39769749999999
 30
0.0
 10
171.1576177777777
 20
64.86500305555555
 30
0.0
 10
173.2425344444444
 20
63.2704475
 30
0.0
 10
173.2425344444444
 20
63.2704475
 30
0.0
 10
173.8493122222222
 20
64.06537342592593
 30
0.0
 10
174.45609
 20
64.86029935185185
 30
0.0
 10
175.0628677777777
 20
65.65522527777777
 30
0.0
 10
175.0628677777777
 20
65.65522527777777
 30
0.0
 10
172.9779511111111
 20
67.24625305555556
 30
0.0
 10
172.2829788888889
 20
67.7789475
 30
0.0
 10
172.1418677777777
 20
67.88478083333334
 30
0.0
 10
171.6021177777777
 20
68.17758638888888
 30
0.0
 10
170.8330622222222
 20
68.76319749999999
 30
0.0
 10
170.0640066666666
 20
69.3488086111111
 30
0.0
 10
169.4713399999999
 20
69.86386416666666
 30
0.0
 10
169.50309
 20
69.90266972222221
 30
0.0
 10
171.3269511111111
 20
72.29097527777778
 30
0.0
 10
169.4572288888889
 20
75.31075305555555
 30
0.0
 10
184.2738955555555
 20
64.45930861111111
 30
0.0
 10
187.9322011111111
 20
61.78172527777777
 30
0.0
 10
183.8999511111111
 20
57.60836416666665
 30
0.0
 10
182.4676733333333
 20
53.83364194444444
 30
0.0
  0
SPLINE
  5
45C
330
1F
100
AcDbEntity
  8
DEFAULT
 62
   250
100
AcDbSpline
210
0.0
220
0.0
230
1.0
 70
     8
 71
     3
 72
    11
 73
     7
 74
     0
 42
0.000000001
 43
0.0000000001
 40
0.0
 40
0.0
 40
0.0
 40
0.0
 40
4.113000000000056
 40
4.113000000000056
 40
4.113000000000056
 40
5.113000000000056
 40
5.113000000000056
 40
5.113000000000056
 40
5.113000000000056
 10
244.174645
 20
85.28434527777777
 30
0.0
 10
243.6909866666666
 20
85.28434527777777
 30
0.0
 10
243.2073283333333
 20
85.28434527777777
 30
0.0
 10
242.7236699999999
 20
85.28434527777777
 30
0.0
 10
242.0999588888889
 20
85.28434527777777
 30
0.0
 10
241.8508977777778
 20
85.60396194444444
 30
0.0
 10
242.0548033333333
 20
86.03047027777778
 30
0.0
  0
POLYLINE
  5
45D
330
1F
100
AcDbEntity
  8
DEFAULT
 62
   250
100
AcDb2dPolyline
 66
     1
 10
0.0
 20
0.0
 30
0.0
  0
VERTEX
  5
45E
330
45D
100
AcDbEntity
  8
DEFAULT
 62
   250
100
AcDbVertex
100
AcDb2dVertex
 10
242.7235641666666
 20
84.87639305555555
 30
0.0
  0
VERTEX
  5
45F
330
45D
100
AcDbEntity
  8
DEFAULT
 62
   250
100
AcDbVertex
100
AcDb2dVertex
 10
242.7235641666666
 20
85.89556805555556
 30
0.0
  0
SEQEND
  5
460
330
45D
100
AcDbEntity
  8
DEFAULT
 62
   250
  0
SPLINE
  5
461
330
1F
100
AcDbEntity
  8
DEFAULT
 62
     1
100
AcDbSpline
210
0.0
220
0.0
230
1.0
 70
    11
 71
     3
 72
    50
 73
    46
 74
     0
 42
0.000000001
 43
0.0000000001
 40
1.0
 40
1.0
 40
1.0
 40
1.0
 40
2.0
 40
2.0
 40
2.0
 40
3.0
 40
3.0
 40
3.0
 40
4.0
 40
4.0
 40
4.0
 40
13.91999999999996
 40
13.91999999999996
 40
13.91999999999996
 40
22.41999999999996
 40
22.41999999999996
 40
22.41999999999996
 40
32.33999999999992
 40
32.33999999999992
 40
32.33999999999992
 40
33.33999999999992
 40
33.33999999999992
 40
33.33999999999992
 40
34.33999999999992
 40
34.33999999999992
 40
34.33999999999992
 40
35.33999999999992
 40
35.33999999999992
 40
35.33999999999992
 40
36.33999999999992
 40
36.33999999999992
 40
36.33999999999992
 40
37.33999999999992
 40
37.33999999999992
 40
37.33999999999992
 40
38.33999999999992
 40
38.33999999999992
 40
38.33999999999992
 40
39.33999999999992
 40
39.33999999999992
 40
39.33999999999992
 40
40.33999999999992
 40
40.33999999999992
 40
40.33999999999992
 40
41.33999999999992
 40
41.33999999999992
 40
41.33999999999992
 40
41.33999999999992
 10
252.9062125
 20
93.40218527777776
 30
0.0
 10
256.0600458333333
 20
91.65946305555553
 30
0.0
 10
252.7862680555555
 20
89.64510194444442
 30
0.0
 10
252.7862680555555
 20
86.95340749999998
 30
0.0
 10
252.7862680555555
 20
86.89696305555555
 30
0.0
 10
252.0031013888889
 20
86.8546297222222
 30
0.0
 10
251.0364902777778
 20
86.8546297222222
 30
0.0
 10
250.0698791666667
 20
86.8546297222222
 30
0.0
 10
249.4631013888889
 20
86.95340749999998
 30
0.0
 10
249.2867125
 20
86.95340749999998
 30
0.0
 10
248.1201939814815
 20
86.95340749999998
 30
0.0
 10
246.9536754629629
 20
86.95340749999998
 30
0.0
 10
245.7871569444444
 20
86.95340749999998
 30
0.0
 10
245.7871569444444
 20
85.95387046296294
 30
0.0
 10
245.7871569444444
 20
84.95433342592591
 30
0.0
 10
245.7871569444444
 20
83.95479638888887
 30
0.0
 10
246.9536754629629
 20
83.95479638888887
 30
0.0
 10
248.1201939814815
 20
83.95479638888887
 30
0.0
 10
249.2867125
 20
83.95479638888887
 30
0.0
 10
249.4631013888889
 20
83.95479638888887
 30
0.0
 10
250.0698791666667
 20
84.05357416666665
 30
0.0
 10
251.0364902777778
 20
84.05357416666665
 30
0.0
 10
252.0031013888889
 20
84.05357416666665
 30
0.0
 10
252.7862680555555
 20
84.00771305555554
 30
0.0
 10
252.7862680555555
 20
83.95479638888887
 30
0.0
 10
252.7862680555555
 20
81.26310194444443
 30
0.0
 10
256.0600458333333
 20
79.24874083333331
 30
0.0
 10
252.9062125
 20
77.50601861111109
 30
0.0
 10
249.7523791666666
 20
75.76329638888888
 30
0.0
 10
251.3292958333333
 20
72.35899083333332
 30
0.0
 10
247.2935180555556
 20
72.85993527777777
 30
0.0
 10
243.2612680555555
 20
73.35735194444443
 30
0.0
 10
242.9437680555555
 20
76.42651861111109
 30
0.0
 10
241.2257402777778
 20
79.91549083333332
 30
0.0
 10
239.5041847222222
 20
83.40093527777776
 30
0.0
 10
235.6412680555555
 20
82.65304638888887
 30
0.0
 10
235.6412680555555
 20
85.45410194444443
 30
0.0
 10
235.6412680555555
 20
88.25515749999998
 30
0.0
 10
239.5041847222222
 20
87.50726861111109
 30
0.0
 10
241.2257402777778
 20
90.99271305555554
 30
0.0
 10
242.9437680555555
 20
94.47815749999998
 30
0.0
 10
243.2612680555555
 20
97.55085194444442
 30
0.0
 10
247.2935180555556
 20
98.0482686111111
 30
0.0
 10
251.3292958333333
 20
98.54568527777775
 30
0.0
 10
249.7523791666666
 20
95.14490749999999
 30
0.0
 10
252.9062125
 20
93.40218527777776
 30
0.0
  0
SPLINE
  5
462
330
1F
100
AcDbEntity
  8
DEFAULT
 62
   250
100
AcDbSpline
210
0.0
220
0.0
230
1.0
 70
     8
 71
     3
 72
    11
 73
     7
 74
     0
 42
0.000000001
 43
0.0000000001
 40
0.0
 40
0.0
 40
0.0
 40
0.0
 40
4.113000000000056
 40
4.113000000000056
 40
4.113000000000056
 40
5.113000000000056
 40
5.113000000000056
 40
5.113000000000056
 40
5.113000000000056
 10
264.1188661111111
 20
85.28434527777777
 30
0.0
 10
263.6352077777778
 20
85.28434527777777
 30
0.0
 10
263.1515494444444
 20
85.28434527777777
 30
0.0
 10
262.6678911111111
 20
85.28434527777777
 30
0.0
 10
262.04418
 20
85.28434527777777
 30
0.0
 10
261.7951188888889
 20
85.60396194444444
 30
0.0
 10
261.9990244444444
 20
86.03047027777778
 30
0.0
  0
POLYLINE
  5
463
330
1F
100
AcDbEntity
  8
DEFAULT
 62
   250
100
AcDb2dPolyline
 66
     1
 10
0.0
 20
0.0
 30
0.0
  0
VERTEX
  5
464
330
463
100
AcDbEntity
  8
DEFAULT
 62
   250
100
AcDbVertex
100
AcDb2dVertex
 10
262.6677852777777
 20
84.87639305555555
 30
0.0
  0
VERTEX
  5
465
330
463
100
AcDbEntity
  8
DEFAULT
 62
   250
100
AcDbVertex
100
AcDb2dVertex
 10
262.6677852777777
 20
85.89556805555556
 30
0.0
  0
SEQEND
  5
466
330
463
100
AcDbEntity
  8
DEFAULT
 62
   250
  0
SPLINE
  5
467
330
1F
100
AcDbEntity
  8
DEFAULT
 62
     1
100
AcDbSpline
210
0.0
220
0.0
230
1.0
 70
    11
 71
     3
 72
    50
 73
    46
 74
     0
 42
0.000000001
 43
0.0000000001
 40
1.0
 40
1.0
 40
1.0
 40
1.0
 40
2.0
 40
2.0
 40
2.0
 40
3.0
 40
3.0
 40
3.0
 40
4.0
 40
4.0
 40
4.0
 40
13.91999999999996
 40
13.91999999999996
 40
13.91999999999996
 40
22.41999999999996
 40
22.41999999999996
 40
22.41999999999996
 40
32.33999999999992
 40
32.33999999999992
 40
32.33999999999992
 40
33.33999999999992
 40
33.33999999999992
 40
33.33999999999992
 40
34.33999999999992
 40
34.33999999999992
 40
34.33999999999992
 40
35.33999999999992
 40
35.33999999999992
 40
35.33999999999992
 40
36.33999999999992
 40
36.33999999999992
 40
36.33999999999992
 40
37.33999999999992
 40
37.33999999999992
 40
37.33999999999992
 40
38.33999999999992
 40
38.33999999999992
 40
38.33999999999992
 40
39.33999999999992
 40
39.33999999999992
 40
39.33999999999992
 40
40.33999999999992
 40
40.33999999999992
 40
40.33999999999992
 40
41.33999999999992
 40
41.33999999999992
 40
41.33999999999992
 40
41.33999999999992
 10
272.8504336111111
 20
93.40218527777776
 30
0.0
 10
276.0042669444445
 20
91.65946305555553
 30
0.0
 10
272.7304891666666
 20
89.64510194444442
 30
0.0
 10
272.7304891666666
 20
86.95340749999998
 30
0.0
 10
272.7304891666666
 20
86.89696305555555
 30
0.0
 10
271.9473225
 20
86.8546297222222
 30
0.0
 10
270.9807113888889
 20
86.8546297222222
 30
0.0
 10
270.0141002777777
 20
86.8546297222222
 30
0.0
 10
269.4073225
 20
86.95340749999998
 30
0.0
 10
269.2309336111111
 20
86.95340749999998
 30
0.0
 10
268.0644150925926
 20
86.95340749999998
 30
0.0
 10
266.8978965740741
 20
86.95340749999998
 30
0.0
 10
265.7313780555555
 20
86.95340749999998
 30
0.0
 10
265.7313780555555
 20
85.95387046296294
 30
0.0
 10
265.7313780555555
 20
84.95433342592591
 30
0.0
 10
265.7313780555555
 20
83.95479638888887
 30
0.0
 10
266.8978965740741
 20
83.95479638888887
 30
0.0
 10
268.0644150925926
 20
83.95479638888887
 30
0.0
 10
269.2309336111111
 20
83.95479638888887
 30
0.0
 10
269.4073225
 20
83.95479638888887
 30
0.0
 10
270.0141002777777
 20
84.05357416666665
 30
0.0
 10
270.9807113888889
 20
84.05357416666665
 30
0.0
 10
271.9473225
 20
84.05357416666665
 30
0.0
 10
272.7304891666666
 20
84.00771305555554
 30
0.0
 10
272.7304891666666
 20
83.95479638888887
 30
0.0
 10
272.7304891666666
 20
81.26310194444443
 30
0.0
 10
276.0042669444445
 20
79.24874083333331
 30
0.0
 10
272.8504336111111
 20
77.50601861111109
 30
0.0
 10
269.6966002777777
 20
75.76329638888888
 30
0.0
 10
271.2735169444444
 20
72.35899083333332
 30
0.0
 10
267.2377391666666
 20
72.85993527777777
 30
0.0
 10
263.2054891666666
 20
73.35735194444443
 30
0.0
 10
262.8879891666666
 20
76.42651861111109
 30
0.0
 10
261.1699613888889
 20
79.91549083333332
 30
0.0
 10
259.4484058333333
 20
83.40093527777776
 30
0.0
 10
255.5854891666667
 20
82.65304638888887
 30
0.0
 10
255.5854891666667
 20
85.45410194444443
 30
0.0
 10
255.5854891666667
 20
88.25515749999998
 30
0.0
 10
259.4484058333333
 20
87.50726861111109
 30
0.0
 10
261.1699613888889
 20
90.99271305555554
 30
0.0
 10
262.8879891666666
 20
94.47815749999998
 30
0.0
 10
263.2054891666666
 20
97.55085194444442
 30
0.0
 10
267.2377391666666
 20
98.0482686111111
 30
0.0
 10
271.2735169444444
 20
98.54568527777775
 30
0.0
 10
269.6966002777777
 20
95.14490749999999
 30
0.0
 10
272.8504336111111
 20
93.40218527777776
 30
0.0
  0
SPLINE
  5
468
330
1F
100
AcDbEntity
  8
DEFAULT
 62
   250
100
AcDbSpline
210
0.0
220
0.0
230
1.0
 70
     8
 71
     3
 72
    11
 73
     7
 74
     0
 42
0.000000001
 43
0.0000000001
 40
0.0
 40
0.0
 40
0.0
 40
0.0
 40
4.113000000000056
 40
4.113000000000056
 40
4.113000000000056
 40
5.113000000000056
 40
5.113000000000056
 40
5.113000000000056
 40
5.113000000000056
 10
284.0631225
 20
85.28430999999999
 30
0.0
 10
283.5794641666666
 20
85.28430999999999
 30
0.0
 10
283.0958058333333
 20
85.28430999999999
 30
0.0
 10
282.6121474999999
 20
85.28430999999999
 30
0.0
 10
281.9884363888889
 20
85.28430999999999
 30
0.0
 10
281.7393752777778
 20
85.60392666666667
 30
0.0
 10
281.9432808333333
 20
86.030435
 30
0.0
  0
POLYLINE
  5
469
330
1F
100
AcDbEntity
  8
DEFAULT
 62
   250
100
AcDb2dPolyline
 66
     1
 10
0.0
 20
0.0
 30
0.0
  0
VERTEX
  5
46A
330
469
100
AcDbEntity
  8
DEFAULT
 62
   250
100
AcDbVertex
100
AcDb2dVertex
 10
282.6120416666666
 20
84.87635777777777
 30
0.0
  0
VERTEX
  5
46B
330
469
100
AcDbEntity
  8
DEFAULT
 62
   250
100
AcDbVertex
100
AcDb2dVertex
 10
282.6120416666666
 20
85.89553277777777
 30
0.0
  0
SEQEND
  5
46C
330
469
100
AcDbEntity
  8
DEFAULT
 62
   250
  0
SPLINE
  5
46D
330
1F
100
AcDbEntity
  8
DEFAULT
 62
     1
100
AcDbSpline
210
0.0
220
0.0
230
1.0
 70
    11
 71
     3
 72
    50
 73
    46
 74
     0
 42
0.000000001
 43
0.0000000001
 40
1.0
 40
1.0
 40
1.0
 40
1.0
 40
2.0
 40
2.0
 40
2.0
 40
3.0
 40
3.0
 40
3.0
 40
4.0
 40
4.0
 40
4.0
 40
13.91999999999996
 40
13.91999999999996
 40
13.91999999999996
 40
22.41999999999996
 40
22.41999999999996
 40
22.41999999999996
 40
32.33999999999992
 40
32.33999999999992
 40
32.33999999999992
 40
33.33999999999992
 40
33.33999999999992
 40
33.33999999999992
 40
34.33999999999992
 40
34.33999999999992
 40
34.33999999999992
 40
35.33999999999992
 40
35.33999999999992
 40
35.33999999999992
 40
36.33999999999992
 40
36.33999999999992
 40
36.33999999999992
 40
37.33999999999992
 40
37.33999999999992
 40
37.33999999999992
 40
38.33999999999992
 40
38.33999999999992
 40
38.33999999999992
 40
39.33999999999992
 40
39.33999999999992
 40
39.33999999999992
 40
40.33999999999992
 40
40.33999999999992
 40
40.33999999999992
 40
41.33999999999992
 40
41.33999999999992
 40
41.33999999999992
 40
41.33999999999992
 10
292.7946899999999
 20
93.40218527777776
 30
0.0
 10
295.9485233333333
 20
91.65946305555553
 30
0.0
 10
292.6747455555555
 20
89.64510194444442
 30
0.0
 10
292.6747455555555
 20
86.95340749999998
 30
0.0
 10
292.6747455555555
 20
86.89696305555555
 30
0.0
 10
291.8915788888889
 20
86.8546297222222
 30
0.0
 10
290.9249677777778
 20
86.8546297222222
 30
0.0
 10
289.9583566666666
 20
86.8546297222222
 30
0.0
 10
289.3515788888889
 20
86.95340749999998
 30
0.0
 10
289.17519
 20
86.95340749999998
 30
0.0
 10
288.0086714814815
 20
86.95340749999998
 30
0.0
 10
286.842152962963
 20
86.95340749999998
 30
0.0
 10
285.6756344444444
 20
86.95340749999998
 30
0.0
 10
285.6756344444444
 20
85.95387046296294
 30
0.0
 10
285.6756344444444
 20
84.95433342592591
 30
0.0
 10
285.6756344444444
 20
83.95479638888887
 30
0.0
 10
286.842152962963
 20
83.95479638888887
 30
0.0
 10
288.0086714814815
 20
83.95479638888887
 30
0.0
 10
289.17519
 20
83.95479638888887
 30
0.0
 10
289.3515788888889
 20
83.95479638888887
 30
0.0
 10
289.9583566666666
 20
84.05357416666665
 30
0.0
 10
290.9249677777778
 20
84.05357416666665
 30
0.0
 10
291.8915788888889
 20
84.05357416666665
 30
0.0
 10
292.6747455555555
 20
84.00771305555554
 30
0.0
 10
292.6747455555555
 20
83.95479638888887
 30
0.0
 10
292.6747455555555
 20
81.26310194444443
 30
0.0
 10
295.9485233333333
 20
79.24874083333331
 30
0.0
 10
292.7946899999999
 20
77.50601861111109
 30
0.0
 10
289.6408566666666
 20
75.76329638888888
 30
0.0
 10
291.2177733333333
 20
72.35899083333332
 30
0.0
 10
287.1819955555555
 20
72.85993527777777
 30
0.0
 10
283.1497455555555
 20
73.35735194444443
 30
0.0
 10
282.8322455555555
 20
76.42651861111109
 30
0.0
 10
281.1142177777778
 20
79.91549083333332
 30
0.0
 10
279.3926622222222
 20
83.40093527777776
 30
0.0
 10
275.5297455555555
 20
82.65304638888887
 30
0.0
 10
275.5297455555555
 20
85.45410194444443
 30
0.0
 10
275.5297455555555
 20
88.25515749999998
 30
0.0
 10
279.3926622222222
 20
87.50726861111109
 30
0.0
 10
281.1142177777778
 20
90.99271305555554
 30
0.0
 10
282.8322455555555
 20
94.47815749999998
 30
0.0
 10
283.1497455555555
 20
97.55085194444442
 30
0.0
 10
287.1819955555555
 20
98.0482686111111
 30
0.0
 10
291.2177733333333
 20
98.54568527777775
 30
0.0
 10
289.6408566666666
 20
95.14490749999999
 30
0.0
 10
292.7946899999999
 20
93.40218527777776
 30
0.0
  0
SPLINE
  5
46E
330
1F
100
AcDbEntity
  8
DEFAULT
 62
   250
100
AcDbSpline
210
0.0
220
0.0
230
1.0
 70
     8
 71
     3
 72
    11
 73
     7
 74
     0
 42
0.000000001
 43
0.0000000001
 40
0.0
 40
0.0
 40
0.0
 40
0.0
 40
4.113
 40
4.113
 40
4.113
 40
5.113
 40
5.113
 40
5.113
 40
5.113
 10
55.62391861111111
 20
85.62399972222221
 30
0.0
 10
56.10757694444444
 20
85.62399972222221
 30
0.0
 10
56.59123527777778
 20
85.62399972222221
 30
0.0
 10
57.07489361111111
 20
85.62399972222221
 30
0.0
 10
57.69860472222222
 20
85.62399972222221
 30
0.0
 10
57.94766583333332
 20
85.30438305555555
 30
0.0
 10
57.74376027777778
 20
84.8778747222222
 30
0.0
  0
POLYLINE
  5
46F
330
1F
100
AcDbEntity
  8
DEFAULT
 62
   250
100
AcDb2dPolyline
 66
     1
 10
0.0
 20
0.0
 30
0.0
  0
VERTEX
  5
470
330
46F
100
AcDbEntity
  8
DEFAULT
 62
   250
100
AcDbVertex
100
AcDb2dVertex
 10
57.07499944444444
 20
86.03195194444444
 30
0.0
  0
VERTEX
  5
471
330
46F
100
AcDbEntity
  8
DEFAULT
 62
   250
100
AcDbVertex
100
AcDb2dVertex
 10
57.07499944444444
 20
85.01277694444444
 30
0.0
  0
SEQEND
  5
472
330
46F
100
AcDbEntity
  8
DEFAULT
 62
   250
  0
SPLINE
  5
473
330
1F
100
AcDbEntity
  8
DEFAULT
 62
     1
100
AcDbSpline
210
0.0
220
0.0
230
1.0
 70
    11
 71
     3
 72
    50
 73
    46
 74
     0
 42
0.000000001
 43
0.0000000001
 40
1.0
 40
1.0
 40
1.0
 40
1.0
 40
2.0
 40
2.0
 40
2.0
 40
3.0
 40
3.0
 40
3.0
 40
4.0
 40
4.0
 40
4.0
 40
13.92000000000002
 40
13.92000000000002
 40
13.92000000000002
 40
22.42000000000002
 40
22.42000000000002
 40
22.42000000000002
 40
32.34000000000003
 40
32.34000000000003
 40
32.34000000000003
 40
33.34000000000003
 40
33.34000000000003
 40
33.34000000000003
 40
34.34000000000003
 40
34.34000000000003
 40
34.34000000000003
 40
35.34000000000003
 40
35.34000000000003
 40
35.34000000000003
 40
36.34000000000003
 40
36.34000000000003
 40
36.34000000000003
 40
37.34000000000003
 40
37.34000000000003
 40
37.34000000000003
 40
38.34000000000003
 40
38.34000000000003
 40
38.34000000000003
 40
39.34000000000003
 40
39.34000000000003
 40
39.34000000000003
 40
40.34000000000003
 40
40.34000000000003
 40
40.34000000000003
 40
41.34000000000003
 40
41.34000000000003
 40
41.34000000000003
 40
41.34000000000003
 10
46.89235111111111
 20
77.50612444444444
 30
0.0
 10
43.73851777777778
 20
79.24884666666667
 30
0.0
 10
47.01229555555555
 20
81.26320777777778
 30
0.0
 10
47.01229555555555
 20
83.95490222222222
 30
0.0
 10
47.01229555555555
 20
84.01134666666667
 30
0.0
 10
47.79546222222222
 20
84.05368
 30
0.0
 10
48.76207333333333
 20
84.05368
 30
0.0
 10
49.72868444444444
 20
84.05368
 30
0.0
 10
50.33546222222222
 20
83.95490222222222
 30
0.0
 10
50.51185111111111
 20
83.95490222222222
 30
0.0
 10
51.67836962962963
 20
83.95490222222222
 30
0.0
 10
52.84488814814815
 20
83.95490222222222
 30
0.0
 10
54.01140666666667
 20
83.95490222222222
 30
0.0
 10
54.01140666666667
 20
84.95443925925926
 30
0.0
 10
54.01140666666667
 20
85.95397629629629
 30
0.0
 10
54.01140666666667
 20
86.95351333333333
 30
0.0
 10
52.84488814814815
 20
86.95351333333333
 30
0.0
 10
51.67836962962963
 20
86.95351333333333
 30
0.0
 10
50.51185111111111
 20
86.95351333333333
 30
0.0
 10
50.33546222222222
 20
86.95351333333333
 30
0.0
 10
49.72868444444444
 20
86.85473555555555
 30
0.0
 10
48.76207333333333
 20
86.85473555555555
 30
0.0
 10
47.79546222222222
 20
86.85473555555555
 30
0.0
 10
47.01229555555555
 20
86.90059666666666
 30
0.0
 10
47.01229555555555
 20
86.95351333333333
 30
0.0
 10
47.01229555555555
 20
89.64520777777777
 30
0.0
 10
43.73851777777778
 20
91.65956888888888
 30
0.0
 10
46.89235111111111
 20
93.40229111111111
 30
0.0
 10
50.04618444444444
 20
95.14501333333332
 30
0.0
 10
48.46926777777777
 20
98.54931888888888
 30
0.0
 10
52.50504555555555
 20
98.04837444444445
 30
0.0
 10
56.53729555555555
 20
97.55095777777777
 30
0.0
 10
56.85479555555555
 20
94.48179111111111
 30
0.0
 10
58.57282333333334
 20
90.99281888888889
 30
0.0
 10
60.29437888888889
 20
87.50737444444444
 30
0.0
 10
64.15729555555555
 20
88.25526333333333
 30
0.0
 10
64.15729555555555
 20
85.45420777777777
 30
0.0
 10
64.15729555555555
 20
82.65315222222222
 30
0.0
 10
60.29437888888889
 20
83.40104111111111
 30
0.0
 10
58.57282333333334
 20
79.91559666666667
 30
0.0
 10
56.85479555555555
 20
76.43015222222222
 30
0.0
 10
56.53729555555555
 20
73.35745777777778
 30
0.0
 10
52.50504555555555
 20
72.86004111111112
 30
0.0
 10
48.46926777777777
 20
72.36262444444444
 30
0.0
 10
50.04618444444444
 20
75.76340222222223
 30
0.0
 10
46.89235111111111
 20
77.50612444444444
 30
0.0
  0
SPLINE
  5
474
330
1F
100
AcDbEntity
  8
DEFAULT
 62
   250
100
AcDbSpline
210
0.0
220
0.0
230
1.0
 70
     8
 71
     3
 72
    11
 73
     7
 74
     0
 42
0.000000001
 43
0.0000000001
 40
0.0
 40
0.0
 40
0.0
 40
0.0
 40
4.113
 40
4.113
 40
4.113
 40
5.113
 40
5.113
 40
5.113
 40
5.113
 10
35.6796975
 20
85.62399972222221
 30
0.0
 10
36.16335583333333
 20
85.62399972222221
 30
0.0
 10
36.64701416666666
 20
85.62399972222221
 30
0.0
 10
37.1306725
 20
85.62399972222221
 30
0.0
 10
37.75438361111111
 20
85.62399972222221
 30
0.0
 10
38.00344472222222
 20
85.30438305555555
 30
0.0
 10
37.79953916666666
 20
84.8778747222222
 30
0.0
  0
POLYLINE
  5
475
330
1F
100
AcDbEntity
  8
DEFAULT
 62
   250
100
AcDb2dPolyline
 66
     1
 10
0.0
 20
0.0
 30
0.0
  0
VERTEX
  5
476
330
475
100
AcDbEntity
  8
DEFAULT
 62
   250
100
AcDbVertex
100
AcDb2dVertex
 10
37.13077833333333
 20
86.03195194444444
 30
0.0
  0
VERTEX
  5
477
330
475
100
AcDbEntity
  8
DEFAULT
 62
   250
100
AcDbVertex
100
AcDb2dVertex
 10
37.13077833333333
 20
85.01277694444444
 30
0.0
  0
SEQEND
  5
478
330
475
100
AcDbEntity
  8
DEFAULT
 62
   250
  0
SPLINE
  5
479
330
1F
100
AcDbEntity
  8
DEFAULT
 62
     1
100
AcDbSpline
210
0.0
220
0.0
230
1.0
 70
    11
 71
     3
 72
    50
 73
    46
 74
     0
 42
0.000000001
 43
0.0000000001
 40
1.0
 40
1.0
 40
1.0
 40
1.0
 40
2.0
 40
2.0
 40
2.0
 40
3.0
 40
3.0
 40
3.0
 40
4.0
 40
4.0
 40
4.0
 40
13.91999999999999
 40
13.91999999999999
 40
13.91999999999999
 40
22.41999999999999
 40
22.41999999999999
 40
22.41999999999999
 40
32.33999999999997
 40
32.33999999999997
 40
32.33999999999997
 40
33.33999999999997
 40
33.33999999999997
 40
33.33999999999997
 40
34.33999999999997
 40
34.33999999999997
 40
34.33999999999997
 40
35.33999999999997
 40
35.33999999999997
 40
35.33999999999997
 40
36.33999999999997
 40
36.33999999999997
 40
36.33999999999997
 40
37.33999999999997
 40
37.33999999999997
 40
37.33999999999997
 40
38.33999999999997
 40
38.33999999999997
 40
38.33999999999997
 40
39.33999999999997
 40
39.33999999999997
 40
39.33999999999997
 40
40.33999999999997
 40
40.33999999999997
 40
40.33999999999997
 40
41.33999999999997
 40
41.33999999999997
 40
41.33999999999997
 40
41.33999999999997
 10
26.94813
 20
77.50612444444444
 30
0.0
 10
23.79429666666667
 20
79.24884666666667
 30
0.0
 10
27.06807444444444
 20
81.26320777777778
 30
0.0
 10
27.06807444444444
 20
83.95490222222222
 30
0.0
 10
27.06807444444444
 20
84.01134666666667
 30
0.0
 10
27.85124111111111
 20
84.05368
 30
0.0
 10
28.81785222222222
 20
84.05368
 30
0.0
 10
29.78446333333333
 20
84.05368
 30
0.0
 10
30.39124111111111
 20
83.95490222222222
 30
0.0
 10
30.56763
 20
83.95490222222222
 30
0.0
 10
31.73414851851852
 20
83.95490222222222
 30
0.0
 10
32.90066703703703
 20
83.95490222222222
 30
0.0
 10
34.06718555555555
 20
83.95490222222222
 30
0.0
 10
34.06718555555555
 20
84.95443925925926
 30
0.0
 10
34.06718555555555
 20
85.95397629629629
 30
0.0
 10
34.06718555555555
 20
86.95351333333333
 30
0.0
 10
32.90066703703703
 20
86.95351333333333
 30
0.0
 10
31.73414851851852
 20
86.95351333333333
 30
0.0
 10
30.56763
 20
86.95351333333333
 30
0.0
 10
30.39124111111111
 20
86.95351333333333
 30
0.0
 10
29.78446333333333
 20
86.85473555555555
 30
0.0
 10
28.81785222222222
 20
86.85473555555555
 30
0.0
 10
27.85124111111111
 20
86.85473555555555
 30
0.0
 10
27.06807444444444
 20
86.90059666666666
 30
0.0
 10
27.06807444444444
 20
86.95351333333333
 30
0.0
 10
27.06807444444444
 20
89.64520777777777
 30
0.0
 10
23.79429666666667
 20
91.65956888888888
 30
0.0
 10
26.94813
 20
93.40229111111111
 30
0.0
 10
30.10196333333333
 20
95.14501333333332
 30
0.0
 10
28.52504666666666
 20
98.54931888888888
 30
0.0
 10
32.56082444444444
 20
98.04837444444445
 30
0.0
 10
36.59307444444445
 20
97.55095777777777
 30
0.0
 10
36.91057444444444
 20
94.48179111111111
 30
0.0
 10
38.62860222222222
 20
90.99281888888889
 30
0.0
 10
40.35015777777777
 20
87.50737444444444
 30
0.0
 10
44.21307444444444
 20
88.25526333333333
 30
0.0
 10
44.21307444444444
 20
85.45420777777777
 30
0.0
 10
44.21307444444444
 20
82.65315222222222
 30
0.0
 10
40.35015777777777
 20
83.40104111111111
 30
0.0
 10
38.62860222222222
 20
79.91559666666667
 30
0.0
 10
36.91057444444444
 20
76.43015222222222
 30
0.0
 10
36.59307444444445
 20
73.35745777777778
 30
0.0
 10
32.56082444444444
 20
72.86004111111112
 30
0.0
 10
28.52504666666666
 20
72.36262444444444
 30
0.0
 10
30.10196333333333
 20
75.76340222222223
 30
0.0
 10
26.94813
 20
77.50612444444444
 30
0.0
  0
SPLINE
  5
47A
330
1F
100
AcDbEntity
  8
DEFAULT
 62
   250
100
AcDbSpline
210
0.0
220
0.0
230
1.0
 70
     8
 71
     3
 72
    11
 73
     7
 74
     0
 42
0.000000001
 43
0.0000000001
 40
0.0
 40
0.0
 40
0.0
 40
0.0
 40
4.113
 40
4.113
 40
4.113
 40
5.113
 40
5.113
 40
5.113
 40
5.113
 10
15.73544111111111
 20
85.62399972222221
 30
0.0
 10
16.21909944444444
 20
85.62399972222221
 30
0.0
 10
16.70275777777777
 20
85.62399972222221
 30
0.0
 10
17.18641611111111
 20
85.62399972222221
 30
0.0
 10
17.81012722222222
 20
85.62399972222221
 30
0.0
 10
18.05918833333333
 20
85.30438305555555
 30
0.0
 10
17.85528277777778
 20
84.8778747222222
 30
0.0
  0
POLYLINE
  5
47B
330
1F
100
AcDbEntity
  8
DEFAULT
 62
   250
100
AcDb2dPolyline
 66
     1
 10
0.0
 20
0.0
 30
0.0
  0
VERTEX
  5
47C
330
47B
100
AcDbEntity
  8
DEFAULT
 62
   250
100
AcDbVertex
100
AcDb2dVertex
 10
17.18652194444444
 20
86.03195194444444
 30
0.0
  0
VERTEX
  5
47D
330
47B
100
AcDbEntity
  8
DEFAULT
 62
   250
100
AcDbVertex
100
AcDb2dVertex
 10
17.18652194444444
 20
85.01277694444444
 30
0.0
  0
SEQEND
  5
47E
330
47B
100
AcDbEntity
  8
DEFAULT
 62
   250
  0
SPLINE
  5
47F
330
1F
100
AcDbEntity
  8
DEFAULT
 62
     1
100
AcDbSpline
210
0.0
220
0.0
230
1.0
 70
    11
 71
     3
 72
    50
 73
    46
 74
     0
 42
0.000000001
 43
0.0000000001
 40
1.0
 40
1.0
 40
1.0
 40
1.0
 40
2.0
 40
2.0
 40
2.0
 40
3.0
 40
3.0
 40
3.0
 40
4.0
 40
4.0
 40
4.0
 40
13.92
 40
13.92
 40
13.92
 40
22.42
 40
22.42
 40
22.42
 40
32.34
 40
32.34
 40
32.34
 40
33.34
 40
33.34
 40
33.34
 40
34.34
 40
34.34
 40
34.34
 40
35.34
 40
35.34
 40
35.34
 40
36.34
 40
36.34
 40
36.34
 40
37.34
 40
37.34
 40
37.34
 40
38.34
 40
38.34
 40
38.34
 40
39.34
 40
39.34
 40
39.34
 40
40.34
 40
40.34
 40
40.34
 40
41.34
 40
41.34
 40
41.34
 40
41.34
 10
7.003873611111111
 20
77.50612444444444
 30
0.0
 10
3.850040277777778
 20
79.24884666666667
 30
0.0
 10
7.123818055555555
 20
81.26320777777778
 30
0.0
 10
7.123818055555555
 20
83.95490222222222
 30
0.0
 10
7.123818055555555
 20
84.01134666666667
 30
0.0
 10
7.906984722222221
 20
84.05368
 30
0.0
 10
8.873595833333333
 20
84.05368
 30
0.0
 10
9.840206944444443
 20
84.05368
 30
0.0
 10
10.44698472222222
 20
83.95490222222222
 30
0.0
 10
10.62337361111111
 20
83.95490222222222
 30
0.0
 10
11.78989212962963
 20
83.95490222222222
 30
0.0
 10
12.95641064814815
 20
83.95490222222222
 30
0.0
 10
14.12292916666667
 20
83.95490222222222
 30
0.0
 10
14.12292916666667
 20
84.95443925925926
 30
0.0
 10
14.12292916666667
 20
85.95397629629629
 30
0.0
 10
14.12292916666667
 20
86.95351333333333
 30
0.0
 10
12.95641064814815
 20
86.95351333333333
 30
0.0
 10
11.78989212962963
 20
86.95351333333333
 30
0.0
 10
10.62337361111111
 20
86.95351333333333
 30
0.0
 10
10.44698472222222
 20
86.95351333333333
 30
0.0
 10
9.840206944444443
 20
86.85473555555555
 30
0.0
 10
8.873595833333333
 20
86.85473555555555
 30
0.0
 10
7.906984722222221
 20
86.85473555555555
 30
0.0
 10
7.123818055555555
 20
86.90059666666666
 30
0.0
 10
7.123818055555555
 20
86.95351333333333
 30
0.0
 10
7.123818055555555
 20
89.64520777777777
 30
0.0
 10
3.850040277777778
 20
91.65956888888888
 30
0.0
 10
7.003873611111111
 20
93.40229111111111
 30
0.0
 10
10.15770694444444
 20
95.14501333333332
 30
0.0
 10
8.580790277777776
 20
98.54931888888888
 30
0.0
 10
12.61656805555555
 20
98.04837444444445
 30
0.0
 10
16.64881805555556
 20
97.55095777777777
 30
0.0
 10
16.96631805555555
 20
94.48179111111111
 30
0.0
 10
18.68434583333333
 20
90.99281888888889
 30
0.0
 10
20.40590138888889
 20
87.50737444444444
 30
0.0
 10
24.26881805555555
 20
88.25526333333333
 30
0.0
 10
24.26881805555555
 20
85.45420777777777
 30
0.0
 10
24.26881805555555
 20
82.65315222222222
 30
0.0
 10
20.40590138888889
 20
83.40104111111111
 30
0.0
 10
18.68434583333333
 20
79.91559666666667
 30
0.0
 10
16.96631805555555
 20
76.43015222222222
 30
0.0
 10
16.64881805555556
 20
73.35745777777778
 30
0.0
 10
12.61656805555555
 20
72.86004111111112
 30
0.0
 10
8.580790277777776
 20
72.36262444444444
 30
0.0
 10
10.15770694444444
 20
75.76340222222223
 30
0.0
 10
7.003873611111111
 20
77.50612444444444
 30
0.0
  0
SPLINE
  5
480
330
1F
100
AcDbEntity
  8
DEFAULT
 62
   250
100
AcDbSpline
210
0.0
220
0.0
230
1.0
 70
     8
 71
     3
 72
    14
 73
    10
 74
     0
 42
0.000000001
 43
0.0000000001
 40
0.0
 40
0.0
 40
0.0
 40
0.0
 40
3.832518754031059
 40
3.832518754031059
 40
3.832518754031059
 40
4.832518754031058
 40
4.832518754031058
 40
4.832518754031058
 40
5.832518754031058
 40
5.832518754031058
 40
5.832518754031058
 40
5.832518754031058
 10
100.4215811111111
 20
60.77800194444444
 30
0.0
 10
100.1029051851852
 20
60.45932601851852
 30
0.0
 10
99.78422925925925
 20
60.14065009259259
 30
0.0
 10
99.46555333333333
 20
59.82197416666666
 30
0.0
 10
99.08596444444444
 20
59.44238527777777
 30
0.0
 10
98.78292833333333
 20
59.51223527777778
 30
0.0
 10
98.53668944444443
 20
59.75812138888889
 30
0.0
 10
98.4689561111111
 20
59.82620749999999
 30
0.0
 10
98.40122277777778
 20
59.92322138888888
 30
0.0
 10
98.3737061111111
 20
59.98919083333333
 30
0.0
  0
SPLINE
  5
481
330
1F
100
AcDbEntity
  8
DEFAULT
 62
   250
100
AcDbSpline
210
0.0
220
0.0
230
1.0
 70
     8
 71
     3
 72
    14
 73
    10
 74
     0
 42
0.000000001
 43
0.0000000001
 40
0.0
 40
0.0
 40
0.0
 40
0.0
 40
3.832518754031089
 40
3.832518754031089
 40
3.832518754031089
 40
4.832518754031089
 40
4.832518754031089
 40
4.832518754031089
 40
5.832518754031089
 40
5.832518754031089
 40
5.832518754031089
 40
5.832518754031089
 10
64.05604833333334
 20
25.67170944444445
 30
0.0
 10
64.37472425925925
 20
25.99038537037037
 30
0.0
 10
64.69340018518518
 20
26.3090612962963
 30
0.0
 10
65.01207611111111
 20
26.62773722222222
 30
0.0
 10
65.39166499999999
 20
27.00732611111111
 30
0.0
 10
65.69470111111112
 20
26.93747611111111
 30
0.0
 10
65.94093999999998
 20
26.69159
 30
0.0
 10
66.00867333333332
 20
26.62350388888888
 30
0.0
 10
66.07640666666666
 20
26.52613722222222
 30
0.0
 10
66.10392333333333
 20
26.46052055555555
 30
0.0
  0
SPLINE
  5
482
330
1F
100
AcDbEntity
  8
DEFAULT
 62
   250
100
AcDbSpline
210
0.0
220
0.0
230
1.0
 70
     8
 71
     3
 72
    14
 73
    10
 74
     0
 42
0.000000001
 43
0.0000000001
 40
0.0
 40
0.0
 40
0.0
 40
0.0
 40
3.833000000000027
 40
3.833000000000027
 40
3.833000000000027
 40
4.833000000000027
 40
4.833000000000027
 40
4.833000000000027
 40
5.833000000000027
 40
5.833000000000027
 40
5.833000000000027
 40
5.833000000000027
 10
107.5078988888889
 20
42.7796325
 30
0.0
 10
107.0571664814815
 20
42.7796325
 30
0.0
 10
106.6064340740741
 20
42.7796325
 30
0.0
 10
106.1557016666666
 20
42.7796325
 30
0.0
 10
105.6191266666667
 20
42.7796325
 30
0.0
 10
105.4540266666667
 20
43.0431575
 30
0.0
 10
105.4540266666667
 20
43.39134916666666
 30
0.0
 10
105.4540266666667
 20
43.48730472222222
 30
0.0
 10
105.4748405555556
 20
43.60407416666666
 30
0.0
 10
105.5020044444444
 20
43.67004361111111
 30
0.0
  0
SPLINE
  5
483
330
1F
100
AcDbEntity
  8
DEFAULT
 62
   250
100
AcDbSpline
210
0.0
220
0.0
230
1.0
 70
     8
 71
     3
 72
    14
 73
    10
 74
     0
 42
0.000000001
 43
0.0000000001
 40
0.0
 40
0.0
 40
0.0
 40
0.0
 40
3.832999999999998
 40
3.832999999999998
 40
3.832999999999998
 40
4.832999999999998
 40
4.832999999999998
 40
4.832999999999998
 40
5.832999999999998
 40
5.832999999999998
 40
5.832999999999998
 40
5.832999999999998
 10
56.96973055555555
 20
43.67007888888888
 30
0.0
 10
57.42046296296295
 20
43.67007888888887
 30
0.0
 10
57.87119537037037
 20
43.67007888888887
 30
0.0
 10
58.32192777777777
 20
43.67007888888888
 30
0.0
 10
58.85885555555555
 20
43.67007888888888
 30
0.0
 10
59.02360277777777
 20
43.4062011111111
 30
0.0
 10
59.02360277777777
 20
43.05836222222221
 30
0.0
 10
59.02360277777777
 20
42.96240666666666
 30
0.0
 10
59.00278888888889
 20
42.84563722222222
 30
0.0
 10
58.975625
 20
42.77966777777777
 30
0.0
  0
SPLINE
  5
484
330
1F
100
AcDbEntity
  8
DEFAULT
 62
   250
100
AcDbSpline
210
0.0
220
0.0
230
1.0
 70
     8
 71
     3
 72
    14
 73
    10
 74
     0
 42
0.000000001
 43
0.0000000001
 40
0.0
 40
0.0
 40
0.0
 40
0.0
 40
3.832518754031079
 40
3.832518754031079
 40
3.832518754031079
 40
4.832518754031079
 40
4.832518754031079
 40
4.832518754031079
 40
5.832518754031079
 40
5.832518754031079
 40
5.832518754031079
 40
5.832518754031079
 10
99.79194333333331
 20
25.04207166666665
 30
0.0
 10
99.47326740740739
 20
25.36074759259257
 30
0.0
 10
99.15459148148148
 20
25.6794235185185
 30
0.0
 10
98.83591555555553
 20
25.99809944444443
 30
0.0
 10
98.45632666666666
 20
26.37768833333333
 30
0.0
 10
98.52617666666664
 20
26.68072444444444
 30
0.0
 10
98.77206277777776
 20
26.92696333333333
 30
0.0
 10
98.84014888888889
 20
26.99469666666666
 30
0.0
 10
98.93751555555554
 20
27.06243
 30
0.0
 10
99.00313222222222
 20
27.08994666666667
 30
0.0
  0
SPLINE
  5
485
330
1F
100
AcDbEntity
  8
DEFAULT
 62
   250
100
AcDbSpline
210
0.0
220
0.0
230
1.0
 70
     8
 71
     3
 72
    14
 73
    10
 74
     0
 42
0.000000001
 43
0.0000000001
 40
0.0
 40
0.0
 40
0.0
 40
0.0
 40
3.832518754031139
 40
3.832518754031139
 40
3.832518754031139
 40
4.832518754031139
 40
4.832518754031139
 40
4.832518754031139
 40
5.832518754031139
 40
5.832518754031139
 40
5.832518754031139
 40
5.832518754031139
 10
64.6856861111111
 20
61.40763972222223
 30
0.0
 10
65.00436203703703
 20
61.0889637962963
 30
0.0
 10
65.32303796296297
 20
60.77028787037037
 30
0.0
 10
65.64171388888889
 20
60.45161194444444
 30
0.0
 10
66.02130277777776
 20
60.07202305555555
 30
0.0
 10
65.95145277777776
 20
59.76898694444444
 30
0.0
 10
65.70556666666666
 20
59.52274805555556
 30
0.0
 10
65.63748055555556
 20
59.45501472222222
 30
0.0
 10
65.54011388888888
 20
59.38728138888889
 30
0.0
 10
65.47449722222221
 20
59.35976472222222
 30
0.0
  0
SPLINE
  5
486
330
1F
100
AcDbEntity
  8
DEFAULT
 62
   250
100
AcDbSpline
210
0.0
220
0.0
230
1.0
 70
     8
 71
     3
 72
    14
 73
    10
 74
     0
 42
0.000000001
 43
0.0000000001
 40
0.0
 40
0.0
 40
0.0
 40
0.0
 40
3.832999999999998
 40
3.832999999999998
 40
3.832999999999998
 40
4.832999999999998
 40
4.832999999999998
 40
4.832999999999998
 40
5.832999999999998
 40
5.832999999999998
 40
5.832999999999998
 40
5.832999999999998
 10
81.79357388888887
 20
17.95575388888889
 30
0.0
 10
81.79357388888887
 20
18.4064862962963
 30
0.0
 10
81.79357388888887
 20
18.8572187037037
 30
0.0
 10
81.79357388888887
 20
19.30795111111111
 30
0.0
 10
81.79357388888887
 20
19.84487888888889
 30
0.0
 10
82.05745166666665
 20
20.00962611111111
 30
0.0
 10
82.40529055555555
 20
20.00962611111111
 30
0.0
 10
82.5012461111111
 20
20.00962611111111
 30
0.0
 10
82.61801555555554
 20
19.98881222222222
 30
0.0
 10
82.68398499999999
 20
19.96164833333333
 30
0.0
  0
SPLINE
  5
487
330
1F
100
AcDbEntity
  8
DEFAULT
 62
   250
100
AcDbSpline
210
0.0
220
0.0
230
1.0
 70
     8
 71
     3
 72
    14
 73
    10
 74
     0
 42
0.000000001
 43
0.0000000001
 40
0.0
 40
0.0
 40
0.0
 40
0.0
 40
3.832999999999998
 40
3.832999999999998
 40
3.832999999999998
 40
4.832999999999998
 40
4.832999999999998
 40
4.832999999999998
 40
5.832999999999998
 40
5.832999999999998
 40
5.832999999999998
 40
5.832999999999998
 10
82.68405555555555
 20
68.4939575
 30
0.0
 10
82.68405555555555
 20
68.04322509259258
 30
0.0
 10
82.68405555555555
 20
67.59249268518518
 30
0.0
 10
82.68405555555555
 20
67.14176027777778
 30
0.0
 10
82.68405555555555
 20
66.6048325
 30
0.0
 10
82.42017777777777
 20
66.44008527777777
 30
0.0
 10
82.07233888888888
 20
66.44008527777777
 30
0.0
 10
81.97638333333333
 20
66.44008527777777
 30
0.0
 10
81.85961388888889
 20
66.46089916666666
 30
0.0
 10
81.79364444444444
 20
66.48806305555556
 30
0.0
  0
POLYLINE
  5
488
330
1F
100
AcDbEntity
  8
DEFAULT
 62
   250
100
AcDb2dPolyline
 66
     1
 10
0.0
 20
0.0
 30
0.0
  0
VERTEX
  5
489
330
488
100
AcDbEntity
  8
DEFAULT
 62
   250
100
AcDbVertex
100
AcDb2dVertex
 10
106.4432508333333
 20
57.52881277777777
 30
0.0
  0
VERTEX
  5
48A
330
488
100
AcDbEntity
  8
DEFAULT
 62
   250
100
AcDbVertex
100
AcDb2dVertex
 10
105.0141480555555
 20
56.09971
 30
0.0
  0
SEQEND
  5
48B
330
488
100
AcDbEntity
  8
DEFAULT
 62
   250
  0
POLYLINE
  5
48C
330
1F
100
AcDbEntity
  8
DEFAULT
 62
   250
100
AcDb2dPolyline
 66
     1
 10
0.0
 20
0.0
 30
0.0
  0
VERTEX
  5
48D
330
48C
100
AcDbEntity
  8
DEFAULT
 62
   250
100
AcDbVertex
100
AcDb2dVertex
 10
96.54240138888886
 20
67.4296622222222
 30
0.0
  0
VERTEX
  5
48E
330
48C
100
AcDbEntity
  8
DEFAULT
 62
   250
100
AcDbVertex
100
AcDb2dVertex
 10
95.11329861111106
 20
66.00055944444442
 30
0.0
  0
SEQEND
  5
48F
330
48C
100
AcDbEntity
  8
DEFAULT
 62
   250
  0
POLYLINE
  5
490
330
1F
100
AcDbEntity
  8
DEFAULT
 62
   250
100
AcDb2dPolyline
 66
     1
 10
0.0
 20
0.0
 30
0.0
  0
VERTEX
  5
491
330
490
100
AcDbEntity
  8
DEFAULT
 62
   250
100
AcDbVertex
100
AcDb2dVertex
 10
58.0336025
 20
28.92079277777777
 30
0.0
  0
VERTEX
  5
492
330
490
100
AcDbEntity
  8
DEFAULT
 62
   250
100
AcDbVertex
100
AcDb2dVertex
 10
59.46270527777777
 20
30.34989555555555
 30
0.0
  0
SEQEND
  5
493
330
490
100
AcDbEntity
  8
DEFAULT
 62
   250
  0
POLYLINE
  5
494
330
1F
100
AcDbEntity
  8
DEFAULT
 62
   250
100
AcDb2dPolyline
 66
     1
 10
0.0
 20
0.0
 30
0.0
  0
VERTEX
  5
495
330
494
100
AcDbEntity
  8
DEFAULT
 62
   250
100
AcDbVertex
100
AcDb2dVertex
 10
67.93445194444443
 20
19.01994333333333
 30
0.0
  0
VERTEX
  5
496
330
494
100
AcDbEntity
  8
DEFAULT
 62
   250
100
AcDbVertex
100
AcDb2dVertex
 10
69.36355472222222
 20
20.44904611111111
 30
0.0
  0
SEQEND
  5
497
330
494
100
AcDbEntity
  8
DEFAULT
 62
   250
  0
POLYLINE
  5
498
330
1F
100
AcDbEntity
  8
DEFAULT
 62
   250
100
AcDb2dPolyline
 66
     1
 10
0.0
 20
0.0
 30
0.0
  0
VERTEX
  5
499
330
498
100
AcDbEntity
  8
DEFAULT
 62
   250
100
AcDbVertex
100
AcDb2dVertex
 10
109.468285
 20
36.22385722222221
 30
0.0
  0
VERTEX
  5
49A
330
498
100
AcDbEntity
  8
DEFAULT
 62
   250
100
AcDbVertex
100
AcDb2dVertex
 10
107.4472211111111
 20
36.22385722222221
 30
0.0
  0
SEQEND
  5
49B
330
498
100
AcDbEntity
  8
DEFAULT
 62
   250
  0
POLYLINE
  5
49C
330
1F
100
AcDbEntity
  8
DEFAULT
 62
   250
100
AcDb2dPolyline
 66
     1
 10
0.0
 20
0.0
 30
0.0
  0
VERTEX
  5
49D
330
49C
100
AcDbEntity
  8
DEFAULT
 62
   250
100
AcDbVertex
100
AcDb2dVertex
 10
109.468285
 20
50.2257836111111
 30
0.0
  0
VERTEX
  5
49E
330
49C
100
AcDbEntity
  8
DEFAULT
 62
   250
100
AcDbVertex
100
AcDb2dVertex
 10
107.4472211111111
 20
50.2257836111111
 30
0.0
  0
SEQEND
  5
49F
330
49C
100
AcDbEntity
  8
DEFAULT
 62
   250
  0
POLYLINE
  5
4A0
330
1F
100
AcDbEntity
  8
DEFAULT
 62
   250
100
AcDb2dPolyline
 66
     1
 10
0.0
 20
0.0
 30
0.0
  0
VERTEX
  5
4A1
330
4A0
100
AcDbEntity
  8
DEFAULT
 62
   250
100
AcDbVertex
100
AcDb2dVertex
 10
55.00856833333333
 20
50.22574833333333
 30
0.0
  0
VERTEX
  5
4A2
330
4A0
100
AcDbEntity
  8
DEFAULT
 62
   250
100
AcDbVertex
100
AcDb2dVertex
 10
57.02963222222222
 20
50.22574833333333
 30
0.0
  0
SEQEND
  5
4A3
330
4A0
100
AcDbEntity
  8
DEFAULT
 62
   250
  0
POLYLINE
  5
4A4
330
1F
100
AcDbEntity
  8
DEFAULT
 62
   250
100
AcDb2dPolyline
 66
     1
 10
0.0
 20
0.0
 30
0.0
  0
VERTEX
  5
4A5
330
4A4
100
AcDbEntity
  8
DEFAULT
 62
   250
100
AcDbVertex
100
AcDb2dVertex
 10
55.00856833333333
 20
36.22382194444445
 30
0.0
  0
VERTEX
  5
4A6
330
4A4
100
AcDbEntity
  8
DEFAULT
 62
   250
100
AcDbVertex
100
AcDb2dVertex
 10
57.02963222222222
 20
36.22382194444445
 30
0.0
  0
SEQEND
  5
4A7
330
4A4
100
AcDbEntity
  8
DEFAULT
 62
   250
  0
POLYLINE
  5
4A8
330
1F
100
AcDbEntity
  8
DEFAULT
 62
   250
100
AcDb2dPolyline
 66
     1
 10
0.0
 20
0.0
 30
0.0
  0
VERTEX
  5
4A9
330
4A8
100
AcDbEntity
  8
DEFAULT
 62
   250
100
AcDbVertex
100
AcDb2dVertex
 10
96.54243666666665
 20
19.01997861111111
 30
0.0
  0
VERTEX
  5
4AA
330
4A8
100
AcDbEntity
  8
DEFAULT
 62
   250
100
AcDbVertex
100
AcDb2dVertex
 10
95.11333388888887
 20
20.44908138888889
 30
0.0
  0
SEQEND
  5
4AB
330
4A8
100
AcDbEntity
  8
DEFAULT
 62
   250
  0
POLYLINE
  5
4AC
330
1F
100
AcDbEntity
  8
DEFAULT
 62
   250
100
AcDb2dPolyline
 66
     1
 10
0.0
 20
0.0
 30
0.0
  0
VERTEX
  5
4AD
330
4AC
100
AcDbEntity
  8
DEFAULT
 62
   250
100
AcDbVertex
100
AcDb2dVertex
 10
106.4432861111111
 20
28.92082805555556
 30
0.0
  0
VERTEX
  5
4AE
330
4AC
100
AcDbEntity
  8
DEFAULT
 62
   250
100
AcDbVertex
100
AcDb2dVertex
 10
105.0141833333333
 20
30.34993083333333
 30
0.0
  0
SEQEND
  5
4AF
330
4AC
100
AcDbEntity
  8
DEFAULT
 62
   250
  0
POLYLINE
  5
4B0
330
1F
100
AcDbEntity
  8
DEFAULT
 62
   250
100
AcDb2dPolyline
 66
     1
 10
0.0
 20
0.0
 30
0.0
  0
VERTEX
  5
4B1
330
4B0
100
AcDbEntity
  8
DEFAULT
 62
   250
100
AcDbVertex
100
AcDb2dVertex
 10
67.93441666666664
 20
67.42962694444444
 30
0.0
  0
VERTEX
  5
4B2
330
4B0
100
AcDbEntity
  8
DEFAULT
 62
   250
100
AcDbVertex
100
AcDb2dVertex
 10
69.36351944444442
 20
66.00052416666665
 30
0.0
  0
SEQEND
  5
4B3
330
4B0
100
AcDbEntity
  8
DEFAULT
 62
   250
  0
POLYLINE
  5
4B4
330
1F
100
AcDbEntity
  8
DEFAULT
 62
   250
100
AcDb2dPolyline
 66
     1
 10
0.0
 20
0.0
 30
0.0
  0
VERTEX
  5
4B5
330
4B4
100
AcDbEntity
  8
DEFAULT
 62
   250
100
AcDbVertex
100
AcDb2dVertex
 10
58.03356722222222
 20
57.5287775
 30
0.0
  0
VERTEX
  5
4B6
330
4B4
100
AcDbEntity
  8
DEFAULT
 62
   250
100
AcDbVertex
100
AcDb2dVertex
 10
59.46267
 20
56.09967472222223
 30
0.0
  0
SEQEND
  5
4B7
330
4B4
100
AcDbEntity
  8
DEFAULT
 62
   250
  0
POLYLINE
  5
4B8
330
1F
100
AcDbEntity
  8
DEFAULT
 62
   250
100
AcDb2dPolyline
 66
     1
 10
0.0
 20
0.0
 30
0.0
  0
VERTEX
  5
4B9
330
4B8
100
AcDbEntity
  8
DEFAULT
 62
   250
100
AcDbVertex
100
AcDb2dVertex
 10
75.23748111111111
 20
15.99497972222222
 30
0.0
  0
VERTEX
  5
4BA
330
4B8
100
AcDbEntity
  8
DEFAULT
 62
   250
100
AcDbVertex
100
AcDb2dVertex
 10
75.23748111111111
 20
18.01569083333333
 30
0.0
  0
SEQEND
  5
4BB
330
4B8
100
AcDbEntity
  8
DEFAULT
 62
   250
  0
POLYLINE
  5
4BC
330
1F
100
AcDbEntity
  8
DEFAULT
 62
   250
100
AcDb2dPolyline
 66
     1
 10
0.0
 20
0.0
 30
0.0
  0
VERTEX
  5
4BD
330
4BC
100
AcDbEntity
  8
DEFAULT
 62
   250
100
AcDbVertex
100
AcDb2dVertex
 10
89.23940749999998
 20
15.99497972222222
 30
0.0
  0
VERTEX
  5
4BE
330
4BC
100
AcDbEntity
  8
DEFAULT
 62
   250
100
AcDbVertex
100
AcDb2dVertex
 10
89.23940749999998
 20
18.01569083333333
 30
0.0
  0
SEQEND
  5
4BF
330
4BC
100
AcDbEntity
  8
DEFAULT
 62
   250
  0
POLYLINE
  5
4C0
330
1F
100
AcDbEntity
  8
DEFAULT
 62
   250
100
AcDb2dPolyline
 66
     1
 10
0.0
 20
0.0
 30
0.0
  0
VERTEX
  5
4C1
330
4C0
100
AcDbEntity
  8
DEFAULT
 62
   250
100
AcDbVertex
100
AcDb2dVertex
 10
89.23937222222222
 20
70.45469638888888
 30
0.0
  0
VERTEX
  5
4C2
330
4C0
100
AcDbEntity
  8
DEFAULT
 62
   250
100
AcDbVertex
100
AcDb2dVertex
 10
89.23937222222222
 20
68.43363249999999
 30
0.0
  0
SEQEND
  5
4C3
330
4C0
100
AcDbEntity
  8
DEFAULT
 62
   250
  0
POLYLINE
  5
4C4
330
1F
100
AcDbEntity
  8
DEFAULT
 62
   250
100
AcDb2dPolyline
 66
     1
 10
0.0
 20
0.0
 30
0.0
  0
VERTEX
  5
4C5
330
4C4
100
AcDbEntity
  8
DEFAULT
 62
   250
100
AcDbVertex
100
AcDb2dVertex
 10
75.23744583333333
 20
70.45469638888888
 30
0.0
  0
VERTEX
  5
4C6
330
4C4
100
AcDbEntity
  8
DEFAULT
 62
   250
100
AcDbVertex
100
AcDb2dVertex
 10
75.23744583333333
 20
68.43363249999999
 30
0.0
  0
SEQEND
  5
4C7
330
4C4
100
AcDbEntity
  8
DEFAULT
 62
   250
  0
SPLINE
  5
4C8
330
1F
100
AcDbEntity
  8
DEFAULT
 62
     1
100
AcDbSpline
210
0.0
220
0.0
230
1.0
 70
    11
 71
     3
 72
   437
 73
   433
 74
     0
 42
0.000000001
 43
0.0000000001
 40
1.0
 40
1.0
 40
1.0
 40
1.0
 40
2.0
 40
2.0
 40
2.0
 40
11.91999999999996
 40
11.91999999999996
 40
11.91999999999996
 40
20.41999999999996
 40
20.41999999999996
 40
20.41999999999996
 40
30.33999999999992
 40
30.33999999999992
 40
30.33999999999992
 40
31.33999999999992
 40
31.33999999999992
 40
31.33999999999992
 40
32.33999999999992
 40
32.33999999999992
 40
32.33999999999992
 40
33.33999999999992
 40
33.33999999999992
 40
33.33999999999992
 40
34.33999999999992
 40
34.33999999999992
 40
34.33999999999992
 40
35.33999999999992
 40
35.33999999999992
 40
35.33999999999992
 40
36.33999999999992
 40
36.33999999999992
 40
36.33999999999992
 40
37.33999999999992
 40
37.33999999999992
 40
37.33999999999992
 40
45.83942350986223
 40
45.83942350986223
 40
45.83942350986223
 40
46.83942350986223
 40
46.83942350986223
 40
46.83942350986223
 40
47.83942350986223
 40
47.83942350986223
 40
47.83942350986223
 40
48.83942350986223
 40
48.83942350986223
 40
48.83942350986223
 40
49.83942350986223
 40
49.83942350986223
 40
49.83942350986223
 40
50.83942350986223
 40
50.83942350986223
 40
50.83942350986223
 40
51.83942350986223
 40
51.83942350986223
 40
51.83942350986223
 40
52.83942350986223
 40
52.83942350986223
 40
52.83942350986223
 40
53.83942350986223
 40
53.83942350986223
 40
53.83942350986223
 40
62.3459210264668
 40
62.3459210264668
 40
62.3459210264668
 40
63.3459210264668
 40
63.3459210264668
 40
63.3459210264668
 40
64.3459210264668
 40
64.3459210264668
 40
64.3459210264668
 40
65.3459210264668
 40
65.3459210264668
 40
65.3459210264668
 40
66.3459210264668
 40
66.3459210264668
 40
66.3459210264668
 40
67.3459210264668
 40
67.3459210264668
 40
67.3459210264668
 40
68.3459210264668
 40
68.3459210264668
 40
68.3459210264668
 40
69.3459210264668
 40
69.3459210264668
 40
69.3459210264668
 40
79.26692102646679
 40
79.26692102646679
 40
79.26692102646679
 40
87.76692102646679
 40
87.76692102646679
 40
87.76692102646679
 40
97.68792102646678
 40
97.68792102646678
 40
97.68792102646678
 40
98.68792102646678
 40
98.68792102646678
 40
98.68792102646678
 40
99.68792102646678
 40
99.68792102646678
 40
99.68792102646678
 40
100.6879210264668
 40
100.6879210264668
 40
100.6879210264668
 40
101.6879210264668
 40
101.6879210264668
 40
101.6879210264668
 40
102.6879210264668
 40
102.6879210264668
 40
102.6879210264668
 40
103.6879210264668
 40
103.6879210264668
 40
103.6879210264668
 40
113.6089210264668
 40
113.6089210264668
 40
113.6089210264668
 40
122.1089210264668
 40
122.1089210264668
 40
122.1089210264668
 40
132.0299210264668
 40
132.0299210264668
 40
132.0299210264668
 40
133.0299210264668
 40
133.0299210264668
 40
133.0299210264668
 40
134.0299210264668
 40
134.0299210264668
 40
134.0299210264668
 40
135.0299210264668
 40
135.0299210264668
 40
135.0299210264668
 40
136.0299210264668
 40
136.0299210264668
 40
136.0299210264668
 40
137.0299210264668
 40
137.0299210264668
 40
137.0299210264668
 40
138.0299210264668
 40
138.0299210264668
 40
138.0299210264668
 40
139.0299210264668
 40
139.0299210264668
 40
139.0299210264668
 40
147.529344536329
 40
147.529344536329
 40
147.529344536329
 40
148.529344536329
 40
148.529344536329
 40
148.529344536329
 40
149.529344536329
 40
149.529344536329
 40
149.529344536329
 40
150.529344536329
 40
150.529344536329
 40
150.529344536329
 40
151.529344536329
 40
151.529344536329
 40
151.529344536329
 40
152.529344536329
 40
152.529344536329
 40
152.529344536329
 40
153.529344536329
 40
153.529344536329
 40
153.529344536329
 40
154.529344536329
 40
154.529344536329
 40
154.529344536329
 40
155.529344536329
 40
155.529344536329
 40
155.529344536329
 40
164.0358420529336
 40
164.0358420529336
 40
164.0358420529336
 40
165.0358420529336
 40
165.0358420529336
 40
165.0358420529336
 40
166.0358420529336
 40
166.0358420529336
 40
166.0358420529336
 40
167.0358420529336
 40
167.0358420529336
 40
167.0358420529336
 40
168.0358420529336
 40
168.0358420529336
 40
168.0358420529336
 40
169.0358420529336
 40
169.0358420529336
 40
169.0358420529336
 40
170.0358420529336
 40
170.0358420529336
 40
170.0358420529336
 40
171.0358420529336
 40
171.0358420529336
 40
171.0358420529336
 40
180.9558420529337
 40
180.9558420529337
 40
180.9558420529337
 40
189.4558420529337
 40
189.4558420529337
 40
189.4558420529337
 40
199.3758420529337
 40
199.3758420529337
 40
199.3758420529337
 40
200.3758420529337
 40
200.3758420529337
 40
200.3758420529337
 40
201.3758420529337
 40
201.3758420529337
 40
201.3758420529337
 40
202.3758420529337
 40
202.3758420529337
 40
202.3758420529337
 40
203.3758420529337
 40
203.3758420529337
 40
203.3758420529337
 40
204.3758420529337
 40
204.3758420529337
 40
204.3758420529337
 40
205.3758420529337
 40
205.3758420529337
 40
205.3758420529337
 40
215.2958420529337
 40
215.2958420529337
 40
215.2958420529337
 40
223.8058420529337
 40
223.8058420529337
 40
223.8058420529337
 40
233.7258420529337
 40
233.7258420529337
 40
233.7258420529337
 40
234.7258420529337
 40
234.7258420529337
 40
234.7258420529337
 40
235.7258420529337
 40
235.7258420529337
 40
235.7258420529337
 40
236.7258420529337
 40
236.7258420529337
 40
236.7258420529337
 40
237.7258420529337
 40
237.7258420529337
 40
237.7258420529337
 40
238.7258420529337
 40
238.7258420529337
 40
238.7258420529337
 40
239.7258420529337
 40
239.7258420529337
 40
239.7258420529337
 40
240.7258420529337
 40
240.7258420529337
 40
240.7258420529337
 40
249.2323395695383
 40
249.2323395695383
 40
249.2323395695383
 40
250.2323395695383
 40
250.2323395695383
 40
250.2323395695383
 40
251.2323395695383
 40
251.2323395695383
 40
251.2323395695383
 40
252.2323395695383
 40
252.2323395695383
 40
252.2323395695383
 40
253.2323395695383
 40
253.2323395695383
 40
253.2323395695383
 40
254.2323395695383
 40
254.2323395695383
 40
254.2323395695383
 40
255.2323395695383
 40
255.2323395695383
 40
255.2323395695383
 40
256.2323395695383
 40
256.2323395695383
 40
256.2323395695383
 40
257.2323395695383
 40
257.2323395695383
 40
257.2323395695383
 40
265.7388370861429
 40
265.7388370861429
 40
265.7388370861429
 40
266.7388370861429
 40
266.7388370861429
 40
266.7388370861429
 40
267.7388370861429
 40
267.7388370861429
 40
267.7388370861429
 40
268.7388370861429
 40
268.7388370861429
 40
268.7388370861429
 40
269.7388370861429
 40
269.7388370861429
 40
269.7388370861429
 40
270.7388370861429
 40
270.7388370861429
 40
270.7388370861429
 40
271.7388370861429
 40
271.7388370861429
 40
271.7388370861429
 40
272.7388370861429
 40
272.7388370861429
 40
272.7388370861429
 40
282.6588370861429
 40
282.6588370861429
 40
282.6588370861429
 40
291.1588370861429
 40
291.1588370861429
 40
291.1588370861429
 40
301.0788370861429
 40
301.0788370861429
 40
301.0788370861429
 40
302.0788370861429
 40
302.0788370861429
 40
302.0788370861429
 40
303.0788370861429
 40
303.0788370861429
 40
303.0788370861429
 40
304.0788370861429
 40
304.0788370861429
 40
304.0788370861429
 40
305.0788370861429
 40
305.0788370861429
 40
305.0788370861429
 40
306.0788370861429
 40
306.0788370861429
 40
306.0788370861429
 40
307.0788370861429
 40
307.0788370861429
 40
307.0788370861429
 40
316.9988370861429
 40
316.9988370861429
 40
316.9988370861429
 40
325.4988370861429
 40
325.4988370861429
 40
325.4988370861429
 40
335.418837086143
 40
335.418837086143
 40
335.418837086143
 40
336.418837086143
 40
336.418837086143
 40
336.418837086143
 40
337.418837086143
 40
337.418837086143
 40
337.418837086143
 40
338.418837086143
 40
338.418837086143
 40
338.418837086143
 40
339.418837086143
 40
339.418837086143
 40
339.418837086143
 40
340.418837086143
 40
340.418837086143
 40
340.418837086143
 40
341.418837086143
 40
341.418837086143
 40
341.418837086143
 40
342.418837086143
 40
342.418837086143
 40
342.418837086143
 40
350.932402731629
 40
350.932402731629
 40
350.932402731629
 40
351.932402731629
 40
351.932402731629
 40
351.932402731629
 40
352.932402731629
 40
352.932402731629
 40
352.932402731629
 40
353.932402731629
 40
353.932402731629
 40
353.932402731629
 40
354.932402731629
 40
354.932402731629
 40
354.932402731629
 40
355.932402731629
 40
355.932402731629
 40
355.932402731629
 40
356.932402731629
 40
356.932402731629
 40
356.932402731629
 40
357.932402731629
 40
357.932402731629
 40
357.932402731629
 40
358.932402731629
 40
358.932402731629
 40
358.932402731629
 40
367.4318262414913
 40
367.4318262414913
 40
367.4318262414913
 40
368.4318262414913
 40
368.4318262414913
 40
368.4318262414913
 40
369.4318262414913
 40
369.4318262414913
 40
369.4318262414913
 40
370.4318262414913
 40
370.4318262414913
 40
370.4318262414913
 40
371.4318262414913
 40
371.4318262414913
 40
371.4318262414913
 40
372.4318262414913
 40
372.4318262414913
 40
372.4318262414913
 40
373.4318262414913
 40
373.4318262414913
 40
373.4318262414913
 40
374.4318262414913
 40
374.4318262414913
 40
374.4318262414913
 40
384.3518262414913
 40
384.3518262414913
 40
384.3518262414913
 40
392.8618262414913
 40
392.8618262414913
 40
392.8618262414913
 40
402.7818262414912
 40
402.7818262414912
 40
402.7818262414912
 40
403.7818262414912
 40
403.7818262414912
 40
403.7818262414912
 40
404.7818262414912
 40
404.7818262414912
 40
404.7818262414912
 40
405.7818262414912
 40
405.7818262414912
 40
405.7818262414912
 40
406.7818262414912
 40
406.7818262414912
 40
406.7818262414912
 40
407.7818262414912
 40
407.7818262414912
 40
407.7818262414912
 40
407.7818262414912
 10
116.7484188888889
 20
48.82518527777777
 30
0.0
 10
115.7818077777778
 20
48.82518527777777
 30
0.0
 10
115.1715022222222
 20
48.72640749999999
 30
0.0
 10
114.9986411111111
 20
48.72640749999999
 30
0.0
 10
113.8321225925926
 20
48.72640749999999
 30
0.0
 10
112.6656040740741
 20
48.72640749999999
 30
0.0
 10
111.4990855555556
 20
48.72640749999999
 30
0.0
 10
111.4990855555556
 20
49.72594453703703
 30
0.0
 10
111.4990855555556
 20
50.72548157407406
 30
0.0
 10
111.4990855555556
 20
51.7250186111111
 30
0.0
 10
112.6656040740741
 20
51.7250186111111
 30
0.0
 10
113.8321225925926
 20
51.7250186111111
 30
0.0
 10
114.9986411111111
 20
51.7250186111111
 30
0.0
 10
115.1715022222222
 20
51.7250186111111
 30
0.0
 10
115.7818077777778
 20
51.62624083333333
 30
0.0
 10
116.7484188888889
 20
51.62624083333333
 30
0.0
 10
117.71503
 20
51.62624083333333
 30
0.0
 10
118.4981966666667
 20
51.66857416666666
 30
0.0
 10
118.4981966666667
 20
51.7250186111111
 30
0.0
 10
118.4981966666667
 20
54.72362972222221
 30
0.0
 10
116.7201966666667
 20
54.99879638888888
 30
0.0
 10
115.8347244444444
 20
57.1401575
 30
0.0
 10
114.9457244444444
 20
59.28151861111111
 30
0.0
 10
116.0111133333333
 20
60.73143527777777
 30
0.0
 10
113.8873911111111
 20
62.85198249999999
 30
0.0
 10
113.8485855555555
 20
62.89043527777777
 30
0.0
 10
113.2629744444444
 20
62.36832416666666
 30
0.0
 10
112.5821133333333
 20
61.68746305555555
 30
0.0
 10
111.8977244444444
 20
61.00307416666666
 30
0.0
 10
111.5378911111111
 20
60.50212972222221
 30
0.0
 10
111.4144188888889
 20
60.37865749999999
 30
0.0
 10
110.79353
 20
59.7577686111111
 30
0.0
 10
108.9379188888889
 20
57.90215749999999
 30
0.0
 10
108.9379188888889
 20
57.90215749999999
 30
0.0
 10
108.2311874074074
 20
58.60888898148147
 30
0.0
 10
107.5244559259259
 20
59.31562046296295
 30
0.0
 10
106.8177244444444
 20
60.02235194444444
 30
0.0
 10
106.8177244444444
 20
60.02235194444444
 30
0.0
 10
108.6733355555555
 20
61.88149083333333
 30
0.0
 10
109.2942244444444
 20
62.49920472222221
 30
0.0
 10
109.4176966666666
 20
62.62232416666667
 30
0.0
 10
109.9151133333333
 20
62.98215749999999
 30
0.0
 10
110.5995022222222
 20
63.66654638888889
 30
0.0
 10
111.2838911111111
 20
64.35128805555554
 30
0.0
 10
111.8060022222222
 20
64.93654638888887
 30
0.0
 10
111.7671966666667
 20
64.97535194444444
 30
0.0
 10
109.61878
 20
67.1237686111111
 30
0.0
 10
108.3417244444444
 20
67.03910194444444
 30
0.0
 10
107.1987244444444
 20
68.18562972222222
 30
0.0
 10
105.04678
 20
70.33404638888888
 30
0.0
 10
105.1314466666667
 20
71.60792694444443
 30
0.0
 10
103.9884466666667
 20
72.7544547222222
 30
0.0
 10
103.9496411111111
 20
72.79290749999998
 30
0.0
 10
103.36403
 20
72.27079638888888
 30
0.0
 10
102.6796411111111
 20
71.58676027777776
 30
0.0
 10
101.9952522222222
 20
70.90237138888888
 30
0.0
 10
101.6354188888889
 20
70.40107416666666
 30
0.0
 10
101.5119466666667
 20
70.27795472222222
 30
0.0
 10
100.8945855555556
 20
69.66059361111111
 30
0.0
 10
99.03897444444442
 20
67.8049825
 30
0.0
 10
99.03897444444442
 20
67.8049825
 30
0.0
 10
98.33106703703702
 20
68.51171398148148
 30
0.0
 10
97.6231596296296
 20
69.21844546296296
 30
0.0
 10
96.91525222222221
 20
69.92517694444443
 30
0.0
 10
96.91525222222221
 20
69.92517694444443
 30
0.0
 10
98.77086333333331
 20
71.78043527777777
 30
0.0
 10
99.3917522222222
 20
72.40167694444443
 30
0.0
 10
99.51522444444443
 20
72.52514916666667
 30
0.0
 10
100.0161688888889
 20
72.88462972222221
 30
0.0
 10
100.7005577777778
 20
73.5658436111111
 30
0.0
 10
101.3849466666667
 20
74.2502325
 30
0.0
 10
101.90353
 20
74.8358436111111
 30
0.0
 10
101.8647244444444
 20
74.87429638888888
 30
0.0
 10
99.74452999999998
 20
76.9948436111111
 30
0.0
 10
98.29461333333333
 20
75.93262972222222
 30
0.0
 10
96.15325222222222
 20
76.82162972222221
 30
0.0
 10
94.01189111111111
 20
77.70710194444443
 30
0.0
 10
93.74025222222221
 20
79.48545472222222
 30
0.0
 10
90.73811333333332
 20
79.48545472222222
 30
0.0
 10
90.68166888888886
 20
79.48545472222222
 30
0.0
 10
90.63933555555553
 20
78.70228805555554
 30
0.0
 10
90.63933555555553
 20
77.73567694444444
 30
0.0
 10
90.63933555555553
 20
76.76906583333331
 30
0.0
 10
90.73811333333332
 20
76.15876027777777
 30
0.0
 10
90.73811333333332
 20
75.98589916666666
 30
0.0
 10
90.73811333333332
 20
74.81926305555554
 30
0.0
 10
90.73811333333332
 20
73.65262694444444
 30
0.0
 10
90.73811333333332
 20
72.48599083333333
 30
0.0
 10
89.73857629629629
 20
72.48599083333333
 30
0.0
 10
88.73903925925924
 20
72.48599083333333
 30
0.0
 10
87.73950222222221
 20
72.48599083333333
 30
0.0
 10
87.73950222222221
 20
73.65262694444444
 30
0.0
 10
87.73950222222221
 20
74.81926305555554
 30
0.0
 10
87.73950222222221
 20
75.98589916666666
 30
0.0
 10
87.73950222222221
 20
76.15876027777777
 30
0.0
 10
87.83827999999998
 20
76.76906583333331
 30
0.0
 10
87.83827999999998
 20
77.73567694444444
 30
0.0
 10
87.83827999999998
 20
78.70228805555554
 30
0.0
 10
87.79241888888888
 20
79.48545472222222
 30
0.0
 10
87.73950222222221
 20
79.48545472222222
 30
0.0
 10
84.69855777777776
 20
79.48545472222222
 30
0.0
 10
83.85541888888888
 20
78.52237138888889
 30
0.0
 10
82.23616888888888
 20
78.52237138888889
 30
0.0
 10
79.19487166666666
 20
78.52237138888889
 30
0.0
 10
78.35526055555555
 20
79.48545472222222
 30
0.0
 10
76.73601055555555
 20
79.48545472222222
 30
0.0
 10
76.6795661111111
 20
79.48545472222222
 30
0.0
 10
76.63723277777777
 20
78.70228805555554
 30
0.0
 10
76.63723277777777
 20
77.73567694444444
 30
0.0
 10
76.63723277777777
 20
76.76906583333331
 30
0.0
 10
76.73601055555555
 20
76.15876027777777
 30
0.0
 10
76.73601055555555
 20
75.98589916666666
 30
0.0
 10
76.73601055555555
 20
74.81926305555554
 30
0.0
 10
76.73601055555555
 20
73.65262694444444
 30
0.0
 10
76.73601055555555
 20
72.48599083333333
 30
0.0
 10
75.73647351851851
 20
72.48599083333333
 30
0.0
 10
74.73693648148148
 20
72.48599083333333
 30
0.0
 10
73.73739944444443
 20
72.48599083333333
 30
0.0
 10
73.73739944444443
 20
73.65262694444444
 30
0.0
 10
73.73739944444443
 20
74.81926305555554
 30
0.0
 10
73.73739944444443
 20
75.98589916666666
 30
0.0
 10
73.73739944444443
 20
76.15876027777777
 30
0.0
 10
73.83617722222222
 20
76.76906583333331
 30
0.0
 10
73.83617722222222
 20
77.73567694444444
 30
0.0
 10
73.83617722222222
 20
78.70228805555554
 30
0.0
 10
73.7903161111111
 20
79.48545472222222
 30
0.0
 10
73.73739944444443
 20
79.48545472222222
 30
0.0
 10
70.73878833333332
 20
79.48545472222222
 30
0.0
 10
70.46362166666665
 20
77.70710194444443
 30
0.0
 10
68.32226055555554
 20
76.82162972222221
 30
0.0
 10
66.17737166666666
 20
75.93262972222222
 30
0.0
 10
64.73098277777777
 20
76.99801861111109
 30
0.0
 10
62.60726055555556
 20
74.87429638888888
 30
0.0
 10
62.56845499999999
 20
74.8358436111111
 30
0.0
 10
63.09056611111111
 20
74.2502325
 30
0.0
 10
63.774955
 20
73.5658436111111
 30
0.0
 10
64.45934388888888
 20
72.88462972222221
 30
0.0
 10
64.96028833333332
 20
72.52514916666667
 30
0.0
 10
65.08376055555554
 20
72.40167694444443
 30
0.0
 10
65.70112166666665
 20
71.78043527777777
 30
0.0
 10
67.55673277777777
 20
69.92517694444443
 30
0.0
 10
67.55673277777777
 20
69.92517694444443
 30
0.0
 10
66.85000129629628
 20
69.21844546296296
 30
0.0
 10
66.1432698148148
 20
68.51171398148148
 30
0.0
 10
65.43653833333332
 20
67.8049825
 30
0.0
 10
65.43653833333332
 20
67.8049825
 30
0.0
 10
63.58092722222221
 20
69.66059361111111
 30
0.0
 10
62.96003833333333
 20
70.27795472222222
 30
0.0
 10
62.8365661111111
 20
70.40107416666666
 30
0.0
 10
62.48026055555555
 20
70.90237138888888
 30
0.0
 10
61.79587166666666
 20
71.58676027777776
 30
0.0
 10
61.11148277777777
 20
72.27079638888888
 30
0.0
 10
60.52587166666665
 20
72.79290749999998
 30
0.0
 10
60.4870661111111
 20
72.7544547222222
 30
0.0
 10
58.33512166666666
 20
70.60251027777778
 30
0.0
 10
58.41978833333333
 20
69.32862972222222
 30
0.0
 10
57.27678833333333
 20
68.18562972222222
 30
0.0
 10
55.12484388888888
 20
66.03368527777776
 30
0.0
 10
53.8513161111111
 20
66.11835194444444
 30
0.0
 10
52.70831611111111
 20
64.97535194444444
 30
0.0
 10
52.66951055555555
 20
64.9330186111111
 30
0.0
 10
53.18809388888888
 20
64.35128805555554
 30
0.0
 10
53.87248277777777
 20
63.66654638888889
 30
0.0
 10
54.55687166666666
 20
62.98215749999999
 30
0.0
 10
55.05781611111111
 20
62.62232416666667
 30
0.0
 10
55.18128833333333
 20
62.49920472222221
 30
0.0
 10
55.80217722222221
 20
61.88149083333333
 30
0.0
 10
57.65778833333333
 20
60.02235194444444
 30
0.0
 10
57.65778833333333
 20
60.02235194444444
 30
0.0
 10
56.94988092592592
 20
59.31562046296295
 30
0.0
 10
56.24197351851851
 20
58.60888898148147
 30
0.0
 10
55.5340661111111
 20
57.90215749999999
 30
0.0
 10
55.5340661111111
 20
57.90215749999999
 30
0.0
 10
53.678455
 20
59.7577686111111
 30
0.0
 10
53.06109388888888
 20
60.37865749999999
 30
0.0
 10
52.93762166666666
 20
60.50212972222221
 30
0.0
 10
52.57778833333333
 20
61.00307416666666
 30
0.0
 10
51.89339944444444
 20
61.68746305555555
 30
0.0
 10
51.20901055555555
 20
62.36832416666666
 30
0.0
 10
50.62339944444443
 20
62.89043527777777
 30
0.0
 10
50.58459388888888
 20
62.85198249999999
 30
0.0
 10
48.46439944444444
 20
60.73143527777777
 30
0.0
 10
49.52626055555555
 20
59.28151861111111
 30
0.0
 10
48.64078833333333
 20
57.1401575
 30
0.0
 10
47.75178833333333
 20
54.99879638888888
 30
0.0
 10
45.9773161111111
 20
54.72362972222221
 30
0.0
 10
45.9773161111111
 20
51.7250186111111
 30
0.0
 10
45.9773161111111
 20
51.66857416666666
 30
0.0
 10
46.76048277777777
 20
51.62624083333333
 30
0.0
 10
47.72709388888889
 20
51.62624083333333
 30
0.0
 10
48.69370499999999
 20
51.62624083333333
 30
0.0
 10
49.30048277777777
 20
51.7250186111111
 30
0.0
 10
49.47687166666665
 20
51.7250186111111
 30
0.0
 10
50.64339018518518
 20
51.7250186111111
 30
0.0
 10
51.80990870370369
 20
51.7250186111111
 30
0.0
 10
52.97642722222221
 20
51.7250186111111
 30
0.0
 10
52.97642722222221
 20
50.72548157407406
 30
0.0
 10
52.97642722222221
 20
49.72594453703703
 30
0.0
 10
52.97642722222221
 20
48.72640749999999
 30
0.0
 10
51.80990870370369
 20
48.72640749999999
 30
0.0
 10
50.64339018518518
 20
48.72640749999999
 30
0.0
 10
49.47687166666665
 20
48.72640749999999
 30
0.0
 10
49.30048277777777
 20
48.72640749999999
 30
0.0
 10
48.69370499999999
 20
48.82518527777777
 30
0.0
 10
47.72709388888889
 20
48.82518527777777
 30
0.0
 10
46.76048277777777
 20
48.82518527777777
 30
0.0
 10
45.9773161111111
 20
48.77932416666666
 30
0.0
 10
45.9773161111111
 20
48.72640749999999
 30
0.0
 10
45.9773161111111
 20
45.68546305555554
 30
0.0
 10
46.93687166666666
 20
44.84232416666666
 30
0.0
 10
46.93687166666666
 20
43.22307416666666
 30
0.0
 10
46.93687166666666
 20
40.18212972222221
 30
0.0
 10
45.9773161111111
 20
39.3425186111111
 30
0.0
 10
45.9773161111111
 20
37.7232686111111
 30
0.0
 10
45.9773161111111
 20
37.66682416666666
 30
0.0
 10
46.76048277777777
 20
37.62096305555555
 30
0.0
 10
47.72709388888889
 20
37.62096305555555
 30
0.0
 10
48.69370499999999
 20
37.62096305555555
 30
0.0
 10
49.30048277777777
 20
37.7232686111111
 30
0.0
 10
49.47687166666665
 20
37.7232686111111
 30
0.0
 10
50.64339018518518
 20
37.7232686111111
 30
0.0
 10
51.80990870370369
 20
37.7232686111111
 30
0.0
 10
52.97642722222221
 20
37.7232686111111
 30
0.0
 10
52.97642722222221
 20
36.72255564814814
 30
0.0
 10
52.97642722222221
 20
35.72184268518517
 30
0.0
 10
52.97642722222221
 20
34.72112972222222
 30
0.0
 10
51.80990870370369
 20
34.72112972222222
 30
0.0
 10
50.64339018518518
 20
34.72112972222222
 30
0.0
 10
49.47687166666665
 20
34.72112972222222
 30
0.0
 10
49.30048277777777
 20
34.72112972222222
 30
0.0
 10
48.69370499999999
 20
34.82343527777777
 30
0.0
 10
47.72709388888889
 20
34.82343527777777
 30
0.0
 10
46.76048277777777
 20
34.82343527777777
 30
0.0
 10
45.9773161111111
 20
34.77757416666666
 30
0.0
 10
45.9773161111111
 20
34.72112972222222
 30
0.0
 10
45.9773161111111
 20
31.72251861111111
 30
0.0
 10
47.75178833333333
 20
31.45087972222221
 30
0.0
 10
48.64078833333333
 20
29.30599083333333
 30
0.0
 10
49.52626055555555
 20
27.16462972222222
 30
0.0
 10
48.46439944444444
 20
25.71471305555555
 30
0.0
 10
50.58459388888888
 20
23.59451861111111
 30
0.0
 10
50.62339944444443
 20
23.55536027777777
 30
0.0
 10
51.20901055555555
 20
24.07782416666666
 30
0.0
 10
51.89339944444444
 20
24.76221305555555
 30
0.0
 10
52.57778833333333
 20
25.44660194444444
 30
0.0
 10
52.93762166666666
 20
25.94754638888888
 30
0.0
 10
53.06109388888888
 20
26.0710186111111
 30
0.0
 10
53.678455
 20
26.68837972222222
 30
0.0
 10
55.5340661111111
 20
28.54399083333333
 30
0.0
 10
55.5340661111111
 20
28.54399083333333
 30
0.0
 10
56.24197351851851
 20
27.83725935185184
 30
0.0
 10
56.94988092592592
 20
27.13052787037036
 30
0.0
 10
57.65778833333333
 20
26.42379638888888
 30
0.0
 10
57.65778833333333
 20
26.42379638888888
 30
0.0
 10
55.80217722222221
 20
24.56818527777778
 30
0.0
 10
55.18128833333333
 20
23.94729638888888
 30
0.0
 10
55.05781611111111
 20
23.82382416666666
 30
0.0
 10
54.55687166666666
 20
23.46399083333333
 30
0.0
 10
53.87248277777777
 20
22.78312972222222
 30
0.0
 10
53.18809388888888
 20
22.09874083333333
 30
0.0
 10
52.66951055555555
 20
21.51312972222222
 30
0.0
 10
52.70831611111111
 20
21.47432416666666
 30
0.0
 10
54.85673277777776
 20
19.32202694444444
 30
0.0
 10
56.13026055555555
 20
19.40704638888889
 30
0.0
 10
57.27678833333333
 20
18.2636936111111
 30
0.0
 10
59.42520499999999
 20
16.11210194444444
 30
0.0
 10
59.34053833333332
 20
14.83857416666667
 30
0.0
 10
60.4870661111111
 20
13.69204638888889
 30
0.0
 10
60.52587166666665
 20
13.65324083333333
 30
0.0
 10
61.11148277777777
 20
14.17535194444444
 30
0.0
 10
61.79587166666666
 20
14.85974083333333
 30
0.0
 10
62.48026055555555
 20
15.54412972222222
 30
0.0
 10
62.84009388888887
 20
16.04507416666666
 30
0.0
 10
62.96003833333333
 20
16.16819361111111
 30
0.0
 10
63.58092722222221
 20
16.78555472222222
 30
0.0
 10
65.43653833333332
 20
18.64469361111111
 30
0.0
 10
65.43653833333332
 20
18.64469361111111
 30
0.0
 10
66.1432698148148
 20
17.9367862037037
 30
0.0
 10
66.85000129629628
 20
17.22887879629629
 30
0.0
 10
67.55673277777777
 20
16.52097138888888
 30
0.0
 10
67.55673277777777
 20
16.52097138888888
 30
0.0
 10
65.70112166666665
 20
14.66536027777778
 30
0.0
 10
65.08376055555554
 20
14.04799916666667
 30
0.0
 10
64.96028833333332
 20
13.92452694444444
 30
0.0
 10
64.45934388888888
 20
13.56504638888889
 30
0.0
 10
63.774955
 20
12.88030472222222
 30
0.0
 10
63.09056611111111
 20
12.19591583333333
 30
0.0
 10
62.56845499999999
 20
11.61030472222222
 30
0.0
 10
62.60726055555556
 20
11.57149916666666
 30
0.0
 10
64.72745499999999
 20
9.451304722222222
 30
0.0
 10
66.17737166666666
 20
10.51316583333333
 30
0.0
 10
68.32226055555554
 20
9.62769361111111
 30
0.0
 10
70.46362166666665
 20
8.738693611111106
 30
0.0
 10
70.73526055555556
 20
6.964221388888884
 30
0.0
 10
73.73739944444443
 20
6.964221388888884
 30
0.0
 10
73.7903161111111
 20
6.964221388888884
 30
0.0
 10
73.83617722222222
 20
7.743860277777776
 30
0.0
 10
73.83617722222222
 20
8.714351944444445
 30
0.0
 10
73.83617722222222
 20
9.680610277777774
 30
0.0
 10
73.73739944444443
 20
10.28738805555555
 30
0.0
 10
73.73739944444443
 20
10.46377694444444
 30
0.0
 10
73.73739944444443
 20
11.63029546296296
 30
0.0
 10
73.73739944444443
 20
12.79681398148148
 30
0.0
 10
73.73739944444443
 20
13.9633325
 30
0.0
 10
74.73693648148148
 20
13.9633325
 30
0.0
 10
75.73647351851852
 20
13.9633325
 30
0.0
 10
76.73601055555555
 20
13.9633325
 30
0.0
 10
76.73601055555555
 20
12.79681398148148
 30
0.0
 10
76.73601055555555
 20
11.63029546296296
 30
0.0
 10
76.73601055555555
 20
10.46377694444444
 30
0.0
 10
76.73601055555555
 20
10.28738805555555
 30
0.0
 10
76.63723277777777
 20
9.680610277777774
 30
0.0
 10
76.63723277777777
 20
8.714351944444445
 30
0.0
 10
76.63723277777777
 20
7.743860277777776
 30
0.0
 10
76.6795661111111
 20
6.964221388888884
 30
0.0
 10
76.73601055555555
 20
6.964221388888884
 30
0.0
 10
79.77695499999999
 20
6.964221388888884
 30
0.0
 10
80.62009388888889
 20
7.923776944444439
 30
0.0
 10
82.23616888888888
 20
7.923776944444439
 30
0.0
 10
85.27711333333333
 20
7.923776944444439
 30
0.0
 10
86.1202522222222
 20
6.964221388888884
 30
0.0
 10
87.73950222222221
 20
6.964221388888884
 30
0.0
 10
87.79241888888888
 20
6.964221388888884
 30
0.0
 10
87.83827999999998
 20
7.743860277777776
 30
0.0
 10
87.83827999999998
 20
8.714351944444445
 30
0.0
 10
87.83827999999998
 20
9.680610277777774
 30
0.0
 10
87.73950222222221
 20
10.28738805555555
 30
0.0
 10
87.73950222222221
 20
10.46377694444444
 30
0.0
 10
87.73950222222221
 20
11.63029546296296
 30
0.0
 10
87.73950222222221
 20
12.79681398148148
 30
0.0
 10
87.73950222222221
 20
13.9633325
 30
0.0
 10
88.73903925925924
 20
13.9633325
 30
0.0
 10
89.73857629629629
 20
13.9633325
 30
0.0
 10
90.73811333333332
 20
13.9633325
 30
0.0
 10
90.73811333333332
 20
12.79681398148148
 30
0.0
 10
90.73811333333332
 20
11.63029546296296
 30
0.0
 10
90.73811333333332
 20
10.46377694444444
 30
0.0
 10
90.73811333333332
 20
10.28738805555555
 30
0.0
 10
90.63933555555553
 20
9.680610277777774
 30
0.0
 10
90.63933555555553
 20
8.714351944444445
 30
0.0
 10
90.63933555555553
 20
7.743860277777776
 30
0.0
 10
90.68166888888886
 20
6.964221388888884
 30
0.0
 10
90.73811333333332
 20
6.964221388888884
 30
0.0
 10
93.73672444444443
 20
6.964221388888884
 30
0.0
 10
94.01189111111111
 20
8.738693611111106
 30
0.0
 10
96.15325222222222
 20
9.62769361111111
 30
0.0
 10
98.29461333333333
 20
10.51316583333333
 30
0.0
 10
99.74452999999998
 20
9.451304722222222
 30
0.0
 10
101.8647244444444
 20
11.57149916666666
 30
0.0
 10
101.9070577777778
 20
11.61030472222222
 30
0.0
 10
101.3849466666667
 20
12.19591583333333
 30
0.0
 10
100.7005577777778
 20
12.88030472222222
 30
0.0
 10
100.0161688888889
 20
13.56504638888889
 30
0.0
 10
99.51522444444443
 20
13.92452694444444
 30
0.0
 10
99.3917522222222
 20
14.04799916666667
 30
0.0
 10
98.77439111111109
 20
14.66536027777778
 30
0.0
 10
96.91525222222221
 20
16.52097138888888
 30
0.0
 10
96.91525222222221
 20
16.52097138888888
 30
0.0
 10
97.6231596296296
 20
17.22887879629629
 30
0.0
 10
98.33106703703702
 20
17.9367862037037
 30
0.0
 10
99.03897444444442
 20
18.64469361111111
 30
0.0
 10
99.03897444444442
 20
18.64469361111111
 30
0.0
 10
100.8945855555556
 20
16.78555472222222
 30
0.0
 10
101.5119466666667
 20
16.16819361111111
 30
0.0
 10
101.6354188888889
 20
16.04507416666666
 30
0.0
 10
101.9952522222222
 20
15.54412972222222
 30
0.0
 10
102.6796411111111
 20
14.85974083333333
 30
0.0
 10
103.36403
 20
14.17535194444444
 30
0.0
 10
103.9496411111111
 20
13.65324083333333
 30
0.0
 10
103.9884466666667
 20
13.69204638888889
 30
0.0
 10
106.1368633333333
 20
15.84399083333333
 30
0.0
 10
106.0521966666667
 20
17.11716583333333
 30
0.0
 10
107.1987244444444
 20
18.2636936111111
 30
0.0
 10
109.3471411111111
 20
20.41246305555555
 30
0.0
 10
110.6241966666667
 20
20.32779638888888
 30
0.0
 10
111.7671966666667
 20
21.47432416666666
 30
0.0
 10
111.8060022222222
 20
21.51312972222222
 30
0.0
 10
111.2838911111111
 20
22.09874083333333
 30
0.0
 10
110.5995022222222
 20
22.78312972222222
 30
0.0
 10
109.9151133333333
 20
23.46399083333333
 30
0.0
 10
109.4176966666666
 20
23.82382416666666
 30
0.0
 10
109.2942244444444
 20
23.94729638888888
 30
0.0
 10
108.6733355555555
 20
24.56818527777778
 30
0.0
 10
106.8177244444444
 20
26.42379638888888
 30
0.0
 10
106.8177244444444
 20
26.42379638888888
 30
0.0
 10
107.5244559259259
 20
27.13052787037036
 30
0.0
 10
108.2311874074074
 20
27.83725935185184
 30
0.0
 10
108.9379188888889
 20
28.54399083333333
 30
0.0
 10
108.9379188888889
 20
28.54399083333333
 30
0.0
 10
110.79353
 20
26.68837972222222
 30
0.0
 10
111.4144188888889
 20
26.0710186111111
 30
0.0
 10
111.5378911111111
 20
25.94754638888888
 30
0.0
 10
111.8977244444444
 20
25.44660194444444
 30
0.0
 10
112.5821133333333
 20
24.76221305555555
 30
0.0
 10
113.2629744444444
 20
24.07782416666666
 30
0.0
 10
113.8485855555555
 20
23.55536027777777
 30
0.0
 10
113.8873911111111
 20
23.59451861111111
 30
0.0
 10
116.0075855555555
 20
25.71471305555555
 30
0.0
 10
114.9457244444444
 20
27.16462972222222
 30
0.0
 10
115.8347244444444
 20
29.30599083333333
 30
0.0
 10
116.7201966666667
 20
31.45087972222221
 30
0.0
 10
118.4981966666667
 20
31.72251861111111
 30
0.0
 10
118.4981966666667
 20
34.72112972222222
 30
0.0
 10
118.4981966666667
 20
34.77757416666666
 30
0.0
 10
117.71503
 20
34.82343527777777
 30
0.0
 10
116.7484188888889
 20
34.82343527777777
 30
0.0
 10
115.7818077777778
 20
34.82343527777777
 30
0.0
 10
115.1715022222222
 20
34.72112972222222
 30
0.0
 10
114.9986411111111
 20
34.72112972222222
 30
0.0
 10
113.8321225925926
 20
34.72112972222222
 30
0.0
 10
112.6656040740741
 20
34.72112972222222
 30
0.0
 10
111.4990855555556
 20
34.72112972222222
 30
0.0
 10
111.4990855555556
 20
35.72184268518517
 30
0.0
 10
111.4990855555556
 20
36.72255564814814
 30
0.0
 10
111.4990855555556
 20
37.7232686111111
 30
0.0
 10
112.6656040740741
 20
37.7232686111111
 30
0.0
 10
113.8321225925926
 20
37.7232686111111
 30
0.0
 10
114.9986411111111
 20
37.7232686111111
 30
0.0
 10
115.1715022222222
 20
37.7232686111111
 30
0.0
 10
115.7818077777778
 20
37.62096305555555
 30
0.0
 10
116.7484188888889
 20
37.62096305555555
 30
0.0
 10
117.71503
 20
37.62096305555555
 30
0.0
 10
118.4981966666667
 20
37.66682416666666
 30
0.0
 10
118.4981966666667
 20
37.7232686111111
 30
0.0
 10
118.4981966666667
 20
40.76421305555555
 30
0.0
 10
117.5386411111111
 20
41.60382416666666
 30
0.0
 10
117.5386411111111
 20
43.22307416666666
 30
0.0
 10
117.5386411111111
 20
46.2640186111111
 30
0.0
 10
118.4981966666667
 20
47.10715749999999
 30
0.0
 10
118.4981966666667
 20
48.72640749999999
 30
0.0
 10
118.4981966666667
 20
48.77932416666666
 30
0.0
 10
117.71503
 20
48.82518527777777
 30
0.0
 10
116.7484188888889
 20
48.82518527777777
 30
0.0
  0
SPLINE
  5
4C9
330
1F
100
AcDbEntity
  8
DEFAULT
 62
     1
100
AcDbSpline
210
0.0
220
0.0
230
1.0
 70
    11
 71
     3
 72
   221
 73
   217
 74
     0
 42
0.000000001
 43
0.0000000001
 40
8.5
 40
8.5
 40
8.5
 40
8.5
 40
18.42000000000002
 40
18.42000000000002
 40
18.42000000000002
 40
19.42000000000002
 40
19.42000000000002
 40
19.42000000000002
 40
20.42000000000002
 40
20.42000000000002
 40
20.42000000000002
 40
21.42000000000002
 40
21.42000000000002
 40
21.42000000000002
 40
22.42000000000002
 40
22.42000000000002
 40
22.42000000000002
 40
23.42000000000002
 40
23.42000000000002
 40
23.42000000000002
 40
24.42000000000002
 40
24.42000000000002
 40
24.42000000000002
 40
34.3336370722354
 40
34.3336370722354
 40
34.3336370722354
 40
42.84013458883999
 40
42.84013458883999
 40
42.84013458883999
 40
43.84013458883999
 40
43.84013458883999
 40
43.84013458883999
 40
44.84013458883999
 40
44.84013458883999
 40
44.84013458883999
 40
45.84013458883999
 40
45.84013458883999
 40
45.84013458883999
 40
46.84013458883999
 40
46.84013458883999
 40
46.84013458883999
 40
47.84013458883999
 40
47.84013458883999
 40
47.84013458883999
 40
48.84013458883999
 40
48.84013458883999
 40
48.84013458883999
 40
49.84013458883999
 40
49.84013458883999
 40
49.84013458883999
 40
59.76013458883999
 40
59.76013458883999
 40
59.76013458883999
 40
68.27113458883998
 40
68.27113458883998
 40
68.27113458883998
 40
78.19113458883999
 40
78.19113458883999
 40
78.19113458883999
 40
79.19113458883999
 40
79.19113458883999
 40
79.19113458883999
 40
80.19113458883999
 40
80.19113458883999
 40
80.19113458883999
 40
81.19113458883999
 40
81.19113458883999
 40
81.19113458883999
 40
82.19113458883999
 40
82.19113458883999
 40
82.19113458883999
 40
83.19113458883999
 40
83.19113458883999
 40
83.19113458883999
 40
84.19113458883999
 40
84.19113458883999
 40
84.19113458883999
 40
85.19113458883999
 40
85.19113458883999
 40
85.19113458883999
 40
93.69763210544457
 40
93.69763210544457
 40
93.69763210544457
 40
94.69763210544457
 40
94.69763210544457
 40
94.69763210544457
 40
95.69763210544457
 40
95.69763210544457
 40
95.69763210544457
 40
96.69763210544457
 40
96.69763210544457
 40
96.69763210544457
 40
97.69763210544457
 40
97.69763210544457
 40
97.69763210544457
 40
98.69763210544457
 40
98.69763210544457
 40
98.69763210544457
 40
99.69763210544457
 40
99.69763210544457
 40
99.69763210544457
 40
100.6976321054446
 40
100.6976321054446
 40
100.6976321054446
 40
110.6176321054446
 40
110.6176321054446
 40
110.6176321054446
 40
119.1176321054446
 40
119.1176321054446
 40
119.1176321054446
 40
129.0376321054445
 40
129.0376321054445
 40
129.0376321054445
 40
130.0376321054445
 40
130.0376321054445
 40
130.0376321054445
 40
131.0376321054445
 40
131.0376321054445
 40
131.0376321054445
 40
132.0376321054445
 40
132.0376321054445
 40
132.0376321054445
 40
133.0376321054445
 40
133.0376321054445
 40
133.0376321054445
 40
134.0376321054445
 40
134.0376321054445
 40
134.0376321054445
 40
135.0376321054445
 40
135.0376321054445
 40
135.0376321054445
 40
136.0376321054445
 40
136.0376321054445
 40
136.0376321054445
 40
144.5370556153068
 40
144.5370556153068
 40
144.5370556153068
 40
145.5370556153068
 40
145.5370556153068
 40
145.5370556153068
 40
146.5370556153068
 40
146.5370556153068
 40
146.5370556153068
 40
147.5370556153068
 40
147.5370556153068
 40
147.5370556153068
 40
148.5370556153068
 40
148.5370556153068
 40
148.5370556153068
 40
149.5370556153068
 40
149.5370556153068
 40
149.5370556153068
 40
150.5370556153068
 40
150.5370556153068
 40
150.5370556153068
 40
151.5370556153068
 40
151.5370556153068
 40
151.5370556153068
 40
161.4670556153068
 40
161.4670556153068
 40
161.4670556153068
 40
169.9780556153068
 40
169.9780556153068
 40
169.9780556153068
 40
179.9080556153068
 40
179.9080556153068
 40
179.9080556153068
 40
180.9080556153068
 40
180.9080556153068
 40
180.9080556153068
 40
181.9080556153068
 40
181.9080556153068
 40
181.9080556153068
 40
182.9080556153068
 40
182.9080556153068
 40
182.9080556153068
 40
183.9080556153068
 40
183.9080556153068
 40
183.9080556153068
 40
184.9080556153068
 40
184.9080556153068
 40
184.9080556153068
 40
185.9080556153068
 40
185.9080556153068
 40
185.9080556153068
 40
186.9080556153068
 40
186.9080556153068
 40
186.9080556153068
 40
195.4074791251691
 40
195.4074791251691
 40
195.4074791251691
 40
196.4074791251691
 40
196.4074791251691
 40
196.4074791251691
 40
197.4074791251691
 40
197.4074791251691
 40
197.4074791251691
 40
198.4074791251691
 40
198.4074791251691
 40
198.4074791251691
 40
199.4074791251691
 40
199.4074791251691
 40
199.4074791251691
 40
200.4074791251691
 40
200.4074791251691
 40
200.4074791251691
 40
201.4074791251691
 40
201.4074791251691
 40
201.4074791251691
 40
202.4074791251691
 40
202.4074791251691
 40
202.4074791251691
 40
212.3274791251691
 40
212.3274791251691
 40
212.3274791251691
 40
220.8274791251691
 40
220.8274791251691
 40
220.8274791251691
 40
220.8274791251691
 10
103.4381133333333
 20
41.7237686111111
 30
0.0
 10
102.2715948148148
 20
41.7237686111111
 30
0.0
 10
101.1050762962963
 20
41.7237686111111
 30
0.0
 10
99.93855777777776
 20
41.7237686111111
 30
0.0
 10
99.76216888888887
 20
41.7237686111111
 30
0.0
 10
99.1553911111111
 20
41.82254638888888
 30
0.0
 10
98.18878
 20
41.82254638888888
 30
0.0
 10
97.22216888888887
 20
41.82254638888888
 30
0.0
 10
96.43900222222221
 20
41.78021305555555
 30
0.0
 10
96.43900222222221
 20
41.7237686111111
 30
0.0
 10
96.43900222222221
 20
40.12568527777777
 30
0.0
 10
95.93805777777777
 20
38.77807416666666
 30
0.0
 10
95.50061333333332
 20
37.73032416666666
 30
0.0
 10
95.06669666666664
 20
36.67904638888889
 30
0.0
 10
94.47050222222221
 20
35.3737686111111
 30
0.0
 10
93.33808555555555
 20
34.24487972222222
 30
0.0
 10
93.29927999999998
 20
34.20607416666666
 30
0.0
 10
93.8213911111111
 20
33.62046305555555
 30
0.0
 10
94.50577999999999
 20
32.93607416666666
 30
0.0
 10
95.19016888888888
 20
32.25168527777777
 30
0.0
 10
95.69111333333333
 20
31.89185194444444
 30
0.0
 10
95.81458555555554
 20
31.76837972222222
 30
0.0
 10
96.63890962962961
 20
30.94405564814815
 30
0.0
 10
97.46323370370368
 20
30.11973157407407
 30
0.0
 10
98.28755777777776
 20
29.2954075
 30
0.0
 10
97.58082629629628
 20
28.58750009259259
 30
0.0
 10
96.8740948148148
 20
27.87959268518518
 30
0.0
 10
96.16736333333331
 20
27.17168527777777
 30
0.0
 10
96.16736333333331
 20
27.17168527777777
 30
0.0
 10
94.31175222222221
 20
29.02729638888888
 30
0.0
 10
93.6943911111111
 20
29.64818527777778
 30
0.0
 10
93.57091888888888
 20
29.7716575
 30
0.0
 10
93.21108555555554
 20
30.27260194444444
 30
0.0
 10
92.52669666666665
 20
30.95699083333333
 30
0.0
 10
91.84230777777776
 20
31.63785194444444
 30
0.0
 10
91.25669666666664
 20
32.15996305555555
 30
0.0
 10
91.2178911111111
 20
32.1211575
 30
0.0
 10
90.0890022222222
 20
30.9922686111111
 30
0.0
 10
88.78372444444443
 20
30.39607416666666
 30
0.0
 10
87.73244666666665
 20
29.95862972222222
 30
0.0
 10
86.68116888888888
 20
29.52471305555555
 30
0.0
 10
85.33355777777777
 20
29.02376861111111
 30
0.0
 10
83.73900222222221
 20
29.02376861111111
 30
0.0
 10
83.68255777777777
 20
29.02376861111111
 30
0.0
 10
83.63669666666665
 20
28.24060194444444
 30
0.0
 10
83.63669666666665
 20
27.27399083333333
 30
0.0
 10
83.63669666666665
 20
26.30737972222222
 30
0.0
 10
83.73900222222221
 20
25.69707416666666
 30
0.0
 10
83.73900222222221
 20
25.52421305555555
 30
0.0
 10
83.73900222222221
 20
24.35769453703703
 30
0.0
 10
83.73900222222221
 20
23.19117601851852
 30
0.0
 10
83.73900222222221
 20
22.0246575
 30
0.0
 10
82.73817166666664
 20
22.0246575
 30
0.0
 10
81.73734111111109
 20
22.0246575
 30
0.0
 10
80.73651055555554
 20
22.0246575
 30
0.0
 10
80.73651055555554
 20
23.19117601851852
 30
0.0
 10
80.73651055555554
 20
24.35769453703703
 30
0.0
 10
80.73651055555554
 20
25.52421305555555
 30
0.0
 10
80.73651055555554
 20
25.69707416666666
 30
0.0
 10
80.8388161111111
 20
26.30737972222222
 30
0.0
 10
80.8388161111111
 20
27.27399083333333
 30
0.0
 10
80.8388161111111
 20
28.24060194444444
 30
0.0
 10
80.79295499999999
 20
29.02376861111111
 30
0.0
 10
80.73651055555554
 20
29.02376861111111
 30
0.0
 10
79.141955
 20
29.02376861111111
 30
0.0
 10
77.79434388888887
 20
29.52471305555555
 30
0.0
 10
76.7430661111111
 20
29.95862972222222
 30
0.0
 10
75.69178833333332
 20
30.39607416666666
 30
0.0
 10
74.38651055555555
 20
30.9922686111111
 30
0.0
 10
73.25762166666667
 20
32.1211575
 30
0.0
 10
73.2188161111111
 20
32.15996305555555
 30
0.0
 10
72.63320499999999
 20
31.63785194444444
 30
0.0
 10
71.9488161111111
 20
30.95699083333333
 30
0.0
 10
71.26442722222221
 20
30.27260194444444
 30
0.0
 10
70.90459388888888
 20
29.7716575
 30
0.0
 10
70.78112166666666
 20
29.64818527777778
 30
0.0
 10
70.16376055555554
 20
29.02729638888888
 30
0.0
 10
68.30814944444442
 20
27.17168527777777
 30
0.0
 10
68.30814944444442
 20
27.17168527777777
 30
0.0
 10
67.60141796296296
 20
27.87959268518518
 30
0.0
 10
66.89468648148147
 20
28.58750009259259
 30
0.0
 10
66.18795499999999
 20
29.2954075
 30
0.0
 10
66.18795499999999
 20
29.2954075
 30
0.0
 10
68.04356611111109
 20
31.15101861111111
 30
0.0
 10
68.66092722222221
 20
31.76837972222222
 30
0.0
 10
68.78439944444443
 20
31.89185194444444
 30
0.0
 10
69.28534388888887
 20
32.25168527777777
 30
0.0
 10
69.96973277777778
 20
32.93607416666666
 30
0.0
 10
70.65412166666667
 20
33.62046305555555
 30
0.0
 10
71.17623277777777
 20
34.20607416666666
 30
0.0
 10
71.13742722222221
 20
34.24487972222222
 30
0.0
 10
70.00501055555554
 20
35.3737686111111
 30
0.0
 10
69.4088161111111
 20
36.67904638888889
 30
0.0
 10
68.97489944444443
 20
37.73032416666666
 30
0.0
 10
68.537455
 20
38.77807416666666
 30
0.0
 10
68.03651055555555
 20
40.12568527777777
 30
0.0
 10
68.03651055555555
 20
41.7237686111111
 30
0.0
 10
68.03651055555555
 20
41.78021305555555
 30
0.0
 10
67.25334388888888
 20
41.82254638888888
 30
0.0
 10
66.28673277777777
 20
41.82254638888888
 30
0.0
 10
65.32012166666667
 20
41.82254638888888
 30
0.0
 10
64.71334388888887
 20
41.7237686111111
 30
0.0
 10
64.53695499999999
 20
41.7237686111111
 30
0.0
 10
63.37043648148148
 20
41.7237686111111
 30
0.0
 10
62.20391796296295
 20
41.7237686111111
 30
0.0
 10
61.03739944444443
 20
41.7237686111111
 30
0.0
 10
61.03739944444444
 20
42.72330564814814
 30
0.0
 10
61.03739944444444
 20
43.72284268518519
 30
0.0
 10
61.03739944444443
 20
44.72237972222221
 30
0.0
 10
62.20391796296295
 20
44.72237972222221
 30
0.0
 10
63.37043648148148
 20
44.72237972222221
 30
0.0
 10
64.53695499999999
 20
44.72237972222221
 30
0.0
 10
64.71334388888887
 20
44.72237972222221
 30
0.0
 10
65.32012166666667
 20
44.62360194444444
 30
0.0
 10
66.28673277777777
 20
44.62360194444444
 30
0.0
 10
67.25334388888888
 20
44.62360194444444
 30
0.0
 10
68.03651055555555
 20
44.66946305555555
 30
0.0
 10
68.03651055555555
 20
44.72237972222221
 30
0.0
 10
68.03651055555555
 20
46.32046305555555
 30
0.0
 10
68.537455
 20
47.66807416666666
 30
0.0
 10
68.97489944444443
 20
48.71935194444444
 30
0.0
 10
69.4088161111111
 20
49.76710194444444
 30
0.0
 10
70.00501055555554
 20
51.07590749999999
 30
0.0
 10
71.13742722222221
 20
52.20479638888889
 30
0.0
 10
71.17623277777777
 20
52.24360194444444
 30
0.0
 10
70.65412166666667
 20
52.82921305555555
 30
0.0
 10
69.96973277777778
 20
53.51360194444443
 30
0.0
 10
69.28534388888887
 20
54.19446305555554
 30
0.0
 10
68.78439944444443
 20
54.55429638888889
 30
0.0
 10
68.66092722222221
 20
54.67776861111111
 30
0.0
 10
68.04356611111109
 20
55.29865749999999
 30
0.0
 10
66.18795499999999
 20
57.15426861111111
 30
0.0
 10
66.18795499999999
 20
57.15426861111111
 30
0.0
 10
66.89468648148147
 20
57.8610000925926
 30
0.0
 10
67.60141796296296
 20
58.56773157407408
 30
0.0
 10
68.30814944444442
 20
59.27446305555555
 30
0.0
 10
68.30814944444442
 20
59.27446305555555
 30
0.0
 10
70.16376055555554
 20
57.41885194444444
 30
0.0
 10
70.78112166666666
 20
56.80149083333333
 30
0.0
 10
70.90459388888888
 20
56.67801861111111
 30
0.0
 10
71.26442722222221
 20
56.17707416666666
 30
0.0
 10
71.9488161111111
 20
55.49268527777777
 30
0.0
 10
72.63320499999999
 20
54.80829638888888
 30
0.0
 10
73.2188161111111
 20
54.28618527777777
 30
0.0
 10
73.25762166666667
 20
54.32499083333332
 30
0.0
 10
74.38651055555555
 20
55.45387972222221
 30
0.0
 10
75.69178833333332
 20
56.05360194444444
 30
0.0
 10
76.7430661111111
 20
56.4875186111111
 30
0.0
 10
77.79434388888887
 20
56.92143527777777
 30
0.0
 10
79.141955
 20
57.42237972222222
 30
0.0
 10
80.73651055555554
 20
57.42237972222222
 30
0.0
 10
80.79295499999999
 20
57.42237972222222
 30
0.0
 10
80.8388161111111
 20
58.20554638888888
 30
0.0
 10
80.8388161111111
 20
59.1721575
 30
0.0
 10
80.8388161111111
 20
60.14229638888889
 30
0.0
 10
80.73651055555554
 20
60.74907416666666
 30
0.0
 10
80.73651055555554
 20
60.92193527777776
 30
0.0
 10
80.73651055555554
 20
62.08962972222221
 30
0.0
 10
80.73651055555554
 20
63.25732416666665
 30
0.0
 10
80.73651055555554
 20
64.4250186111111
 30
0.0
 10
81.73734111111109
 20
64.4250186111111
 30
0.0
 10
82.73817166666664
 20
64.4250186111111
 30
0.0
 10
83.73900222222221
 20
64.4250186111111
 30
0.0
 10
83.73900222222221
 20
63.25732416666665
 30
0.0
 10
83.73900222222221
 20
62.08962972222221
 30
0.0
 10
83.73900222222221
 20
60.92193527777776
 30
0.0
 10
83.73900222222221
 20
60.74907416666666
 30
0.0
 10
83.63669666666665
 20
60.14229638888889
 30
0.0
 10
83.63669666666665
 20
59.1721575
 30
0.0
 10
83.63669666666665
 20
58.20554638888888
 30
0.0
 10
83.68255777777777
 20
57.42237972222222
 30
0.0
 10
83.73900222222221
 20
57.42237972222222
 30
0.0
 10
85.33355777777777
 20
57.42237972222222
 30
0.0
 10
86.68116888888888
 20
56.92143527777777
 30
0.0
 10
87.73244666666665
 20
56.4875186111111
 30
0.0
 10
88.78372444444443
 20
56.05360194444444
 30
0.0
 10
90.0890022222222
 20
55.45387972222221
 30
0.0
 10
91.2178911111111
 20
54.32499083333332
 30
0.0
 10
91.25669666666664
 20
54.28618527777777
 30
0.0
 10
91.84230777777776
 20
54.80829638888888
 30
0.0
 10
92.52669666666665
 20
55.49268527777777
 30
0.0
 10
93.21108555555554
 20
56.17707416666666
 30
0.0
 10
93.57091888888888
 20
56.67801861111111
 30
0.0
 10
93.6943911111111
 20
56.80149083333333
 30
0.0
 10
94.31175222222221
 20
57.41885194444444
 30
0.0
 10
96.16736333333331
 20
59.27446305555555
 30
0.0
 10
96.16736333333331
 20
59.27446305555555
 30
0.0
 10
96.8740948148148
 20
58.56773157407407
 30
0.0
 10
97.58082629629628
 20
57.8610000925926
 30
0.0
 10
98.28755777777776
 20
57.15426861111111
 30
0.0
 10
98.28755777777776
 20
57.15426861111111
 30
0.0
 10
96.43194666666665
 20
55.29865749999999
 30
0.0
 10
95.81458555555554
 20
54.67776861111111
 30
0.0
 10
95.69111333333333
 20
54.55429638888889
 30
0.0
 10
95.19016888888888
 20
54.19446305555554
 30
0.0
 10
94.50577999999999
 20
53.51360194444443
 30
0.0
 10
93.8213911111111
 20
52.82921305555555
 30
0.0
 10
93.29927999999998
 20
52.24360194444444
 30
0.0
 10
93.33808555555555
 20
52.20479638888889
 30
0.0
 10
94.47050222222221
 20
51.07590749999999
 30
0.0
 10
95.06669666666664
 20
49.76710194444444
 30
0.0
 10
95.50061333333332
 20
48.71935194444444
 30
0.0
 10
95.93805777777777
 20
47.66807416666666
 30
0.0
 10
96.43900222222221
 20
46.32046305555555
 30
0.0
 10
96.43900222222221
 20
44.72237972222221
 30
0.0
 10
96.43900222222221
 20
44.66946305555555
 30
0.0
 10
97.22216888888887
 20
44.62360194444444
 30
0.0
 10
98.18878
 20
44.62360194444444
 30
0.0
 10
99.1553911111111
 20
44.62360194444444
 30
0.0
 10
99.76216888888887
 20
44.72237972222221
 30
0.0
 10
99.93855777777776
 20
44.72237972222221
 30
0.0
 10
101.1050762962963
 20
44.72237972222221
 30
0.0
 10
102.2715948148148
 20
44.72237972222221
 30
0.0
 10
103.4381133333333
 20
44.72237972222221
 30
0.0
 10
103.4381133333333
 20
43.72284268518519
 30
0.0
 10
103.4381133333333
 20
42.72330564814814
 30
0.0
 10
103.4381133333333
 20
41.7237686111111
 30
0.0
  0
SPLINE
  5
4CA
330
1F
100
AcDbEntity
  8
DEFAULT
 62
   250
100
AcDbSpline
210
0.0
220
0.0
230
1.0
 70
     8
 71
     3
 72
    14
 73
    10
 74
     0
 42
0.000000001
 43
0.0000000001
 40
0.0
 40
0.0
 40
0.0
 40
0.0
 40
3.83299999999997
 40
3.83299999999997
 40
3.83299999999997
 40
4.83299999999997
 40
4.83299999999997
 40
4.83299999999997
 40
5.83299999999997
 40
5.83299999999997
 40
5.83299999999997
 40
5.83299999999997
 10
273.7899513888889
 20
55.64265111111111
 30
0.0
 10
274.2406837962963
 20
55.64265111111111
 30
0.0
 10
274.6914162037037
 20
55.64265111111111
 30
0.0
 10
275.1421486111111
 20
55.64265111111111
 30
0.0
 10
275.6790763888889
 20
55.64265111111111
 30
0.0
 10
275.8438236111111
 20
55.37877333333333
 30
0.0
 10
275.8438236111111
 20
55.03093444444444
 30
0.0
 10
275.8438236111111
 20
54.93497888888889
 30
0.0
 10
275.8230097222222
 20
54.81820944444445
 30
0.0
 10
275.7958458333333
 20
54.75224
 30
0.0
  0
SPLINE
  5
4CB
330
1F
100
AcDbEntity
  8
DEFAULT
 62
     1
100
AcDbSpline
210
0.0
220
0.0
230
1.0
 70
    11
 71
     3
 72
    50
 73
    46
 74
     0
 42
0.000000001
 43
0.0000000001
 40
1.0
 40
1.0
 40
1.0
 40
1.0
 40
2.0
 40
2.0
 40
2.0
 40
3.0
 40
3.0
 40
3.0
 40
4.0
 40
4.0
 40
4.0
 40
5.0
 40
5.0
 40
5.0
 40
6.0
 40
6.0
 40
6.0
 40
15.92000000000007
 40
15.92000000000007
 40
15.92000000000007
 40
24.43000000000006
 40
24.43000000000006
 40
24.43000000000006
 40
34.35000000000014
 40
34.35000000000014
 40
34.35000000000014
 40
35.35000000000014
 40
35.35000000000014
 40
35.35000000000014
 40
36.35000000000014
 40
36.35000000000014
 40
36.35000000000014
 40
37.35000000000014
 40
37.35000000000014
 40
37.35000000000014
 40
38.35000000000014
 40
38.35000000000014
 40
38.35000000000014
 40
46.86000000000013
 40
46.86000000000013
 40
46.86000000000013
 40
47.86000000000013
 40
47.86000000000013
 40
47.86000000000013
 40
48.86000000000013
 40
48.86000000000013
 40
48.86000000000013
 40
48.86000000000013
 10
267.4765344444444
 20
67.62506583333332
 30
0.0
 10
273.45259
 20
69.31839916666667
 30
0.0
 10
272.3625066666667
 20
67.71326027777776
 30
0.0
 10
277.1708677777777
 20
65.2155936111111
 30
0.0
 10
281.9757011111111
 20
62.71792694444444
 30
0.0
 10
277.13559
 20
59.69814916666666
 30
0.0
 10
281.8592844444444
 20
59.69814916666666
 30
0.0
 10
283.51734
 20
59.69814916666666
 30
0.0
 10
284.8578955555555
 20
58.3575936111111
 30
0.0
 10
284.8578955555555
 20
56.69953805555554
 30
0.0
 10
284.8578955555555
 20
56.64309361111111
 30
0.0
 10
284.0782566666666
 20
56.60076027777777
 30
0.0
 10
283.1081177777777
 20
56.60076027777777
 30
0.0
 10
282.1415066666667
 20
56.60076027777777
 30
0.0
 10
281.5347288888889
 20
56.69953805555554
 30
0.0
 10
281.35834
 20
56.69953805555554
 30
0.0
 10
280.1918214814814
 20
56.69953805555554
 30
0.0
 10
279.0253029629629
 20
56.69953805555554
 30
0.0
 10
277.8587844444444
 20
56.69953805555554
 30
0.0
 10
277.8587844444444
 20
55.69882509259259
 30
0.0
 10
277.8587844444444
 20
54.69811212962963
 30
0.0
 10
277.8587844444444
 20
53.69739916666666
 30
0.0
 10
279.0253029629629
 20
53.69739916666666
 30
0.0
 10
280.1918214814814
 20
53.69739916666666
 30
0.0
 10
281.35834
 20
53.69739916666666
 30
0.0
 10
281.5347288888889
 20
53.69739916666666
 30
0.0
 10
282.1415066666667
 20
53.79970472222222
 30
0.0
 10
283.1081177777777
 20
53.79970472222222
 30
0.0
 10
284.0782566666666
 20
53.79970472222222
 30
0.0
 10
284.8578955555555
 20
53.7538436111111
 30
0.0
 10
284.8578955555555
 20
53.69739916666666
 30
0.0
 10
284.8578955555555
 20
52.0393436111111
 30
0.0
 10
285.1577566666666
 20
48.15420194444443
 30
0.0
 10
282.7994372222222
 20
48.91584916666666
 30
0.0
 10
274.8308927777778
 20
51.48901027777777
 30
0.0
 10
270.8596733333333
 20
48.77826583333332
 30
0.0
 10
270.8596733333333
 20
53.69739916666666
 30
0.0
 10
270.8596733333333
 20
54.69811212962963
 30
0.0
 10
270.8596733333333
 20
55.69882509259259
 30
0.0
 10
270.8596733333333
 20
56.69953805555554
 30
0.0
 10
270.8596733333333
 20
59.32067694444444
 30
0.0
 10
271.6463677777778
 20
63.01249638888888
 30
0.0
 10
267.7869788888888
 20
64.19465472222221
 30
0.0
 10
263.92759
 20
65.37963527777777
 30
0.0
 10
261.5004788888888
 20
65.93173249999998
 30
0.0
 10
267.4765344444444
 20
67.62506583333332
 30
0.0
  0
SPLINE
  5
4CC
330
1F
100
AcDbEntity
  8
DEFAULT
 62
   250
100
AcDbSpline
210
0.0
220
0.0
230
1.0
 70
     8
 71
     3
 72
    14
 73
    10
 74
     0
 42
0.000000001
 43
0.0000000001
 40
0.0
 40
0.0
 40
0.0
 40
0.0
 40
3.83299999999997
 40
3.83299999999997
 40
3.83299999999997
 40
4.83299999999997
 40
4.83299999999997
 40
4.83299999999997
 40
5.83299999999997
 40
5.83299999999997
 40
5.83299999999997
 40
5.83299999999997
 10
263.3470941666666
 20
55.33333555555555
 30
0.0
 10
262.8963617592593
 20
55.33333555555555
 30
0.0
 10
262.4456293518519
 20
55.33333555555555
 30
0.0
 10
261.9948969444445
 20
55.33333555555555
 30
0.0
 10
261.4579691666667
 20
55.33333555555555
 30
0.0
 10
261.2932219444444
 20
55.59721333333333
 30
0.0
 10
261.2932219444444
 20
55.94505222222222
 30
0.0
 10
261.2932219444444
 20
56.04100777777778
 30
0.0
 10
261.3140358333333
 20
56.15777722222222
 30
0.0
 10
261.3411997222222
 20
56.22374666666666
 30
0.0
  0
SPLINE
  5
4CD
330
1F
100
AcDbEntity
  8
DEFAULT
 62
     1
100
AcDbSpline
210
0.0
220
0.0
230
1.0
 70
    11
 71
     3
 72
    50
 73
    46
 74
     0
 42
0.000000001
 43
0.0000000001
 40
1.0
 40
1.0
 40
1.0
 40
1.0
 40
2.0
 40
2.0
 40
2.0
 40
3.0
 40
3.0
 40
3.0
 40
4.0
 40
4.0
 40
4.0
 40
5.0
 40
5.0
 40
5.0
 40
6.0
 40
6.0
 40
6.0
 40
15.92000000000007
 40
15.92000000000007
 40
15.92000000000007
 40
24.43000000000006
 40
24.43000000000006
 40
24.43000000000006
 40
34.35000000000014
 40
34.35000000000014
 40
34.35000000000014
 40
35.35000000000014
 40
35.35000000000014
 40
35.35000000000014
 40
36.35000000000014
 40
36.35000000000014
 40
36.35000000000014
 40
37.35000000000014
 40
37.35000000000014
 40
37.35000000000014
 40
38.35000000000014
 40
38.35000000000014
 40
38.35000000000014
 40
46.86000000000013
 40
46.86000000000013
 40
46.86000000000013
 40
47.86000000000013
 40
47.86000000000013
 40
47.86000000000013
 40
48.86000000000013
 40
48.86000000000013
 40
48.86000000000013
 40
48.86000000000013
 10
269.6605111111111
 20
43.35092083333333
 30
0.0
 10
263.6844555555555
 20
41.6575875
 30
0.0
 10
264.7745388888889
 20
43.26272638888889
 30
0.0
 10
259.9661777777778
 20
45.76039305555555
 30
0.0
 10
255.1613444444444
 20
48.25805972222222
 30
0.0
 10
260.0014555555555
 20
51.2778375
 30
0.0
 10
255.2777611111111
 20
51.2778375
 30
0.0
 10
253.6197055555556
 20
51.2778375
 30
0.0
 10
252.27915
 20
52.61839305555556
 30
0.0
 10
252.27915
 20
54.27644861111111
 30
0.0
 10
252.27915
 20
54.33289305555555
 30
0.0
 10
253.0587888888889
 20
54.37522638888888
 30
0.0
 10
254.0289277777778
 20
54.37522638888888
 30
0.0
 10
254.9955388888889
 20
54.37522638888888
 30
0.0
 10
255.6023166666667
 20
54.27644861111111
 30
0.0
 10
255.7787055555555
 20
54.27644861111111
 30
0.0
 10
256.9452240740741
 20
54.27644861111111
 30
0.0
 10
258.1117425925926
 20
54.27644861111111
 30
0.0
 10
259.2782611111111
 20
54.27644861111111
 30
0.0
 10
259.2782611111111
 20
55.27716157407406
 30
0.0
 10
259.2782611111111
 20
56.27787453703703
 30
0.0
 10
259.2782611111111
 20
57.27858749999999
 30
0.0
 10
258.1117425925926
 20
57.27858749999999
 30
0.0
 10
256.9452240740741
 20
57.27858749999999
 30
0.0
 10
255.7787055555555
 20
57.27858749999999
 30
0.0
 10
255.6023166666667
 20
57.27858749999999
 30
0.0
 10
254.9955388888889
 20
57.17628194444444
 30
0.0
 10
254.0289277777778
 20
57.17628194444444
 30
0.0
 10
253.0587888888889
 20
57.17628194444444
 30
0.0
 10
252.27915
 20
57.22214305555555
 30
0.0
 10
252.27915
 20
57.27858749999999
 30
0.0
 10
252.27915
 20
58.93664305555556
 30
0.0
 10
251.9792888888889
 20
62.82178472222221
 30
0.0
 10
254.3376083333333
 20
62.06013749999999
 30
0.0
 10
262.3061527777778
 20
59.48697638888889
 30
0.0
 10
266.2773722222222
 20
62.19772083333333
 30
0.0
 10
266.2773722222222
 20
57.27858749999999
 30
0.0
 10
266.2773722222222
 20
56.27787453703703
 30
0.0
 10
266.2773722222222
 20
55.27716157407406
 30
0.0
 10
266.2773722222222
 20
54.27644861111111
 30
0.0
 10
266.2773722222222
 20
51.65530972222221
 30
0.0
 10
265.4906777777778
 20
47.96349027777777
 30
0.0
 10
269.3500666666666
 20
46.78168472222222
 30
0.0
 10
273.2094555555555
 20
45.59635138888889
 30
0.0
 10
275.6365666666667
 20
45.04425416666666
 30
0.0
 10
269.6605111111111
 20
43.35092083333333
 30
0.0
  0
SPLINE
  5
4CE
330
1F
100
AcDbEntity
  8
DEFAULT
 62
   250
100
AcDbSpline
210
0.0
220
0.0
230
1.0
 70
     8
 71
     3
 72
    14
 73
    10
 74
     0
 42
0.000000001
 43
0.0000000001
 40
0.0
 40
0.0
 40
0.0
 40
0.0
 40
3.832999999999998
 40
3.832999999999998
 40
3.832999999999998
 40
4.832999999999998
 40
4.832999999999998
 40
4.832999999999998
 40
5.832999999999998
 40
5.832999999999998
 40
5.832999999999998
 40
5.832999999999998
 10
277.4986688888889
 20
21.1280375
 30
0.0
 10
277.4986688888889
 20
20.67730509259259
 30
0.0
 10
277.4986688888889
 20
20.22657268518519
 30
0.0
 10
277.4986688888889
 20
19.77584027777778
 30
0.0
 10
277.4986688888889
 20
19.2389125
 30
0.0
 10
277.2347911111111
 20
19.07416527777778
 30
0.0
 10
276.8869522222222
 20
19.07416527777778
 30
0.0
 10
276.7909966666667
 20
19.07416527777778
 30
0.0
 10
276.6742272222222
 20
19.09497916666667
 30
0.0
 10
276.6082577777777
 20
19.12214305555555
 30
0.0
  0
SPLINE
  5
4CF
330
1F
100
AcDbEntity
  8
DEFAULT
 62
     1
100
AcDbSpline
210
0.0
220
0.0
230
1.0
 70
    11
 71
     3
 72
    50
 73
    46
 74
     0
 42
0.000000001
 43
0.0000000001
 40
1.0
 40
1.0
 40
1.0
 40
1.0
 40
2.0
 40
2.0
 40
2.0
 40
3.0
 40
3.0
 40
3.0
 40
4.0
 40
4.0
 40
4.0
 40
5.0
 40
5.0
 40
5.0
 40
6.0
 40
6.0
 40
6.0
 40
15.92
 40
15.92
 40
15.92
 40
24.42999999999999
 40
24.42999999999999
 40
24.42999999999999
 40
34.34999999999999
 40
34.34999999999999
 40
34.34999999999999
 40
35.34999999999999
 40
35.34999999999999
 40
35.34999999999999
 40
36.34999999999999
 40
36.34999999999999
 40
36.34999999999999
 40
37.34999999999999
 40
37.34999999999999
 40
37.34999999999999
 40
38.34999999999999
 40
38.34999999999999
 40
38.34999999999999
 40
46.85999999999999
 40
46.85999999999999
 40
46.85999999999999
 40
47.85999999999999
 40
47.85999999999999
 40
47.85999999999999
 40
48.85999999999999
 40
48.85999999999999
 40
48.85999999999999
 40
48.85999999999999
 10
289.481083611111
 20
27.44145444444444
 30
0.0
 10
291.1744169444444
 20
21.46539888888889
 30
0.0
 10
289.5692780555555
 20
22.55548222222222
 30
0.0
 10
287.0716113888888
 20
17.74712111111111
 30
0.0
 10
284.5739447222222
 20
12.94228777777778
 30
0.0
 10
281.5541669444444
 20
17.78239888888889
 30
0.0
 10
281.5541669444444
 20
13.05870444444444
 30
0.0
 10
281.5541669444444
 20
11.40064888888889
 30
0.0
 10
280.2136113888889
 20
10.06009333333333
 30
0.0
 10
278.5555558333333
 20
10.06009333333333
 30
0.0
 10
278.4991113888888
 20
10.06009333333333
 30
0.0
 10
278.4567780555555
 20
10.83973222222222
 30
0.0
 10
278.4567780555555
 20
11.80987111111111
 30
0.0
 10
278.4567780555555
 20
12.77648222222222
 30
0.0
 10
278.5555558333333
 20
13.38326
 30
0.0
 10
278.5555558333333
 20
13.55964888888889
 30
0.0
 10
278.5555558333333
 20
14.72616740740741
 30
0.0
 10
278.5555558333333
 20
15.89268592592592
 30
0.0
 10
278.5555558333333
 20
17.05920444444444
 30
0.0
 10
277.5548428703704
 20
17.05920444444444
 30
0.0
 10
276.5541299074073
 20
17.05920444444444
 30
0.0
 10
275.5534169444444
 20
17.05920444444444
 30
0.0
 10
275.5534169444444
 20
15.89268592592592
 30
0.0
 10
275.5534169444444
 20
14.72616740740741
 30
0.0
 10
275.5534169444444
 20
13.55964888888889
 30
0.0
 10
275.5534169444444
 20
13.38326
 30
0.0
 10
275.6557224999999
 20
12.77648222222222
 30
0.0
 10
275.6557224999999
 20
11.80987111111111
 30
0.0
 10
275.6557224999999
 20
10.83973222222222
 30
0.0
 10
275.6098613888888
 20
10.06009333333333
 30
0.0
 10
275.5534169444444
 20
10.06009333333333
 30
0.0
 10
273.8953613888889
 20
10.06009333333333
 30
0.0
 10
270.0102197222222
 20
9.760232222222221
 30
0.0
 10
270.7718669444444
 20
12.11855166666667
 30
0.0
 10
273.3450280555555
 20
20.08709611111111
 30
0.0
 10
270.6342836111111
 20
24.05831555555555
 30
0.0
 10
275.5534169444444
 20
24.05831555555555
 30
0.0
 10
276.5541299074073
 20
24.05831555555555
 30
0.0
 10
277.5548428703703
 20
24.05831555555555
 30
0.0
 10
278.5555558333333
 20
24.05831555555555
 30
0.0
 10
281.1766947222222
 20
24.05831555555555
 30
0.0
 10
284.8685141666666
 20
23.27162111111111
 30
0.0
 10
286.0506725
 20
27.13101
 30
0.0
 10
287.2356530555555
 20
30.99039888888889
 30
0.0
 10
287.7877502777778
 20
33.41750999999999
 30
0.0
 10
289.481083611111
 20
27.44145444444444
 30
0.0
  0
SPLINE
  5
4D0
330
1F
100
AcDbEntity
  8
DEFAULT
 62
   250
100
AcDbSpline
210
0.0
220
0.0
230
1.0
 70
     8
 71
     3
 72
    14
 73
    10
 74
     0
 42
0.000000001
 43
0.0000000001
 40
0.0
 40
0.0
 40
0.0
 40
0.0
 40
3.832999999999998
 40
3.832999999999998
 40
3.832999999999998
 40
4.832999999999998
 40
4.832999999999998
 40
4.832999999999998
 40
5.832999999999998
 40
5.832999999999998
 40
5.832999999999998
 40
5.832999999999998
 10
277.1893533333333
 20
31.57089472222222
 30
0.0
 10
277.1893533333333
 20
32.02162712962963
 30
0.0
 10
277.1893533333333
 20
32.47235953703704
 30
0.0
 10
277.1893533333333
 20
32.92309194444444
 30
0.0
 10
277.1893533333333
 20
33.46001972222222
 30
0.0
 10
277.4532311111111
 20
33.62476694444445
 30
0.0
 10
277.80107
 20
33.62476694444445
 30
0.0
 10
277.8970255555555
 20
33.62476694444445
 30
0.0
 10
278.013795
 20
33.60395305555556
 30
0.0
 10
278.0797644444444
 20
33.57678916666666
 30
0.0
  0
SPLINE
  5
4D1
330
1F
100
AcDbEntity
  8
DEFAULT
 62
     1
100
AcDbSpline
210
0.0
220
0.0
230
1.0
 70
    11
 71
     3
 72
    50
 73
    46
 74
     0
 42
0.000000001
 43
0.0000000001
 40
1.0
 40
1.0
 40
1.0
 40
1.0
 40
2.0
 40
2.0
 40
2.0
 40
3.0
 40
3.0
 40
3.0
 40
4.0
 40
4.0
 40
4.0
 40
5.0
 40
5.0
 40
5.0
 40
6.0
 40
6.0
 40
6.0
 40
15.91999999999999
 40
15.91999999999999
 40
15.91999999999999
 40
24.42999999999998
 40
24.42999999999998
 40
24.42999999999998
 40
34.34999999999997
 40
34.34999999999997
 40
34.34999999999997
 40
35.34999999999997
 40
35.34999999999997
 40
35.34999999999997
 40
36.34999999999997
 40
36.34999999999997
 40
36.34999999999997
 40
37.34999999999997
 40
37.34999999999997
 40
37.34999999999997
 40
38.34999999999997
 40
38.34999999999997
 40
38.34999999999997
 40
46.85999999999996
 40
46.85999999999996
 40
46.85999999999996
 40
47.85999999999996
 40
47.85999999999996
 40
47.85999999999996
 40
48.85999999999996
 40
48.85999999999996
 40
48.85999999999996
 40
48.85999999999996
 10
265.2069386111111
 20
25.25747777777778
 30
0.0
 10
263.5136052777777
 20
31.23353333333333
 30
0.0
 10
265.1187441666667
 20
30.14345
 30
0.0
 10
267.6164108333333
 20
34.95181111111111
 30
0.0
 10
270.1140775
 20
39.75664444444444
 30
0.0
 10
273.1338552777777
 20
34.91653333333333
 30
0.0
 10
273.1338552777777
 20
39.64022777777778
 30
0.0
 10
273.1338552777777
 20
41.29828333333333
 30
0.0
 10
274.4744108333333
 20
42.63883888888889
 30
0.0
 10
276.1324663888889
 20
42.63883888888889
 30
0.0
 10
276.1889108333333
 20
42.63883888888889
 30
0.0
 10
276.2312441666666
 20
41.8592
 30
0.0
 10
276.2312441666666
 20
40.88906111111111
 30
0.0
 10
276.2312441666666
 20
39.92245
 30
0.0
 10
276.1324663888889
 20
39.31567222222222
 30
0.0
 10
276.1324663888889
 20
39.13928333333333
 30
0.0
 10
276.1324663888889
 20
37.97276481481482
 30
0.0
 10
276.1324663888889
 20
36.8062462962963
 30
0.0
 10
276.1324663888889
 20
35.63972777777778
 30
0.0
 10
277.1331793518518
 20
35.63972777777778
 30
0.0
 10
278.1338923148148
 20
35.63972777777778
 30
0.0
 10
279.1346052777778
 20
35.63972777777778
 30
0.0
 10
279.1346052777778
 20
36.8062462962963
 30
0.0
 10
279.1346052777778
 20
37.97276481481482
 30
0.0
 10
279.1346052777778
 20
39.13928333333333
 30
0.0
 10
279.1346052777778
 20
39.31567222222222
 30
0.0
 10
279.0322997222221
 20
39.92245
 30
0.0
 10
279.0322997222221
 20
40.88906111111111
 30
0.0
 10
279.0322997222221
 20
41.8592
 30
0.0
 10
279.0781608333333
 20
42.63883888888889
 30
0.0
 10
279.1346052777778
 20
42.63883888888889
 30
0.0
 10
280.7926608333333
 20
42.63883888888889
 30
0.0
 10
284.6778025
 20
42.9387
 30
0.0
 10
283.9161552777778
 20
40.58038055555556
 30
0.0
 10
281.3429941666666
 20
32.61183611111111
 30
0.0
 10
284.0537386111111
 20
28.64061666666667
 30
0.0
 10
279.1346052777778
 20
28.64061666666667
 30
0.0
 10
278.1338923148148
 20
28.64061666666667
 30
0.0
 10
277.1331793518518
 20
28.64061666666667
 30
0.0
 10
276.1324663888889
 20
28.64061666666667
 30
0.0
 10
273.5113274999999
 20
28.64061666666667
 30
0.0
 10
269.8195080555556
 20
29.42731111111111
 30
0.0
 10
268.6373497222222
 20
25.56792222222222
 30
0.0
 10
267.4523691666666
 20
21.70853333333333
 30
0.0
 10
266.9002719444444
 20
19.28142222222222
 30
0.0
 10
265.2069386111111
 20
25.25747777777778
 30
0.0
  0
SPLINE
  5
4D2
330
1F
100
AcDbEntity
  8
DEFAULT
 62
   250
100
AcDbSpline
210
0.0
220
0.0
230
1.0
 70
     8
 71
     3
 72
    14
 73
    10
 74
     0
 42
0.000000001
 43
0.0000000001
 40
0.0
 40
0.0
 40
0.0
 40
0.0
 40
3.832999999999998
 40
3.832999999999998
 40
3.832999999999998
 40
4.832999999999998
 40
4.832999999999998
 40
4.832999999999998
 40
5.832999999999998
 40
5.832999999999998
 40
5.832999999999998
 40
5.832999999999998
 10
30.55782277777777
 20
53.27685277777777
 30
0.0
 10
31.00855518518518
 20
53.27685277777777
 30
0.0
 10
31.45928759259259
 20
53.27685277777777
 30
0.0
 10
31.91002
 20
53.27685277777777
 30
0.0
 10
32.44659499999999
 20
53.27685277777777
 30
0.0
 10
32.611695
 20
53.012975
 30
0.0
 10
32.611695
 20
52.6651361111111
 30
0.0
 10
32.611695
 20
52.56918055555555
 30
0.0
 10
32.59088111111111
 20
52.4524111111111
 30
0.0
 10
32.56371722222222
 20
52.38644166666666
 30
0.0
  0
SPLINE
  5
4D3
330
1F
100
AcDbEntity
  8
DEFAULT
 62
     1
100
AcDbSpline
210
0.0
220
0.0
230
1.0
 70
    11
 71
     3
 72
    50
 73
    46
 74
     0
 42
0.000000001
 43
0.0000000001
 40
1.0
 40
1.0
 40
1.0
 40
1.0
 40
2.0
 40
2.0
 40
2.0
 40
3.0
 40
3.0
 40
3.0
 40
4.0
 40
4.0
 40
4.0
 40
5.0
 40
5.0
 40
5.0
 40
6.0
 40
6.0
 40
6.0
 40
15.91999999999999
 40
15.91999999999999
 40
15.91999999999999
 40
24.42999999999998
 40
24.42999999999998
 40
24.42999999999998
 40
34.34999999999997
 40
34.34999999999997
 40
34.34999999999997
 40
35.34999999999997
 40
35.34999999999997
 40
35.34999999999997
 40
36.34999999999997
 40
36.34999999999997
 40
36.34999999999997
 40
37.34999999999997
 40
37.34999999999997
 40
37.34999999999997
 40
38.34999999999997
 40
38.34999999999997
 40
38.34999999999997
 40
46.85999999999996
 40
46.85999999999996
 40
46.85999999999996
 40
47.85999999999996
 40
47.85999999999996
 40
47.85999999999996
 40
48.85999999999996
 40
48.85999999999996
 40
48.85999999999996
 40
48.85999999999996
 10
24.24440583333333
 20
65.25926749999999
 30
0.0
 10
30.22046138888889
 20
66.95260083333334
 30
0.0
 10
29.13037805555555
 20
65.34746194444443
 30
0.0
 10
33.93873916666666
 20
62.84979527777777
 30
0.0
 10
38.74357249999999
 20
60.35212861111111
 30
0.0
 10
33.90346138888889
 20
57.33235083333332
 30
0.0
 10
38.62715583333333
 20
57.33235083333332
 30
0.0
 10
40.28521138888888
 20
57.33235083333332
 30
0.0
 10
41.62576694444444
 20
55.99179527777777
 30
0.0
 10
41.62576694444444
 20
54.33373972222221
 30
0.0
 10
41.62576694444444
 20
54.27729527777777
 30
0.0
 10
40.84612805555555
 20
54.23496194444444
 30
0.0
 10
39.87598916666666
 20
54.23496194444444
 30
0.0
 10
38.90937805555555
 20
54.23496194444444
 30
0.0
 10
38.30260027777777
 20
54.33373972222221
 30
0.0
 10
38.12621138888888
 20
54.33373972222221
 30
0.0
 10
36.95969287037037
 20
54.33373972222221
 30
0.0
 10
35.79317435185185
 20
54.33373972222221
 30
0.0
 10
34.62665583333333
 20
54.33373972222221
 30
0.0
 10
34.62665583333333
 20
53.33302675925925
 30
0.0
 10
34.62665583333333
 20
52.33231379629628
 30
0.0
 10
34.62665583333333
 20
51.33160083333333
 30
0.0
 10
35.79317435185185
 20
51.33160083333333
 30
0.0
 10
36.95969287037037
 20
51.33160083333333
 30
0.0
 10
38.12621138888888
 20
51.33160083333333
 30
0.0
 10
38.30260027777777
 20
51.33160083333333
 30
0.0
 10
38.90937805555555
 20
51.43390638888888
 30
0.0
 10
39.87598916666666
 20
51.43390638888888
 30
0.0
 10
40.84612805555555
 20
51.43390638888888
 30
0.0
 10
41.62576694444444
 20
51.38804527777777
 30
0.0
 10
41.62576694444444
 20
51.33160083333333
 30
0.0
 10
41.62576694444444
 20
49.67354527777777
 30
0.0
 10
41.92562805555556
 20
45.78840361111111
 30
0.0
 10
39.56730861111111
 20
46.55005083333333
 30
0.0
 10
31.59876416666667
 20
49.12321194444444
 30
0.0
 10
27.62754472222222
 20
46.41246749999999
 30
0.0
 10
27.62754472222222
 20
51.33160083333333
 30
0.0
 10
27.62754472222222
 20
52.33231379629628
 30
0.0
 10
27.62754472222222
 20
53.33302675925925
 30
0.0
 10
27.62754472222222
 20
54.33373972222221
 30
0.0
 10
27.62754472222222
 20
56.95487861111111
 30
0.0
 10
28.41423916666666
 20
60.64669805555555
 30
0.0
 10
24.55485027777777
 20
61.8285036111111
 30
0.0
 10
20.69546138888889
 20
63.01383694444444
 30
0.0
 10
18.26835027777778
 20
63.56593416666665
 30
0.0
 10
24.24440583333333
 20
65.25926749999999
 30
0.0
  0
SPLINE
  5
4D4
330
1F
100
AcDbEntity
  8
DEFAULT
 62
   250
100
AcDbSpline
210
0.0
220
0.0
230
1.0
 70
     8
 71
     3
 72
    14
 73
    10
 74
     0
 42
0.000000001
 43
0.0000000001
 40
0.0
 40
0.0
 40
0.0
 40
0.0
 40
3.832999999999998
 40
3.832999999999998
 40
3.832999999999998
 40
4.832999999999998
 40
4.832999999999998
 40
4.832999999999998
 40
5.832999999999998
 40
5.832999999999998
 40
5.832999999999998
 40
5.832999999999998
 10
20.11493027777778
 20
52.96753722222222
 30
0.0
 10
19.66419787037037
 20
52.96753722222221
 30
0.0
 10
19.21346546296296
 20
52.96753722222221
 30
0.0
 10
18.76273305555555
 20
52.96753722222222
 30
0.0
 10
18.22580527777778
 20
52.96753722222222
 30
0.0
 10
18.06105805555555
 20
53.231415
 30
0.0
 10
18.06105805555555
 20
53.57925388888889
 30
0.0
 10
18.06105805555555
 20
53.67520944444444
 30
0.0
 10
18.08187194444444
 20
53.79197888888888
 30
0.0
 10
18.10903583333333
 20
53.85794833333333
 30
0.0
  0
SPLINE
  5
4D5
330
1F
100
AcDbEntity
  8
DEFAULT
 62
     1
100
AcDbSpline
210
0.0
220
0.0
230
1.0
 70
    11
 71
     3
 72
    50
 73
    46
 74
     0
 42
0.000000001
 43
0.0000000001
 40
1.0
 40
1.0
 40
1.0
 40
1.0
 40
2.0
 40
2.0
 40
2.0
 40
3.0
 40
3.0
 40
3.0
 40
4.0
 40
4.0
 40
4.0
 40
5.0
 40
5.0
 40
5.0
 40
6.0
 40
6.0
 40
6.0
 40
15.92
 40
15.92
 40
15.92
 40
24.42999999999999
 40
24.42999999999999
 40
24.42999999999999
 40
34.34999999999999
 40
34.34999999999999
 40
34.34999999999999
 40
35.34999999999999
 40
35.34999999999999
 40
35.34999999999999
 40
36.34999999999999
 40
36.34999999999999
 40
36.34999999999999
 40
37.34999999999999
 40
37.34999999999999
 40
37.34999999999999
 40
38.34999999999999
 40
38.34999999999999
 40
38.34999999999999
 40
46.85999999999999
 40
46.85999999999999
 40
46.85999999999999
 40
47.85999999999999
 40
47.85999999999999
 40
47.85999999999999
 40
48.85999999999999
 40
48.85999999999999
 40
48.85999999999999
 40
48.85999999999999
 10
26.42834722222222
 20
40.9851225
 30
0.0
 10
20.45229166666667
 20
39.29178916666666
 30
0.0
 10
21.542375
 20
40.89692805555555
 30
0.0
 10
16.73401388888889
 20
43.39459472222222
 30
0.0
 10
11.92918055555556
 20
45.89226138888888
 30
0.0
 10
16.76929166666667
 20
48.91203916666667
 30
0.0
 10
12.04559722222222
 20
48.91203916666667
 30
0.0
 10
10.38754166666667
 20
48.91203916666667
 30
0.0
 10
9.046986111111112
 20
50.25259472222221
 30
0.0
 10
9.046986111111112
 20
51.91065027777778
 30
0.0
 10
9.046986111111112
 20
51.96709472222222
 30
0.0
 10
9.826625
 20
52.00942805555555
 30
0.0
 10
10.79676388888889
 20
52.00942805555555
 30
0.0
 10
11.763375
 20
52.00942805555555
 30
0.0
 10
12.37015277777778
 20
51.91065027777778
 30
0.0
 10
12.54654166666667
 20
51.91065027777778
 30
0.0
 10
13.71306018518519
 20
51.91065027777777
 30
0.0
 10
14.87957870370371
 20
51.91065027777777
 30
0.0
 10
16.04609722222222
 20
51.91065027777778
 30
0.0
 10
16.04609722222222
 20
52.91136324074074
 30
0.0
 10
16.04609722222222
 20
53.9120762037037
 30
0.0
 10
16.04609722222222
 20
54.91278916666666
 30
0.0
 10
14.87957870370371
 20
54.91278916666666
 30
0.0
 10
13.71306018518518
 20
54.91278916666666
 30
0.0
 10
12.54654166666667
 20
54.91278916666666
 30
0.0
 10
12.37015277777778
 20
54.91278916666666
 30
0.0
 10
11.763375
 20
54.8104836111111
 30
0.0
 10
10.79676388888889
 20
54.8104836111111
 30
0.0
 10
9.826625
 20
54.8104836111111
 30
0.0
 10
9.046986111111112
 20
54.85634472222222
 30
0.0
 10
9.046986111111112
 20
54.91278916666666
 30
0.0
 10
9.046986111111112
 20
56.57084472222221
 30
0.0
 10
8.747125000000002
 20
60.45598638888888
 30
0.0
 10
11.10544444444444
 20
59.69433916666666
 30
0.0
 10
19.07398888888889
 20
57.12117805555555
 30
0.0
 10
23.04520833333333
 20
59.83192249999999
 30
0.0
 10
23.04520833333333
 20
54.91278916666666
 30
0.0
 10
23.04520833333333
 20
53.9120762037037
 30
0.0
 10
23.04520833333333
 20
52.91136324074074
 30
0.0
 10
23.04520833333333
 20
51.91065027777778
 30
0.0
 10
23.04520833333333
 20
49.28951138888888
 30
0.0
 10
22.25851388888889
 20
45.59769194444444
 30
0.0
 10
26.11790277777778
 20
44.41588638888888
 30
0.0
 10
29.97729166666667
 20
43.23055305555555
 30
0.0
 10
32.40440277777778
 20
42.67845583333332
 30
0.0
 10
26.42834722222222
 20
40.9851225
 30
0.0
  0
SPLINE
  5
4D6
330
1F
100
AcDbEntity
  8
DEFAULT
 62
   250
100
AcDbSpline
210
0.0
220
0.0
230
1.0
 70
     8
 71
     3
 72
    14
 73
    10
 74
     0
 42
0.000000001
 43
0.0000000001
 40
0.0
 40
0.0
 40
0.0
 40
0.0
 40
3.832999999999998
 40
3.832999999999998
 40
3.832999999999998
 40
4.832999999999998
 40
4.832999999999998
 40
4.832999999999998
 40
5.832999999999998
 40
5.832999999999998
 40
5.832999999999998
 40
5.832999999999998
 10
30.55782277777777
 20
22.25809055555555
 30
0.0
 10
31.00855518518518
 20
22.25809055555555
 30
0.0
 10
31.45928759259259
 20
22.25809055555555
 30
0.0
 10
31.91002
 20
22.25809055555555
 30
0.0
 10
32.44659499999999
 20
22.25809055555555
 30
0.0
 10
32.611695
 20
21.99421277777778
 30
0.0
 10
32.611695
 20
21.64637388888889
 30
0.0
 10
32.611695
 20
21.55041833333333
 30
0.0
 10
32.59088111111111
 20
21.43364888888889
 30
0.0
 10
32.56371722222222
 20
21.36767944444444
 30
0.0
  0
SPLINE
  5
4D7
330
1F
100
AcDbEntity
  8
DEFAULT
 62
     1
100
AcDbSpline
210
0.0
220
0.0
230
1.0
 70
    11
 71
     3
 72
    50
 73
    46
 74
     0
 42
0.000000001
 43
0.0000000001
 40
1.0
 40
1.0
 40
1.0
 40
1.0
 40
2.0
 40
2.0
 40
2.0
 40
3.0
 40
3.0
 40
3.0
 40
4.0
 40
4.0
 40
4.0
 40
5.0
 40
5.0
 40
5.0
 40
6.0
 40
6.0
 40
6.0
 40
15.91999999999999
 40
15.91999999999999
 40
15.91999999999999
 40
24.42999999999999
 40
24.42999999999999
 40
24.42999999999999
 40
34.34999999999997
 40
34.34999999999997
 40
34.34999999999997
 40
35.34999999999997
 40
35.34999999999997
 40
35.34999999999997
 40
36.34999999999997
 40
36.34999999999997
 40
36.34999999999997
 40
37.34999999999997
 40
37.34999999999997
 40
37.34999999999997
 40
38.34999999999997
 40
38.34999999999997
 40
38.34999999999997
 40
46.85999999999997
 40
46.85999999999997
 40
46.85999999999997
 40
47.85999999999997
 40
47.85999999999997
 40
47.85999999999997
 40
48.85999999999997
 40
48.85999999999997
 40
48.85999999999997
 40
48.85999999999997
 10
24.24440583333333
 20
34.24050527777778
 30
0.0
 10
30.22046138888889
 20
35.93383861111111
 30
0.0
 10
29.13037805555555
 20
34.32869972222222
 30
0.0
 10
33.93873916666666
 20
31.83103305555555
 30
0.0
 10
38.74357249999999
 20
29.33336638888889
 30
0.0
 10
33.90346138888889
 20
26.31358861111111
 30
0.0
 10
38.62715583333333
 20
26.31358861111111
 30
0.0
 10
40.28521138888888
 20
26.31358861111111
 30
0.0
 10
41.62576694444444
 20
24.97303305555556
 30
0.0
 10
41.62576694444444
 20
23.3149775
 30
0.0
 10
41.62576694444444
 20
23.25853305555556
 30
0.0
 10
40.84612805555555
 20
23.21619972222222
 30
0.0
 10
39.87598916666666
 20
23.21619972222222
 30
0.0
 10
38.90937805555555
 20
23.21619972222222
 30
0.0
 10
38.30260027777777
 20
23.3149775
 30
0.0
 10
38.12621138888888
 20
23.3149775
 30
0.0
 10
36.95969287037037
 20
23.3149775
 30
0.0
 10
35.79317435185185
 20
23.3149775
 30
0.0
 10
34.62665583333333
 20
23.3149775
 30
0.0
 10
34.62665583333333
 20
22.31426453703704
 30
0.0
 10
34.62665583333333
 20
21.31355157407408
 30
0.0
 10
34.62665583333333
 20
20.31283861111111
 30
0.0
 10
35.79317435185185
 20
20.31283861111111
 30
0.0
 10
36.95969287037037
 20
20.31283861111111
 30
0.0
 10
38.12621138888888
 20
20.31283861111111
 30
0.0
 10
38.30260027777777
 20
20.31283861111111
 30
0.0
 10
38.90937805555555
 20
20.41514416666667
 30
0.0
 10
39.87598916666666
 20
20.41514416666667
 30
0.0
 10
40.84612805555555
 20
20.41514416666667
 30
0.0
 10
41.62576694444444
 20
20.36928305555556
 30
0.0
 10
41.62576694444444
 20
20.31283861111111
 30
0.0
 10
41.62576694444444
 20
18.65478305555555
 30
0.0
 10
41.92562805555556
 20
14.76964138888889
 30
0.0
 10
39.56730861111111
 20
15.53128861111111
 30
0.0
 10
31.59876416666667
 20
18.10444972222222
 30
0.0
 10
27.62754472222222
 20
15.39370527777778
 30
0.0
 10
27.62754472222222
 20
20.31283861111111
 30
0.0
 10
27.62754472222222
 20
21.31355157407408
 30
0.0
 10
27.62754472222222
 20
22.31426453703704
 30
0.0
 10
27.62754472222222
 20
23.3149775
 30
0.0
 10
27.62754472222222
 20
25.93611638888889
 30
0.0
 10
28.41423916666666
 20
29.62793583333333
 30
0.0
 10
24.55485027777777
 20
30.80974138888889
 30
0.0
 10
20.69546138888889
 20
31.99507472222222
 30
0.0
 10
18.26835027777778
 20
32.54717194444444
 30
0.0
 10
24.24440583333333
 20
34.24050527777778
 30
0.0
  0
SPLINE
  5
4D8
330
1F
100
AcDbEntity
  8
DEFAULT
 62
   250
100
AcDbSpline
210
0.0
220
0.0
230
1.0
 70
     8
 71
     3
 72
    14
 73
    10
 74
     0
 42
0.000000001
 43
0.0000000001
 40
0.0
 40
0.0
 40
0.0
 40
0.0
 40
3.832999999999998
 40
3.832999999999998
 40
3.832999999999998
 40
4.832999999999998
 40
4.832999999999998
 40
4.832999999999998
 40
5.832999999999998
 40
5.832999999999998
 40
5.832999999999998
 40
5.832999999999998
 10
20.11493027777778
 20
21.948775
 30
0.0
 10
19.66419787037037
 20
21.948775
 30
0.0
 10
19.21346546296296
 20
21.948775
 30
0.0
 10
18.76273305555555
 20
21.948775
 30
0.0
 10
18.22580527777778
 20
21.948775
 30
0.0
 10
18.06105805555555
 20
22.21265277777777
 30
0.0
 10
18.06105805555555
 20
22.56049166666666
 30
0.0
 10
18.06105805555555
 20
22.65644722222222
 30
0.0
 10
18.08187194444444
 20
22.77321666666667
 30
0.0
 10
18.10903583333333
 20
22.83918611111111
 30
0.0
  0
SPLINE
  5
4D9
330
1F
100
AcDbEntity
  8
DEFAULT
 62
     1
100
AcDbSpline
210
0.0
220
0.0
230
1.0
 70
    11
 71
     3
 72
    50
 73
    46
 74
     0
 42
0.000000001
 43
0.0000000001
 40
1.0
 40
1.0
 40
1.0
 40
1.0
 40
2.0
 40
2.0
 40
2.0
 40
3.0
 40
3.0
 40
3.0
 40
4.0
 40
4.0
 40
4.0
 40
5.0
 40
5.0
 40
5.0
 40
6.0
 40
6.0
 40
6.0
 40
15.92
 40
15.92
 40
15.92
 40
24.43
 40
24.43
 40
24.43
 40
34.35
 40
34.35
 40
34.35
 40
35.35
 40
35.35
 40
35.35
 40
36.35
 40
36.35
 40
36.35
 40
37.35
 40
37.35
 40
37.35
 40
38.35
 40
38.35
 40
38.35
 40
46.86
 40
46.86
 40
46.86
 40
47.86
 40
47.86
 40
47.86
 40
48.86
 40
48.86
 40
48.86
 40
48.86
 10
26.42834722222222
 20
9.966360277777778
 30
0.0
 10
20.45229166666667
 20
8.273026944444444
 30
0.0
 10
21.542375
 20
9.878165833333332
 30
0.0
 10
16.73401388888889
 20
12.3758325
 30
0.0
 10
11.92918055555556
 20
14.87349916666667
 30
0.0
 10
16.76929166666667
 20
17.89327694444444
 30
0.0
 10
12.04559722222222
 20
17.89327694444444
 30
0.0
 10
10.38754166666667
 20
17.89327694444444
 30
0.0
 10
9.046986111111112
 20
19.2338325
 30
0.0
 10
9.046986111111112
 20
20.89188805555555
 30
0.0
 10
9.046986111111112
 20
20.9483325
 30
0.0
 10
9.826625
 20
20.99066583333333
 30
0.0
 10
10.79676388888889
 20
20.99066583333333
 30
0.0
 10
11.763375
 20
20.99066583333333
 30
0.0
 10
12.37015277777778
 20
20.89188805555555
 30
0.0
 10
12.54654166666667
 20
20.89188805555555
 30
0.0
 10
13.71306018518519
 20
20.89188805555555
 30
0.0
 10
14.87957870370371
 20
20.89188805555555
 30
0.0
 10
16.04609722222222
 20
20.89188805555555
 30
0.0
 10
16.04609722222222
 20
21.89260101851852
 30
0.0
 10
16.04609722222222
 20
22.89331398148148
 30
0.0
 10
16.04609722222222
 20
23.89402694444444
 30
0.0
 10
14.87957870370371
 20
23.89402694444444
 30
0.0
 10
13.71306018518518
 20
23.89402694444444
 30
0.0
 10
12.54654166666667
 20
23.89402694444444
 30
0.0
 10
12.37015277777778
 20
23.89402694444444
 30
0.0
 10
11.763375
 20
23.79172138888889
 30
0.0
 10
10.79676388888889
 20
23.79172138888889
 30
0.0
 10
9.826625
 20
23.79172138888889
 30
0.0
 10
9.046986111111112
 20
23.8375825
 30
0.0
 10
9.046986111111112
 20
23.89402694444444
 30
0.0
 10
9.046986111111112
 20
25.5520825
 30
0.0
 10
8.747125000000002
 20
29.43722416666666
 30
0.0
 10
11.10544444444444
 20
28.67557694444444
 30
0.0
 10
19.07398888888889
 20
26.10241583333333
 30
0.0
 10
23.04520833333333
 20
28.81316027777778
 30
0.0
 10
23.04520833333333
 20
23.89402694444444
 30
0.0
 10
23.04520833333333
 20
22.89331398148148
 30
0.0
 10
23.04520833333333
 20
21.89260101851852
 30
0.0
 10
23.04520833333333
 20
20.89188805555555
 30
0.0
 10
23.04520833333333
 20
18.27074916666666
 30
0.0
 10
22.25851388888889
 20
14.57892972222222
 30
0.0
 10
26.11790277777778
 20
13.39712416666667
 30
0.0
 10
29.97729166666667
 20
12.21179083333333
 30
0.0
 10
32.40440277777778
 20
11.65969361111111
 30
0.0
 10
26.42834722222222
 20
9.966360277777778
 30
0.0
  0
ENDSEC
  0
SECTION
  2
OBJECTS
  0
DICTIONARY
  5
C
330
0
100
AcDbDictionary
  3
ACAD_GROUP
350
D
  3
ACAD_LAYOUT
350
1A
  3
ACAD_MATERIAL
350
43
  3
ACAD_MLEADERSTYLE
350
4FC
  3
ACAD_MLINESTYLE
350
17
  3
ACAD_PLOTSETTINGS
350
19
  3
ACAD_SCALELIST
350
47
  3
ACAD_VISUALSTYLE
350
2A
  3
ACDBHEADERROUNDTRIPXREC
350
4DA
  3
ACDBVARIABLEDICTIONARY
350
4FA
  0
DICTIONARY
  5
D
102
{ACAD_REACTORS
330
C
102
}
330
C
100
AcDbDictionary
  0
DICTIONARY
  5
1A
102
{ACAD_REACTORS
330
C
102
}
330
C
100
AcDbDictionary
  0
DICTIONARY
  5
43
102
{ACAD_REACTORS
330
C
102
}
330
C
100
AcDbDictionary
  3
BYBLOCK
350
45
  3
BYLAYER
350
44
  3
GLOBAL
350
46
  0
DICTIONARY
  5
4FC
102
{ACAD_REACTORS
330
C
102
}
330
C
100
AcDbDictionary
  0
DICTIONARY
  5
17
102
{ACAD_REACTORS
330
C
102
}
330
C
100
AcDbDictionary
  3
STANDARD
350
18
  0
DICTIONARY
  5
19
102
{ACAD_REACTORS
330
C
102
}
330
C
100
AcDbDictionary
  0
DICTIONARY
  5
47
102
{ACAD_REACTORS
330
C
102
}
330
C
100
AcDbDictionary
  3
A0
350
48
  3
A1
350
49
  3
A2
350
4A
  3
A3
350
4B
  3
A4
350
4C
  3
A5
350
4D
  3
A6
350
4E
  3
A7
350
4F
  3
A8
350
50
  3
A9
350
51
  3
B0
350
52
  3
B1
350
53
  3
B2
350
54
  3
B3
350
55
  3
B4
350
56
  3
B5
350
57
  3
B6
350
58
  3
B7
350
59
  3
B8
350
5A
  3
B9
350
5B
  3
C0
350
5C
  3
C1
350
5D
  3
C2
350
5E
  3
C3
350
5F
  3
C4
350
60
  3
C5
350
61
  3
C6
350
62
  3
C7
350
63
  3
C8
350
64
  3
C9
350
65
  3
D0
350
66
  3
D1
350
67
  3
D2
350
68
  0
DICTIONARY
  5
2A
102
{ACAD_REACTORS
330
C
102
}
330
C
100
AcDbDictionary
  3
2DWIREFRAME
350
2F
  3
BASIC
350
32
  3
BRIGHTEN
350
36
  3
COLORCHANGE
350
3A
  3
CONCEPTUAL
350
34
  3
DIM
350
35
  3
EDGECOLOROFF
350
3D
  3
FACEPATTERN
350
39
  3
FLAT
350
2B
  3
FLATWITHEDGES
350
2C
  3
GOURAUD
350
2D
  3
GOURAUDWITHEDGES
350
2E
  3
HIDDEN
350
31
  3
JITTEROFF
350
3B
  3
LINEPATTERN
350
38
  3
OVERHANGOFF
350
3C
  3
REALISTIC
350
33
  3
SHADED
350
42
  3
SHADED_WITH_EDGES
350
41
  3
SHADES_OF_GRAY
350
3E
  3
SKETCHY
350
3F
  3
THICKEN
350
37
  3
WIREFRAME
350
30
  3
X-RAY
350
40
  0
DICTIONARY
  5
4DA
102
{ACAD_REACTORS
330
C
102
}
330
C
100
AcDbDictionary
  3
CEPSNTYPE
350
4E3
  3
DIMSTYLEDATA
350
4F9
  3
FINGERPRINTGUID
350
4E4
  3
HYPERLINKBASE
350
4DD
  3
INSUNITS
350
4E2
  3
LAYOUTDICT
350
4DF
  3
LWETCUNION
350
4E1
  3
PLOTSETDICT
350
4E0
  3
PSVPSCALE
350
4E6
  3
PUCSBASE
350
4E9
  3
PUCSORGBACK
350
4EF
  3
PUCSORGBOTTOM
350
4EB
  3
PUCSORGFRONT
350
4EE
  3
PUCSORGLEFT
350
4EC
  3
PUCSORGRIGHT
350
4ED
  3
PUCSORGTOP
350
4EA
  3
PUCSORTHOREF
350
4E7
  3
PUCSORTHOVIEW
350
4E8
  3
STYLESHEET
350
4DE
  3
TSTACKALIGN
350
4DB
  3
TSTACKSIZE
350
4DC
  3
UCSBASE
350
4F2
  3
UCSORGBACK
350
4F8
  3
UCSORGBOTTOM
350
4F4
  3
UCSORGFRONT
350
4F7
  3
UCSORGLEFT
350
4F5
  3
UCSORGRIGHT
350
4F6
  3
UCSORGTOP
350
4F3
  3
UCSORTHOREF
350
4F0
  3
UCSORTHOVIEW
350
4F1
  3
VERSIONGUID
350
4E5
  0
DICTIONARY
  5
4FA
102
{ACAD_REACTORS
330
C
102
}
330
C
100
AcDbDictionary
  3
CANNOSCALE
350
501
  3
DIMASSOC
350
4FF
  3
HIDETEXT
350
500
  3
MSLTSCALE
350
502
  0
MATERIAL
  5
45
102
{ACAD_REACTORS
330
43
102
}
102
{ACAD_XDICTIONARY
360
505
102
}
330
43
100
AcDbMaterial
  1
BYBLOCK
  0
MATERIAL
  5
44
102
{ACAD_REACTORS
330
43
102
}
102
{ACAD_XDICTIONARY
360
503
102
}
330
43
100
AcDbMaterial
  1
BYLAYER
  0
MATERIAL
  5
46
102
{ACAD_REACTORS
330
43
102
}
102
{ACAD_XDICTIONARY
360
507
102
}
330
43
100
AcDbMaterial
  1
GLOBAL
  0
MLINESTYLE
  5
18
102
{ACAD_REACTORS
330
17
102
}
330
17
100
AcDbMlineStyle
  2
Standard
 70
     0
  3

 62
   256
 51
90.0
 52
90.0
 71
     2
 49
0.5
 62
   256
  6
BYLAYER
 49
-0.5
 62
   256
  6
BYLAYER
  0
ACAD_PROXY_OBJECT
  5
48
102
{ACAD_REACTORS
330
47
102
}
330
47
100
AcDbProxyObject
 90
      499
 91
      503
 93
       41
310
903313A31580
  0
ACAD_PROXY_OBJECT
  5
49
102
{ACAD_REACTORS
330
47
102
}
330
47
100
AcDbProxyObject
 90
      499
 91
      503
 93
      105
310
903313A324000000000000004000
  0
ACAD_PROXY_OBJECT
  5
4A
102
{ACAD_REACTORS
330
47
102
}
330
47
100
AcDbProxyObject
 90
      499
 91
      503
 93
      105
310
903313A344000000000000104000
  0
ACAD_PROXY_OBJECT
  5
4B
102
{ACAD_REACTORS
330
47
102
}
330
47
100
AcDbProxyObject
 90
      499
 91
      503
 93
      105
310
903313A354000000000000144000
  0
ACAD_PROXY_OBJECT
  5
4C
102
{ACAD_REACTORS
330
47
102
}
330
47
100
AcDbProxyObject
 90
      499
 91
      503
 93
      105
310
903313A384000000000000204000
  0
ACAD_PROXY_OBJECT
  5
4D
102
{ACAD_REACTORS
330
47
102
}
330
47
100
AcDbProxyObject
 90
      499
 91
      503
 93
      113
310
904313A31304000000000000244000
  0
ACAD_PROXY_OBJECT
  5
4E
102
{ACAD_REACTORS
330
47
102
}
330
47
100
AcDbProxyObject
 90
      499
 91
      503
 93
      113
310
904313A31364000000000000304000
  0
ACAD_PROXY_OBJECT
  5
4F
102
{ACAD_REACTORS
330
47
102
}
330
47
100
AcDbProxyObject
 90
      499
 91
      503
 93
      113
310
904313A32304000000000000344000
  0
ACAD_PROXY_OBJECT
  5
50
102
{ACAD_REACTORS
330
47
102
}
330
47
100
AcDbProxyObject
 90
      499
 91
      503
 93
      113
310
904313A333040000000000003E4000
  0
ACAD_PROXY_OBJECT
  5
51
102
{ACAD_REACTORS
330
47
102
}
330
47
100
AcDbProxyObject
 90
      499
 91
      503
 93
      113
310
904313A34304000000000000444000
  0
ACAD_PROXY_OBJECT
  5
52
102
{ACAD_REACTORS
330
47
102
}
330
47
100
AcDbProxyObject
 90
      499
 91
      503
 93
      113
310
904313A35304000000000000494000
  0
ACAD_PROXY_OBJECT
  5
53
102
{ACAD_REACTORS
330
47
102
}
330
47
100
AcDbProxyObject
 90
      499
 91
      503
 93
      121
310
905313A3130304000000000000594000
  0
ACAD_PROXY_OBJECT
  5
54
102
{ACAD_REACTORS
330
47
102
}
330
47
100
AcDbProxyObject
 90
      499
 91
      503
 93
      105
310
903323A310000000000000010100
  0
ACAD_PROXY_OBJECT
  5
55
102
{ACAD_REACTORS
330
47
102
}
330
47
100
AcDbProxyObject
 90
      499
 91
      503
 93
      105
310
903343A310000000000000410100
  0
ACAD_PROXY_OBJECT
  5
56
102
{ACAD_REACTORS
330
47
102
}
330
47
100
AcDbProxyObject
 90
      499
 91
      503
 93
      105
310
903383A310000000000000810100
  0
ACAD_PROXY_OBJECT
  5
57
102
{ACAD_REACTORS
330
47
102
}
330
47
100
AcDbProxyObject
 90
      499
 91
      503
 93
      113
310
90431303A310000000000000910100
  0
ACAD_PROXY_OBJECT
  5
58
102
{ACAD_REACTORS
330
47
102
}
330
47
100
AcDbProxyObject
 90
      499
 91
      503
 93
      121
310
9053130303A310000000000001650100
  0
ACAD_PROXY_OBJECT
  5
59
102
{ACAD_REACTORS
330
47
102
}
330
47
100
AcDbProxyObject
 90
      499
 91
      503
 93
      257
310
90E312F31323822203D2031272D3022000000000000200FC000000000000284000
  0
ACAD_PROXY_OBJECT
  5
5A
102
{ACAD_REACTORS
330
47
102
}
330
47
100
AcDbProxyObject
 90
      499
 91
      503
 93
      249
310
90D312F363422203D2031272D3022000000000000240FC000000000000284000
  0
ACAD_PROXY_OBJECT
  5
5B
102
{ACAD_REACTORS
330
47
102
}
330
47
100
AcDbProxyObject
 90
      499
 91
      503
 93
      249
310
90D312F333222203D2031272D3022000000000000280FC000000000000284000
  0
ACAD_PROXY_OBJECT
  5
5C
102
{ACAD_REACTORS
330
47
102
}
330
47
100
AcDbProxyObject
 90
      499
 91
      503
 93
      249
310
90D312F313622203D2031272D30220000000000002C0FC000000000000284000
  0
ACAD_PROXY_OBJECT
  5
5D
102
{ACAD_REACTORS
330
47
102
}
330
47
100
AcDbProxyObject
 90
      499
 91
      503
 93
      249
310
90D332F333222203D2031272D30220000000000002E0FC000000000000284000
  0
ACAD_PROXY_OBJECT
  5
5E
102
{ACAD_REACTORS
330
47
102
}
330
47
100
AcDbProxyObject
 90
      499
 91
      503
 93
      241
310
90C312F3822203D2031272D3022000000000000300FC000000000000284000
  0
ACAD_PROXY_OBJECT
  5
5F
102
{ACAD_REACTORS
330
47
102
}
330
47
100
AcDbProxyObject
 90
      499
 91
      503
 93
      249
310
90D332F313622203D2031272D3022000000000000320FC000000000000284000
  0
ACAD_PROXY_OBJECT
  5
60
102
{ACAD_REACTORS
330
47
102
}
330
47
100
AcDbProxyObject
 90
      499
 91
      503
 93
      241
310
90C312F3422203D2031272D3022000000000000340FC000000000000284000
  0
ACAD_PROXY_OBJECT
  5
61
102
{ACAD_REACTORS
330
47
102
}
330
47
100
AcDbProxyObject
 90
      499
 91
      503
 93
      241
310
90C332F3822203D2031272D3022000000000000360FC000000000000284000
  0
ACAD_PROXY_OBJECT
  5
62
102
{ACAD_REACTORS
330
47
102
}
330
47
100
AcDbProxyObject
 90
      499
 91
      503
 93
      241
310
90C312F3222203D2031272D3022000000000000380FC000000000000284000
  0
ACAD_PROXY_OBJECT
  5
63
102
{ACAD_REACTORS
330
47
102
}
330
47
100
AcDbProxyObject
 90
      499
 91
      503
 93
      241
310
90C332F3422203D2031272D30220000000000003A0FC000000000000284000
  0
ACAD_PROXY_OBJECT
  5
64
102
{ACAD_REACTORS
330
47
102
}
330
47
100
AcDbProxyObject
 90
      499
 91
      503
 93
      161
310
90A3122203D2031272D30224000000000000284000
  0
ACAD_PROXY_OBJECT
  5
65
102
{ACAD_REACTORS
330
47
102
}
330
47
100
AcDbProxyObject
 90
      499
 91
      503
 93
      257
310
90E312D312F3222203D2031272D30220000000000003E0FC000000000000284000
  0
ACAD_PROXY_OBJECT
  5
66
102
{ACAD_REACTORS
330
47
102
}
330
47
100
AcDbProxyObject
 90
      499
 91
      503
 93
      225
310
90A3322203D2031272D302200000000000002100000000000000284000
  0
ACAD_PROXY_OBJECT
  5
67
102
{ACAD_REACTORS
330
47
102
}
330
47
100
AcDbProxyObject
 90
      499
 91
      503
 93
      225
310
90A3622203D2031272D302200000000000006100000000000000284000
  0
ACAD_PROXY_OBJECT
  5
68
102
{ACAD_REACTORS
330
47
102
}
330
47
100
AcDbProxyObject
 90
      499
 91
      503
 93
      249
310
90D31272D3022203D2031272D30220000000000000A100000000000000284000
  0
ACAD_PROXY_OBJECT
  5
2F
102
{ACAD_REACTORS
330
2A
102
}
330
2A
100
AcDbProxyObject
 90
      499
 91
      501
 93
      436
310
42CC9915DA5C99599C985B595049028333333333333E33F0000000000000F90107901411070040501600405405064090741402480A0340
1001
ACAD
1000
AcDbSavedByObjectVersion
1070
     0
  0
ACAD_PROXY_OBJECT
  5
32
102
{ACAD_REACTORS
330
2A
102
}
330
2A
100
AcDbProxyObject
 90
      499
 91
      501
 93
      388
310
4150985CDA58D07406404333333333333E33F0000000000000F90107A41107004050150841D405064090741402480A0350
1001
ACAD
1000
AcDbSavedByObjectVersion
1070
     0
  0
ACAD_PROXY_OBJECT
  5
36
102
{ACAD_REACTORS
330
2A
102
}
330
2A
100
AcDbProxyObject
 90
      499
 91
      501
 93
      428
310
42109C9A59DA1D195B90C409028333333333333E33F0000000000000F9010790141107004050150841D405064090741402480A029950
1001
ACAD
1000
AcDbSavedByObjectVersion
1070
     0
  0
ACAD_PROXY_OBJECT
  5
3A
102
{ACAD_REACTORS
330
2A
102
}
330
2A
100
AcDbProxyObject
 90
      499
 91
      501
 93
      452
310
42D0DBDB1BDC90DA185B99D95104090240C333333333333E33F0000000000000F90108901411070040501508421405064090741402480A0350
1001
ACAD
1000
AcDbSavedByObjectVersion
1070
     0
  0
ACAD_PROXY_OBJECT
  5
34
102
{ACAD_REACTORS
330
2A
102
}
330
2A
100
AcDbProxyObject
 90
      499
 91
      501
 93
      500
310
4290DBDB98D95C1D1D585B10940D028333333333333E33F0000000000000F90107902409070040501000000000018199010841D405064090740C02480A0340
1001
ACAD
1000
AcDbSavedByObjectVersion
1070
     0
  0
ACAD_PROXY_OBJECT
  5
35
102
{ACAD_REACTORS
330
2A
102
}
330
2A
100
AcDbProxyObject
 90
      499
 91
      501
 93
      412
310
40D11A5B50B409028333333333333E33F0000000000000F9010790141107004050150841D405064090741402480A02677FFFFFD0
1001
ACAD
1000
AcDbSavedByObjectVersion
1070
     0
  0
ACAD_PROXY_OBJECT
  5
3D
102
{ACAD_REACTORS
330
2A
102
}
330
2A
100
AcDbProxyObject
 90
      499
 91
      501
 93
      452
310
43115919D950DBDB1BDC93D999916409028333333333333E33F0000000000000F9010790141107004050150841D405064090741402480A0350
1001
ACAD
1000
AcDbSavedByObjectVersion
1070
     0
  0
ACAD_PROXY_OBJECT
  5
39
102
{ACAD_REACTORS
330
2A
102
}
330
2A
100
AcDbProxyObject
 90
      499
 91
      501
 93
      444
310
42D19858D95C185D1D195C9B90F409028333333333333E33F0000000000000F9010790141107004050150841D405064090741402480A0350
1001
ACAD
1000
AcDbSavedByObjectVersion
1070
     0
  0
ACAD_PROXY_OBJECT
  5
2B
102
{ACAD_REACTORS
330
2A
102
}
330
2A
100
AcDbProxyObject
 90
      499
 91
      501
 93
      380
310
41119B185D240901404333333333333E33F0000000000000F9010740A907004050150841D405064090741402480A1B50
1001
ACAD
1000
AcDbSavedByObjectVersion
1070
     0
  0
ACAD_PROXY_OBJECT
  5
2C
102
{ACAD_REACTORS
330
2A
102
}
330
2A
100
AcDbProxyObject
 90
      499
 91
      501
 93
      468
310
43519B185D15DA5D1A115919D95CD0140901404333333333333E33F0000000000000F90107409019070040501600405405064090741402480A1B50
1001
ACAD
1000
AcDbSavedByObjectVersion
1070
     0
  0
ACAD_PROXY_OBJECT
  5
2D
102
{ACAD_REACTORS
330
2A
102
}
330
2A
100
AcDbProxyObject
 90
      499
 91
      501
 93
      404
310
41D1DBDD5C985D5910240902404333333333333E33F0000000000000F9010740A9070040501641D405064090741402480A1B50
1001
ACAD
1000
AcDbSavedByObjectVersion
1070
     0
  0
ACAD_PROXY_OBJECT
  5
2E
102
{ACAD_REACTORS
330
2A
102
}
330
2A
100
AcDbProxyObject
 90
      499
 91
      501
 93
      492
310
4411DBDD5C985D5915DA5D1A115919D95CD0340902404333333333333E33F0000000000000F90107409019070040501600405405064090741402480A1B50
1001
ACAD
1000
AcDbSavedByObjectVersion
1070
     0
  0
ACAD_PROXY_OBJECT
  5
31
102
{ACAD_REACTORS
330
2A
102
}
330
2A
100
AcDbProxyObject
 90
      499
 91
      501
 93
      476
310
41921A5919195B90640502408333333333333E33F0000000000000F901079024090700405020000000000001110200405405064090740C02480A0340
1001
ACAD
1000
AcDbSavedByObjectVersion
1070
     0
  0
ACAD_PROXY_OBJECT
  5
3B
102
{ACAD_REACTORS
330
2A
102
}
330
2A
100
AcDbProxyObject
 90
      499
 91
      501
 93
      428
310
42529A5D1D195C93D999914409028333333333333E33F0000000000000F9010790141107004050150A41D405064090741402480A0350
1001
ACAD
1000
AcDbSavedByObjectVersion
1070
     0
  0
ACAD_PROXY_OBJECT
  5
38
102
{ACAD_REACTORS
330
2A
102
}
330
2A
100
AcDbProxyObject
 90
      499
 91
      501
 93
      444
310
42D31A5B995C185D1D195C9B90E409028333333333333E33F0000000000000F9010790141107004050750841D405064090741402483A0350
1001
ACAD
1000
AcDbSavedByObjectVersion
1070
     0
  0
ACAD_PROXY_OBJECT
  5
3C
102
{ACAD_REACTORS
330
2A
102
}
330
2A
100
AcDbProxyObject
 90
      499
 91
      501
 93
      444
310
42D3DD995C9A185B99D3D999915409028333333333333E33F0000000000000F9010790141107004050150941D405064090741402480A0350
1001
ACAD
1000
AcDbSavedByObjectVersion
1070
     0
  0
ACAD_PROXY_OBJECT
  5
33
102
{ACAD_REACTORS
330
2A
102
}
330
2A
100
AcDbProxyObject
 90
      499
 91
      501
 93
      428
310
425499585B1A5CDD1A58D08409038333333333333E33F0000000000000F9010740A907004050150800405405064090740C02480A1B40
1001
ACAD
1000
AcDbSavedByObjectVersion
1070
     0
  0
ACAD_PROXY_OBJECT
  5
42
102
{ACAD_REACTORS
330
2A
102
}
330
2A
100
AcDbProxyObject
 90
      499
 91
      501
 93
      420
310
4194DA1859195911B40902404333333333333E33F0000000000000F9010740A41107004050150800405405064090840C02480A0B40
1001
ACAD
1000
AcDbSavedByObjectVersion
1070
     0
  0
ACAD_PROXY_OBJECT
  5
41
102
{ACAD_REACTORS
330
2A
102
}
330
2A
100
AcDbProxyObject
 90
      499
 91
      501
 93
      516
310
4454DA18591959081DDA5D1A08195919D95CD1A40902404333333333333E33F0000000000000F901074090142907004050250800405405064090740C02480A0B40
1001
ACAD
1000
AcDbSavedByObjectVersion
1070
     0
  0
ACAD_PROXY_OBJECT
  5
3E
102
{ACAD_REACTORS
330
2A
102
}
330
2A
100
AcDbProxyObject
 90
      499
 91
      501
 93
      532
310
4394DA1859195CC81BD98811DC985E5174090240C333333333333E33F0000000000000F901079024090741D01000000000000111010841D405064090740C02480A0340
1001
ACAD
1000
AcDbSavedByObjectVersion
1070
     0
  0
ACAD_PROXY_OBJECT
  5
3F
102
{ACAD_REACTORS
330
2A
102
}
330
2A
100
AcDbProxyObject
 90
      499
 91
      501
 93
      476
310
41D4DAD95D18DA1E51840502408333333333333E33F0000000000000F901079024090741D01000000000000111010B41D405064090741802480A0340
1001
ACAD
1000
AcDbSavedByObjectVersion
1070
     0
  0
ACAD_PROXY_OBJECT
  5
37
102
{ACAD_REACTORS
330
2A
102
}
330
2A
100
AcDbProxyObject
 90
      499
 91
      501
 93
      412
310
41D51A1A58DAD95B90D409028333333333333E33F0000000000000F9010790141107004050150C41D405064090741402480A0350
1001
ACAD
1000
AcDbSavedByObjectVersion
1070
     0
  0
ACAD_PROXY_OBJECT
  5
30
102
{ACAD_REACTORS
330
2A
102
}
330
2A
100
AcDbProxyObject
 90
      499
 91
      501
 93
      420
310
4255DA5C99599C985B595059028333333333333E33F0000000000000F90107901411070040501600405405064090740C02480A0340
1001
ACAD
1000
AcDbSavedByObjectVersion
1070
     0
  0
ACAD_PROXY_OBJECT
  5
40
102
{ACAD_REACTORS
330
2A
102
}
330
2A
100
AcDbProxyObject
 90
      499
 91
      501
 93
      404
310
41560B54985E51940902404000000000000E03F0000000000000F9010740501907004050150841D405064090740C02480A1B40
1001
ACAD
1000
AcDbSavedByObjectVersion
1070
     0
  0
XRECORD
  5
4E3
102
{ACAD_REACTORS
330
4DA
102
}
330
4DA
100
AcDbXrecord
 90
        0
  0
XRECORD
  5
4F9
102
{ACAD_REACTORS
330
4DA
102
}
330
4DA
100
AcDbXrecord
1000
DSTYLE
1002
{
1070
   279
 70
     2
1070
   340
340
11
1002
}
  0
XRECORD
  5
4E4
102
{ACAD_REACTORS
330
4DA
102
}
330
4DA
100
AcDbXrecord
  1
{1A6ECD52-6F59-4D23-9805-1F2725C4AA85}
  0
XRECORD
  5
4DD
102
{ACAD_REACTORS
330
4DA
102
}
330
4DA
100
AcDbXrecord
  1

  0
XRECORD
  5
4E2
102
{ACAD_REACTORS
330
4DA
102
}
330
4DA
100
AcDbXrecord
 90
        4
  0
XRECORD
  5
4DF
102
{ACAD_REACTORS
330
4DA
102
}
330
4DA
100
AcDbXrecord
340
1A
  0
XRECORD
  5
4E1
102
{ACAD_REACTORS
330
4DA
102
}
330
4DA
100
AcDbXrecord
 90
    10781
  0
XRECORD
  5
4E0
102
{ACAD_REACTORS
330
4DA
102
}
330
4DA
100
AcDbXrecord
340
19
  0
XRECORD
  5
4E6
102
{ACAD_REACTORS
330
4DA
102
}
330
4DA
100
AcDbXrecord
 40
0.0
  0
XRECORD
  5
4E9
102
{ACAD_REACTORS
330
4DA
102
}
330
4DA
100
AcDbXrecord
340
0
  0
XRECORD
  5
4EF
102
{ACAD_REACTORS
330
4DA
102
}
330
4DA
100
AcDbXrecord
 10
0.0
 20
0.0
 30
0.0
  0
XRECORD
  5
4EB
102
{ACAD_REACTORS
330
4DA
102
}
330
4DA
100
AcDbXrecord
 10
0.0
 20
0.0
 30
0.0
  0
XRECORD
  5
4EE
102
{ACAD_REACTORS
330
4DA
102
}
330
4DA
100
AcDbXrecord
 10
0.0
 20
0.0
 30
0.0
  0
XRECORD
  5
4EC
102
{ACAD_REACTORS
330
4DA
102
}
330
4DA
100
AcDbXrecord
 10
0.0
 20
0.0
 30
0.0
  0
XRECORD
  5
4ED
102
{ACAD_REACTORS
330
4DA
102
}
330
4DA
100
AcDbXrecord
 10
0.0
 20
0.0
 30
0.0
  0
XRECORD
  5
4EA
102
{ACAD_REACTORS
330
4DA
102
}
330
4DA
100
AcDbXrecord
 10
0.0
 20
0.0
 30
0.0
  0
XRECORD
  5
4E7
102
{ACAD_REACTORS
330
4DA
102
}
330
4DA
100
AcDbXrecord
340
0
  0
XRECORD
  5
4E8
102
{ACAD_REACTORS
330
4DA
102
}
330
4DA
100
AcDbXrecord
 70
     0
  0
XRECORD
  5
4DE
102
{ACAD_REACTORS
330
4DA
102
}
330
4DA
100
AcDbXrecord
  1

  0
XRECORD
  5
4DB
102
{ACAD_REACTORS
330
4DA
102
}
330
4DA
100
AcDbXrecord
 90
        1
  0
XRECORD
  5
4DC
102
{ACAD_REACTORS
330
4DA
102
}
330
4DA
100
AcDbXrecord
 90
       70
  0
XRECORD
  5
4F2
102
{ACAD_REACTORS
330
4DA
102
}
330
4DA
100
AcDbXrecord
340
0
  0
XRECORD
  5
4F8
102
{ACAD_REACTORS
330
4DA
102
}
330
4DA
100
AcDbXrecord
 10
0.0
 20
0.0
 30
0.0
  0
XRECORD
  5
4F4
102
{ACAD_REACTORS
330
4DA
102
}
330
4DA
100
AcDbXrecord
 10
0.0
 20
0.0
 30
0.0
  0
XRECORD
  5
4F7
102
{ACAD_REACTORS
330
4DA
102
}
330
4DA
100
AcDbXrecord
 10
0.0
 20
0.0
 30
0.0
  0
XRECORD
  5
4F5
102
{ACAD_REACTORS
330
4DA
102
}
330
4DA
100
AcDbXrecord
 10
0.0
 20
0.0
 30
0.0
  0
XRECORD
  5
4F6
102
{ACAD_REACTORS
330
4DA
102
}
330
4DA
100
AcDbXrecord
 10
0.0
 20
0.0
 30
0.0
  0
XRECORD
  5
4F3
102
{ACAD_REACTORS
330
4DA
102
}
330
4DA
100
AcDbXrecord
 10
0.0
 20
0.0
 30
0.0
  0
XRECORD
  5
4F0
102
{ACAD_REACTORS
330
4DA
102
}
330
4DA
100
AcDbXrecord
340
0
  0
XRECORD
  5
4F1
102
{ACAD_REACTORS
330
4DA
102
}
330
4DA
100
AcDbXrecord
 70
     0
  0
XRECORD
  5
4E5
102
{ACAD_REACTORS
330
4DA
102
}
330
4DA
100
AcDbXrecord
  1
{FAEB1C32-E019-11D5-929B-00C0DF256EC4}
  0
DICTIONARYVAR
  5
501
102
{ACAD_REACTORS
330
4FA
102
}
330
4FA
100
DictionaryVariables
280
     0
  1
1:1
  0
DICTIONARYVAR
  5
4FF
102
{ACAD_REACTORS
330
4FA
102
}
330
4FA
100
DictionaryVariables
280
     0
  1
2
  0
DICTIONARYVAR
  5
500
102
{ACAD_REACTORS
330
4FA
102
}
330
4FA
100
DictionaryVariables
280
     0
  1
1
  0
DICTIONARYVAR
  5
502
102
{ACAD_REACTORS
330
4FA
102
}
330
4FA
100
DictionaryVariables
280
     0
  1
1
  0
DICTIONARY
  5
505
330
45
100
AcDbDictionary
280
     1
  3
ACAD_XREC_ROUNDTRIP
360
506
  0
DICTIONARY
  5
503
330
44
100
AcDbDictionary
280
     1
  3
ACAD_XREC_ROUNDTRIP
360
504
  0
DICTIONARY
  5
507
330
46
100
AcDbDictionary
280
     1
  3
ACAD_XREC_ROUNDTRIP
360
508
  0
XRECORD
  5
506
102
{ACAD_REACTORS
330
505
102
}
330
505
100
AcDbXrecord
102
MATERIAL
148
0.0
149
0.0
149
0.0
 93
        0
 94
      127
282
     0
 72
     1
 77
     1
171
     1
175
     1
179
     1
273
     0
  0
XRECORD
  5
504
102
{ACAD_REACTORS
330
503
102
}
330
503
100
AcDbXrecord
102
MATERIAL
148
0.0
149
0.0
149
0.0
 93
        0
 94
      127
282
     0
 72
     1
 77
     1
171
     1
175
     1
179
     1
273
     0
  0
XRECORD
  5
508
102
{ACAD_REACTORS
330
507
102
}
330
507
100
AcDbXrecord
102
MATERIAL
148
0.0
149
0.0
149
0.0
 93
        0
 94
      127
282
     0
 72
     1
 77
     1
171
     1
175
     1
179
     1
273
     0
  0
ENDSEC
  0
EOF
