  0
SECTION
  2
HEADER
  9
$ACADVER
  1
AC1014
  9
$ACADMAINTVER
 70
     9
  9
$DWGCODEPAGE
  3
ANSI_1252
  9
$INSBASE
 10
0.0
 20
0.0
 30
0.0
  9
$EXTMIN
 10
0.0
 20
0.1013177777777778
 30
0.0
  9
$EXTMAX
 10
299.9986944444444
 20
300.1000122222222
 30
0.0
  9
$LIMMIN
 10
0.0
 20
0.0
  9
$LIMMAX
 10
12.0
 20
9.0
  9
$ORTHOMODE
 70
     0
  9
$REGENMODE
 70
     1
  9
$FILLMODE
 70
     1
  9
$QTEXTMODE
 70
     0
  9
$MIRRTEXT
 70
     1
  9
$DRAGMODE
 70
     2
  9
$LTSCALE
 40
1.0
  9
$OSMODE
 70
    37
  9
$ATTMODE
 70
     1
  9
$TEXTSIZE
 40
0.2
  9
$TRACEWID
 40
0.05
  9
$TEXTSTYLE
  7
STANDARD
  9
$CLAYER
  8
DEFAULT
  9
$CELTYPE
  6
BYLAYER
  9
$CECOLOR
 62
   256
  9
$CELTSCALE
 40
1.0
  9
$DELOBJ
 70
     1
  9
$DISPSILH
 70
     0
  9
$DIMSCALE
 40
1.0
  9
$DIMASZ
 40
0.18
  9
$DIMEXO
 40
0.0625
  9
$DIMDLI
 40
0.38
  9
$DIMRND
 40
0.0
  9
$DIMDLE
 40
0.0
  9
$DIMEXE
 40
0.18
  9
$DIMTP
 40
0.0
  9
$DIMTM
 40
0.0
  9
$DIMTXT
 40
0.18
  9
$DIMCEN
 40
0.09
  9
$DIMTSZ
 40
0.0
  9
$DIMTOL
 70
     0
  9
$DIMLIM
 70
     0
  9
$DIMTIH
 70
     1
  9
$DIMTOH
 70
     1
  9
$DIMSE1
 70
     0
  9
$DIMSE2
 70
     0
  9
$DIMTAD
 70
     0
  9
$DIMZIN
 70
     0
  9
$DIMBLK
  1

  9
$DIMASO
 70
     1
  9
$DIMSHO
 70
     1
  9
$DIMPOST
  1

  9
$DIMAPOST
  1

  9
$DIMALT
 70
     0
  9
$DIMALTD
 70
     2
  9
$DIMALTF
 40
25.4
  9
$DIMLFAC
 40
1.0
  9
$DIMTOFL
 70
     0
  9
$DIMTVP
 40
0.0
  9
$DIMTIX
 70
     0
  9
$DIMSOXD
 70
     0
  9
$DIMSAH
 70
     0
  9
$DIMBLK1
  1

  9
$DIMBLK2
  1

  9
$DIMSTYLE
  2
STANDARD
  9
$DIMCLRD
 70
     0
  9
$DIMCLRE
 70
     0
  9
$DIMCLRT
 70
     0
  9
$DIMTFAC
 40
1.0
  9
$DIMGAP
 40
0.09
  9
$DIMJUST
 70
     0
  9
$DIMSD1
 70
     0
  9
$DIMSD2
 70
     0
  9
$DIMTOLJ
 70
     1
  9
$DIMTZIN
 70
     0
  9
$DIMALTZ
 70
     0
  9
$DIMALTTZ
 70
     0
  9
$DIMFIT
 70
     5
  9
$DIMUPT
 70
     0
  9
$DIMUNIT
 70
     2
  9
$DIMDEC
 70
     4
  9
$DIMTDEC
 70
     4
  9
$DIMALTU
 70
     2
  9
$DIMALTTD
 70
     2
  9
$DIMTXSTY
  7
STANDARD
  9
$DIMAUNIT
 70
     0
  9
$LUNITS
 70
     2
  9
$LUPREC
 70
     3
  9
$SKETCHINC
 40
0.1
  9
$FILLETRAD
 40
0.5
  9
$AUNITS
 70
     0
  9
$AUPREC
 70
     0
  9
$MENU
  1
.
  9
$ELEVATION
 40
0.0
  9
$PELEVATION
 40
0.0
  9
$THICKNESS
 40
0.0
  9
$LIMCHECK
 70
     0
  9
$CHAMFERA
 40
0.0
  9
$CHAMFERB
 40
0.0
  9
$CHAMFERC
 40
0.0
  9
$CHAMFERD
 40
0.0
  9
$SKPOLY
 70
     0
  9
$TDCREATE
 40
2459467.616970868
  9
$TDUPDATE
 40
2459467.61700669
  9
$TDINDWG
 40
0.0000000116
  9
$TDUSRTIMER
 40
0.0000000116
  9
$USRTIMER
 70
     1
  9
$ANGBASE
 50
0.0
  9
$ANGDIR
 70
     0
  9
$PDMODE
 70
     0
  9
$PDSIZE
 40
0.0
  9
$PLINEWID
 40
0.0
  9
$COORDS
 70
     1
  9
$SPLFRAME
 70
     0
  9
$SPLINETYPE
 70
     6
  9
$SPLINESEGS
 70
     8
  9
$ATTDIA
 70
     0
  9
$ATTREQ
 70
     1
  9
$HANDLING
 70
     1
  9
$HANDSEED
  5
566
  9
$SURFTAB1
 70
     6
  9
$SURFTAB2
 70
     6
  9
$SURFTYPE
 70
     6
  9
$SURFU
 70
     6
  9
$SURFV
 70
     6
  9
$UCSNAME
  2

  9
$UCSORG
 10
0.0
 20
0.0
 30
0.0
  9
$UCSXDIR
 10
1.0
 20
0.0
 30
0.0
  9
$UCSYDIR
 10
0.0
 20
1.0
 30
0.0
  9
$PUCSNAME
  2

  9
$PUCSORG
 10
0.0
 20
0.0
 30
0.0
  9
$PUCSXDIR
 10
1.0
 20
0.0
 30
0.0
  9
$PUCSYDIR
 10
0.0
 20
1.0
 30
0.0
  9
$USERI1
 70
     0
  9
$USERI2
 70
     0
  9
$USERI3
 70
     0
  9
$USERI4
 70
     0
  9
$USERI5
 70
     0
  9
$USERR1
 40
0.0
  9
$USERR2
 40
0.0
  9
$USERR3
 40
0.0
  9
$USERR4
 40
0.0
  9
$USERR5
 40
0.0
  9
$WORLDVIEW
 70
     1
  9
$SHADEDGE
 70
     3
  9
$SHADEDIF
 70
    70
  9
$TILEMODE
 70
     1
  9
$MAXACTVP
 70
    64
  9
$PINSBASE
 10
0.0
 20
0.0
 30
0.0
  9
$PLIMCHECK
 70
     0
  9
$PEXTMIN
 10
1.000000000000000E+20
 20
1.000000000000000E+20
 30
1.000000000000000E+20
  9
$PEXTMAX
 10
-1.000000000000000E+20
 20
-1.000000000000000E+20
 30
-1.000000000000000E+20
  9
$PLIMMIN
 10
0.0
 20
0.0
  9
$PLIMMAX
 10
12.0
 20
9.0
  9
$UNITMODE
 70
     0
  9
$VISRETAIN
 70
     1
  9
$PLINEGEN
 70
     0
  9
$PSLTSCALE
 70
     1
  9
$TREEDEPTH
 70
  3020
  9
$PICKSTYLE
 70
     1
  9
$CMLSTYLE
  2
STANDARD
  9
$CMLJUST
 70
     0
  9
$CMLSCALE
 40
1.0
  9
$PROXYGRAPHICS
 70
     1
  9
$MEASUREMENT
 70
     0
  0
ENDSEC
  0
SECTION
  2
CLASSES
  0
CLASS
  1
ACDBDICTIONARYWDFLT
  2
AcDbDictionaryWithDefault
  3
ObjectDBX Classes
 90
        0
280
     0
281
     0
  0
CLASS
  1
VISUALSTYLE
  2
AcDbVisualStyle
  3
ObjectDBX Classes
 90
     4095
280
     0
281
     0
  0
CLASS
  1
MATERIAL
  2
AcDbMaterial
  3
ObjectDBX Classes
 90
     1153
280
     0
281
     0
  0
CLASS
  1
SCALE
  2
AcDbScale
  3
ObjectDBX Classes
 90
     1153
280
     0
281
     0
  0
CLASS
  1
SUN
  2
AcDbSun
  3
SCENEOE
 90
     1153
280
     0
281
     0
  0
CLASS
  1
DICTIONARYVAR
  2
AcDbDictionaryVar
  3
ObjectDBX Classes
 90
        0
280
     0
281
     0
  0
CLASS
  1
XRECORD
  2
AcDbXrecord
  3
ObjectDBX Classes
 90
        0
280
     0
281
     0
  0
CLASS
  1
LWPOLYLINE
  2
AcDbPolyline
  3
ObjectDBX Classes
 90
        0
280
     0
281
     1
  0
CLASS
  1
HATCH
  2
AcDbHatch
  3
ObjectDBX Classes
 90
        0
280
     0
281
     1
  0
CLASS
  1
ACDBPLACEHOLDER
  2
AcDbPlaceHolder
  3
ObjectDBX Classes
 90
        0
280
     0
281
     0
  0
CLASS
  1
LAYOUT
  2
AcDbLayout
  3
ObjectDBX Classes
 90
        0
280
     0
281
     0
  0
ENDSEC
  0
SECTION
  2
TABLES
  0
TABLE
  2
VPORT
  5
8
330
0
100
AcDbSymbolTable
 70
     1
  0
VPORT
  5
29
330
8
100
AcDbSymbolTableRecord
100
AcDbViewportTableRecord
  2
*ACTIVE
 70
     0
 10
0.0
 20
0.0
 11
1.0
 21
1.0
 12
149.9993472222222
 22
150.100665
 13
0.0
 23
0.0
 14
0.5
 24
0.5
 15
0.5
 25
0.5
 16
0.0
 26
0.0
 36
1.0
 17
0.0
 27
0.0
 37
0.0
 40
305.9986683333333
 41
1.0
 42
50.0
 43
0.0
 44
0.0
 50
0.0
 51
0.0
 71
     0
 72
   100
 73
     1
 74
     3
 75
     0
 76
     0
 77
     0
 78
     0
  0
ENDTAB
  0
TABLE
  2
LTYPE
  5
5
330
0
100
AcDbSymbolTable
 70
     1
  0
LTYPE
  5
14
330
5
100
AcDbSymbolTableRecord
100
AcDbLinetypeTableRecord
  2
BYBLOCK
 70
     0
  3

 72
    65
 73
     0
 40
0.0
  0
LTYPE
  5
15
330
5
100
AcDbSymbolTableRecord
100
AcDbLinetypeTableRecord
  2
BYLAYER
 70
     0
  3

 72
    65
 73
     0
 40
0.0
  0
LTYPE
  5
16
330
5
100
AcDbSymbolTableRecord
100
AcDbLinetypeTableRecord
  2
CONTINUOUS
 70
     0
  3
Solid line
 72
    65
 73
     0
 40
0.0
  0
ENDTAB
  0
TABLE
  2
LAYER
  5
2
330
0
100
AcDbSymbolTable
 70
     2
  0
LAYER
  5
10
330
2
100
AcDbSymbolTableRecord
100
AcDbLayerTableRecord
  2
0
 70
     0
 62
     7
  6
CONTINUOUS
  0
LAYER
  5
6A
330
2
100
AcDbSymbolTableRecord
100
AcDbLayerTableRecord
  2
DEFAULT
 70
     0
 62
     7
  6
CONTINUOUS
  0
ENDTAB
  0
TABLE
  2
STYLE
  5
3
330
0
100
AcDbSymbolTable
 70
     1
  0
STYLE
  5
11
330
3
100
AcDbSymbolTableRecord
100
AcDbTextStyleTableRecord
  2
STANDARD
 70
     0
 40
0.0
 41
1.0
 50
0.0
 71
     0
 42
0.2
  3
txt
  4

  0
ENDTAB
  0
TABLE
  2
VIEW
  5
6
330
0
100
AcDbSymbolTable
 70
     0
  0
ENDTAB
  0
TABLE
  2
UCS
  5
7
330
0
100
AcDbSymbolTable
 70
     0
  0
ENDTAB
  0
TABLE
  2
APPID
  5
9
330
0
100
AcDbSymbolTable
 70
     1
  0
APPID
  5
12
330
9
100
AcDbSymbolTableRecord
100
AcDbRegAppTableRecord
  2
ACAD
 70
     0
  0
ENDTAB
  0
TABLE
  2
DIMSTYLE
  5
A
330
0
100
AcDbSymbolTable
 70
     1
  0
DIMSTYLE
105
27
330
A
100
AcDbSymbolTableRecord
100
AcDbDimStyleTableRecord
  2
STANDARD
 70
     0
  3

  4

  5

  6

  7

 40
1.0
 41
0.18
 42
0.0625
 43
0.38
 44
0.18
 45
0.0
 46
0.0
 47
0.0
 48
0.0
140
0.18
141
0.09
142
0.0
143
25.4
144
1.0
145
0.0
146
1.0
147
0.09
 71
     0
 72
     0
 73
     1
 74
     1
 75
     0
 76
     0
 77
     0
 78
     0
170
     0
171
     2
172
     0
173
     0
174
     0
175
     0
176
     0
177
     0
178
     0
270
     2
271
     4
272
     4
273
     2
274
     2
340
11
275
     0
280
     0
281
     0
282
     0
283
     1
284
     0
285
     0
286
     0
287
     3
288
     0
  0
ENDTAB
  0
TABLE
  2
BLOCK_RECORD
  5
1
330
0
100
AcDbSymbolTable
 70
     1
  0
BLOCK_RECORD
  5
1F
330
1
100
AcDbSymbolTableRecord
100
AcDbBlockTableRecord
  2
*MODEL_SPACE
  0
BLOCK_RECORD
  5
1B
330
1
100
AcDbSymbolTableRecord
100
AcDbBlockTableRecord
  2
*PAPER_SPACE
  0
ENDTAB
  0
ENDSEC
  0
SECTION
  2
BLOCKS
  0
BLOCK
  5
20
330
1F
100
AcDbEntity
  8
0
100
AcDbBlockBegin
  2
*MODEL_SPACE
 70
     0
 10
0.0
 20
0.0
 30
0.0
  3
*MODEL_SPACE
  1

  0
ENDBLK
  5
21
330
1F
100
AcDbEntity
  8
0
100
AcDbBlockEnd
  0
BLOCK
  5
1C
330
1B
100
AcDbEntity
 67
     1
  8
0
100
AcDbBlockBegin
  2
*PAPER_SPACE
 70
     0
 10
0.0
 20
0.0
 30
0.0
  3
*PAPER_SPACE
  1

  0
ENDBLK
  5
1D
330
1B
100
AcDbEntity
 67
     1
  8
0
100
AcDbBlockEnd
  0
ENDSEC
  0
SECTION
  2
ENTITIES
  0
SPLINE
  5
6B
330
1F
100
AcDbEntity
  8
DEFAULT
 62
   250
100
AcDbSpline
210
0.0
220
0.0
230
1.0
 70
     8
 71
     3
 72
    17
 73
    13
 74
     0
 42
0.000000001
 43
0.0000000001
 40
0.0
 40
0.0
 40
0.0
 40
0.0
 40
1.0
 40
1.0
 40
1.0
 40
2.0
 40
2.0
 40
2.0
 40
3.0
 40
3.0
 40
3.0
 40
4.0
 40
4.0
 40
4.0
 40
4.0
 10
44.6960625
 20
160.8747805555556
 30
0.0
 10
44.88091805555555
 20
160.7322583333333
 30
0.0
 10
45.00297916666666
 20
160.4987194444444
 30
0.0
 10
44.31541527777778
 20
160.1410027777778
 30
0.0
 10
43.87655972222223
 20
159.9127555555555
 30
0.0
 10
43.74955972222222
 20
159.5010638888889
 30
0.0
 10
43.91430694444445
 20
159.1842694444445
 30
0.0
 10
44.07940694444444
 20
158.867475
 30
0.0
 10
44.51685138888889
 20
158.7253055555555
 30
0.0
 10
44.85975138888889
 20
158.9038111111111
 30
0.0
 10
45.20265138888888
 20
159.0819638888889
 30
0.0
 10
45.58435694444444
 20
159.2329527777778
 30
0.0
 10
45.74557638888889
 20
159.0699694444444
 30
0.0
  0
POLYLINE
  5
6C
330
1F
100
AcDbEntity
  8
DEFAULT
 62
   250
100
AcDb2dPolyline
 66
     1
 10
0.0
 20
0.0
 30
0.0
  0
VERTEX
  5
6D
330
6C
100
AcDbEntity
  8
DEFAULT
 62
   250
100
AcDbVertex
100
AcDb2dVertex
 10
42.97006194444446
 20
158.6908038888889
 30
0.0
  0
VERTEX
  5
6E
330
6C
100
AcDbEntity
  8
DEFAULT
 62
   250
100
AcDbVertex
100
AcDb2dVertex
 10
45.63141750000001
 20
160.0751038888889
 30
0.0
  0
SEQEND
  5
6F
330
6C
100
AcDbEntity
  8
DEFAULT
 62
   250
  0
SPLINE
  5
70
330
1F
100
AcDbEntity
  8
DEFAULT
 62
   250
100
AcDbSpline
210
0.0
220
0.0
230
1.0
 70
     8
 71
     3
 72
    20
 73
    16
 74
     0
 42
0.000000001
 43
0.0000000001
 40
0.0
 40
0.0
 40
0.0
 40
0.0
 40
1.0
 40
1.0
 40
1.0
 40
2.0
 40
2.0
 40
2.0
 40
3.0
 40
3.0
 40
3.0
 40
4.0
 40
4.0
 40
4.0
 40
5.0
 40
5.0
 40
5.0
 40
5.0
 10
64.08437638888888
 20
159.1269430555555
 30
0.0
 10
63.60671527777777
 20
159.2775791666666
 30
0.0
 10
61.46217916666666
 20
159.9259847222222
 30
0.0
 10
61.33588472222222
 20
160.1683430555555
 30
0.0
 10
61.20959027777777
 20
160.4110541666666
 30
0.0
 10
61.60434861111111
 20
160.9035319444444
 30
0.0
 10
62.30814027777777
 20
160.6816347222222
 30
0.0
 10
63.01228472222222
 20
160.4597375
 30
0.0
 10
63.09906805555555
 20
159.9154013888889
 30
0.0
 10
62.95125416666666
 20
159.4465597222222
 30
0.0
 10
62.80344027777777
 20
158.9780708333333
 30
0.0
 10
62.15820972222221
 20
158.7110180555555
 30
0.0
 10
61.77191805555555
 20
158.8327263888889
 30
0.0
 10
61.38597916666666
 20
158.9544347222222
 30
0.0
 10
61.17149027777777
 20
159.2528847222222
 30
0.0
 10
61.10940138888888
 20
159.4730180555555
 30
0.0
  0
SPLINE
  5
71
330
1F
100
AcDbEntity
  8
DEFAULT
 62
   250
100
AcDbSpline
210
0.0
220
0.0
230
1.0
 70
    11
 71
     3
 72
    32
 73
    28
 74
     0
 42
0.000000001
 43
0.0000000001
 40
5.634999999999991
 40
5.634999999999991
 40
5.634999999999991
 40
5.634999999999991
 40
6.634999999999991
 40
6.634999999999991
 40
6.634999999999991
 40
7.634999999999991
 40
7.634999999999991
 40
7.634999999999991
 40
8.634999999999991
 40
8.634999999999991
 40
8.634999999999991
 40
9.634999999999991
 40
9.634999999999991
 40
9.634999999999991
 40
10.63499999999999
 40
10.63499999999999
 40
10.63499999999999
 40
11.63499999999999
 40
11.63499999999999
 40
11.63499999999999
 40
12.63499999999999
 40
12.63499999999999
 40
12.63499999999999
 40
13.63499999999999
 40
13.63499999999999
 40
13.63499999999999
 40
19.26999999999998
 40
19.26999999999998
 40
19.26999999999998
 40
19.26999999999998
 10
49.79560638888888
 20
152.8755797222222
 30
0.0
 10
49.90955361111111
 20
152.8995686111111
 30
0.0
 10
50.08947027777777
 20
152.9175602777778
 30
0.0
 10
50.27220916666666
 20
152.9175602777778
 30
0.0
 10
50.53326472222221
 20
152.9175602777778
 30
0.0
 10
50.70118694444444
 20
152.8727575
 30
0.0
 10
50.82712861111111
 20
152.7708047222222
 30
0.0
 10
50.9319036111111
 20
152.6924880555555
 30
0.0
 10
50.99469805555555
 20
152.5728963888889
 30
0.0
 10
50.99469805555555
 20
152.4137936111111
 30
0.0
 10
50.99469805555555
 20
152.2190602777778
 30
0.0
 10
50.7382286111111
 20
152.0479630555555
 30
0.0
 10
50.52515083333333
 20
151.9699991666666
 30
0.0
 10
50.52515083333333
 20
151.9699991666666
 30
0.0
 10
51.06983972222221
 20
151.7572741666666
 30
0.0
 10
51.06983972222221
 20
151.4574130555555
 30
0.0
 10
51.06983972222221
 20
151.2834936111111
 30
0.0
 10
51.00069527777777
 20
151.1515547222222
 30
0.0
 10
50.8987425
 20
151.0527769444444
 30
0.0
 10
50.75798416666666
 20
150.9236602777777
 30
0.0
 10
50.53008972222221
 20
150.8636880555555
 30
0.0
 10
50.20024249999999
 20
150.8636880555555
 30
0.0
 10
50.02032583333332
 20
150.8636880555555
 30
0.0
 10
49.8827425
 20
150.8756825
 30
0.0
 10
49.79560638888888
 20
150.8876769444444
 30
0.0
 10
49.79560638888888
 20
151.5503112037037
 30
0.0
 10
49.79560638888888
 20
152.2129454629629
 30
0.0
 10
49.79560638888888
 20
152.8755797222222
 30
0.0
  0
SPLINE
  5
72
330
1F
100
AcDbEntity
  8
DEFAULT
 62
     1
100
AcDbSpline
210
0.0
220
0.0
230
1.0
 70
     8
 71
     3
 72
    50
 73
    46
 74
     0
 42
0.000000001
 43
0.0000000001
 40
0.0
 40
0.0
 40
0.0
 40
0.0
 40
3.835463596489993
 40
3.835463596489993
 40
3.835463596489993
 40
4.835463596489993
 40
4.835463596489993
 40
4.835463596489993
 40
5.835463596489993
 40
5.835463596489993
 40
5.835463596489993
 40
6.835463596489993
 40
6.835463596489993
 40
6.835463596489993
 40
7.835463596489993
 40
7.835463596489993
 40
7.835463596489993
 40
27.6811757278296
 40
27.6811757278296
 40
27.6811757278296
 40
28.6811757278296
 40
28.6811757278296
 40
28.6811757278296
 40
29.6811757278296
 40
29.6811757278296
 40
29.6811757278296
 40
30.6811757278296
 40
30.6811757278296
 40
30.6811757278296
 40
50.51945027477545
 40
50.51945027477545
 40
50.51945027477545
 40
51.51945027477545
 40
51.51945027477545
 40
51.51945027477545
 40
52.51945027477545
 40
52.51945027477545
 40
52.51945027477545
 40
53.51945027477545
 40
53.51945027477545
 40
53.51945027477545
 40
54.51945027477545
 40
54.51945027477545
 40
54.51945027477545
 40
58.34896199299752
 40
58.34896199299752
 40
58.34896199299752
 40
58.34896199299752
 10
66.03372055555556
 20
158.6543972222222
 30
0.0
 10
66.16895203703704
 20
159.0846685185185
 30
0.0
 10
66.30418351851853
 20
159.5149398148148
 30
0.0
 10
66.43941500000001
 20
159.9452111111111
 30
0.0
 10
66.439415
 20
159.9452111111111
 30
0.0
 10
68.94448999999999
 20
159.1578111111111
 30
0.0
 10
69.77845666666666
 20
158.8942861111111
 30
0.0
 10
69.94390944444444
 20
158.8410166666666
 30
0.0
 10
70.49353722222222
 20
158.5595
 30
0.0
 10
71.4160511111111
 20
158.2666944444444
 30
0.0
 10
72.33821222222221
 20
157.9774166666666
 30
0.0
 10
73.10091777777777
 20
157.7819777777777
 30
0.0
 10
73.11890944444444
 20
157.8359527777777
 30
0.0
 10
73.61667888888888
 20
159.4188666666666
 30
0.0
 10
72.74143722222222
 20
161.1030277777778
 30
0.0
 10
71.16169833333332
 20
161.6018555555555
 30
0.0
 10
68.9364937037037
 20
162.3051768518518
 30
0.0
 10
66.71128907407406
 20
163.0084981481481
 30
0.0
 10
64.48608444444443
 20
163.7118194444444
 30
0.0
 10
61.02780388888888
 20
164.8001388888889
 30
0.0
 10
55.99507611111111
 20
166.0965972222222
 30
0.0
 10
55.46273444444444
 20
163.8444638888889
 30
0.0
 10
54.54022055555554
 20
159.9557944444444
 30
0.0
 10
53.53480388888888
 20
163.0531833333333
 30
0.0
 10
50.19646777777777
 20
162.1899361111111
 30
0.0
 10
47.73019833333333
 20
161.5528194444444
 30
0.0
 10
53.29173999999999
 20
169.2444333333333
 30
0.0
 10
41.73156499999999
 20
163.2306305555555
 30
0.0
 10
39.66205296296295
 20
162.1539527777777
 30
0.0
 10
37.59254092592592
 20
161.077275
 30
0.0
 10
35.52302888888889
 20
160.0005972222222
 30
0.0
 10
34.05053444444444
 20
159.2361277777778
 30
0.0
 10
33.47868166666666
 20
157.4299055555555
 30
0.0
 10
34.24667888888888
 20
155.9577638888889
 30
0.0
 10
34.27102055555555
 20
155.9087277777778
 30
0.0
 10
34.98715944444444
 20
156.2294027777778
 30
0.0
 10
35.84405666666666
 20
156.6753138888889
 30
0.0
 10
36.70412888888889
 20
157.1222833333333
 30
0.0
 10
37.19801777777777
 20
157.4916416666667
 30
0.0
 10
37.35429833333333
 20
157.5734861111111
 30
0.0
 10
38.12582333333333
 20
157.9770638888889
 30
0.0
 10
40.455215
 20
159.1877972222222
 30
0.0
 10
40.455215
 20
159.1877972222222
 30
0.0
 10
40.66288351851851
 20
158.7882175925926
 30
0.0
 10
40.87055203703703
 20
158.3886379629629
 30
0.0
 10
41.07822055555555
 20
157.9890583333333
 30
0.0
  0
SPLINE
  5
73
330
1F
100
AcDbEntity
  8
DEFAULT
 62
     1
100
AcDbSpline
210
0.0
220
0.0
230
1.0
 70
     8
 71
     3
 72
    71
 73
    67
 74
     0
 42
0.000000001
 43
0.0000000001
 40
0.0
 40
0.0
 40
0.0
 40
0.0
 40
3.826526492786949
 40
3.826526492786949
 40
3.826526492786949
 40
4.826526492786949
 40
4.826526492786949
 40
4.826526492786949
 40
5.826526492786949
 40
5.826526492786949
 40
5.826526492786949
 40
6.826526492786949
 40
6.826526492786949
 40
6.826526492786949
 40
7.826526492786949
 40
7.826526492786949
 40
7.826526492786949
 40
8.82652649278695
 40
8.82652649278695
 40
8.82652649278695
 40
18.74953153158442
 40
18.74953153158442
 40
18.74953153158442
 40
19.74953153158442
 40
19.74953153158442
 40
19.74953153158442
 40
20.74953153158442
 40
20.74953153158442
 40
20.74953153158442
 40
21.74953153158442
 40
21.74953153158442
 40
21.74953153158442
 40
22.74953153158442
 40
22.74953153158442
 40
22.74953153158442
 40
31.25653153158443
 40
31.25653153158443
 40
31.25653153158443
 40
32.25653153158443
 40
32.25653153158443
 40
32.25653153158443
 40
33.25653153158443
 40
33.25653153158443
 40
33.25653153158443
 40
34.26672957061161
 40
34.26672957061161
 40
34.26672957061161
 40
35.26672957061161
 40
35.26672957061161
 40
35.26672957061161
 40
36.26672957061161
 40
36.26672957061161
 40
36.26672957061161
 40
37.26672957061161
 40
37.26672957061161
 40
37.26672957061161
 40
38.26672957061161
 40
38.26672957061161
 40
38.26672957061161
 40
39.26672957061161
 40
39.26672957061161
 40
39.26672957061161
 40
40.26672957061161
 40
40.26672957061161
 40
40.26672957061161
 40
44.10557744464883
 40
44.10557744464883
 40
44.10557744464883
 40
44.10557744464883
 10
65.94348
 20
158.3699172222222
 30
0.0
 10
65.80801333333334
 20
157.9408218518518
 30
0.0
 10
65.67254666666666
 20
157.5117264814815
 30
0.0
 10
65.53708
 20
157.0826311111111
 30
0.0
 10
65.53708
 20
157.0826311111111
 30
0.0
 10
68.03862722222222
 20
156.2945255555555
 30
0.0
 10
68.87259388888889
 20
156.0306477777778
 30
0.0
 10
69.03804666666666
 20
155.9777311111111
 30
0.0
 10
69.65258555555555
 20
155.8927116666667
 30
0.0
 10
70.57157166666666
 20
155.5992005555555
 30
0.0
 10
71.49373277777778
 20
155.3099227777778
 30
0.0
 10
72.22998
 20
155.03017
 30
0.0
 10
72.21234111111112
 20
154.976195
 30
0.0
 10
71.71421888888888
 20
153.3929283333333
 30
0.0
 10
70.03005777777777
 20
152.5176866666667
 30
0.0
 10
68.4499661111111
 20
153.0196894444444
 30
0.0
 10
61.77470499999999
 20
155.1261255555555
 30
0.0
 10
54.93681333333333
 20
150.8412866666666
 30
0.0
 10
54.93469666666667
 20
148.3503227777778
 30
0.0
 10
54.9358725925926
 20
147.1834514814815
 30
0.0
 10
54.93704851851852
 20
146.0165801851852
 30
0.0
 10
54.93822444444444
 20
144.8497088888889
 30
0.0
 10
54.93751888888888
 20
143.190595
 30
0.0
 10
53.59590499999999
 20
141.8479227777778
 30
0.0
 10
51.93679111111111
 20
141.8482755555555
 30
0.0
 10
51.87964111111111
 20
141.84757
 30
0.0
 10
51.83272166666666
 20
142.6335588888889
 30
0.0
 10
51.8320161111111
 20
143.6015811111111
 30
0.0
 10
51.83131055555555
 20
144.5692505555555
 30
0.0
 10
51.93502722222222
 20
145.1802616666667
 30
0.0
 10
51.93291055555555
 20
145.35277
 30
0.0
 10
51.93291055555555
 20
146.2273061111111
 30
0.0
 10
51.93326333333333
 20
148.8505616666667
 30
0.0
 10
51.93326333333333
 20
148.8505616666667
 30
0.0
 10
50.93290314814815
 20
148.8505616666667
 30
0.0
 10
49.93254296296296
 20
148.8505616666667
 30
0.0
 10
48.93218277777778
 20
148.8505616666667
 30
0.0
 10
48.93218277777778
 20
148.8505616666667
 30
0.0
 10
48.93147722222221
 20
146.2273061111111
 30
0.0
 10
48.93218277777778
 20
145.3492422222222
 30
0.0
 10
48.93112444444444
 20
145.1763811111111
 30
0.0
 10
49.03554666666666
 20
144.5674866666666
 30
0.0
 10
49.03625222222222
 20
143.5998172222222
 30
0.0
 10
49.03554666666666
 20
142.6564894444444
 30
0.0
 10
48.99286055555555
 20
141.8853172222222
 30
0.0
 10
48.93218277777778
 20
141.84757
 30
0.0
 10
47.27659666666667
 20
141.8489811111111
 30
0.0
 10
45.93815777777777
 20
143.1877727777778
 30
0.0
 10
45.93498277777778
 20
144.8461811111111
 30
0.0
 10
45.93498277777778
 20
151.8491727777778
 30
0.0
 10
45.88453555555554
 20
155.2432477777778
 30
0.0
 10
39.67211888888889
 20
152.0163894444444
 30
0.0
 10
38.20385777777777
 20
151.2490977777778
 30
0.0
 10
36.39304944444444
 20
151.82342
 30
0.0
 10
35.62928555555555
 20
153.2927394444444
 30
0.0
 10
35.60071055555555
 20
153.3445977777778
 30
0.0
 10
36.27910222222222
 20
153.74747
 30
0.0
 10
37.13564666666667
 20
154.1933811111111
 30
0.0
 10
37.99219111111111
 20
154.639645
 30
0.0
 10
38.58344666666667
 20
154.8304977777778
 30
0.0
 10
38.736905
 20
154.9084616666667
 30
0.0
 10
39.51195777777777
 20
155.312745
 30
0.0
 10
41.84099666666666
 20
156.5231255555555
 30
0.0
 10
41.84099666666666
 20
156.5231255555555
 30
0.0
 10
41.63321055555556
 20
156.9238811111111
 30
0.0
 10
41.42542444444445
 20
157.3246366666666
 30
0.0
 10
41.21763833333333
 20
157.7253922222222
 30
0.0
  0
SPLINE
  5
74
330
1F
100
AcDbEntity
  8
DEFAULT
 62
   250
100
AcDbSpline
210
0.0
220
0.0
230
1.0
 70
     8
 71
     3
 72
    17
 73
    13
 74
     0
 42
0.000000001
 43
0.0000000001
 40
0.0
 40
0.0
 40
0.0
 40
0.0
 40
1.0
 40
1.0
 40
1.0
 40
2.0
 40
2.0
 40
2.0
 40
3.0
 40
3.0
 40
3.0
 40
4.0
 40
4.0
 40
4.0
 40
4.0
 10
254.3410302777777
 20
159.0248491666667
 30
0.0
 10
254.351613611111
 20
159.2580352777778
 30
0.0
 10
254.4726163888889
 20
159.4919269444445
 30
0.0
 10
255.1605330555555
 20
159.1345630555555
 30
0.0
 10
255.5990358333333
 20
158.9063158333333
 30
0.0
 10
256.0093163888889
 20
159.0386075
 30
0.0
 10
256.1740636111111
 20
159.3554019444445
 30
0.0
 10
256.3388108333333
 20
159.6721963888889
 30
0.0
 10
256.2036969444444
 20
160.1121102777778
 30
0.0
 10
255.8607969444444
 20
160.2906158333333
 30
0.0
 10
255.5178969444444
 20
160.4687686111111
 30
0.0
 10
255.1757024999999
 20
160.6945463888889
 30
0.0
 10
255.2162719444444
 20
160.9203241666667
 30
0.0
  0
POLYLINE
  5
75
330
1F
100
AcDbEntity
  8
DEFAULT
 62
   250
100
AcDb2dPolyline
 66
     1
 10
0.0
 20
0.0
 30
0.0
  0
VERTEX
  5
76
330
75
100
AcDbEntity
  8
DEFAULT
 62
   250
100
AcDbVertex
100
AcDb2dVertex
 10
257.1201430555556
 20
158.8654641666666
 30
0.0
  0
VERTEX
  5
77
330
75
100
AcDbEntity
  8
DEFAULT
 62
   250
100
AcDbVertex
100
AcDb2dVertex
 10
254.4587875
 20
160.2497641666666
 30
0.0
  0
SEQEND
  5
78
330
75
100
AcDbEntity
  8
DEFAULT
 62
   250
  0
SPLINE
  5
79
330
1F
100
AcDbEntity
  8
DEFAULT
 62
   250
100
AcDbSpline
210
0.0
220
0.0
230
1.0
 70
     8
 71
     3
 72
    20
 73
    16
 74
     0
 42
0.000000001
 43
0.0000000001
 40
0.0
 40
0.0
 40
0.0
 40
0.0
 40
1.0
 40
1.0
 40
1.0
 40
2.0
 40
2.0
 40
2.0
 40
3.0
 40
3.0
 40
3.0
 40
4.0
 40
4.0
 40
4.0
 40
5.0
 40
5.0
 40
5.0
 40
5.0
 10
235.9232786111111
 20
159.1016136111111
 30
0.0
 10
236.4009397222222
 20
159.2522497222222
 30
0.0
 10
238.5299536111111
 20
159.9511025
 30
0.0
 10
238.7723119444445
 20
159.8248080555555
 30
0.0
 10
239.0146702777778
 20
159.6985136111111
 30
0.0
 10
238.9737480555556
 20
159.0684525
 30
0.0
 10
238.2699563888889
 20
158.8465552777778
 30
0.0
 10
237.5661647222222
 20
158.6246580555555
 30
0.0
 10
237.1826952777778
 20
159.0208275
 30
0.0
 10
237.0348813888889
 20
159.4896691666667
 30
0.0
 10
236.8870675
 20
159.9581580555555
 30
0.0
 10
237.2627758333333
 20
160.5469441666666
 30
0.0
 10
237.6487147222222
 20
160.6686525
 30
0.0
 10
238.0346536111111
 20
160.7903608333333
 30
0.0
 10
238.3817869444445
 20
160.6690052777778
 30
0.0
 10
238.5585286111111
 20
160.5243663888889
 30
0.0
  0
SPLINE
  5
7A
330
1F
100
AcDbEntity
  8
DEFAULT
 62
   250
100
AcDbSpline
210
0.0
220
0.0
230
1.0
 70
    11
 71
     3
 72
    32
 73
    28
 74
     0
 42
0.000000001
 43
0.0000000001
 40
5.634999999999991
 40
5.634999999999991
 40
5.634999999999991
 40
5.634999999999991
 40
6.634999999999991
 40
6.634999999999991
 40
6.634999999999991
 40
7.634999999999991
 40
7.634999999999991
 40
7.634999999999991
 40
8.634999999999991
 40
8.634999999999991
 40
8.634999999999991
 40
9.634999999999991
 40
9.634999999999991
 40
9.634999999999991
 40
10.63499999999999
 40
10.63499999999999
 40
10.63499999999999
 40
11.63499999999999
 40
11.63499999999999
 40
11.63499999999999
 40
12.63499999999999
 40
12.63499999999999
 40
12.63499999999999
 40
13.63499999999999
 40
13.63499999999999
 40
13.63499999999999
 40
19.26999999999998
 40
19.26999999999998
 40
19.26999999999998
 40
19.26999999999998
 10
248.9296661111111
 20
152.8759325
 30
0.0
 10
249.0436133333333
 20
152.8999213888889
 30
0.0
 10
249.22353
 20
152.9179130555556
 30
0.0
 10
249.4062688888889
 20
152.9179130555556
 30
0.0
 10
249.6673244444444
 20
152.9179130555556
 30
0.0
 10
249.8352466666666
 20
152.8731102777778
 30
0.0
 10
249.9611883333333
 20
152.7711575
 30
0.0
 10
250.0659633333333
 20
152.6928408333333
 30
0.0
 10
250.1287577777777
 20
152.5732491666667
 30
0.0
 10
250.1287577777777
 20
152.4141463888889
 30
0.0
 10
250.1287577777777
 20
152.2194130555555
 30
0.0
 10
249.8719355555556
 20
152.0483158333333
 30
0.0
 10
249.6592105555555
 20
151.9703519444444
 30
0.0
 10
249.6592105555555
 20
151.9703519444444
 30
0.0
 10
250.2038994444444
 20
151.7576269444444
 30
0.0
 10
250.2038994444444
 20
151.4577658333333
 30
0.0
 10
250.2038994444444
 20
151.2838463888889
 30
0.0
 10
250.134755
 20
151.1519075
 30
0.0
 10
250.0328022222222
 20
151.0527769444444
 30
0.0
 10
249.8920438888888
 20
150.9240130555555
 30
0.0
 10
249.6641494444444
 20
150.8640408333333
 30
0.0
 10
249.3343022222222
 20
150.8640408333333
 30
0.0
 10
249.1543855555555
 20
150.8640408333333
 30
0.0
 10
249.0164494444444
 20
150.8760352777778
 30
0.0
 10
248.9296661111111
 20
150.8880297222222
 30
0.0
 10
248.9296661111111
 20
151.5506639814815
 30
0.0
 10
248.9296661111111
 20
152.2132982407408
 30
0.0
 10
248.9296661111111
 20
152.8759325
 30
0.0
  0
SPLINE
  5
7B
330
1F
100
AcDbEntity
  8
DEFAULT
 62
     1
100
AcDbSpline
210
0.0
220
0.0
230
1.0
 70
     8
 71
     3
 72
    71
 73
    67
 74
     0
 42
0.000000001
 43
0.0000000001
 40
0.0
 40
0.0
 40
0.0
 40
0.0
 40
3.829511718222107
 40
3.829511718222107
 40
3.829511718222107
 40
4.829511718222108
 40
4.829511718222108
 40
4.829511718222108
 40
5.829511718222108
 40
5.829511718222108
 40
5.829511718222108
 40
6.829511718222108
 40
6.829511718222108
 40
6.829511718222108
 40
7.829511718222108
 40
7.829511718222108
 40
7.829511718222108
 40
8.829511718222108
 40
8.829511718222108
 40
8.829511718222108
 40
9.839709757249286
 40
9.839709757249286
 40
9.839709757249286
 40
10.83970975724929
 40
10.83970975724929
 40
10.83970975724929
 40
11.83970975724929
 40
11.83970975724929
 40
11.83970975724929
 40
12.83970975724929
 40
12.83970975724929
 40
12.83970975724929
 40
21.34770975724933
 40
21.34770975724933
 40
21.34770975724933
 40
22.34770975724933
 40
22.34770975724933
 40
22.34770975724933
 40
23.34770975724933
 40
23.34770975724933
 40
23.34770975724933
 40
24.34770975724933
 40
24.34770975724933
 40
24.34770975724933
 40
25.34770975724933
 40
25.34770975724933
 40
25.34770975724933
 40
35.27171383826418
 40
35.27171383826418
 40
35.27171383826418
 40
36.27171383826418
 40
36.27171383826418
 40
36.27171383826418
 40
37.27171383826418
 40
37.27171383826418
 40
37.27171383826418
 40
38.27171383826418
 40
38.27171383826418
 40
38.27171383826418
 40
39.27171383826418
 40
39.27171383826418
 40
39.27171383826418
 40
40.27171383826418
 40
40.27171383826418
 40
40.27171383826418
 40
44.09026277732466
 40
44.09026277732466
 40
44.09026277732466
 40
44.09026277732466
 10
258.7813030555556
 20
157.7220408333333
 30
0.0
 10
258.573634537037
 20
157.3224612037037
 30
0.0
 10
258.3659660185185
 20
156.9228815740741
 30
0.0
 10
258.1582974999999
 20
156.5233019444444
 30
0.0
 10
258.1582975
 20
156.5233019444444
 30
0.0
 10
260.4876891666667
 20
155.3125686111111
 30
0.0
 10
261.2623891666667
 20
154.9082852777778
 30
0.0
 10
261.4162002777778
 20
154.8306741666666
 30
0.0
 10
262.0074558333333
 20
154.6394686111111
 30
0.0
 10
262.8640002777777
 20
154.1935575
 30
0.0
 10
263.7205447222222
 20
153.7472936111111
 30
0.0
 10
264.3985836111111
 20
153.3444213888889
 30
0.0
 10
264.3703613888889
 20
153.2925630555555
 30
0.0
 10
263.6065975
 20
151.8235963888889
 30
0.0
 10
261.7957891666666
 20
151.2489213888889
 30
0.0
 10
260.3271752777778
 20
152.0162130555555
 30
0.0
 10
254.1147586111111
 20
155.2434241666666
 30
0.0
 10
254.0643113888889
 20
151.8493491666667
 30
0.0
 10
254.0643113888889
 20
144.8463575
 30
0.0
 10
254.0614891666667
 20
143.1879491666666
 30
0.0
 10
252.7230502777778
 20
141.8488047222222
 30
0.0
 10
251.0639363888889
 20
141.8484519444444
 30
0.0
 10
251.0064336111111
 20
141.8851408333333
 30
0.0
 10
250.9641002777778
 20
142.6566658333333
 30
0.0
 10
250.9630419444444
 20
143.5996408333333
 30
0.0
 10
250.9637475
 20
144.5676630555555
 30
0.0
 10
251.0685225
 20
145.1762047222222
 30
0.0
 10
251.0674641666667
 20
145.3490658333333
 30
0.0
 10
251.0678169444444
 20
146.2271297222222
 30
0.0
 10
251.0674641666667
 20
148.8507380555556
 30
0.0
 10
251.0674641666667
 20
148.8507380555556
 30
0.0
 10
250.0669863888889
 20
148.8507380555556
 30
0.0
 10
249.0665086111111
 20
148.8507380555556
 30
0.0
 10
248.0660308333333
 20
148.8507380555556
 30
0.0
 10
248.0660308333333
 20
148.8507380555556
 30
0.0
 10
248.0667363888889
 20
146.2271297222222
 30
0.0
 10
248.0667363888889
 20
145.3525936111111
 30
0.0
 10
248.0642669444444
 20
145.1804380555556
 30
0.0
 10
248.1679836111111
 20
144.5694269444444
 30
0.0
 10
248.1672780555556
 20
143.6014047222222
 30
0.0
 10
248.1665725
 20
142.6333825
 30
0.0
 10
248.1200058333333
 20
141.8477463888889
 30
0.0
 10
248.0625030555555
 20
141.8484519444444
 30
0.0
 10
246.4033891666667
 20
141.8480991666667
 30
0.0
 10
245.0617752777778
 20
143.1907713888889
 30
0.0
 10
245.0614225
 20
144.8495325
 30
0.0
 10
245.0624808333334
 20
146.0165213888889
 30
0.0
 10
245.0635391666667
 20
147.1835102777778
 30
0.0
 10
245.0645975
 20
148.3504991666667
 30
0.0
 10
245.0628336111111
 20
150.8411102777778
 30
0.0
 10
238.2249419444445
 20
155.1263019444444
 30
0.0
 10
231.5496808333333
 20
153.0198658333333
 30
0.0
 10
229.9692363888889
 20
152.5175102777778
 30
0.0
 10
228.2854280555556
 20
153.3931047222222
 30
0.0
 10
227.7873058333333
 20
154.9760186111111
 30
0.0
 10
227.7693141666666
 20
155.0299936111111
 30
0.0
 10
228.5059141666667
 20
155.3097463888889
 30
0.0
 10
229.4277225
 20
155.5993769444444
 30
0.0
 10
230.3470613888889
 20
155.8925352777778
 30
0.0
 10
230.9616002777778
 20
155.9775547222222
 30
0.0
 10
231.1270530555556
 20
156.0308241666667
 30
0.0
 10
231.9610197222222
 20
156.2943491666666
 30
0.0
 10
234.4625669444445
 20
157.0824547222222
 30
0.0
 10
234.4625669444445
 20
157.0824547222222
 30
0.0
 10
234.3268650925926
 20
157.5104917592593
 30
0.0
 10
234.1911632407407
 20
157.9385287962963
 30
0.0
 10
234.0554613888889
 20
158.3665658333333
 30
0.0
  0
SPLINE
  5
7C
330
1F
100
AcDbEntity
  8
DEFAULT
 62
     1
100
AcDbSpline
210
0.0
220
0.0
230
1.0
 70
     8
 71
     3
 72
    50
 73
    46
 74
     0
 42
0.000000001
 43
0.0000000001
 40
0.0
 40
0.0
 40
0.0
 40
0.0
 40
3.839308271030109
 40
3.839308271030109
 40
3.839308271030109
 40
4.839308271030109
 40
4.839308271030109
 40
4.839308271030109
 40
5.839308271030109
 40
5.839308271030109
 40
5.839308271030109
 40
6.839308271030109
 40
6.839308271030109
 40
6.839308271030109
 40
7.839308271030109
 40
7.839308271030109
 40
7.839308271030109
 40
27.67623416694458
 40
27.67623416694458
 40
27.67623416694458
 40
28.67623416694458
 40
28.67623416694458
 40
28.67623416694458
 40
29.67623416694458
 40
29.67623416694458
 40
29.67623416694458
 40
30.67623416694458
 40
30.67623416694458
 40
30.67623416694458
 40
50.52289980629064
 40
50.52289980629064
 40
50.52289980629064
 40
51.52289980629064
 40
51.52289980629064
 40
51.52289980629064
 40
52.52289980629064
 40
52.52289980629064
 40
52.52289980629064
 40
53.52289980629064
 40
53.52289980629064
 40
53.52289980629064
 40
54.52289980629064
 40
54.52289980629064
 40
54.52289980629064
 40
58.34942629907755
 40
58.34942629907755
 40
58.34942629907755
 40
58.34942629907755
 10
258.9207208333333
 20
157.9854247222222
 30
0.0
 10
259.128624537037
 20
158.3861802777778
 30
0.0
 10
259.3365282407407
 20
158.7869358333333
 30
0.0
 10
259.5444319444444
 20
159.1876913888889
 30
0.0
 10
259.5444319444444
 20
159.1876913888889
 30
0.0
 10
261.8734708333333
 20
157.9773108333333
 30
0.0
 10
262.6449958333333
 20
157.5733802777777
 30
0.0
 10
262.8012763888889
 20
157.4915358333333
 30
0.0
 10
263.2955180555555
 20
157.1221775
 30
0.0
 10
264.1555902777778
 20
156.6755608333333
 30
0.0
 10
265.0121347222222
 20
156.2292969444444
 30
0.0
 10
265.7286263888889
 20
155.9086219444444
 30
0.0
 10
265.7526152777777
 20
155.9580108333333
 30
0.0
 10
266.5206125
 20
157.4297997222222
 30
0.0
 10
265.9487597222222
 20
159.2363747222222
 30
0.0
 10
264.4762652777778
 20
160.0008441666667
 30
0.0
 10
262.4068708333333
 20
161.0774043518519
 30
0.0
 10
260.3374763888889
 20
162.153964537037
 30
0.0
 10
258.2680819444444
 20
163.2305247222222
 30
0.0
 10
246.7079069444444
 20
169.2443275
 30
0.0
 10
252.2694486111111
 20
161.5527136111111
 30
0.0
 10
249.8031791666666
 20
162.1898302777778
 30
0.0
 10
246.4651958333333
 20
163.0566052777777
 30
0.0
 10
245.4594263888889
 20
159.9556886111111
 30
0.0
 10
244.5369125
 20
163.8447108333333
 30
0.0
 10
244.0045708333333
 20
166.0964913888889
 30
0.0
 10
238.9714902777777
 20
164.8000330555555
 30
0.0
 10
235.5135625
 20
163.7117136111111
 30
0.0
 10
233.2882402777777
 20
163.0083923148148
 30
0.0
 10
231.0629180555555
 20
162.3050710185185
 30
0.0
 10
228.8375958333333
 20
161.6017497222222
 30
0.0
 10
227.2582097222222
 20
161.1032747222222
 30
0.0
 10
226.3826152777777
 20
159.4191136111111
 30
0.0
 10
226.8807375
 20
157.8361997222222
 30
0.0
 10
226.8987291666666
 20
157.7818719444444
 30
0.0
 10
227.6614347222222
 20
157.9773108333333
 30
0.0
 10
228.5832430555555
 20
158.2669413888889
 30
0.0
 10
229.5061097222222
 20
158.5593941666667
 30
0.0
 10
230.0557375
 20
158.8409108333333
 30
0.0
 10
230.2211902777778
 20
158.8941802777778
 30
0.0
 10
231.0551569444444
 20
159.1580580555555
 30
0.0
 10
233.5598791666666
 20
159.9451052777778
 30
0.0
 10
233.5598791666666
 20
159.9451052777778
 30
0.0
 10
233.6953458333333
 20
159.5160099074074
 30
0.0
 10
233.8308125
 20
159.086914537037
 30
0.0
 10
233.9662791666667
 20
158.6578191666667
 30
0.0
  0
SPLINE
  5
7D
330
1F
100
AcDbEntity
  8
DEFAULT
 62
   250
100
AcDbSpline
210
0.0
220
0.0
230
1.0
 70
     8
 71
     3
 72
    17
 73
    13
 74
     0
 42
0.000000001
 43
0.0000000001
 40
0.0
 40
0.0
 40
0.0
 40
0.0
 40
1.0
 40
1.0
 40
1.0
 40
2.0
 40
2.0
 40
2.0
 40
3.0
 40
3.0
 40
3.0
 40
4.0
 40
4.0
 40
4.0
 40
4.0
 10
216.4525911111111
 20
139.3993627777778
 30
0.0
 10
216.6642577777778
 20
139.497435
 30
0.0
 10
216.9277827777778
 20
139.4981405555556
 30
0.0
 10
216.9277827777778
 20
138.7230877777778
 30
0.0
 10
216.9277827777778
 20
138.2284933333333
 30
0.0
 10
217.2346994444444
 20
137.92581
 30
0.0
 10
217.5917105555556
 20
137.92581
 30
0.0
 10
217.9487216666667
 20
137.92581
 30
0.0
 10
218.276805
 20
138.2486016666667
 30
0.0
 10
218.276805
 20
138.6348933333333
 30
0.0
 10
218.276805
 20
139.0215377777778
 30
0.0
 10
218.3191383333333
 20
139.4297016666667
 30
0.0
 10
218.5382133333333
 20
139.497435
 30
0.0
  0
POLYLINE
  5
7E
330
1F
100
AcDbEntity
  8
DEFAULT
 62
   250
100
AcDb2dPolyline
 66
     1
 10
0.0
 20
0.0
 30
0.0
  0
VERTEX
  5
7F
330
7E
100
AcDbEntity
  8
DEFAULT
 62
   250
100
AcDbVertex
100
AcDb2dVertex
 10
217.5936508333333
 20
136.8603152777777
 30
0.0
  0
VERTEX
  5
80
330
7E
100
AcDbEntity
  8
DEFAULT
 62
   250
100
AcDbVertex
100
AcDb2dVertex
 10
217.5936508333333
 20
139.8603375
 30
0.0
  0
SEQEND
  5
81
330
7E
100
AcDbEntity
  8
DEFAULT
 62
   250
  0
SPLINE
  5
82
330
1F
100
AcDbEntity
  8
DEFAULT
 62
   250
100
AcDbSpline
210
0.0
220
0.0
230
1.0
 70
     8
 71
     3
 72
    17
 73
    13
 74
     0
 42
0.000000001
 43
0.0000000001
 40
0.0
 40
0.0
 40
0.0
 40
0.0
 40
1.0
 40
1.0
 40
1.0
 40
2.0
 40
2.0
 40
2.0
 40
3.0
 40
3.0
 40
3.0
 40
4.0
 40
4.0
 40
4.0
 40
4.0
 10
230.4472855555555
 20
139.3993627777778
 30
0.0
 10
230.6589522222222
 20
139.497435
 30
0.0
 10
230.9224772222222
 20
139.4981405555556
 30
0.0
 10
230.9224772222222
 20
138.7230877777778
 30
0.0
 10
230.9224772222222
 20
138.2284933333333
 30
0.0
 10
231.2293938888889
 20
137.92581
 30
0.0
 10
231.586405
 20
137.92581
 30
0.0
 10
231.9434161111111
 20
137.92581
 30
0.0
 10
232.2714994444444
 20
138.2486016666667
 30
0.0
 10
232.2714994444444
 20
138.6348933333333
 30
0.0
 10
232.2714994444444
 20
139.0215377777778
 30
0.0
 10
232.3138327777778
 20
139.4297016666667
 30
0.0
 10
232.5329077777778
 20
139.497435
 30
0.0
  0
POLYLINE
  5
83
330
1F
100
AcDbEntity
  8
DEFAULT
 62
   250
100
AcDb2dPolyline
 66
     1
 10
0.0
 20
0.0
 30
0.0
  0
VERTEX
  5
84
330
83
100
AcDbEntity
  8
DEFAULT
 62
   250
100
AcDbVertex
100
AcDb2dVertex
 10
231.5883452777778
 20
136.8603152777777
 30
0.0
  0
VERTEX
  5
85
330
83
100
AcDbEntity
  8
DEFAULT
 62
   250
100
AcDbVertex
100
AcDb2dVertex
 10
231.5883452777778
 20
139.8603375
 30
0.0
  0
SEQEND
  5
86
330
83
100
AcDbEntity
  8
DEFAULT
 62
   250
  0
SPLINE
  5
87
330
1F
100
AcDbEntity
  8
DEFAULT
 62
     5
100
AcDbSpline
210
0.0
220
0.0
230
1.0
 70
    11
 71
     3
 72
    17
 73
    13
 74
     0
 42
0.000000001
 43
0.0000000001
 40
0.0
 40
0.0
 40
0.0
 40
0.0
 40
1.0
 40
1.0
 40
1.0
 40
2.0
 40
2.0
 40
2.0
 40
3.0
 40
3.0
 40
3.0
 40
4.0
 40
4.0
 40
4.0
 40
4.0
 10
211.6185477777778
 20
134.4265719444444
 30
0.0
 10
209.9015783333333
 20
136.1823469444444
 30
0.0
 10
212.1787588888889
 20
137.0798136111111
 30
0.0
 10
211.4940172222222
 20
139.5506691666666
 30
0.0
 10
210.8092755555556
 20
142.0215247222222
 30
0.0
 10
212.8014116666666
 20
138.9477719444444
 30
0.0
 10
213.6731255555555
 20
139.5506691666666
 30
0.0
 10
214.5444866666666
 20
140.1539191666666
 30
0.0
 10
213.2370922222222
 20
135.2982858333333
 30
0.0
 10
213.9842755555555
 20
133.7418302777778
 30
0.0
 10
214.7314588888889
 20
132.1853747222222
 30
0.0
 10
214.3578672222222
 20
131.6251636111111
 30
0.0
 10
211.6185477777778
 20
134.4265719444444
 30
0.0
  0
SPLINE
  5
88
330
1F
100
AcDbEntity
  8
DEFAULT
 62
     5
100
AcDbSpline
210
0.0
220
0.0
230
1.0
 70
    11
 71
     3
 72
    23
 73
    19
 74
     0
 42
0.000000001
 43
0.0000000001
 40
0.0
 40
0.0
 40
0.0
 40
0.0
 40
1.0
 40
1.0
 40
1.0
 40
2.0
 40
2.0
 40
2.0
 40
3.0
 40
3.0
 40
3.0
 40
4.0
 40
4.0
 40
4.0
 40
5.0
 40
5.0
 40
5.0
 40
6.0
 40
6.0
 40
6.0
 40
6.0
 10
224.4996286111111
 20
150.3638372222222
 30
0.0
 10
222.3018230555555
 20
150.3638372222222
 30
0.0
 10
223.3774424999999
 20
145.3314622222222
 30
0.0
 10
221.6414230555555
 20
141.46149
 30
0.0
 10
220.0966091666666
 20
138.0113233333333
 30
0.0
 10
221.0282952777777
 20
135.0610427777778
 30
0.0
 10
221.9807952777778
 20
131.3709872222222
 30
0.0
 10
222.9438786111111
 20
127.6209594444444
 30
0.0
 10
223.5012675
 20
132.8702927777778
 30
0.0
 10
224.4996286111111
 20
132.8702927777778
 30
0.0
 10
225.4979897222222
 20
132.8702927777778
 30
0.0
 10
226.0553786111111
 20
127.6209594444444
 30
0.0
 10
227.0184619444444
 20
131.3709872222222
 30
0.0
 10
227.9709619444444
 20
135.0610427777778
 30
0.0
 10
228.9026480555555
 20
138.0113233333333
 30
0.0
 10
227.3578341666666
 20
141.46149
 30
0.0
 10
225.6218147222222
 20
145.3314622222222
 30
0.0
 10
226.6974341666667
 20
150.3638372222222
 30
0.0
 10
224.4996286111111
 20
150.3638372222222
 30
0.0
  0
SPLINE
  5
89
330
1F
100
AcDbEntity
  8
DEFAULT
 62
     5
100
AcDbSpline
210
0.0
220
0.0
230
1.0
 70
    11
 71
     3
 72
    17
 73
    13
 74
     0
 42
0.000000001
 43
0.0000000001
 40
0.0
 40
0.0
 40
0.0
 40
0.0
 40
1.0
 40
1.0
 40
1.0
 40
2.0
 40
2.0
 40
2.0
 40
3.0
 40
3.0
 40
3.0
 40
4.0
 40
4.0
 40
4.0
 40
4.0
 10
237.3806741666666
 20
134.4265719444444
 30
0.0
 10
239.0976436111111
 20
136.1823469444444
 30
0.0
 10
236.8204630555555
 20
137.0798136111111
 30
0.0
 10
237.5052047222222
 20
139.5506691666666
 30
0.0
 10
238.1899463888888
 20
142.0215247222222
 30
0.0
 10
236.1978102777778
 20
138.9477719444444
 30
0.0
 10
235.3260963888889
 20
139.5506691666666
 30
0.0
 10
234.4547352777778
 20
140.1539191666666
 30
0.0
 10
235.7621297222222
 20
135.2982858333333
 30
0.0
 10
235.0149463888889
 20
133.7418302777778
 30
0.0
 10
234.2677630555555
 20
132.1853747222222
 30
0.0
 10
234.6413547222222
 20
131.6251636111111
 30
0.0
 10
237.3806741666666
 20
134.4265719444444
 30
0.0
  0
SPLINE
  5
8A
330
1F
100
AcDbEntity
  8
DEFAULT
 62
     3
100
AcDbSpline
210
0.0
220
0.0
230
1.0
 70
    11
 71
     3
 72
    17
 73
    13
 74
     0
 42
0.000000001
 43
0.0000000001
 40
0.0
 40
0.0
 40
0.0
 40
0.0
 40
1.0
 40
1.0
 40
1.0
 40
2.0
 40
2.0
 40
2.0
 40
3.0
 40
3.0
 40
3.0
 40
4.0
 40
4.0
 40
4.0
 40
4.0
 10
224.4996286111111
 20
142.5819827777778
 30
0.0
 10
223.6282675
 20
142.5819827777778
 30
0.0
 10
223.6247397222222
 20
138.4230855555556
 30
0.0
 10
222.9438786111111
 20
136.9908077777778
 30
0.0
 10
221.9243508333333
 20
134.8459188888889
 30
0.0
 10
223.5647675
 20
135.68553
 30
0.0
 10
224.4996286111111
 20
135.68553
 30
0.0
 10
225.4344897222222
 20
135.68553
 30
0.0
 10
227.0749063888888
 20
134.8459188888889
 30
0.0
 10
226.0553786111111
 20
136.9908077777778
 30
0.0
 10
225.3745175
 20
138.4230855555556
 30
0.0
 10
225.3709897222222
 20
142.5819827777778
 30
0.0
 10
224.4996286111111
 20
142.5819827777778
 30
0.0
  0
SPLINE
  5
8B
330
1F
100
AcDbEntity
  8
DEFAULT
 62
     1
100
AcDbSpline
210
0.0
220
0.0
230
1.0
 70
     8
 71
     3
 72
    71
 73
    67
 74
     0
 42
0.000000001
 43
0.0000000001
 40
0.0
 40
0.0
 40
0.0
 40
0.0
 40
1.0
 40
1.0
 40
1.0
 40
2.0
 40
2.0
 40
2.0
 40
3.0
 40
3.0
 40
3.0
 40
4.0
 40
4.0
 40
4.0
 40
5.0
 40
5.0
 40
5.0
 40
14.92000000000002
 40
14.92000000000002
 40
14.92000000000002
 40
23.43000000000001
 40
23.43000000000001
 40
23.43000000000001
 40
33.35000000000002
 40
33.35000000000002
 40
33.35000000000002
 40
34.35000000000002
 40
34.35000000000002
 40
34.35000000000002
 40
35.35000000000002
 40
35.35000000000002
 40
35.35000000000002
 40
36.35000000000002
 40
36.35000000000002
 40
36.35000000000002
 40
37.35000000000002
 40
37.35000000000002
 40
37.35000000000002
 40
38.35000000000002
 40
38.35000000000002
 40
38.35000000000002
 40
39.35000000000002
 40
39.35000000000002
 40
39.35000000000002
 40
49.27000000000004
 40
49.27000000000004
 40
49.27000000000004
 40
57.78000000000003
 40
57.78000000000003
 40
57.78000000000003
 40
67.70000000000005
 40
67.70000000000005
 40
67.70000000000005
 40
68.70000000000005
 40
68.70000000000005
 40
68.70000000000005
 40
69.70000000000005
 40
69.70000000000005
 40
69.70000000000005
 40
70.70000000000005
 40
70.70000000000005
 40
70.70000000000005
 40
71.70000000000005
 40
71.70000000000005
 40
71.70000000000005
 40
72.70000000000005
 40
72.70000000000005
 40
72.70000000000005
 40
72.70000000000005
 10
239.5321952777777
 20
142.2979613888889
 30
0.0
 10
238.7172786111111
 20
137.4366836111111
 30
0.0
 10
243.6385286111111
 20
139.1053225
 30
0.0
 10
238.0364174999999
 20
131.9439336111111
 30
0.0
 10
236.8863619444444
 20
130.4763780555556
 30
0.0
 10
239.2923063888889
 20
127.1355725
 30
0.0
 10
237.5495841666666
 20
127.8834613888889
 30
0.0
 10
235.5070008333333
 20
128.7583502777778
 30
0.0
 10
234.6497508333333
 20
127.8587669444444
 30
0.0
 10
232.9916952777778
 20
127.8587669444444
 30
0.0
 10
232.9352508333333
 20
127.8587669444444
 30
0.0
 10
232.8893897222222
 20
128.6454613888889
 30
0.0
 10
232.8893897222222
 20
129.6120725
 30
0.0
 10
232.8893897222222
 20
130.5786836111111
 30
0.0
 10
232.9916952777778
 20
131.1889891666667
 30
0.0
 10
232.9916952777778
 20
131.3618502777778
 30
0.0
 10
232.9916952777777
 20
132.5283687962963
 30
0.0
 10
232.9916952777777
 20
133.6948873148148
 30
0.0
 10
232.9916952777778
 20
134.8614058333333
 30
0.0
 10
231.9909823148148
 20
134.8614058333333
 30
0.0
 10
230.9902693518518
 20
134.8614058333333
 30
0.0
 10
229.9895563888889
 20
134.8614058333333
 30
0.0
 10
229.9895563888889
 20
133.6948873148148
 30
0.0
 10
229.9895563888889
 20
132.5283687962963
 30
0.0
 10
229.9895563888889
 20
131.3618502777778
 30
0.0
 10
229.9895563888889
 20
131.1889891666667
 30
0.0
 10
230.0918619444444
 20
130.5786836111111
 30
0.0
 10
230.0918619444444
 20
129.6120725
 30
0.0
 10
230.0918619444444
 20
128.6454613888889
 30
0.0
 10
230.0460008333333
 20
127.8587669444444
 30
0.0
 10
229.9895563888889
 20
127.8587669444444
 30
0.0
 10
228.0210563888888
 20
127.8587669444444
 30
0.0
 10
226.1266397222222
 20
126.3629891666667
 30
0.0
 10
224.4932786111111
 20
126.3629891666667
 30
0.0
 10
222.8599175
 20
126.3629891666667
 30
0.0
 10
220.9655008333333
 20
127.8587669444444
 30
0.0
 10
218.9970008333333
 20
127.8587669444444
 30
0.0
 10
218.9405563888888
 20
127.8587669444444
 30
0.0
 10
218.8946952777777
 20
128.6454613888889
 30
0.0
 10
218.8946952777777
 20
129.6120725
 30
0.0
 10
218.8946952777777
 20
130.5786836111111
 30
0.0
 10
218.9970008333333
 20
131.1889891666667
 30
0.0
 10
218.9970008333333
 20
131.3618502777778
 30
0.0
 10
218.9970008333333
 20
132.5283687962963
 30
0.0
 10
218.9970008333333
 20
133.6948873148148
 30
0.0
 10
218.9970008333333
 20
134.8614058333333
 30
0.0
 10
217.9962878703703
 20
134.8614058333333
 30
0.0
 10
216.9955749074074
 20
134.8614058333333
 30
0.0
 10
215.9948619444444
 20
134.8614058333333
 30
0.0
 10
215.9948619444444
 20
133.6948873148148
 30
0.0
 10
215.9948619444444
 20
132.5283687962963
 30
0.0
 10
215.9948619444444
 20
131.3618502777778
 30
0.0
 10
215.9948619444444
 20
131.1889891666667
 30
0.0
 10
216.0971675
 20
130.5786836111111
 30
0.0
 10
216.0971675
 20
129.6120725
 30
0.0
 10
216.0971675
 20
128.6454613888889
 30
0.0
 10
216.0513063888888
 20
127.8587669444444
 30
0.0
 10
215.9948619444444
 20
127.8587669444444
 30
0.0
 10
214.3368063888889
 20
127.8587669444444
 30
0.0
 10
213.4830841666666
 20
128.7583502777778
 30
0.0
 10
211.4405008333333
 20
127.8834613888889
 30
0.0
 10
209.6977786111111
 20
127.1355725
 30
0.0
 10
212.1001952777777
 20
130.4763780555556
 30
0.0
 10
210.9536675
 20
131.9439336111111
 30
0.0
 10
205.3480286111111
 20
139.1053225
 30
0.0
 10
210.2728063888889
 20
137.4366836111111
 30
0.0
 10
209.4543619444444
 20
142.2979613888889
 30
0.0
  0
SPLINE
  5
8C
330
1F
100
AcDbEntity
  8
DEFAULT
 62
     1
100
AcDbSpline
210
0.0
220
0.0
230
1.0
 70
     8
 71
     3
 72
    17
 73
    13
 74
     0
 42
0.000000001
 43
0.0000000001
 40
0.0
 40
0.0
 40
0.0
 40
0.0
 40
1.002499999999998
 40
1.002499999999998
 40
1.002499999999998
 40
2.004999999999995
 40
2.004999999999995
 40
2.004999999999995
 40
3.007499999999993
 40
3.007499999999993
 40
3.007499999999993
 40
4.009999999999991
 40
4.009999999999991
 40
4.009999999999991
 40
4.009999999999991
 10
209.4049730555555
 20
142.5907669444444
 30
0.0
 10
208.4560008333333
 20
147.9953225
 30
0.0
 10
213.3948897222222
 20
139.5392391666667
 30
0.0
 10
217.4976952777778
 20
144.5733780555555
 30
0.0
 10
221.7451397222222
 20
149.7839058333333
 30
0.0
 10
221.6146119444444
 20
154.3135725
 30
0.0
 10
224.4968063888888
 20
154.3206280555555
 30
0.0
 10
227.3790008333333
 20
154.3135725
 30
0.0
 10
227.2414175
 20
149.7839058333333
 30
0.0
 10
231.4888619444444
 20
144.5733780555555
 30
0.0
 10
235.5916675
 20
139.5392391666667
 30
0.0
 10
240.5340841666666
 20
147.9953225
 30
0.0
 10
239.5851119444444
 20
142.5907669444444
 30
0.0
  0
SPLINE
  5
8D
330
1F
100
AcDbEntity
  8
DEFAULT
 62
   250
100
AcDbSpline
210
0.0
220
0.0
230
1.0
 70
     8
 71
     3
 72
    20
 73
    16
 74
     0
 42
0.000000001
 43
0.0000000001
 40
0.0
 40
0.0
 40
0.0
 40
0.0
 40
1.0
 40
1.0
 40
1.0
 40
2.0
 40
2.0
 40
2.0
 40
3.0
 40
3.0
 40
3.0
 40
4.0
 40
4.0
 40
4.0
 40
5.0
 40
5.0
 40
5.0
 40
5.0
 10
77.70636111111111
 20
131.0776877777778
 30
0.0
 10
78.20730555555555
 20
131.0776877777778
 30
0.0
 10
80.44779722222222
 20
131.1041461111111
 30
0.0
 10
80.64076666666666
 20
130.9108238888889
 30
0.0
 10
80.83408888888889
 20
130.7175016666667
 30
0.0
 10
80.60584166666666
 20
130.1287155555555
 30
0.0
 10
79.86783055555556
 20
130.1287155555555
 30
0.0
 10
79.12981944444444
 20
130.1287155555555
 30
0.0
 10
78.88322777777778
 20
130.6218988888889
 30
0.0
 10
78.88322777777778
 20
131.1133183333333
 30
0.0
 10
78.88322777777778
 20
131.6047377777778
 30
0.0
 10
79.41839166666666
 20
132.0534711111111
 30
0.0
 10
79.82338055555556
 20
132.0534711111111
 30
0.0
 10
80.22801666666666
 20
132.0534711111111
 30
0.0
 10
80.52223333333333
 20
131.8333377777778
 30
0.0
 10
80.64746944444444
 20
131.6421322222222
 30
0.0
  0
SPLINE
  5
8E
330
1F
100
AcDbEntity
  8
DEFAULT
 62
   250
100
AcDbSpline
210
0.0
220
0.0
230
1.0
 70
     8
 71
     3
 72
    20
 73
    16
 74
     0
 42
0.000000001
 43
0.0000000001
 40
0.0
 40
0.0
 40
0.0
 40
0.0
 40
1.0
 40
1.0
 40
1.0
 40
2.0
 40
2.0
 40
2.0
 40
3.0
 40
3.0
 40
3.0
 40
4.0
 40
4.0
 40
4.0
 40
5.0
 40
5.0
 40
5.0
 40
5.0
 10
77.70636111111111
 20
145.07591
 30
0.0
 10
78.20730555555555
 20
145.07591
 30
0.0
 10
80.44779722222222
 20
145.1023683333333
 30
0.0
 10
80.64076666666666
 20
144.9090461111111
 30
0.0
 10
80.83408888888889
 20
144.7157238888889
 30
0.0
 10
80.60584166666666
 20
144.1269377777778
 30
0.0
 10
79.86783055555556
 20
144.1269377777778
 30
0.0
 10
79.12981944444444
 20
144.1269377777778
 30
0.0
 10
78.88322777777778
 20
144.6201211111111
 30
0.0
 10
78.88322777777778
 20
145.1115405555556
 30
0.0
 10
78.88322777777778
 20
145.60296
 30
0.0
 10
79.41839166666666
 20
146.0516933333333
 30
0.0
 10
79.82338055555556
 20
146.0516933333333
 30
0.0
 10
80.22801666666666
 20
146.0516933333333
 30
0.0
 10
80.52223333333333
 20
145.83156
 30
0.0
 10
80.64746944444444
 20
145.6403544444445
 30
0.0
  0
SPLINE
  5
8F
330
1F
100
AcDbEntity
  8
DEFAULT
 62
     1
100
AcDbSpline
210
0.0
220
0.0
230
1.0
 70
     8
 71
     3
 72
    71
 73
    67
 74
     0
 42
0.000000001
 43
0.0000000001
 40
0.0
 40
0.0
 40
0.0
 40
0.0
 40
1.0
 40
1.0
 40
1.0
 40
2.0
 40
2.0
 40
2.0
 40
3.0
 40
3.0
 40
3.0
 40
4.0
 40
4.0
 40
4.0
 40
13.91999999999999
 40
13.91999999999999
 40
13.91999999999999
 40
22.43000000000004
 40
22.43000000000004
 40
22.43000000000004
 40
32.35000000000002
 40
32.35000000000002
 40
32.35000000000002
 40
33.35000000000002
 40
33.35000000000002
 40
33.35000000000002
 40
34.35000000000002
 40
34.35000000000002
 40
34.35000000000002
 40
35.35000000000002
 40
35.35000000000002
 40
35.35000000000002
 40
36.35000000000002
 40
36.35000000000002
 40
36.35000000000002
 40
37.35000000000002
 40
37.35000000000002
 40
37.35000000000002
 40
38.35000000000002
 40
38.35000000000002
 40
38.35000000000002
 40
39.35000000000002
 40
39.35000000000002
 40
39.35000000000002
 40
40.35000000000002
 40
40.35000000000002
 40
40.35000000000002
 40
50.27000000000001
 40
50.27000000000001
 40
50.27000000000001
 40
58.78000000000006
 40
58.78000000000006
 40
58.78000000000006
 40
68.70000000000005
 40
68.70000000000005
 40
68.70000000000005
 40
69.70000000000005
 40
69.70000000000005
 40
69.70000000000005
 40
70.70000000000005
 40
70.70000000000005
 40
70.70000000000005
 40
71.70000000000005
 40
71.70000000000005
 40
71.70000000000005
 40
72.70000000000005
 40
72.70000000000005
 40
72.70000000000005
 40
72.70000000000005
 10
75.47024388888889
 20
126.5807588888889
 30
0.0
 10
72.85263277777777
 20
126.4502311111111
 30
0.0
 10
75.41027166666666
 20
122.88012
 30
0.0
 10
70.92999388888887
 20
126.05512
 30
0.0
 10
69.57532722222221
 20
127.0146755555556
 30
0.0
 10
68.7039661111111
 20
127.9318977777778
 30
0.0
 10
68.7039661111111
 20
129.5899533333333
 30
0.0
 10
68.7039661111111
 20
129.6463977777778
 30
0.0
 10
69.49066055555555
 20
129.6922588888889
 30
0.0
 10
70.45727166666666
 20
129.6922588888889
 30
0.0
 10
71.42388277777778
 20
129.6922588888889
 30
0.0
 10
72.03418833333332
 20
129.5899533333333
 30
0.0
 10
72.20704944444444
 20
129.5899533333333
 30
0.0
 10
73.37356796296295
 20
129.5899533333333
 30
0.0
 10
74.54008648148147
 20
129.5899533333333
 30
0.0
 10
75.70660499999998
 20
129.5899533333333
 30
0.0
 10
75.70660499999998
 20
130.5906662962963
 30
0.0
 10
75.70660499999998
 20
131.5913792592592
 30
0.0
 10
75.70660499999998
 20
132.5920922222222
 30
0.0
 10
74.54008648148147
 20
132.5920922222222
 30
0.0
 10
73.37356796296295
 20
132.5920922222222
 30
0.0
 10
72.20704944444444
 20
132.5920922222222
 30
0.0
 10
72.03418833333332
 20
132.5920922222222
 30
0.0
 10
71.42388277777778
 20
132.4897866666666
 30
0.0
 10
70.45727166666666
 20
132.4897866666666
 30
0.0
 10
69.49066055555555
 20
132.4897866666666
 30
0.0
 10
68.7039661111111
 20
132.5356477777778
 30
0.0
 10
68.7039661111111
 20
132.5920922222222
 30
0.0
 10
68.7039661111111
 20
134.5605922222222
 30
0.0
 10
67.1482161111111
 20
134.7158144444444
 30
0.0
 10
65.26791055555555
 20
134.1690088888889
 30
0.0
 10
58.96729944444444
 20
132.3239811111111
 30
0.0
 10
61.70485499999999
 20
136.4550088888889
 30
0.0
 10
61.70485499999999
 20
138.08837
 30
0.0
 10
61.70485499999999
 20
139.7217311111111
 30
0.0
 10
58.96729944444444
 20
143.8562866666667
 30
0.0
 10
65.26791055555555
 20
142.0112588888889
 30
0.0
 10
67.1482161111111
 20
141.4644533333333
 30
0.0
 10
68.7039661111111
 20
141.6196755555555
 30
0.0
 10
68.7039661111111
 20
143.5881755555555
 30
0.0
 10
68.7039661111111
 20
143.64462
 30
0.0
 10
69.49066055555555
 20
143.6904811111111
 30
0.0
 10
70.45727166666666
 20
143.6904811111111
 30
0.0
 10
71.42388277777778
 20
143.6904811111111
 30
0.0
 10
72.03418833333332
 20
143.5881755555555
 30
0.0
 10
72.20704944444444
 20
143.5881755555555
 30
0.0
 10
73.37356796296295
 20
143.5881755555555
 30
0.0
 10
74.54008648148147
 20
143.5881755555555
 30
0.0
 10
75.70660499999998
 20
143.5881755555555
 30
0.0
 10
75.70660499999998
 20
144.5888885185185
 30
0.0
 10
75.70660499999998
 20
145.5896014814815
 30
0.0
 10
75.70660499999998
 20
146.5903144444444
 30
0.0
 10
74.54008648148147
 20
146.5903144444444
 30
0.0
 10
73.37356796296295
 20
146.5903144444444
 30
0.0
 10
72.20704944444444
 20
146.5903144444444
 30
0.0
 10
72.03418833333332
 20
146.5903144444444
 30
0.0
 10
71.42388277777778
 20
146.4880088888889
 30
0.0
 10
70.45727166666666
 20
146.4880088888889
 30
0.0
 10
69.49066055555555
 20
146.4880088888889
 30
0.0
 10
68.7039661111111
 20
146.53387
 30
0.0
 10
68.7039661111111
 20
146.5903144444444
 30
0.0
 10
68.7039661111111
 20
148.24837
 30
0.0
 10
69.57532722222221
 20
149.1655922222222
 30
0.0
 10
70.92999388888887
 20
150.1251477777778
 30
0.0
 10
75.41027166666666
 20
153.3036755555555
 30
0.0
 10
72.85263277777777
 20
149.7300366666666
 30
0.0
 10
75.47024388888889
 20
149.5995088888889
 30
0.0
  0
SPLINE
  5
90
330
1F
100
AcDbEntity
  8
DEFAULT
 62
     1
100
AcDbSpline
210
0.0
220
0.0
230
1.0
 70
     8
 71
     3
 72
    17
 73
    13
 74
     0
 42
0.000000001
 43
0.0000000001
 40
0.0
 40
0.0
 40
0.0
 40
0.0
 40
1.0
 40
1.0
 40
1.0
 40
2.0
 40
2.0
 40
2.0
 40
3.0
 40
3.0
 40
3.0
 40
4.0
 40
4.0
 40
4.0
 40
4.0
 10
75.77010499999999
 20
149.5924886111111
 30
0.0
 10
81.389855
 20
149.5677941666667
 30
0.0
 10
79.73179944444443
 20
148.1919608333333
 30
0.0
 10
84.76593833333332
 20
144.0891552777778
 30
0.0
 10
89.97999388888888
 20
139.8417108333333
 30
0.0
 10
95.1658272222222
 20
140.9776552777778
 30
0.0
 10
95.1658272222222
 20
138.0919330555555
 30
0.0
 10
95.1658272222222
 20
135.2026830555555
 30
0.0
 10
89.97999388888888
 20
136.3421552777777
 30
0.0
 10
84.76593833333332
 20
132.0911830555555
 30
0.0
 10
79.73179944444443
 20
127.9883775
 30
0.0
 10
81.389855
 20
126.6125441666667
 30
0.0
 10
75.77010499999999
 20
126.5878497222222
 30
0.0
  0
SPLINE
  5
91
330
1F
100
AcDbEntity
  8
DEFAULT
 62
     3
100
AcDbSpline
210
0.0
220
0.0
230
1.0
 70
    11
 71
     3
 72
    17
 73
    13
 74
     0
 42
0.000000001
 43
0.0000000001
 40
0.0
 40
0.0
 40
0.0
 40
0.0
 40
1.0
 40
1.0
 40
1.0
 40
2.0
 40
2.0
 40
2.0
 40
3.0
 40
3.0
 40
3.0
 40
4.0
 40
4.0
 40
4.0
 40
4.0
 10
74.52180083333333
 20
138.0930972222222
 30
0.0
 10
74.52180083333333
 20
139.0279583333333
 30
0.0
 10
73.68218972222222
 20
140.668375
 30
0.0
 10
75.82707861111109
 20
139.6488472222222
 30
0.0
 10
77.25935638888888
 20
138.9679861111111
 30
0.0
 10
78.74772583333333
 20
138.9644583333333
 30
0.0
 10
78.74772583333333
 20
138.0930972222222
 30
0.0
 10
78.74772583333333
 20
137.2217361111111
 30
0.0
 10
77.25935638888888
 20
137.2182083333333
 30
0.0
 10
75.82707861111109
 20
136.5373472222222
 30
0.0
 10
73.68218972222222
 20
135.5178194444444
 30
0.0
 10
74.52180083333333
 20
137.1582361111111
 30
0.0
 10
74.52180083333333
 20
138.0930972222222
 30
0.0
  0
SPLINE
  5
92
330
1F
100
AcDbEntity
  8
DEFAULT
 62
     5
100
AcDbSpline
210
0.0
220
0.0
230
1.0
 70
    11
 71
     3
 72
    23
 73
    19
 74
     0
 42
0.000000001
 43
0.0000000001
 40
0.0
 40
0.0
 40
0.0
 40
0.0
 40
1.0
 40
1.0
 40
1.0
 40
2.0
 40
2.0
 40
2.0
 40
3.0
 40
3.0
 40
3.0
 40
4.0
 40
4.0
 40
4.0
 40
5.0
 40
5.0
 40
5.0
 40
6.0
 40
6.0
 40
6.0
 40
6.0
 10
70.20715222222222
 20
135.5742638888889
 30
0.0
 10
66.45712444444445
 20
136.5373472222222
 30
0.0
 10
71.70645777777777
 20
137.0947361111111
 30
0.0
 10
71.70645777777777
 20
138.0930972222222
 30
0.0
 10
71.70645777777777
 20
139.0914583333333
 30
0.0
 10
66.45712444444445
 20
139.6488472222222
 30
0.0
 10
70.20715222222222
 20
140.6119305555555
 30
0.0
 10
73.89720777777778
 20
141.5644305555556
 30
0.0
 10
74.62040222222221
 20
142.4181527777777
 30
0.0
 10
78.07056888888889
 20
140.8729861111111
 30
0.0
 10
81.9405411111111
 20
139.1373194444444
 30
0.0
 10
91.03162444444445
 20
140.2909027777778
 30
0.0
 10
91.03162444444445
 20
138.0930972222222
 30
0.0
 10
91.03162444444445
 20
135.8952916666667
 30
0.0
 10
81.9405411111111
 20
137.048875
 30
0.0
 10
78.07056888888889
 20
135.3132083333333
 30
0.0
 10
74.62040222222221
 20
133.7680416666666
 30
0.0
 10
73.89720777777778
 20
134.6217638888889
 30
0.0
 10
70.20715222222222
 20
135.5742638888889
 30
0.0
  0
POLYLINE
  5
93
330
1F
100
AcDbEntity
  8
DEFAULT
 62
   250
100
AcDb2dPolyline
 66
     1
 10
0.0
 20
0.0
 30
0.0
  0
VERTEX
  5
94
330
93
100
AcDbEntity
  8
DEFAULT
 62
   250
100
AcDbVertex
100
AcDb2dVertex
 10
205.4226411111111
 20
160.8027433333334
 30
0.0
  0
VERTEX
  5
95
330
93
100
AcDbEntity
  8
DEFAULT
 62
   250
100
AcDbVertex
100
AcDb2dVertex
 10
205.9828522222222
 20
161.7707655555555
 30
0.0
  0
VERTEX
  5
96
330
93
100
AcDbEntity
  8
DEFAULT
 62
   250
100
AcDbVertex
100
AcDb2dVertex
 10
206.6263188888889
 20
160.1060072222222
 30
0.0
  0
VERTEX
  5
97
330
93
100
AcDbEntity
  8
DEFAULT
 62
   250
100
AcDbVertex
100
AcDb2dVertex
 10
207.1805327777777
 20
161.0637988888889
 30
0.0
  0
SEQEND
  5
98
330
93
100
AcDbEntity
  8
DEFAULT
 62
   250
  0
POLYLINE
  5
99
330
1F
100
AcDbEntity
  8
DEFAULT
 62
   250
100
AcDb2dPolyline
 66
     1
 10
0.0
 20
0.0
 30
0.0
  0
VERTEX
  5
9A
330
99
100
AcDbEntity
  8
DEFAULT
 62
   250
100
AcDbVertex
100
AcDb2dVertex
 10
195.5695930555555
 20
155.1265136111111
 30
0.0
  0
VERTEX
  5
9B
330
99
100
AcDbEntity
  8
DEFAULT
 62
   250
100
AcDbVertex
100
AcDb2dVertex
 10
196.1298041666666
 20
156.0945358333333
 30
0.0
  0
VERTEX
  5
9C
330
99
100
AcDbEntity
  8
DEFAULT
 62
   250
100
AcDbVertex
100
AcDb2dVertex
 10
196.7732708333333
 20
154.4297775
 30
0.0
  0
VERTEX
  5
9D
330
99
100
AcDbEntity
  8
DEFAULT
 62
   250
100
AcDbVertex
100
AcDb2dVertex
 10
197.3274847222222
 20
155.3875691666667
 30
0.0
  0
SEQEND
  5
9E
330
99
100
AcDbEntity
  8
DEFAULT
 62
   250
  0
POLYLINE
  5
9F
330
1F
100
AcDbEntity
  8
DEFAULT
 62
   250
100
AcDb2dPolyline
 66
     1
 10
0.0
 20
0.0
 30
0.0
  0
VERTEX
  5
A0
330
9F
100
AcDbEntity
  8
DEFAULT
 62
   250
100
AcDbVertex
100
AcDb2dVertex
 10
185.7305502777778
 20
149.4397711111111
 30
0.0
  0
VERTEX
  5
A1
330
9F
100
AcDbEntity
  8
DEFAULT
 62
   250
100
AcDbVertex
100
AcDb2dVertex
 10
186.2907613888889
 20
150.4077933333333
 30
0.0
  0
VERTEX
  5
A2
330
9F
100
AcDbEntity
  8
DEFAULT
 62
   250
100
AcDbVertex
100
AcDb2dVertex
 10
186.9342280555556
 20
148.743035
 30
0.0
  0
VERTEX
  5
A3
330
9F
100
AcDbEntity
  8
DEFAULT
 62
   250
100
AcDbVertex
100
AcDb2dVertex
 10
187.4884419444444
 20
149.7008266666666
 30
0.0
  0
SEQEND
  5
A4
330
9F
100
AcDbEntity
  8
DEFAULT
 62
   250
  0
POLYLINE
  5
A5
330
1F
100
AcDbEntity
  8
DEFAULT
 62
   250
100
AcDb2dPolyline
 66
     1
 10
0.0
 20
0.0
 30
0.0
  0
VERTEX
  5
A6
330
A5
100
AcDbEntity
  8
DEFAULT
 62
   250
100
AcDbVertex
100
AcDb2dVertex
 10
181.0053036111111
 20
140.0293533333333
 30
0.0
  0
VERTEX
  5
A7
330
A5
100
AcDbEntity
  8
DEFAULT
 62
   250
100
AcDbVertex
100
AcDb2dVertex
 10
181.5538730555555
 20
141.0040783333333
 30
0.0
  0
VERTEX
  5
A8
330
A5
100
AcDbEntity
  8
DEFAULT
 62
   250
100
AcDbVertex
100
AcDb2dVertex
 10
182.2170952777778
 20
139.3474338888889
 30
0.0
  0
VERTEX
  5
A9
330
A5
100
AcDbEntity
  8
DEFAULT
 62
   250
100
AcDbVertex
100
AcDb2dVertex
 10
182.7596675
 20
140.3115755555555
 30
0.0
  0
SEQEND
  5
AA
330
A5
100
AcDbEntity
  8
DEFAULT
 62
   250
  0
POLYLINE
  5
AB
330
1F
100
AcDbEntity
  8
DEFAULT
 62
   250
100
AcDb2dPolyline
 66
     1
 10
0.0
 20
0.0
 30
0.0
  0
VERTEX
  5
AC
330
AB
100
AcDbEntity
  8
DEFAULT
 62
   250
100
AcDbVertex
100
AcDb2dVertex
 10
182.6949680555555
 20
129.0850930555555
 30
0.0
  0
VERTEX
  5
AD
330
AB
100
AcDbEntity
  8
DEFAULT
 62
   250
100
AcDbVertex
100
AcDb2dVertex
 10
183.0653847222222
 20
130.1402513888889
 30
0.0
  0
VERTEX
  5
AE
330
AB
100
AcDbEntity
  8
DEFAULT
 62
   250
100
AcDbVertex
100
AcDb2dVertex
 10
184.0069486111111
 20
128.6243652777778
 30
0.0
  0
VERTEX
  5
AF
330
AB
100
AcDbEntity
  8
DEFAULT
 62
   250
100
AcDbVertex
100
AcDb2dVertex
 10
184.3734847222222
 20
129.6682347222222
 30
0.0
  0
SEQEND
  5
B0
330
AB
100
AcDbEntity
  8
DEFAULT
 62
   250
  0
POLYLINE
  5
B1
330
1F
100
AcDbEntity
  8
DEFAULT
 62
   250
100
AcDb2dPolyline
 66
     1
 10
0.0
 20
0.0
 30
0.0
  0
VERTEX
  5
B2
330
B1
100
AcDbEntity
  8
DEFAULT
 62
   250
100
AcDbVertex
100
AcDb2dVertex
 10
190.0240675
 20
118.5075452777777
 30
0.0
  0
VERTEX
  5
B3
330
B1
100
AcDbEntity
  8
DEFAULT
 62
   250
100
AcDbVertex
100
AcDb2dVertex
 10
190.2068063888889
 20
119.6110341666666
 30
0.0
  0
VERTEX
  5
B4
330
B1
100
AcDbEntity
  8
DEFAULT
 62
   250
100
AcDbVertex
100
AcDb2dVertex
 10
191.3960202777778
 20
118.2803563888889
 30
0.0
  0
VERTEX
  5
B5
330
B1
100
AcDbEntity
  8
DEFAULT
 62
   250
100
AcDbVertex
100
AcDb2dVertex
 10
191.5769952777778
 20
119.3718508333333
 30
0.0
  0
SEQEND
  5
B6
330
B1
100
AcDbEntity
  8
DEFAULT
 62
   250
  0
POLYLINE
  5
B7
330
1F
100
AcDbEntity
  8
DEFAULT
 62
   250
100
AcDb2dPolyline
 66
     1
 10
0.0
 20
0.0
 30
0.0
  0
VERTEX
  5
B8
330
B7
100
AcDbEntity
  8
DEFAULT
 62
   250
100
AcDbVertex
100
AcDb2dVertex
 10
200.4588813888889
 20
110.5856733333333
 30
0.0
  0
VERTEX
  5
B9
330
B7
100
AcDbEntity
  8
DEFAULT
 62
   250
100
AcDbVertex
100
AcDb2dVertex
 10
200.4458286111111
 20
111.7039788888889
 30
0.0
  0
VERTEX
  5
BA
330
B7
100
AcDbEntity
  8
DEFAULT
 62
   250
100
AcDbVertex
100
AcDb2dVertex
 10
201.8495313888889
 20
110.6019011111111
 30
0.0
  0
VERTEX
  5
BB
330
B7
100
AcDbEntity
  8
DEFAULT
 62
   250
100
AcDbVertex
100
AcDb2dVertex
 10
201.8364786111111
 20
111.7082122222222
 30
0.0
  0
SEQEND
  5
BC
330
B7
100
AcDbEntity
  8
DEFAULT
 62
   250
  0
POLYLINE
  5
BD
330
1F
100
AcDbEntity
  8
DEFAULT
 62
   250
100
AcDb2dPolyline
 66
     1
 10
0.0
 20
0.0
 30
0.0
  0
VERTEX
  5
BE
330
BD
100
AcDbEntity
  8
DEFAULT
 62
   250
100
AcDbVertex
100
AcDb2dVertex
 10
215.0644105555556
 20
105.1141958333333
 30
0.0
  0
VERTEX
  5
BF
330
BD
100
AcDbEntity
  8
DEFAULT
 62
   250
100
AcDbVertex
100
AcDb2dVertex
 10
214.8580355555555
 20
106.2134513888889
 30
0.0
  0
VERTEX
  5
C0
330
BD
100
AcDbEntity
  8
DEFAULT
 62
   250
100
AcDbVertex
100
AcDb2dVertex
 10
216.4310716666666
 20
105.3710180555556
 30
0.0
  0
VERTEX
  5
C1
330
BD
100
AcDbEntity
  8
DEFAULT
 62
   250
100
AcDbVertex
100
AcDb2dVertex
 10
216.2268133333333
 20
106.4582791666667
 30
0.0
  0
SEQEND
  5
C2
330
BD
100
AcDbEntity
  8
DEFAULT
 62
   250
  0
POLYLINE
  5
C3
330
1F
100
AcDbEntity
  8
DEFAULT
 62
   250
100
AcDb2dPolyline
 66
     1
 10
0.0
 20
0.0
 30
0.0
  0
VERTEX
  5
C4
330
C3
100
AcDbEntity
  8
DEFAULT
 62
   250
100
AcDbVertex
100
AcDb2dVertex
 10
229.8963877777777
 20
103.2631708333333
 30
0.0
  0
VERTEX
  5
C5
330
C3
100
AcDbEntity
  8
DEFAULT
 62
   250
100
AcDbVertex
100
AcDb2dVertex
 10
229.5019822222222
 20
104.3098625
 30
0.0
  0
VERTEX
  5
C6
330
C3
100
AcDbEntity
  8
DEFAULT
 62
   250
100
AcDbVertex
100
AcDb2dVertex
 10
231.197785
 20
103.7535319444444
 30
0.0
  0
VERTEX
  5
C7
330
C3
100
AcDbEntity
  8
DEFAULT
 62
   250
100
AcDbVertex
100
AcDb2dVertex
 10
230.8076127777777
 20
104.7889347222222
 30
0.0
  0
SEQEND
  5
C8
330
C3
100
AcDbEntity
  8
DEFAULT
 62
   250
  0
POLYLINE
  5
C9
330
1F
100
AcDbEntity
  8
DEFAULT
 62
   250
100
AcDb2dPolyline
 66
     1
 10
0.0
 20
0.0
 30
0.0
  0
VERTEX
  5
CA
330
C9
100
AcDbEntity
  8
DEFAULT
 62
   250
100
AcDbVertex
100
AcDb2dVertex
 10
245.9933908333333
 20
105.1173355555556
 30
0.0
  0
VERTEX
  5
CB
330
C9
100
AcDbEntity
  8
DEFAULT
 62
   250
100
AcDbVertex
100
AcDb2dVertex
 10
245.4229491666667
 20
106.0793605555556
 30
0.0
  0
VERTEX
  5
CC
330
C9
100
AcDbEntity
  8
DEFAULT
 62
   250
100
AcDbVertex
100
AcDb2dVertex
 10
247.1896602777777
 20
105.8264188888889
 30
0.0
  0
VERTEX
  5
CD
330
C9
100
AcDbEntity
  8
DEFAULT
 62
   250
100
AcDbVertex
100
AcDb2dVertex
 10
246.6252158333333
 20
106.7782133333333
 30
0.0
  0
SEQEND
  5
CE
330
C9
100
AcDbEntity
  8
DEFAULT
 62
   250
  0
POLYLINE
  5
CF
330
1F
100
AcDbEntity
  8
DEFAULT
 62
   250
100
AcDb2dPolyline
 66
     1
 10
0.0
 20
0.0
 30
0.0
  0
VERTEX
  5
D0
330
CF
100
AcDbEntity
  8
DEFAULT
 62
   250
100
AcDbVertex
100
AcDb2dVertex
 10
261.3756308333333
 20
109.68101
 30
0.0
  0
VERTEX
  5
D1
330
CF
100
AcDbEntity
  8
DEFAULT
 62
   250
100
AcDbVertex
100
AcDb2dVertex
 10
260.6467919444444
 20
110.5294405555555
 30
0.0
  0
VERTEX
  5
D2
330
CF
100
AcDbEntity
  8
DEFAULT
 62
   250
100
AcDbVertex
100
AcDb2dVertex
 10
262.4304363888888
 20
110.5869433333333
 30
0.0
  0
VERTEX
  5
D3
330
CF
100
AcDbEntity
  8
DEFAULT
 62
   250
100
AcDbVertex
100
AcDb2dVertex
 10
261.7097113888889
 20
111.4265544444444
 30
0.0
  0
SEQEND
  5
D4
330
CF
100
AcDbEntity
  8
DEFAULT
 62
   250
  0
POLYLINE
  5
D5
330
1F
100
AcDbEntity
  8
DEFAULT
 62
   250
100
AcDb2dPolyline
 66
     1
 10
0.0
 20
0.0
 30
0.0
  0
VERTEX
  5
D6
330
D5
100
AcDbEntity
  8
DEFAULT
 62
   250
100
AcDbVertex
100
AcDb2dVertex
 10
276.0833597222222
 20
114.8767563888889
 30
0.0
  0
VERTEX
  5
D7
330
D5
100
AcDbEntity
  8
DEFAULT
 62
   250
100
AcDbVertex
100
AcDb2dVertex
 10
275.2187013888889
 20
115.5861925
 30
0.0
  0
VERTEX
  5
D8
330
D5
100
AcDbEntity
  8
DEFAULT
 62
   250
100
AcDbVertex
100
AcDb2dVertex
 10
276.9653041666666
 20
115.9520230555556
 30
0.0
  0
VERTEX
  5
D9
330
D5
100
AcDbEntity
  8
DEFAULT
 62
   250
100
AcDbVertex
100
AcDb2dVertex
 10
276.1098180555555
 20
116.6536980555555
 30
0.0
  0
SEQEND
  5
DA
330
D5
100
AcDbEntity
  8
DEFAULT
 62
   250
  0
POLYLINE
  5
DB
330
1F
100
AcDbEntity
  8
DEFAULT
 62
   250
100
AcDb2dPolyline
 66
     1
 10
0.0
 20
0.0
 30
0.0
  0
VERTEX
  5
DC
330
DB
100
AcDbEntity
  8
DEFAULT
 62
   250
100
AcDbVertex
100
AcDb2dVertex
 10
284.2584202777778
 20
116.2277188888889
 30
0.0
  0
VERTEX
  5
DD
330
DB
100
AcDbEntity
  8
DEFAULT
 62
   250
100
AcDbVertex
100
AcDb2dVertex
 10
285.3248675
 20
118.0702772222223
 30
0.0
  0
VERTEX
  5
DE
330
DB
100
AcDbEntity
  8
DEFAULT
 62
   250
100
AcDbVertex
100
AcDb2dVertex
 10
285.0077202777778
 20
118.2537216666667
 30
0.0
  0
SEQEND
  5
DF
330
DB
100
AcDbEntity
  8
DEFAULT
 62
   250
  0
POLYLINE
  5
E0
330
1F
100
AcDbEntity
  8
DEFAULT
 62
   250
100
AcDb2dPolyline
 66
     1
 10
0.0
 20
0.0
 30
0.0
  0
VERTEX
  5
E1
330
E0
100
AcDbEntity
  8
DEFAULT
 62
   250
100
AcDbVertex
100
AcDb2dVertex
 10
214.2108294444444
 20
114.62258
 30
0.0
  0
VERTEX
  5
E2
330
E0
100
AcDbEntity
  8
DEFAULT
 62
   250
100
AcDbVertex
100
AcDb2dVertex
 10
215.2772766666667
 20
116.4651383333333
 30
0.0
  0
VERTEX
  5
E3
330
E0
100
AcDbEntity
  8
DEFAULT
 62
   250
100
AcDbVertex
100
AcDb2dVertex
 10
214.9601294444444
 20
116.64823
 30
0.0
  0
SEQEND
  5
E4
330
E0
100
AcDbEntity
  8
DEFAULT
 62
   250
  0
SPLINE
  5
E5
330
1F
100
AcDbEntity
  8
DEFAULT
 62
     1
100
AcDbSpline
210
0.0
220
0.0
230
1.0
 70
     8
 71
     3
 72
   320
 73
   316
 74
     0
 42
0.000000001
 43
0.0000000001
 40
0.0
 40
0.0
 40
0.0
 40
0.0
 40
3.821544190507352
 40
3.821544190507352
 40
3.821544190507352
 40
4.821544190507352
 40
4.821544190507352
 40
4.821544190507352
 40
5.821544190507352
 40
5.821544190507352
 40
5.821544190507352
 40
6.821544190507352
 40
6.821544190507352
 40
6.821544190507352
 40
7.821544190507352
 40
7.821544190507352
 40
7.821544190507352
 40
8.821544190507352
 40
8.821544190507352
 40
8.821544190507352
 40
9.821544190507352
 40
9.821544190507352
 40
9.821544190507352
 40
10.82154419050735
 40
10.82154419050735
 40
10.82154419050735
 40
11.82154419050735
 40
11.82154419050735
 40
11.82154419050735
 40
12.82154419050735
 40
12.82154419050735
 40
12.82154419050735
 40
21.31960279232933
 40
21.31960279232933
 40
21.31960279232933
 40
22.31960279232933
 40
22.31960279232933
 40
22.31960279232933
 40
23.31960279232933
 40
23.31960279232933
 40
23.31960279232933
 40
24.31960279232933
 40
24.31960279232933
 40
24.31960279232933
 40
25.31960279232933
 40
25.31960279232933
 40
25.31960279232933
 40
26.31960279232933
 40
26.31960279232933
 40
26.31960279232933
 40
27.31960279232933
 40
27.31960279232933
 40
27.31960279232933
 40
28.31960279232933
 40
28.31960279232933
 40
28.31960279232933
 40
36.82219651424734
 40
36.82219651424734
 40
36.82219651424734
 40
37.82219651424734
 40
37.82219651424734
 40
37.82219651424734
 40
38.82219651424734
 40
38.82219651424734
 40
38.82219651424734
 40
39.82219651424734
 40
39.82219651424734
 40
39.82219651424734
 40
40.82219651424734
 40
40.82219651424734
 40
40.82219651424734
 40
41.82219651424734
 40
41.82219651424734
 40
41.82219651424734
 40
42.82219651424734
 40
42.82219651424734
 40
42.82219651424734
 40
43.82219651424734
 40
43.82219651424734
 40
43.82219651424734
 40
52.33207312909906
 40
52.33207312909906
 40
52.33207312909906
 40
53.33207312909906
 40
53.33207312909906
 40
53.33207312909906
 40
54.33207312909906
 40
54.33207312909906
 40
54.33207312909906
 40
55.33207312909906
 40
55.33207312909906
 40
55.33207312909906
 40
56.33207312909906
 40
56.33207312909906
 40
56.33207312909906
 40
57.33207312909906
 40
57.33207312909906
 40
57.33207312909906
 40
58.33207312909906
 40
58.33207312909906
 40
58.33207312909906
 40
59.33207312909906
 40
59.33207312909906
 40
59.33207312909906
 40
67.83863530191603
 40
67.83863530191603
 40
67.83863530191603
 40
68.83863530191603
 40
68.83863530191603
 40
68.83863530191603
 40
69.83863530191603
 40
69.83863530191603
 40
69.83863530191603
 40
70.83863530191603
 40
70.83863530191603
 40
70.83863530191603
 40
71.83863530191603
 40
71.83863530191603
 40
71.83863530191603
 40
72.83863530191603
 40
72.83863530191603
 40
72.83863530191603
 40
73.83863530191603
 40
73.83863530191603
 40
73.83863530191603
 40
74.83863530191603
 40
74.83863530191603
 40
74.83863530191603
 40
83.34478013962008
 40
83.34478013962008
 40
83.34478013962008
 40
84.34478013962008
 40
84.34478013962008
 40
84.34478013962008
 40
85.34478013962008
 40
85.34478013962008
 40
85.34478013962008
 40
86.34478013962008
 40
86.34478013962008
 40
86.34478013962008
 40
87.34478013962008
 40
87.34478013962008
 40
87.34478013962008
 40
88.34478013962008
 40
88.34478013962008
 40
88.34478013962008
 40
89.34478013962008
 40
89.34478013962008
 40
89.34478013962008
 40
90.34478013962008
 40
90.34478013962008
 40
90.34478013962008
 40
98.85536766340479
 40
98.85536766340479
 40
98.85536766340479
 40
99.85536766340479
 40
99.85536766340479
 40
99.85536766340479
 40
100.8553676634048
 40
100.8553676634048
 40
100.8553676634048
 40
101.8553676634048
 40
101.8553676634048
 40
101.8553676634048
 40
102.8553676634048
 40
102.8553676634048
 40
102.8553676634048
 40
103.8553676634048
 40
103.8553676634048
 40
103.8553676634048
 40
104.8553676634048
 40
104.8553676634048
 40
104.8553676634048
 40
105.8553676634048
 40
105.8553676634048
 40
105.8553676634048
 40
114.3597312492353
 40
114.3597312492353
 40
114.3597312492353
 40
115.3597312492353
 40
115.3597312492353
 40
115.3597312492353
 40
116.3597312492353
 40
116.3597312492353
 40
116.3597312492353
 40
117.3597312492353
 40
117.3597312492353
 40
117.3597312492353
 40
118.3597312492353
 40
118.3597312492353
 40
118.3597312492353
 40
119.3597312492353
 40
119.3597312492353
 40
119.3597312492353
 40
120.3597312492353
 40
120.3597312492353
 40
120.3597312492353
 40
121.3597312492353
 40
121.3597312492353
 40
121.3597312492353
 40
129.8705067720652
 40
129.8705067720652
 40
129.8705067720652
 40
130.8705067720652
 40
130.8705067720652
 40
130.8705067720652
 40
131.8705067720652
 40
131.8705067720652
 40
131.8705067720652
 40
132.8705067720652
 40
132.8705067720652
 40
132.8705067720652
 40
133.8705067720652
 40
133.8705067720652
 40
133.8705067720652
 40
134.8705067720652
 40
134.8705067720652
 40
134.8705067720652
 40
135.8705067720652
 40
135.8705067720652
 40
135.8705067720652
 40
136.8705067720652
 40
136.8705067720652
 40
136.8705067720652
 40
145.3732710284703
 40
145.3732710284703
 40
145.3732710284703
 40
146.3732710284703
 40
146.3732710284703
 40
146.3732710284703
 40
147.3732710284703
 40
147.3732710284703
 40
147.3732710284703
 40
148.3732710284703
 40
148.3732710284703
 40
148.3732710284703
 40
149.3732710284703
 40
149.3732710284703
 40
149.3732710284703
 40
150.3732710284703
 40
150.3732710284703
 40
150.3732710284703
 40
151.3732710284703
 40
151.3732710284703
 40
151.3732710284703
 40
152.3732710284703
 40
152.3732710284703
 40
152.3732710284703
 40
160.8772230509125
 40
160.8772230509125
 40
160.8772230509125
 40
161.8772230509125
 40
161.8772230509125
 40
161.8772230509125
 40
162.8772230509125
 40
162.8772230509125
 40
162.8772230509125
 40
163.8772230509125
 40
163.8772230509125
 40
163.8772230509125
 40
164.8772230509125
 40
164.8772230509125
 40
164.8772230509125
 40
165.8772230509125
 40
165.8772230509125
 40
165.8772230509125
 40
166.8772230509125
 40
166.8772230509125
 40
166.8772230509125
 40
167.8772230509125
 40
167.8772230509125
 40
167.8772230509125
 40
176.3848314104928
 40
176.3848314104928
 40
176.3848314104928
 40
177.3848314104928
 40
177.3848314104928
 40
177.3848314104928
 40
178.3848314104928
 40
178.3848314104928
 40
178.3848314104928
 40
179.3848314104928
 40
179.3848314104928
 40
179.3848314104928
 40
180.3848314104928
 40
180.3848314104928
 40
180.3848314104928
 40
181.3848314104928
 40
181.3848314104928
 40
181.3848314104928
 40
182.3848314104928
 40
182.3848314104928
 40
182.3848314104928
 40
183.3848314104928
 40
183.3848314104928
 40
183.3848314104928
 40
191.8837784040915
 40
191.8837784040915
 40
191.8837784040915
 40
192.8837784040915
 40
192.8837784040915
 40
192.8837784040915
 40
193.8837784040915
 40
193.8837784040915
 40
193.8837784040915
 40
194.8837784040915
 40
194.8837784040915
 40
194.8837784040915
 40
195.8837784040915
 40
195.8837784040915
 40
195.8837784040915
 40
196.8837784040915
 40
196.8837784040915
 40
196.8837784040915
 40
197.8837784040915
 40
197.8837784040915
 40
197.8837784040915
 40
197.8837784040915
 10
286.1186527777777
 20
119.5058005555555
 30
0.0
 10
286.5078842592592
 20
119.2811987037037
 30
0.0
 10
286.8971157407407
 20
119.0565968518518
 30
0.0
 10
287.2863472222222
 20
118.831995
 30
0.0
 10
287.2863472222222
 20
118.831995
 30
0.0
 10
288.5986805555555
 20
121.1038838888889
 30
0.0
 10
289.036125
 20
121.8623561111111
 30
0.0
 10
289.1243194444444
 20
122.0105227777778
 30
0.0
 10
289.3430416666666
 20
122.5890783333333
 30
0.0
 10
289.8263472222222
 20
123.4251616666667
 30
0.0
 10
290.3096527777777
 20
124.2647727777778
 30
0.0
 10
290.7400416666666
 20
124.9174116666666
 30
0.0
 10
290.7894305555555
 20
124.8927172222222
 30
0.0
 10
294.6664583333333
 20
122.6490505555555
 30
0.0
 10
292.6309305555556
 20
119.9291338888889
 30
0.0
 10
290.8141249999999
 20
117.0963283333333
 30
0.0
 10
285.3319583333333
 20
108.5485227777778
 30
0.0
 10
279.7474861111111
 20
113.1910783333333
 30
0.0
 10
275.3095416666666
 20
107.7759394444444
 30
0.0
 10
274.272375
 20
106.4847727777777
 30
0.0
 10
272.3850138888889
 20
106.2766338888889
 30
0.0
 10
271.0938472222222
 20
107.3138005555555
 30
0.0
 10
271.0515138888888
 20
107.3490783333333
 30
0.0
 10
271.510125
 20
107.9805505555555
 30
0.0
 10
272.1239583333333
 20
108.7284394444444
 30
0.0
 10
272.7377916666666
 20
109.4763283333333
 30
0.0
 10
273.1999305555555
 20
109.8855505555556
 30
0.0
 10
273.3128194444444
 20
110.0196061111111
 30
0.0
 10
273.8666805555555
 20
110.6969394444444
 30
0.0
 10
275.5317916666666
 20
112.7254116666667
 30
0.0
 10
275.5317916666666
 20
112.7254116666667
 30
0.0
 10
274.7592083333332
 20
113.3592357407407
 30
0.0
 10
273.9866249999999
 20
113.9930598148148
 30
0.0
 10
273.2140416666666
 20
114.6268838888889
 30
0.0
 10
273.2140416666666
 20
114.6268838888889
 30
0.0
 10
271.5489305555556
 20
112.5984116666667
 30
0.0
 10
270.9915416666666
 20
111.9210783333333
 30
0.0
 10
270.8821805555555
 20
111.7870227777778
 30
0.0
 10
270.5752638888889
 20
111.2543283333333
 30
0.0
 10
269.9614305555555
 20
110.5064394444444
 30
0.0
 10
269.3475972222222
 20
109.7585505555555
 30
0.0
 10
268.8149027777778
 20
109.179995
 30
0.0
 10
268.7725694444444
 20
109.2152727777778
 30
0.0
 10
267.192125
 20
110.513495
 30
0.0
 10
259.0570694444444
 20
98.54374499999999
 30
0.0
 10
255.1482916666666
 20
103.0981061111111
 30
0.0
 10
255.1130138888888
 20
103.1404394444444
 30
0.0
 10
255.6774583333333
 20
103.6837172222222
 30
0.0
 10
256.4112361111111
 20
104.3116616666667
 30
0.0
 10
257.1450138888889
 20
104.9431338888889
 30
0.0
 10
257.6741805555555
 20
105.2641616666667
 30
0.0
 10
257.8047083333333
 20
105.3770505555555
 30
0.0
 10
258.4679305555555
 20
105.9450227777778
 30
0.0
 10
260.461125
 20
107.655995
 30
0.0
 10
260.461125
 20
107.655995
 30
0.0
 10
259.809662037037
 20
108.4144672222222
 30
0.0
 10
259.158199074074
 20
109.1729394444445
 30
0.0
 10
258.5067361111111
 20
109.9314116666667
 30
0.0
 10
258.5067361111111
 20
109.9314116666667
 30
0.0
 10
256.5170694444444
 20
108.2239672222222
 30
0.0
 10
255.8503194444444
 20
107.6524672222222
 30
0.0
 10
255.7197916666667
 20
107.5395783333333
 30
0.0
 10
255.3211527777778
 20
107.0668561111111
 30
0.0
 10
254.587375
 20
106.4389116666666
 30
0.0
 10
253.8535972222222
 20
105.8074394444444
 30
0.0
 10
253.2327083333333
 20
105.3311894444444
 30
0.0
 10
253.1974305555555
 20
105.3735227777778
 30
0.0
 10
252.0967638888889
 20
106.6541061111111
 30
0.0
 10
241.7744861111111
 20
94.55030055555554
 30
0.0
 10
238.7159027777777
 20
99.7149672222222
 30
0.0
 10
238.6876805555555
 20
99.76082833333334
 30
0.0
 10
239.3403194444444
 20
100.1982727777778
 30
0.0
 10
240.1728749999999
 20
100.6921616666667
 30
0.0
 10
241.0054305555555
 20
101.1860505555555
 30
0.0
 10
241.5769305555555
 20
101.4083005555555
 30
0.0
 10
241.7286249999999
 20
101.496495
 30
0.0
 10
242.4800416666666
 20
101.9445227777777
 30
0.0
 10
244.7413472222222
 20
103.2815505555555
 30
0.0
 10
244.7413472222222
 20
103.2815505555555
 30
0.0
 10
244.2309953703704
 20
104.1423283333333
 30
0.0
 10
243.7206435185185
 20
105.0031061111111
 30
0.0
 10
243.2102916666666
 20
105.8638838888889
 30
0.0
 10
243.2102916666666
 20
105.8638838888889
 30
0.0
 10
240.9525138888889
 20
104.5233283333333
 30
0.0
 10
240.2010972222222
 20
104.0788283333333
 30
0.0
 10
240.0494027777777
 20
103.9906338888889
 30
0.0
 10
239.5766805555555
 20
103.591995
 30
0.0
 10
238.744125
 20
103.1016338888889
 30
0.0
 10
237.9115694444444
 20
102.607745
 30
0.0
 10
237.2165972222222
 20
102.2479116666667
 30
0.0
 10
237.188375
 20
102.2937727777778
 30
0.0
 10
236.1476805555555
 20
104.0506061111111
 30
0.0
 10
223.9098194444444
 20
93.590745
 30
0.0
 10
221.7931527777777
 20
99.20343944444443
 30
0.0
 10
221.7755138888889
 20
99.2563561111111
 30
0.0
 10
222.4916527777777
 20
99.5738561111111
 30
0.0
 10
223.3947638888888
 20
99.91605055555553
 30
0.0
 10
224.3014027777777
 20
100.2547172222222
 30
0.0
 10
224.9046527777778
 20
100.3781894444444
 30
0.0
 10
225.0704583333333
 20
100.4381616666666
 30
0.0
 10
225.8889027777777
 20
100.7486061111111
 30
0.0
 10
228.3442361111111
 20
101.6728838888889
 30
0.0
 10
228.3442361111111
 20
101.6728838888889
 30
0.0
 10
227.9914583333333
 20
102.6089209259259
 30
0.0
 10
227.6386805555555
 20
103.5449579629629
 30
0.0
 10
227.2859027777777
 20
104.480995
 30
0.0
 10
227.2859027777777
 20
104.480995
 30
0.0
 10
224.8305694444444
 20
103.5531894444444
 30
0.0
 10
224.0121249999999
 20
103.2462727777778
 30
0.0
 10
223.8498472222222
 20
103.1827727777778
 30
0.0
 10
223.313625
 20
102.8758561111111
 30
0.0
 10
222.4105138888888
 20
102.5371894444444
 30
0.0
 10
221.503875
 20
102.194995
 30
0.0
 10
220.7559861111111
 20
101.9621616666666
 30
0.0
 10
220.7348194444444
 20
102.0115505555556
 30
0.0
 10
220.2091805555555
 20
103.5849394444444
 30
0.0
 10
207.4880138888889
 20
96.62816166666667
 30
0.0
 10
206.3802916666666
 20
102.5266061111111
 30
0.0
 10
206.3802916666666
 20
102.5830505555556
 30
0.0
 10
207.1352361111111
 20
102.766495
 30
0.0
 10
208.0806805555555
 20
102.9464116666666
 30
0.0
 10
209.0296527777778
 20
103.1263283333333
 30
0.0
 10
209.6470138888889
 20
103.1404394444444
 30
0.0
 10
209.819875
 20
103.1721894444444
 30
0.0
 10
210.677125
 20
103.3344672222222
 30
0.0
 10
213.2594583333333
 20
103.8177727777778
 30
0.0
 10
213.2594583333333
 20
103.8177727777778
 30
0.0
 10
213.0748379629629
 20
104.8008468518519
 30
0.0
 10
212.8902175925925
 20
105.7839209259259
 30
0.0
 10
212.7055972222222
 20
106.766995
 30
0.0
 10
212.7055972222222
 20
106.766995
 30
0.0
 10
210.1232638888889
 20
106.2801616666667
 30
0.0
 10
209.2660138888888
 20
106.1214116666667
 30
0.0
 10
209.0931527777777
 20
106.0861338888889
 30
0.0
 10
208.5145972222222
 20
105.877995
 30
0.0
 10
207.5620972222222
 20
105.6980783333333
 30
0.0
 10
206.613125
 20
105.5181616666667
 30
0.0
 10
205.8370138888888
 20
105.4193838888889
 30
0.0
 10
205.8264305555555
 20
105.4723005555555
 30
0.0
 10
205.3113749999999
 20
108.2133838888889
 30
0.0
 10
191.5212916666667
 20
103.7331061111111
 30
0.0
 10
191.4577916666666
 20
109.5433561111111
 30
0.0
 10
191.4577916666666
 20
109.5998005555555
 30
0.0
 10
192.2409583333333
 20
109.6527172222222
 30
0.0
 10
193.2040416666666
 20
109.6633005555556
 30
0.0
 10
194.1706527777777
 20
109.6738838888889
 30
0.0
 10
194.7809583333333
 20
109.5821616666667
 30
0.0
 10
194.9573472222222
 20
109.5821616666667
 30
0.0
 10
195.8322361111111
 20
109.592745
 30
0.0
 10
198.4569027777777
 20
109.6209672222222
 30
0.0
 10
198.4569027777777
 20
109.6209672222222
 30
0.0
 10
198.4451435185184
 20
110.6216801851852
 30
0.0
 10
198.4333842592592
 20
111.6223931481481
 30
0.0
 10
198.4216249999999
 20
112.6231061111111
 30
0.0
 10
198.4216249999999
 20
112.6231061111111
 30
0.0
 10
195.7969583333333
 20
112.5913561111111
 30
0.0
 10
194.9220694444444
 20
112.5807727777778
 30
0.0
 10
194.7492083333333
 20
112.5807727777778
 30
0.0
 10
194.1424305555555
 20
112.4749394444444
 30
0.0
 10
193.1722916666666
 20
112.4643561111111
 30
0.0
 10
192.2056805555555
 20
112.450245
 30
0.0
 10
191.4225138888889
 20
112.4890505555556
 30
0.0
 10
191.4225138888889
 20
112.5419672222222
 30
0.0
 10
191.3907638888889
 20
115.5441061111111
 30
0.0
 10
180.0030972222222
 20
113.1275783333333
 30
0.0
 10
180.9802916666667
 20
119.0471894444444
 30
0.0
 10
180.9873472222222
 20
119.1001061111111
 30
0.0
 10
181.7669861111111
 20
119.0189672222222
 30
0.0
 10
182.7230138888889
 20
118.8602172222222
 30
0.0
 10
183.6755138888889
 20
118.7014672222222
 30
0.0
 10
184.261125
 20
118.5039116666667
 30
0.0
 10
184.4304583333333
 20
118.4756894444444
 30
0.0
 10
185.2947638888888
 20
118.3345783333333
 30
0.0
 10
187.8841527777778
 20
117.9077172222222
 30
0.0
 10
187.8841527777778
 20
117.9077172222222
 30
0.0
 10
188.0476064814815
 20
118.8943190740741
 30
0.0
 10
188.2110601851851
 20
119.8809209259259
 30
0.0
 10
188.3745138888888
 20
120.8675227777778
 30
0.0
 10
188.3745138888888
 20
120.8675227777778
 30
0.0
 10
185.7815972222222
 20
121.2943838888889
 30
0.0
 10
184.9208194444444
 20
121.435495
 30
0.0
 10
184.7479583333333
 20
121.467245
 30
0.0
 10
184.1305972222222
 20
121.467245
 30
0.0
 10
183.1780972222222
 20
121.6224672222222
 30
0.0
 10
182.229125
 20
121.7812172222222
 30
0.0
 10
181.467125
 20
121.9470227777778
 30
0.0
 10
181.467125
 20
122.006995
 30
0.0
 10
181.9539583333333
 20
124.9668005555556
 30
0.0
 10
171.8892083333333
 20
125.5206616666667
 30
0.0
 10
173.878875
 20
131.182745
 30
0.0
 10
173.8965138888888
 20
131.2356616666667
 30
0.0
 10
174.6479305555555
 20
131.0169394444444
 30
0.0
 10
175.561625
 20
130.6959116666666
 30
0.0
 10
176.4753194444444
 20
130.3748838888889
 30
0.0
 10
177.0150694444444
 20
130.0785505555555
 30
0.0
 10
177.180875
 20
130.0221061111111
 30
0.0
 10
178.006375
 20
129.7328283333333
 30
0.0
 10
180.482875
 20
128.8614672222222
 30
0.0
 10
180.482875
 20
128.8614672222222
 30
0.0
 10
180.8144861111111
 20
129.8057357407407
 30
0.0
 10
181.1460972222222
 20
130.7500042592593
 30
0.0
 10
181.4777083333333
 20
131.6942727777778
 30
0.0
 10
181.4777083333333
 20
131.6942727777778
 30
0.0
 10
178.9976805555555
 20
132.5621061111111
 30
0.0
 10
178.1721805555555
 20
132.8513838888889
 30
0.0
 10
178.0099027777777
 20
132.9113561111111
 30
0.0
 10
177.403125
 20
133.0171894444444
 30
0.0
 10
176.4894305555555
 20
133.3382172222222
 30
0.0
 10
175.5757361111111
 20
133.659245
 30
0.0
 10
174.8525416666666
 20
133.9591061111111
 30
0.0
 10
174.8701805555555
 20
134.0120227777778
 30
0.0
 10
175.8650138888889
 20
136.8448283333333
 30
0.0
 10
171.2189305555555
 20
141.0146616666667
 30
0.0
 10
172.6900138888889
 20
143.628745
 30
0.0
 10
172.7182361111111
 20
143.6746061111111
 30
0.0
 10
173.4202638888889
 20
143.3324116666666
 30
0.0
 10
174.2634027777777
 20
142.8561616666667
 30
0.0
 10
175.1065416666666
 20
142.3834394444444
 30
0.0
 10
175.5863194444444
 20
141.9989116666667
 30
0.0
 10
175.7415416666666
 20
141.9107172222222
 30
0.0
 10
176.5035416666666
 20
141.4838561111111
 30
0.0
 10
178.7895416666666
 20
140.1962172222222
 30
0.0
 10
178.7895416666666
 20
140.1962172222222
 30
0.0
 10
179.2799027777777
 20
141.0675783333333
 30
0.0
 10
179.7702638888888
 20
141.9389394444444
 30
0.0
 10
180.260625
 20
142.8103005555555
 30
0.0
 10
180.260625
 20
142.8103005555555
 30
0.0
 10
177.974625
 20
144.0979394444444
 30
0.0
 10
177.212625
 20
144.5283283333333
 30
0.0
 10
177.0574027777778
 20
144.612995
 30
0.0
 10
176.4788472222222
 20
144.8246616666667
 30
0.0
 10
175.6357083333333
 20
145.2973838888889
 30
0.0
 10
174.7925694444444
 20
145.7736338888889
 30
0.0
 10
174.132875
 20
146.1934394444444
 30
0.0
 10
174.1610972222222
 20
146.2428283333333
 30
0.0
 10
175.6321805555555
 20
148.8569116666666
 30
0.0
 10
176.6446527777777
 20
151.6897172222222
 30
0.0
 10
177.4560416666666
 20
153.1361061111111
 30
0.0
 10
177.4842638888888
 20
153.1819672222222
 30
0.0
 10
178.1827638888889
 20
152.8291894444444
 30
0.0
 10
179.022375
 20
152.3458838888889
 30
0.0
 10
179.8584583333333
 20
151.8625783333333
 30
0.0
 10
180.3347083333333
 20
151.470995
 30
0.0
 10
180.4864027777778
 20
151.3828005555555
 30
0.0
 10
181.244875
 20
150.9453561111111
 30
0.0
 10
183.5167638888888
 20
149.6330227777778
 30
0.0
 10
183.5167638888888
 20
149.6330227777778
 30
0.0
 10
184.0177083333333
 20
150.4985042592592
 30
0.0
 10
184.5186527777778
 20
151.3639857407407
 30
0.0
 10
185.0195972222222
 20
152.2294672222222
 30
0.0
 10
185.0195972222222
 20
152.2294672222222
 30
0.0
 10
182.7441805555555
 20
153.5418005555555
 30
0.0
 10
181.9892361111111
 20
153.9827727777778
 30
0.0
 10
181.8375416666666
 20
154.0674394444444
 30
0.0
 10
181.2589861111111
 20
154.2861616666666
 30
0.0
 10
180.4229027777778
 20
154.7694672222222
 30
0.0
 10
179.5868194444444
 20
155.2563005555555
 30
0.0
 10
178.9306527777778
 20
155.6866894444444
 30
0.0
 10
178.958875
 20
155.7325505555555
 30
0.0
 10
180.4581805555555
 20
158.328995
 30
0.0
 10
186.483625
 20
157.376495
 30
0.0
 10
187.2985416666666
 20
158.8193561111111
 30
0.0
 10
187.3267638888888
 20
158.868745
 30
0.0
 10
188.0252638888888
 20
158.5159672222222
 30
0.0
 10
188.864875
 20
158.0326616666667
 30
0.0
 10
189.7009583333333
 20
157.5493561111111
 30
0.0
 10
190.1772083333333
 20
157.1577727777778
 30
0.0
 10
190.3289027777778
 20
157.0695783333333
 30
0.0
 10
191.087375
 20
156.6321338888889
 30
0.0
 10
193.3592638888889
 20
155.3162727777778
 30
0.0
 10
193.3592638888889
 20
155.3162727777778
 30
0.0
 10
193.8590324074074
 20
156.1829301851851
 30
0.0
 10
194.3588009259259
 20
157.0495875925926
 30
0.0
 10
194.8585694444444
 20
157.916245
 30
0.0
 10
194.8585694444444
 20
157.916245
 30
0.0
 10
192.5866805555555
 20
159.2285783333333
 30
0.0
 10
191.8282083333333
 20
159.6660227777778
 30
0.0
 10
191.6800416666667
 20
159.7542172222222
 30
0.0
 10
191.1014861111111
 20
159.9729394444444
 30
0.0
 10
190.2654027777778
 20
160.456245
 30
0.0
 10
189.4257916666666
 20
160.9395505555555
 30
0.0
 10
188.7731527777778
 20
161.3699394444444
 30
0.0
 10
188.7978472222222
 20
161.4193283333333
 30
0.0
 10
190.3006805555555
 20
164.0157727777778
 30
0.0
 10
196.3367083333333
 20
163.0526894444444
 30
0.0
 10
197.151625
 20
164.4990783333333
 30
0.0
 10
197.1798472222222
 20
164.5484672222222
 30
0.0
 10
197.8783472222222
 20
164.1956894444444
 30
0.0
 10
198.7179583333333
 20
163.7088561111111
 30
0.0
 10
199.5540416666666
 20
163.2255505555555
 30
0.0
 10
200.0302916666666
 20
162.8339672222222
 30
0.0
 10
200.1819861111111
 20
162.7493005555555
 30
0.0
 10
200.9404583333333
 20
162.3083283333333
 30
0.0
 10
203.2123472222222
 20
160.995995
 30
0.0
 10
203.2123472222222
 20
160.995995
 30
0.0
 10
203.7121157407407
 20
161.8614764814814
 30
0.0
 10
204.2118842592593
 20
162.7269579629629
 30
0.0
 10
204.7116527777777
 20
163.5924394444444
 30
0.0
 10
204.7116527777777
 20
163.5924394444444
 30
0.0
 10
202.4397638888889
 20
164.9083005555555
 30
0.0
 10
201.6812916666666
 20
165.345745
 30
0.0
 10
201.533125
 20
165.4339394444444
 30
0.0
 10
200.9545694444444
 20
165.6491338888889
 30
0.0
 10
200.1184861111111
 20
166.1324394444444
 30
0.0
 10
199.278875
 20
166.6192727777778
 30
0.0
 10
198.6262361111111
 20
167.0496616666667
 30
0.0
 10
198.6544583333333
 20
167.0955227777778
 30
0.0
 10
200.0796805555555
 20
169.5543838888889
 30
0.0
 10
206.1474583333333
 20
169.8718838888889
 30
0.0
 10
209.5694027777778
 20
167.8151894444444
 30
0.0
 10
212.994875
 20
165.7620227777778
 30
0.0
 10
210.4407638888889
 20
163.2537727777778
 30
0.0
 10
211.724875
 20
162.5094116666667
 30
0.0
 10
213.1818472222222
 20
161.6698005555555
 30
0.0
 10
212.5292083333333
 20
162.043745
 30
0.0
 10
214.1907916666666
 20
161.0806616666666
 30
0.0
  0
SPLINE
  5
E6
330
1F
100
AcDbEntity
  8
DEFAULT
 62
     1
100
AcDbSpline
210
0.0
220
0.0
230
1.0
 70
     8
 71
     3
 72
    35
 73
    31
 74
     0
 42
0.000000001
 43
0.0000000001
 40
0.0
 40
0.0
 40
0.0
 40
0.0
 40
1.0
 40
1.0
 40
1.0
 40
2.0
 40
2.0
 40
2.0
 40
3.0
 40
3.0
 40
3.0
 40
4.0
 40
4.0
 40
4.0
 40
5.0
 40
5.0
 40
5.0
 40
6.0
 40
6.0
 40
6.0
 40
7.0
 40
7.0
 40
7.0
 40
8.0
 40
8.0
 40
8.0
 40
9.0
 40
9.0
 40
9.0
 40
12.82655197272956
 40
12.82655197272956
 40
12.82655197272956
 40
12.82655197272956
 10
214.4518472222222
 20
160.932495
 30
0.0
 10
216.3215694444444
 20
159.8741616666667
 30
0.0
 10
216.5685138888889
 20
160.2833838888889
 30
0.0
 10
217.725625
 20
162.3541894444444
 30
0.0
 10
218.9074305555555
 20
164.4708561111111
 30
0.0
 10
223.0490416666667
 20
158.900495
 30
0.0
 10
220.7454027777778
 20
156.9073005555555
 30
0.0
 10
218.4417638888889
 20
154.9176338888889
 30
0.0
 10
215.2914583333333
 20
152.8750505555556
 30
0.0
 10
211.1992361111111
 20
152.074245
 30
0.0
 10
201.2720694444444
 20
150.1269116666666
 30
0.0
 10
188.9707083333333
 20
147.9926061111111
 30
0.0
 10
191.4225138888889
 20
139.0779116666667
 30
0.0
 10
195.754625
 20
123.3510783333333
 30
0.0
 10
210.7759027777778
 20
118.0347172222222
 30
0.0
 10
214.0461527777778
 20
123.6932727777778
 30
0.0
 10
214.8787083333333
 20
125.1290783333333
 30
0.0
 10
216.709625
 20
125.6194394444444
 30
0.0
 10
218.1454305555555
 20
124.7904116666667
 30
0.0
 10
218.1948194444444
 20
124.7621894444444
 30
0.0
 10
217.8420416666666
 20
124.0636894444444
 30
0.0
 10
217.3552083333333
 20
123.2240783333333
 30
0.0
 10
216.8719027777778
 20
122.387995
 30
0.0
 10
216.4803194444444
 20
121.911745
 30
0.0
 10
216.3956527777777
 20
121.7600505555555
 30
0.0
 10
215.9582083333333
 20
121.0015783333333
 30
0.0
 10
214.6423472222222
 20
118.7296894444444
 30
0.0
 10
214.6423472222222
 20
118.7296894444444
 30
0.0
 10
215.0315787037037
 20
118.5039116666666
 30
0.0
 10
215.4208101851852
 20
118.2781338888889
 30
0.0
 10
215.8100416666666
 20
118.0523561111111
 30
0.0
  0
SPLINE
  5
E7
330
1F
100
AcDbEntity
  8
DEFAULT
 62
     1
100
AcDbSpline
210
0.0
220
0.0
230
1.0
 70
     8
 71
     3
 72
    41
 73
    37
 74
     0
 42
0.000000001
 43
0.0000000001
 40
0.0
 40
0.0
 40
0.0
 40
0.0
 40
3.821544190507252
 40
3.821544190507252
 40
3.821544190507252
 40
4.821544190507252
 40
4.821544190507252
 40
4.821544190507252
 40
5.821544190507252
 40
5.821544190507252
 40
5.821544190507252
 40
6.821544190507252
 40
6.821544190507252
 40
6.821544190507252
 40
7.821544190507252
 40
7.821544190507252
 40
7.821544190507252
 40
8.821544190507252
 40
8.821544190507252
 40
8.821544190507252
 40
9.821544190507252
 40
9.821544190507252
 40
9.821544190507252
 40
10.82154419050725
 40
10.82154419050725
 40
10.82154419050725
 40
11.82154419050725
 40
11.82154419050725
 40
11.82154419050725
 40
12.82154419050725
 40
12.82154419050725
 40
12.82154419050725
 40
13.82154419050725
 40
13.82154419050725
 40
13.82154419050725
 40
17.6517530620964
 40
17.6517530620964
 40
17.6517530620964
 40
17.6517530620964
 10
216.0710972222222
 20
117.9006616666667
 30
0.0
 10
216.4603287037038
 20
117.6760598148148
 30
0.0
 10
216.8495601851852
 20
117.4514579629629
 30
0.0
 10
217.2387916666667
 20
117.2268561111111
 30
0.0
 10
217.2387916666666
 20
117.2268561111111
 30
0.0
 10
218.5546527777778
 20
119.5022727777778
 30
0.0
 10
218.9920972222222
 20
120.2572172222222
 30
0.0
 10
219.0802916666667
 20
120.4089116666667
 30
0.0
 10
219.2954861111111
 20
120.9874672222222
 30
0.0
 10
219.7823194444444
 20
121.8235505555555
 30
0.0
 10
220.265625
 20
122.6596338888889
 30
0.0
 10
220.6960138888889
 20
123.3158005555555
 30
0.0
 10
220.741875
 20
123.2875783333333
 30
0.0
 10
222.1776805555555
 20
122.4585505555555
 30
0.0
 10
222.6680416666667
 20
120.6241061111111
 30
0.0
 10
221.8390138888889
 20
119.1883005555555
 30
0.0
 10
219.6376805555555
 20
115.3818283333333
 30
0.0
 10
230.965375
 20
113.9601338888889
 30
0.0
 10
236.8602916666666
 20
114.6268838888889
 30
0.0
 10
269.8944027777778
 20
118.3663283333333
 30
0.0
 10
278.9184583333333
 20
124.2259672222222
 30
0.0
 10
281.4090694444444
 20
127.7713838888889
 30
0.0
 10
283.8996805555555
 20
131.3168005555555
 30
0.0
 10
286.1221805555555
 20
127.5879394444444
 30
0.0
 10
288.1894583333333
 20
126.3920227777778
 30
0.0
 10
288.2388472222222
 20
126.3638005555555
 30
0.0
 10
287.8860694444444
 20
125.6653005555555
 30
0.0
 10
287.4027638888888
 20
124.8256894444444
 30
0.0
 10
286.9159305555556
 20
123.9896061111111
 30
0.0
 10
286.527875
 20
123.5133561111111
 30
0.0
 10
286.4396805555555
 20
123.3616616666666
 30
0.0
 10
286.0022361111111
 20
122.6031894444444
 30
0.0
 10
284.686375
 20
120.3313005555555
 30
0.0
 10
284.686375
 20
120.3313005555555
 30
0.0
 10
285.0767824074074
 20
120.1066987037037
 30
0.0
 10
285.4671898148148
 20
119.8820968518518
 30
0.0
 10
285.8575972222222
 20
119.657495
 30
0.0
  0
POLYLINE
  5
E8
330
1F
100
AcDbEntity
  8
DEFAULT
 62
   250
100
AcDb2dPolyline
 66
     1
 10
0.0
 20
0.0
 30
0.0
  0
VERTEX
  5
E9
330
E8
100
AcDbEntity
  8
DEFAULT
 62
   250
100
AcDbVertex
100
AcDb2dVertex
 10
93.57539916666667
 20
160.1061483333333
 30
0.0
  0
VERTEX
  5
EA
330
E8
100
AcDbEntity
  8
DEFAULT
 62
   250
100
AcDbVertex
100
AcDb2dVertex
 10
93.02118527777776
 20
161.0635872222222
 30
0.0
  0
VERTEX
  5
EB
330
E8
100
AcDbEntity
  8
DEFAULT
 62
   250
100
AcDbVertex
100
AcDb2dVertex
 10
94.77907694444444
 20
160.8028844444444
 30
0.0
  0
VERTEX
  5
EC
330
E8
100
AcDbEntity
  8
DEFAULT
 62
   250
100
AcDbVertex
100
AcDb2dVertex
 10
94.21851305555555
 20
161.7709066666667
 30
0.0
  0
SEQEND
  5
ED
330
E8
100
AcDbEntity
  8
DEFAULT
 62
   250
  0
POLYLINE
  5
EE
330
1F
100
AcDbEntity
  8
DEFAULT
 62
   250
100
AcDb2dPolyline
 66
     1
 10
0.0
 20
0.0
 30
0.0
  0
VERTEX
  5
EF
330
EE
100
AcDbEntity
  8
DEFAULT
 62
   250
100
AcDbVertex
100
AcDb2dVertex
 10
103.4284472222222
 20
154.4299186111111
 30
0.0
  0
VERTEX
  5
F0
330
EE
100
AcDbEntity
  8
DEFAULT
 62
   250
100
AcDbVertex
100
AcDb2dVertex
 10
102.8742333333333
 20
155.3873575
 30
0.0
  0
VERTEX
  5
F1
330
EE
100
AcDbEntity
  8
DEFAULT
 62
   250
100
AcDbVertex
100
AcDb2dVertex
 10
104.632125
 20
155.1266547222222
 30
0.0
  0
VERTEX
  5
F2
330
EE
100
AcDbEntity
  8
DEFAULT
 62
   250
100
AcDbVertex
100
AcDb2dVertex
 10
104.0715611111111
 20
156.0946769444444
 30
0.0
  0
SEQEND
  5
F3
330
EE
100
AcDbEntity
  8
DEFAULT
 62
   250
  0
POLYLINE
  5
F4
330
1F
100
AcDbEntity
  8
DEFAULT
 62
   250
100
AcDb2dPolyline
 66
     1
 10
0.0
 20
0.0
 30
0.0
  0
VERTEX
  5
F5
330
F4
100
AcDbEntity
  8
DEFAULT
 62
   250
100
AcDbVertex
100
AcDb2dVertex
 10
113.26749
 20
148.7431761111111
 30
0.0
  0
VERTEX
  5
F6
330
F4
100
AcDbEntity
  8
DEFAULT
 62
   250
100
AcDbVertex
100
AcDb2dVertex
 10
112.7132761111111
 20
149.700615
 30
0.0
  0
VERTEX
  5
F7
330
F4
100
AcDbEntity
  8
DEFAULT
 62
   250
100
AcDbVertex
100
AcDb2dVertex
 10
114.4711677777778
 20
149.4399122222222
 30
0.0
  0
VERTEX
  5
F8
330
F4
100
AcDbEntity
  8
DEFAULT
 62
   250
100
AcDbVertex
100
AcDb2dVertex
 10
113.9106038888889
 20
150.4079344444444
 30
0.0
  0
SEQEND
  5
F9
330
F4
100
AcDbEntity
  8
DEFAULT
 62
   250
  0
POLYLINE
  5
FA
330
1F
100
AcDbEntity
  8
DEFAULT
 62
   250
100
AcDb2dPolyline
 66
     1
 10
0.0
 20
0.0
 30
0.0
  0
VERTEX
  5
FB
330
FA
100
AcDbEntity
  8
DEFAULT
 62
   250
100
AcDbVertex
100
AcDb2dVertex
 10
117.9843758333333
 20
139.3473633333333
 30
0.0
  0
VERTEX
  5
FC
330
FA
100
AcDbEntity
  8
DEFAULT
 62
   250
100
AcDbVertex
100
AcDb2dVertex
 10
117.4418036111111
 20
140.311505
 30
0.0
  0
VERTEX
  5
FD
330
FA
100
AcDbEntity
  8
DEFAULT
 62
   250
100
AcDbVertex
100
AcDb2dVertex
 10
119.1961675
 20
140.0292827777778
 30
0.0
  0
VERTEX
  5
FE
330
FA
100
AcDbEntity
  8
DEFAULT
 62
   250
100
AcDbVertex
100
AcDb2dVertex
 10
118.6475980555555
 20
141.0040077777778
 30
0.0
  0
SEQEND
  5
FF
330
FA
100
AcDbEntity
  8
DEFAULT
 62
   250
  0
POLYLINE
  5
100
330
1F
100
AcDbEntity
  8
DEFAULT
 62
   250
100
AcDb2dPolyline
 66
     1
 10
0.0
 20
0.0
 30
0.0
  0
VERTEX
  5
101
330
100
100
AcDbEntity
  8
DEFAULT
 62
   250
100
AcDbVertex
100
AcDb2dVertex
 10
116.1945930555556
 20
128.62433
 30
0.0
  0
VERTEX
  5
102
330
100
100
AcDbEntity
  8
DEFAULT
 62
   250
100
AcDbVertex
100
AcDb2dVertex
 10
115.8280569444445
 20
129.6681994444444
 30
0.0
  0
VERTEX
  5
103
330
100
100
AcDbEntity
  8
DEFAULT
 62
   250
100
AcDbVertex
100
AcDb2dVertex
 10
117.5065736111111
 20
129.0850577777778
 30
0.0
  0
VERTEX
  5
104
330
100
100
AcDbEntity
  8
DEFAULT
 62
   250
100
AcDbVertex
100
AcDb2dVertex
 10
117.1361569444444
 20
130.1402161111111
 30
0.0
  0
SEQEND
  5
105
330
100
100
AcDbEntity
  8
DEFAULT
 62
   250
  0
POLYLINE
  5
106
330
1F
100
AcDbEntity
  8
DEFAULT
 62
   250
100
AcDb2dPolyline
 66
     1
 10
0.0
 20
0.0
 30
0.0
  0
VERTEX
  5
107
330
106
100
AcDbEntity
  8
DEFAULT
 62
   250
100
AcDbVertex
100
AcDb2dVertex
 10
108.8056272222222
 20
118.2802858333333
 30
0.0
  0
VERTEX
  5
108
330
106
100
AcDbEntity
  8
DEFAULT
 62
   250
100
AcDbVertex
100
AcDb2dVertex
 10
108.6246522222222
 20
119.3717802777777
 30
0.0
  0
VERTEX
  5
109
330
106
100
AcDbEntity
  8
DEFAULT
 62
   250
100
AcDbVertex
100
AcDb2dVertex
 10
110.17758
 20
118.5074747222222
 30
0.0
  0
VERTEX
  5
10A
330
106
100
AcDbEntity
  8
DEFAULT
 62
   250
100
AcDbVertex
100
AcDb2dVertex
 10
109.9948411111111
 20
119.6109636111111
 30
0.0
  0
SEQEND
  5
10B
330
106
100
AcDbEntity
  8
DEFAULT
 62
   250
  0
POLYLINE
  5
10C
330
1F
100
AcDbEntity
  8
DEFAULT
 62
   250
100
AcDb2dPolyline
 66
     1
 10
0.0
 20
0.0
 30
0.0
  0
VERTEX
  5
10D
330
10C
100
AcDbEntity
  8
DEFAULT
 62
   250
100
AcDbVertex
100
AcDb2dVertex
 10
98.35218666666668
 20
110.6020422222222
 30
0.0
  0
VERTEX
  5
10E
330
10C
100
AcDbEntity
  8
DEFAULT
 62
   250
100
AcDbVertex
100
AcDb2dVertex
 10
98.36523944444446
 20
111.7083533333334
 30
0.0
  0
VERTEX
  5
10F
330
10C
100
AcDbEntity
  8
DEFAULT
 62
   250
100
AcDbVertex
100
AcDb2dVertex
 10
99.74283666666668
 20
110.5858144444444
 30
0.0
  0
VERTEX
  5
110
330
10C
100
AcDbEntity
  8
DEFAULT
 62
   250
100
AcDbVertex
100
AcDb2dVertex
 10
99.75588944444443
 20
111.70412
 30
0.0
  0
SEQEND
  5
111
330
10C
100
AcDbEntity
  8
DEFAULT
 62
   250
  0
POLYLINE
  5
112
330
1F
100
AcDbEntity
  8
DEFAULT
 62
   250
100
AcDb2dPolyline
 66
     1
 10
0.0
 20
0.0
 30
0.0
  0
VERTEX
  5
113
330
112
100
AcDbEntity
  8
DEFAULT
 62
   250
100
AcDbVertex
100
AcDb2dVertex
 10
83.77046999999997
 20
105.3709122222222
 30
0.0
  0
VERTEX
  5
114
330
112
100
AcDbEntity
  8
DEFAULT
 62
   250
100
AcDbVertex
100
AcDb2dVertex
 10
83.97472833333332
 20
106.4581733333333
 30
0.0
  0
VERTEX
  5
115
330
112
100
AcDbEntity
  8
DEFAULT
 62
   250
100
AcDbVertex
100
AcDb2dVertex
 10
85.1371311111111
 20
105.11409
 30
0.0
  0
VERTEX
  5
116
330
112
100
AcDbEntity
  8
DEFAULT
 62
   250
100
AcDbVertex
100
AcDb2dVertex
 10
85.3435061111111
 20
106.2133455555555
 30
0.0
  0
SEQEND
  5
117
330
112
100
AcDbEntity
  8
DEFAULT
 62
   250
  0
POLYLINE
  5
118
330
1F
100
AcDbEntity
  8
DEFAULT
 62
   250
100
AcDb2dPolyline
 66
     1
 10
0.0
 20
0.0
 30
0.0
  0
VERTEX
  5
119
330
118
100
AcDbEntity
  8
DEFAULT
 62
   250
100
AcDbVertex
100
AcDb2dVertex
 10
69.00396833333332
 20
103.7536025
 30
0.0
  0
VERTEX
  5
11A
330
118
100
AcDbEntity
  8
DEFAULT
 62
   250
100
AcDbVertex
100
AcDb2dVertex
 10
69.39414055555554
 20
104.7890052777777
 30
0.0
  0
VERTEX
  5
11B
330
118
100
AcDbEntity
  8
DEFAULT
 62
   250
100
AcDbVertex
100
AcDb2dVertex
 10
70.30536555555554
 20
103.2632413888889
 30
0.0
  0
VERTEX
  5
11C
330
118
100
AcDbEntity
  8
DEFAULT
 62
   250
100
AcDbVertex
100
AcDb2dVertex
 10
70.6997711111111
 20
104.3099330555555
 30
0.0
  0
SEQEND
  5
11D
330
118
100
AcDbEntity
  8
DEFAULT
 62
   250
  0
POLYLINE
  5
11E
330
1F
100
AcDbEntity
  8
DEFAULT
 62
   250
100
AcDb2dPolyline
 66
     1
 10
0.0
 20
0.0
 30
0.0
  0
VERTEX
  5
11F
330
11E
100
AcDbEntity
  8
DEFAULT
 62
   250
100
AcDbVertex
100
AcDb2dVertex
 10
53.01202249999998
 20
105.82656
 30
0.0
  0
VERTEX
  5
120
330
11E
100
AcDbEntity
  8
DEFAULT
 62
   250
100
AcDbVertex
100
AcDb2dVertex
 10
53.57646694444443
 20
106.7783544444444
 30
0.0
  0
VERTEX
  5
121
330
11E
100
AcDbEntity
  8
DEFAULT
 62
   250
100
AcDbVertex
100
AcDb2dVertex
 10
54.20829194444443
 20
105.1174766666667
 30
0.0
  0
VERTEX
  5
122
330
11E
100
AcDbEntity
  8
DEFAULT
 62
   250
100
AcDbVertex
100
AcDb2dVertex
 10
54.77873361111111
 20
106.0795016666666
 30
0.0
  0
SEQEND
  5
123
330
11E
100
AcDbEntity
  8
DEFAULT
 62
   250
  0
POLYLINE
  5
124
330
1F
100
AcDbEntity
  8
DEFAULT
 62
   250
100
AcDb2dPolyline
 66
     1
 10
0.0
 20
0.0
 30
0.0
  0
VERTEX
  5
125
330
124
100
AcDbEntity
  8
DEFAULT
 62
   250
100
AcDbVertex
100
AcDb2dVertex
 10
37.77106999999999
 20
110.5870844444444
 30
0.0
  0
VERTEX
  5
126
330
124
100
AcDbEntity
  8
DEFAULT
 62
   250
100
AcDbVertex
100
AcDb2dVertex
 10
38.49179499999999
 20
111.4263427777778
 30
0.0
  0
VERTEX
  5
127
330
124
100
AcDbEntity
  8
DEFAULT
 62
   250
100
AcDbVertex
100
AcDb2dVertex
 10
38.82587555555555
 20
109.6811511111111
 30
0.0
  0
VERTEX
  5
128
330
124
100
AcDbEntity
  8
DEFAULT
 62
   250
100
AcDbVertex
100
AcDb2dVertex
 10
39.55471444444444
 20
110.5295816666666
 30
0.0
  0
SEQEND
  5
129
330
124
100
AcDbEntity
  8
DEFAULT
 62
   250
  0
POLYLINE
  5
12A
330
1F
100
AcDbEntity
  8
DEFAULT
 62
   250
100
AcDb2dPolyline
 66
     1
 10
0.0
 20
0.0
 30
0.0
  0
VERTEX
  5
12B
330
12A
100
AcDbEntity
  8
DEFAULT
 62
   250
100
AcDbVertex
100
AcDb2dVertex
 10
23.2362375
 20
115.9518819444445
 30
0.0
  0
VERTEX
  5
12C
330
12A
100
AcDbEntity
  8
DEFAULT
 62
   250
100
AcDbVertex
100
AcDb2dVertex
 10
24.09172361111111
 20
116.6535569444444
 30
0.0
  0
VERTEX
  5
12D
330
12A
100
AcDbEntity
  8
DEFAULT
 62
   250
100
AcDbVertex
100
AcDb2dVertex
 10
24.11818194444444
 20
114.8766152777778
 30
0.0
  0
VERTEX
  5
12E
330
12A
100
AcDbEntity
  8
DEFAULT
 62
   250
100
AcDbVertex
100
AcDb2dVertex
 10
24.98284027777778
 20
115.5860513888889
 30
0.0
  0
SEQEND
  5
12F
330
12A
100
AcDbEntity
  8
DEFAULT
 62
   250
  0
POLYLINE
  5
130
330
1F
100
AcDbEntity
  8
DEFAULT
 62
   250
100
AcDb2dPolyline
 66
     1
 10
0.0
 20
0.0
 30
0.0
  0
VERTEX
  5
131
330
130
100
AcDbEntity
  8
DEFAULT
 62
   250
100
AcDbVertex
100
AcDb2dVertex
 10
16.2601275
 20
116.4111986111111
 30
0.0
  0
VERTEX
  5
132
330
130
100
AcDbEntity
  8
DEFAULT
 62
   250
100
AcDbVertex
100
AcDb2dVertex
 10
15.19368027777777
 20
118.2534041666667
 30
0.0
  0
VERTEX
  5
133
330
130
100
AcDbEntity
  8
DEFAULT
 62
   250
100
AcDbVertex
100
AcDb2dVertex
 10
14.87688583333333
 20
118.0699597222222
 30
0.0
  0
SEQEND
  5
134
330
130
100
AcDbEntity
  8
DEFAULT
 62
   250
  0
POLYLINE
  5
135
330
1F
100
AcDbEntity
  8
DEFAULT
 62
   250
100
AcDb2dPolyline
 66
     1
 10
0.0
 20
0.0
 30
0.0
  0
VERTEX
  5
136
330
135
100
AcDbEntity
  8
DEFAULT
 62
   250
100
AcDbVertex
100
AcDb2dVertex
 10
86.30771833333334
 20
114.8060597222222
 30
0.0
  0
VERTEX
  5
137
330
135
100
AcDbEntity
  8
DEFAULT
 62
   250
100
AcDbVertex
100
AcDb2dVertex
 10
85.2412711111111
 20
116.6482652777778
 30
0.0
  0
VERTEX
  5
138
330
135
100
AcDbEntity
  8
DEFAULT
 62
   250
100
AcDbVertex
100
AcDb2dVertex
 10
84.92447666666666
 20
116.4648208333333
 30
0.0
  0
SEQEND
  5
139
330
135
100
AcDbEntity
  8
DEFAULT
 62
   250
  0
SPLINE
  5
13A
330
1F
100
AcDbEntity
  8
DEFAULT
 62
     1
100
AcDbSpline
210
0.0
220
0.0
230
1.0
 70
     8
 71
     3
 72
   320
 73
   316
 74
     0
 42
0.000000001
 43
0.0000000001
 40
0.0
 40
0.0
 40
0.0
 40
0.0
 40
3.830208871589151
 40
3.830208871589151
 40
3.830208871589151
 40
4.830208871589152
 40
4.830208871589152
 40
4.830208871589152
 40
5.830208871589152
 40
5.830208871589152
 40
5.830208871589152
 40
6.830208871589152
 40
6.830208871589152
 40
6.830208871589152
 40
7.830208871589152
 40
7.830208871589152
 40
7.830208871589152
 40
8.830208871589152
 40
8.830208871589152
 40
8.830208871589152
 40
9.830208871589152
 40
9.830208871589152
 40
9.830208871589152
 40
10.83020887158915
 40
10.83020887158915
 40
10.83020887158915
 40
11.83020887158915
 40
11.83020887158915
 40
11.83020887158915
 40
12.83020887158915
 40
12.83020887158915
 40
12.83020887158915
 40
21.3282674734111
 40
21.3282674734111
 40
21.3282674734111
 40
22.3282674734111
 40
22.3282674734111
 40
22.3282674734111
 40
23.3282674734111
 40
23.3282674734111
 40
23.3282674734111
 40
24.3282674734111
 40
24.3282674734111
 40
24.3282674734111
 40
25.3282674734111
 40
25.3282674734111
 40
25.3282674734111
 40
26.3282674734111
 40
26.3282674734111
 40
26.3282674734111
 40
27.3282674734111
 40
27.3282674734111
 40
27.3282674734111
 40
28.3282674734111
 40
28.3282674734111
 40
28.3282674734111
 40
36.83086119532913
 40
36.83086119532913
 40
36.83086119532913
 40
37.83086119532913
 40
37.83086119532913
 40
37.83086119532913
 40
38.83086119532913
 40
38.83086119532913
 40
38.83086119532913
 40
39.83086119532913
 40
39.83086119532913
 40
39.83086119532913
 40
40.83086119532913
 40
40.83086119532913
 40
40.83086119532913
 40
41.83086119532913
 40
41.83086119532913
 40
41.83086119532913
 40
42.83086119532913
 40
42.83086119532913
 40
42.83086119532913
 40
43.83086119532913
 40
43.83086119532913
 40
43.83086119532913
 40
52.34073781018085
 40
52.34073781018085
 40
52.34073781018085
 40
53.34073781018085
 40
53.34073781018085
 40
53.34073781018085
 40
54.34073781018085
 40
54.34073781018085
 40
54.34073781018085
 40
55.34073781018085
 40
55.34073781018085
 40
55.34073781018085
 40
56.34073781018085
 40
56.34073781018085
 40
56.34073781018085
 40
57.34073781018085
 40
57.34073781018085
 40
57.34073781018085
 40
58.34073781018085
 40
58.34073781018085
 40
58.34073781018085
 40
59.34073781018085
 40
59.34073781018085
 40
59.34073781018085
 40
67.84729998299781
 40
67.84729998299781
 40
67.84729998299781
 40
68.84729998299781
 40
68.84729998299781
 40
68.84729998299781
 40
69.84729998299781
 40
69.84729998299781
 40
69.84729998299781
 40
70.84729998299781
 40
70.84729998299781
 40
70.84729998299781
 40
71.84729998299781
 40
71.84729998299781
 40
71.84729998299781
 40
72.84729998299781
 40
72.84729998299781
 40
72.84729998299781
 40
73.84729998299781
 40
73.84729998299781
 40
73.84729998299781
 40
74.84729998299781
 40
74.84729998299781
 40
74.84729998299781
 40
83.35344482070187
 40
83.35344482070187
 40
83.35344482070187
 40
84.35344482070187
 40
84.35344482070187
 40
84.35344482070187
 40
85.35344482070187
 40
85.35344482070187
 40
85.35344482070187
 40
86.35344482070187
 40
86.35344482070187
 40
86.35344482070187
 40
87.35344482070187
 40
87.35344482070187
 40
87.35344482070187
 40
88.35344482070187
 40
88.35344482070187
 40
88.35344482070187
 40
89.35344482070187
 40
89.35344482070187
 40
89.35344482070187
 40
90.35344482070187
 40
90.35344482070187
 40
90.35344482070187
 40
98.86403234448657
 40
98.86403234448657
 40
98.86403234448657
 40
99.86403234448657
 40
99.86403234448657
 40
99.86403234448657
 40
100.8640323444866
 40
100.8640323444866
 40
100.8640323444866
 40
101.8640323444866
 40
101.8640323444866
 40
101.8640323444866
 40
102.8640323444866
 40
102.8640323444866
 40
102.8640323444866
 40
103.8640323444866
 40
103.8640323444866
 40
103.8640323444866
 40
104.8640323444866
 40
104.8640323444866
 40
104.8640323444866
 40
105.8640323444866
 40
105.8640323444866
 40
105.8640323444866
 40
114.3683959303171
 40
114.3683959303171
 40
114.3683959303171
 40
115.3683959303171
 40
115.3683959303171
 40
115.3683959303171
 40
116.3683959303171
 40
116.3683959303171
 40
116.3683959303171
 40
117.3683959303171
 40
117.3683959303171
 40
117.3683959303171
 40
118.3683959303171
 40
118.3683959303171
 40
118.3683959303171
 40
119.3683959303171
 40
119.3683959303171
 40
119.3683959303171
 40
120.3683959303171
 40
120.3683959303171
 40
120.3683959303171
 40
121.3683959303171
 40
121.3683959303171
 40
121.3683959303171
 40
129.879171453147
 40
129.879171453147
 40
129.879171453147
 40
130.879171453147
 40
130.879171453147
 40
130.879171453147
 40
131.879171453147
 40
131.879171453147
 40
131.879171453147
 40
132.879171453147
 40
132.879171453147
 40
132.879171453147
 40
133.879171453147
 40
133.879171453147
 40
133.879171453147
 40
134.879171453147
 40
134.879171453147
 40
134.879171453147
 40
135.879171453147
 40
135.879171453147
 40
135.879171453147
 40
136.879171453147
 40
136.879171453147
 40
136.879171453147
 40
145.3819357095521
 40
145.3819357095521
 40
145.3819357095521
 40
146.3819357095521
 40
146.3819357095521
 40
146.3819357095521
 40
147.3819357095521
 40
147.3819357095521
 40
147.3819357095521
 40
148.3819357095521
 40
148.3819357095521
 40
148.3819357095521
 40
149.3819357095521
 40
149.3819357095521
 40
149.3819357095521
 40
150.3819357095521
 40
150.3819357095521
 40
150.3819357095521
 40
151.3819357095521
 40
151.3819357095521
 40
151.3819357095521
 40
152.3819357095521
 40
152.3819357095521
 40
152.3819357095521
 40
160.8858877319943
 40
160.8858877319943
 40
160.8858877319943
 40
161.8858877319943
 40
161.8858877319943
 40
161.8858877319943
 40
162.8858877319943
 40
162.8858877319943
 40
162.8858877319943
 40
163.8858877319943
 40
163.8858877319943
 40
163.8858877319943
 40
164.8858877319943
 40
164.8858877319943
 40
164.8858877319943
 40
165.8858877319943
 40
165.8858877319943
 40
165.8858877319943
 40
166.8858877319943
 40
166.8858877319943
 40
166.8858877319943
 40
167.8858877319943
 40
167.8858877319943
 40
167.8858877319943
 40
176.3934960915746
 40
176.3934960915746
 40
176.3934960915746
 40
177.3934960915746
 40
177.3934960915746
 40
177.3934960915746
 40
178.3934960915746
 40
178.3934960915746
 40
178.3934960915746
 40
179.3934960915746
 40
179.3934960915746
 40
179.3934960915746
 40
180.3934960915746
 40
180.3934960915746
 40
180.3934960915746
 40
181.3934960915746
 40
181.3934960915746
 40
181.3934960915746
 40
182.3934960915746
 40
182.3934960915746
 40
182.3934960915746
 40
183.3934960915746
 40
183.3934960915746
 40
183.3934960915746
 40
191.8924430851733
 40
191.8924430851733
 40
191.8924430851733
 40
192.8924430851733
 40
192.8924430851733
 40
192.8924430851733
 40
193.8924430851733
 40
193.8924430851733
 40
193.8924430851733
 40
194.8924430851733
 40
194.8924430851733
 40
194.8924430851733
 40
195.8924430851733
 40
195.8924430851733
 40
195.8924430851733
 40
196.8924430851733
 40
196.8924430851733
 40
196.8924430851733
 40
197.8924430851733
 40
197.8924430851733
 40
197.8924430851733
 40
197.8924430851733
 10
14.08465277777778
 20
119.5058005555555
 30
0.0
 10
13.69424537037037
 20
119.2811987037037
 30
0.0
 10
13.30383796296296
 20
119.0565968518518
 30
0.0
 10
12.91343055555555
 20
118.831995
 30
0.0
 10
12.91343055555555
 20
118.831995
 30
0.0
 10
11.60109722222222
 20
121.1038838888889
 30
0.0
 10
11.16365277777778
 20
121.8623561111111
 30
0.0
 10
11.07545833333333
 20
122.0105227777778
 30
0.0
 10
10.85673611111111
 20
122.5890783333333
 30
0.0
 10
10.37343055555555
 20
123.4251616666667
 30
0.0
 10
9.890124999999998
 20
124.2647727777778
 30
0.0
 10
9.45973611111111
 20
124.9174116666666
 30
0.0
 10
9.41034722222222
 20
124.8927172222222
 30
0.0
 10
5.533319444444444
 20
122.6490505555555
 30
0.0
 10
7.568847222222221
 20
119.9291338888889
 30
0.0
 10
9.385652777777775
 20
117.0963283333333
 30
0.0
 10
14.86781944444444
 20
108.5485227777778
 30
0.0
 10
20.45229166666666
 20
113.1910783333333
 30
0.0
 10
24.89023611111111
 20
107.7759394444444
 30
0.0
 10
25.92740277777778
 20
106.4847727777777
 30
0.0
 10
27.81476388888889
 20
106.2766338888889
 30
0.0
 10
29.10593055555555
 20
107.3138005555555
 30
0.0
 10
29.14826388888889
 20
107.3490783333333
 30
0.0
 10
28.68965277777777
 20
107.9805505555555
 30
0.0
 10
28.07581944444444
 20
108.7284394444444
 30
0.0
 10
27.46198611111111
 20
109.4763283333333
 30
0.0
 10
26.99984722222222
 20
109.8855505555556
 30
0.0
 10
26.88695833333333
 20
110.0196061111111
 30
0.0
 10
26.33309722222222
 20
110.6969394444444
 30
0.0
 10
24.66798611111111
 20
112.7254116666667
 30
0.0
 10
24.66798611111111
 20
112.7254116666667
 30
0.0
 10
25.44056944444444
 20
113.3592357407407
 30
0.0
 10
26.21315277777778
 20
113.9930598148148
 30
0.0
 10
26.98573611111111
 20
114.6268838888889
 30
0.0
 10
26.98573611111111
 20
114.6268838888889
 30
0.0
 10
28.65084722222222
 20
112.5984116666667
 30
0.0
 10
29.20823611111111
 20
111.9210783333333
 30
0.0
 10
29.31759722222221
 20
111.7870227777778
 30
0.0
 10
29.62451388888888
 20
111.2543283333333
 30
0.0
 10
30.23834722222222
 20
110.5064394444444
 30
0.0
 10
30.85218055555555
 20
109.7585505555555
 30
0.0
 10
31.384875
 20
109.179995
 30
0.0
 10
31.42720833333333
 20
109.2152727777778
 30
0.0
 10
33.00765277777777
 20
110.513495
 30
0.0
 10
41.14270833333333
 20
98.54374499999999
 30
0.0
 10
45.0514861111111
 20
103.0981061111111
 30
0.0
 10
45.08676388888888
 20
103.1404394444444
 30
0.0
 10
44.52231944444444
 20
103.6837172222222
 30
0.0
 10
43.78854166666666
 20
104.3116616666667
 30
0.0
 10
43.05476388888889
 20
104.9431338888889
 30
0.0
 10
42.52559722222222
 20
105.2641616666667
 30
0.0
 10
42.39506944444444
 20
105.3770505555555
 30
0.0
 10
41.73184722222222
 20
105.9450227777778
 30
0.0
 10
39.73865277777777
 20
107.655995
 30
0.0
 10
39.73865277777777
 20
107.655995
 30
0.0
 10
40.39011574074074
 20
108.4144672222222
 30
0.0
 10
41.04157870370371
 20
109.1729394444445
 30
0.0
 10
41.69304166666667
 20
109.9314116666667
 30
0.0
 10
41.69304166666667
 20
109.9314116666667
 30
0.0
 10
43.68270833333333
 20
108.2239672222222
 30
0.0
 10
44.34945833333333
 20
107.6524672222222
 30
0.0
 10
44.4799861111111
 20
107.5395783333333
 30
0.0
 10
44.878625
 20
107.0668561111111
 30
0.0
 10
45.61240277777778
 20
106.4389116666666
 30
0.0
 10
46.34618055555555
 20
105.8074394444444
 30
0.0
 10
46.96706944444443
 20
105.3311894444444
 30
0.0
 10
47.00234722222222
 20
105.3735227777778
 30
0.0
 10
48.10301388888889
 20
106.6541061111111
 30
0.0
 10
58.42529166666667
 20
94.55030055555554
 30
0.0
 10
61.483875
 20
99.7149672222222
 30
0.0
 10
61.51209722222222
 20
99.76082833333334
 30
0.0
 10
60.85945833333332
 20
100.1982727777778
 30
0.0
 10
60.02690277777776
 20
100.6921616666667
 30
0.0
 10
59.19434722222222
 20
101.1860505555555
 30
0.0
 10
58.62284722222222
 20
101.4083005555555
 30
0.0
 10
58.47115277777777
 20
101.496495
 30
0.0
 10
57.71973611111111
 20
101.9445227777777
 30
0.0
 10
55.45843055555554
 20
103.2815505555555
 30
0.0
 10
55.45843055555554
 20
103.2815505555555
 30
0.0
 10
55.9687824074074
 20
104.1423283333333
 30
0.0
 10
56.47913425925926
 20
105.0031061111111
 30
0.0
 10
56.98948611111111
 20
105.8638838888889
 30
0.0
 10
56.98948611111111
 20
105.8638838888889
 30
0.0
 10
59.24726388888888
 20
104.5233283333333
 30
0.0
 10
59.99868055555554
 20
104.0788283333333
 30
0.0
 10
60.15037499999999
 20
103.9906338888889
 30
0.0
 10
60.62309722222221
 20
103.591995
 30
0.0
 10
61.45565277777776
 20
103.1016338888889
 30
0.0
 10
62.28820833333333
 20
102.607745
 30
0.0
 10
62.98318055555556
 20
102.2479116666667
 30
0.0
 10
63.01140277777777
 20
102.2937727777778
 30
0.0
 10
64.05209722222222
 20
104.0506061111111
 30
0.0
 10
76.28995833333333
 20
93.590745
 30
0.0
 10
78.40662499999999
 20
99.20343944444443
 30
0.0
 10
78.42426388888889
 20
99.2563561111111
 30
0.0
 10
77.70812499999998
 20
99.5738561111111
 30
0.0
 10
76.80501388888888
 20
99.91605055555553
 30
0.0
 10
75.89837499999999
 20
100.2547172222222
 30
0.0
 10
75.295125
 20
100.3781894444444
 30
0.0
 10
75.12931944444443
 20
100.4381616666666
 30
0.0
 10
74.31087499999998
 20
100.7486061111111
 30
0.0
 10
71.85554166666667
 20
101.6728838888889
 30
0.0
 10
71.85554166666667
 20
101.6728838888889
 30
0.0
 10
72.20831944444444
 20
102.6089209259259
 30
0.0
 10
72.56109722222222
 20
103.5449579629629
 30
0.0
 10
72.91387499999999
 20
104.480995
 30
0.0
 10
72.91387499999999
 20
104.480995
 30
0.0
 10
75.36920833333332
 20
103.5531894444444
 30
0.0
 10
76.18765277777776
 20
103.2462727777778
 30
0.0
 10
76.34993055555556
 20
103.1827727777778
 30
0.0
 10
76.88615277777777
 20
102.8758561111111
 30
0.0
 10
77.78926388888888
 20
102.5371894444444
 30
0.0
 10
78.69590277777776
 20
102.194995
 30
0.0
 10
79.44379166666666
 20
101.9621616666666
 30
0.0
 10
79.46495833333333
 20
102.0115505555556
 30
0.0
 10
79.99059722222222
 20
103.5849394444444
 30
0.0
 10
92.71176388888888
 20
96.62816166666667
 30
0.0
 10
93.8194861111111
 20
102.5266061111111
 30
0.0
 10
93.8194861111111
 20
102.5830505555556
 30
0.0
 10
93.06454166666666
 20
102.766495
 30
0.0
 10
92.11909722222221
 20
102.9464116666666
 30
0.0
 10
91.170125
 20
103.1263283333333
 30
0.0
 10
90.55276388888888
 20
103.1404394444444
 30
0.0
 10
90.37990277777777
 20
103.1721894444444
 30
0.0
 10
89.52265277777776
 20
103.3344672222222
 30
0.0
 10
86.94031944444444
 20
103.8177727777778
 30
0.0
 10
86.94031944444444
 20
103.8177727777778
 30
0.0
 10
87.12493981481481
 20
104.8008468518519
 30
0.0
 10
87.30956018518516
 20
105.7839209259259
 30
0.0
 10
87.49418055555554
 20
106.766995
 30
0.0
 10
87.49418055555554
 20
106.766995
 30
0.0
 10
90.07651388888887
 20
106.2801616666667
 30
0.0
 10
90.93376388888888
 20
106.1214116666667
 30
0.0
 10
91.106625
 20
106.0861338888889
 30
0.0
 10
91.68518055555555
 20
105.877995
 30
0.0
 10
92.63768055555553
 20
105.6980783333333
 30
0.0
 10
93.58665277777777
 20
105.5181616666667
 30
0.0
 10
94.36276388888888
 20
105.4193838888889
 30
0.0
 10
94.37334722222221
 20
105.4723005555555
 30
0.0
 10
94.88840277777777
 20
108.2133838888889
 30
0.0
 10
108.6784861111111
 20
103.7331061111111
 30
0.0
 10
108.7419861111111
 20
109.5433561111111
 30
0.0
 10
108.7419861111111
 20
109.5998005555555
 30
0.0
 10
107.9588194444444
 20
109.6527172222222
 30
0.0
 10
106.9957361111111
 20
109.6633005555556
 30
0.0
 10
106.029125
 20
109.6738838888889
 30
0.0
 10
105.4188194444444
 20
109.5821616666667
 30
0.0
 10
105.2424305555555
 20
109.5821616666667
 30
0.0
 10
104.3675416666667
 20
109.592745
 30
0.0
 10
101.742875
 20
109.6209672222222
 30
0.0
 10
101.742875
 20
109.6209672222222
 30
0.0
 10
101.7546342592592
 20
110.6216801851852
 30
0.0
 10
101.7663935185185
 20
111.6223931481481
 30
0.0
 10
101.7781527777778
 20
112.6231061111111
 30
0.0
 10
101.7781527777778
 20
112.6231061111111
 30
0.0
 10
104.4028194444444
 20
112.5913561111111
 30
0.0
 10
105.2777083333333
 20
112.5807727777778
 30
0.0
 10
105.4505694444444
 20
112.5807727777778
 30
0.0
 10
106.0573472222222
 20
112.4749394444444
 30
0.0
 10
107.0274861111111
 20
112.4643561111111
 30
0.0
 10
107.9940972222222
 20
112.450245
 30
0.0
 10
108.7772638888889
 20
112.4890505555556
 30
0.0
 10
108.7772638888889
 20
112.5419672222222
 30
0.0
 10
108.8090138888889
 20
115.5441061111111
 30
0.0
 10
120.1966805555556
 20
113.1275783333333
 30
0.0
 10
119.2194861111111
 20
119.0471894444444
 30
0.0
 10
119.2124305555555
 20
119.1001061111111
 30
0.0
 10
118.4327916666667
 20
119.0189672222222
 30
0.0
 10
117.4767638888889
 20
118.8602172222222
 30
0.0
 10
116.5242638888889
 20
118.7014672222222
 30
0.0
 10
115.9386527777778
 20
118.5039116666667
 30
0.0
 10
115.7693194444444
 20
118.4756894444444
 30
0.0
 10
114.9050138888889
 20
118.3345783333333
 30
0.0
 10
112.315625
 20
117.9077172222222
 30
0.0
 10
112.315625
 20
117.9077172222222
 30
0.0
 10
112.1521712962963
 20
118.8943190740741
 30
0.0
 10
111.9887175925926
 20
119.8809209259259
 30
0.0
 10
111.8252638888889
 20
120.8675227777778
 30
0.0
 10
111.8252638888889
 20
120.8675227777778
 30
0.0
 10
114.4181805555556
 20
121.2943838888889
 30
0.0
 10
115.2789583333333
 20
121.435495
 30
0.0
 10
115.4518194444444
 20
121.467245
 30
0.0
 10
116.0691805555555
 20
121.467245
 30
0.0
 10
117.0216805555556
 20
121.6224672222222
 30
0.0
 10
117.9706527777778
 20
121.7812172222222
 30
0.0
 10
118.7326527777778
 20
121.9470227777778
 30
0.0
 10
118.7326527777778
 20
122.006995
 30
0.0
 10
118.2458194444444
 20
124.9668005555556
 30
0.0
 10
128.3105694444444
 20
125.5206616666667
 30
0.0
 10
126.3209027777778
 20
131.182745
 30
0.0
 10
126.3032638888889
 20
131.2356616666667
 30
0.0
 10
125.5518472222222
 20
131.0169394444444
 30
0.0
 10
124.6381527777778
 20
130.6959116666666
 30
0.0
 10
123.7244583333333
 20
130.3748838888889
 30
0.0
 10
123.1847083333333
 20
130.0785505555555
 30
0.0
 10
123.0189027777778
 20
130.0221061111111
 30
0.0
 10
122.1934027777778
 20
129.7328283333333
 30
0.0
 10
119.7169027777778
 20
128.8614672222222
 30
0.0
 10
119.7169027777778
 20
128.8614672222222
 30
0.0
 10
119.3852916666667
 20
129.8057357407407
 30
0.0
 10
119.0536805555556
 20
130.7500042592593
 30
0.0
 10
118.7220694444444
 20
131.6942727777778
 30
0.0
 10
118.7220694444444
 20
131.6942727777778
 30
0.0
 10
121.2020972222222
 20
132.5621061111111
 30
0.0
 10
122.0275972222222
 20
132.8513838888889
 30
0.0
 10
122.189875
 20
132.9113561111111
 30
0.0
 10
122.7966527777778
 20
133.0171894444444
 30
0.0
 10
123.7103472222222
 20
133.3382172222222
 30
0.0
 10
124.6240416666667
 20
133.659245
 30
0.0
 10
125.3472361111111
 20
133.9591061111111
 30
0.0
 10
125.3295972222222
 20
134.0120227777778
 30
0.0
 10
124.3347638888889
 20
136.8448283333333
 30
0.0
 10
128.9808472222222
 20
141.0146616666667
 30
0.0
 10
127.5097638888889
 20
143.628745
 30
0.0
 10
127.4815416666667
 20
143.6746061111111
 30
0.0
 10
126.7795138888889
 20
143.3324116666666
 30
0.0
 10
125.936375
 20
142.8561616666667
 30
0.0
 10
125.0932361111111
 20
142.3834394444444
 30
0.0
 10
124.6134583333333
 20
141.9989116666667
 30
0.0
 10
124.4582361111111
 20
141.9107172222222
 30
0.0
 10
123.6962361111111
 20
141.4838561111111
 30
0.0
 10
121.4102361111111
 20
140.1962172222222
 30
0.0
 10
121.4102361111111
 20
140.1962172222222
 30
0.0
 10
120.919875
 20
141.0675783333333
 30
0.0
 10
120.4295138888889
 20
141.9389394444444
 30
0.0
 10
119.9391527777778
 20
142.8103005555555
 30
0.0
 10
119.9391527777778
 20
142.8103005555555
 30
0.0
 10
122.2251527777778
 20
144.0979394444444
 30
0.0
 10
122.9871527777778
 20
144.5283283333333
 30
0.0
 10
123.142375
 20
144.612995
 30
0.0
 10
123.7209305555555
 20
144.8246616666667
 30
0.0
 10
124.5640694444444
 20
145.2973838888889
 30
0.0
 10
125.4072083333333
 20
145.7736338888889
 30
0.0
 10
126.0669027777778
 20
146.1934394444444
 30
0.0
 10
126.0386805555556
 20
146.2428283333333
 30
0.0
 10
124.5675972222222
 20
148.8569116666666
 30
0.0
 10
123.555125
 20
151.6897172222222
 30
0.0
 10
122.7437361111111
 20
153.1361061111111
 30
0.0
 10
122.7155138888889
 20
153.1819672222222
 30
0.0
 10
122.0170138888889
 20
152.8291894444444
 30
0.0
 10
121.1774027777778
 20
152.3458838888889
 30
0.0
 10
120.3413194444444
 20
151.8625783333333
 30
0.0
 10
119.8650694444444
 20
151.470995
 30
0.0
 10
119.713375
 20
151.3828005555555
 30
0.0
 10
118.9549027777778
 20
150.9453561111111
 30
0.0
 10
116.6830138888889
 20
149.6330227777778
 30
0.0
 10
116.6830138888889
 20
149.6330227777778
 30
0.0
 10
116.1820694444444
 20
150.4985042592592
 30
0.0
 10
115.681125
 20
151.3639857407407
 30
0.0
 10
115.1801805555556
 20
152.2294672222222
 30
0.0
 10
115.1801805555556
 20
152.2294672222222
 30
0.0
 10
117.4555972222222
 20
153.5418005555555
 30
0.0
 10
118.2105416666667
 20
153.9827727777778
 30
0.0
 10
118.3622361111111
 20
154.0674394444444
 30
0.0
 10
118.9407916666667
 20
154.2861616666666
 30
0.0
 10
119.776875
 20
154.7694672222222
 30
0.0
 10
120.6129583333333
 20
155.2563005555555
 30
0.0
 10
121.269125
 20
155.6866894444444
 30
0.0
 10
121.2409027777778
 20
155.7325505555555
 30
0.0
 10
119.7415972222222
 20
158.328995
 30
0.0
 10
113.7161527777778
 20
157.376495
 30
0.0
 10
112.9012361111111
 20
158.8193561111111
 30
0.0
 10
112.8730138888889
 20
158.868745
 30
0.0
 10
112.1745138888889
 20
158.5159672222222
 30
0.0
 10
111.3349027777778
 20
158.0326616666667
 30
0.0
 10
110.4988194444444
 20
157.5493561111111
 30
0.0
 10
110.0225694444444
 20
157.1577727777778
 30
0.0
 10
109.870875
 20
157.0695783333333
 30
0.0
 10
109.1124027777778
 20
156.6321338888889
 30
0.0
 10
106.8405138888889
 20
155.3162727777778
 30
0.0
 10
106.8405138888889
 20
155.3162727777778
 30
0.0
 10
106.3407453703704
 20
156.1829301851851
 30
0.0
 10
105.8409768518518
 20
157.0495875925926
 30
0.0
 10
105.3412083333333
 20
157.916245
 30
0.0
 10
105.3412083333333
 20
157.916245
 30
0.0
 10
107.6130972222222
 20
159.2285783333333
 30
0.0
 10
108.3715694444444
 20
159.6660227777778
 30
0.0
 10
108.5197361111111
 20
159.7542172222222
 30
0.0
 10
109.0982916666667
 20
159.9729394444444
 30
0.0
 10
109.934375
 20
160.456245
 30
0.0
 10
110.7739861111111
 20
160.9395505555555
 30
0.0
 10
111.426625
 20
161.3699394444444
 30
0.0
 10
111.4019305555556
 20
161.4193283333333
 30
0.0
 10
109.8990972222222
 20
164.0157727777778
 30
0.0
 10
103.8630694444444
 20
163.0526894444444
 30
0.0
 10
103.0481527777778
 20
164.4990783333333
 30
0.0
 10
103.0199305555555
 20
164.5484672222222
 30
0.0
 10
102.3214305555556
 20
164.1956894444444
 30
0.0
 10
101.4818194444444
 20
163.7088561111111
 30
0.0
 10
100.6457361111111
 20
163.2255505555555
 30
0.0
 10
100.1694861111111
 20
162.8339672222222
 30
0.0
 10
100.0177916666667
 20
162.7493005555555
 30
0.0
 10
99.25931944444444
 20
162.3083283333333
 30
0.0
 10
96.98743055555555
 20
160.995995
 30
0.0
 10
96.98743055555555
 20
160.995995
 30
0.0
 10
96.48766203703703
 20
161.8614764814814
 30
0.0
 10
95.98789351851853
 20
162.7269579629629
 30
0.0
 10
95.488125
 20
163.5924394444444
 30
0.0
 10
95.488125
 20
163.5924394444444
 30
0.0
 10
97.76001388888888
 20
164.9083005555555
 30
0.0
 10
98.5184861111111
 20
165.345745
 30
0.0
 10
98.66665277777777
 20
165.4339394444444
 30
0.0
 10
99.24520833333332
 20
165.6491338888889
 30
0.0
 10
100.0812916666667
 20
166.1324394444444
 30
0.0
 10
100.9209027777778
 20
166.6192727777778
 30
0.0
 10
101.5735416666667
 20
167.0496616666667
 30
0.0
 10
101.5453194444444
 20
167.0955227777778
 30
0.0
 10
100.1200972222222
 20
169.5543838888889
 30
0.0
 10
94.05231944444444
 20
169.8718838888889
 30
0.0
 10
90.63037499999999
 20
167.8151894444444
 30
0.0
 10
87.20490277777776
 20
165.7620227777778
 30
0.0
 10
89.75901388888889
 20
163.2537727777778
 30
0.0
 10
88.47490277777777
 20
162.5094116666667
 30
0.0
 10
87.01793055555555
 20
161.6698005555555
 30
0.0
 10
87.67056944444442
 20
162.043745
 30
0.0
 10
86.0089861111111
 20
161.0841894444444
 30
0.0
  0
SPLINE
  5
13B
330
1F
100
AcDbEntity
  8
DEFAULT
 62
     1
100
AcDbSpline
210
0.0
220
0.0
230
1.0
 70
     8
 71
     3
 72
    35
 73
    31
 74
     0
 42
0.000000001
 43
0.0000000001
 40
0.0
 40
0.0
 40
0.0
 40
0.0
 40
1.0
 40
1.0
 40
1.0
 40
2.0
 40
2.0
 40
2.0
 40
3.0
 40
3.0
 40
3.0
 40
4.0
 40
4.0
 40
4.0
 40
5.0
 40
5.0
 40
5.0
 40
6.0
 40
6.0
 40
6.0
 40
7.0
 40
7.0
 40
7.0
 40
8.0
 40
8.0
 40
8.0
 40
9.0
 40
9.0
 40
9.0
 40
12.8215441905073
 40
12.8215441905073
 40
12.8215441905073
 40
12.8215441905073
 10
85.74793055555554
 20
160.932495
 30
0.0
 10
83.87820833333332
 20
159.8741616666667
 30
0.0
 10
83.63126388888888
 20
160.2833838888889
 30
0.0
 10
82.47415277777777
 20
162.3541894444444
 30
0.0
 10
81.29234722222222
 20
164.4708561111111
 30
0.0
 10
77.1507361111111
 20
158.900495
 30
0.0
 10
79.45437499999998
 20
156.9073005555555
 30
0.0
 10
81.75801388888888
 20
154.9176338888889
 30
0.0
 10
84.90831944444444
 20
152.8750505555556
 30
0.0
 10
89.00054166666666
 20
152.074245
 30
0.0
 10
98.92770833333333
 20
150.1269116666666
 30
0.0
 10
111.2290694444444
 20
147.9926061111111
 30
0.0
 10
108.7772638888889
 20
139.0779116666667
 30
0.0
 10
104.4451527777778
 20
123.3510783333333
 30
0.0
 10
89.42387499999998
 20
118.0347172222222
 30
0.0
 10
86.15362499999999
 20
123.6932727777778
 30
0.0
 10
85.32106944444443
 20
125.1290783333333
 30
0.0
 10
83.49015277777777
 20
125.6194394444444
 30
0.0
 10
82.05434722222222
 20
124.7904116666667
 30
0.0
 10
82.00495833333332
 20
124.7621894444444
 30
0.0
 10
82.3577361111111
 20
124.0636894444444
 30
0.0
 10
82.84456944444445
 20
123.2240783333333
 30
0.0
 10
83.32787499999999
 20
122.387995
 30
0.0
 10
83.71945833333332
 20
121.911745
 30
0.0
 10
83.804125
 20
121.7600505555555
 30
0.0
 10
84.24156944444444
 20
121.0015783333333
 30
0.0
 10
85.55743055555556
 20
118.7296894444444
 30
0.0
 10
85.55743055555556
 20
118.7296894444444
 30
0.0
 10
85.16819907407407
 20
118.5050875925926
 30
0.0
 10
84.77896759259258
 20
118.2804857407407
 30
0.0
 10
84.3897361111111
 20
118.0558838888889
 30
0.0
  0
SPLINE
  5
13C
330
1F
100
AcDbEntity
  8
DEFAULT
 62
     1
100
AcDbSpline
210
0.0
220
0.0
230
1.0
 70
     8
 71
     3
 72
    41
 73
    37
 74
     0
 42
0.000000001
 43
0.0000000001
 40
0.0
 40
0.0
 40
0.0
 40
0.0
 40
3.821544190507274
 40
3.821544190507274
 40
3.821544190507274
 40
4.821544190507274
 40
4.821544190507274
 40
4.821544190507274
 40
5.821544190507274
 40
5.821544190507274
 40
5.821544190507274
 40
6.821544190507274
 40
6.821544190507274
 40
6.821544190507274
 40
7.821544190507274
 40
7.821544190507274
 40
7.821544190507274
 40
8.821544190507275
 40
8.821544190507275
 40
8.821544190507275
 40
9.821544190507275
 40
9.821544190507275
 40
9.821544190507275
 40
10.82154419050728
 40
10.82154419050728
 40
10.82154419050728
 40
11.82154419050728
 40
11.82154419050728
 40
11.82154419050728
 40
12.82154419050728
 40
12.82154419050728
 40
12.82154419050728
 40
13.82154419050728
 40
13.82154419050728
 40
13.82154419050728
 40
17.65674953051187
 40
17.65674953051187
 40
17.65674953051187
 40
17.65674953051187
 10
14.34570833333333
 20
119.657495
 30
0.0
 10
14.73493981481481
 20
119.8820968518518
 30
0.0
 10
15.12417129629629
 20
120.1066987037037
 30
0.0
 10
15.51340277777777
 20
120.3313005555555
 30
0.0
 10
15.51340277777778
 20
120.3313005555556
 30
0.0
 10
14.19754166666666
 20
122.6031894444444
 30
0.0
 10
13.76009722222222
 20
123.3616616666666
 30
0.0
 10
13.67190277777778
 20
123.5133561111111
 30
0.0
 10
13.28384722222222
 20
123.9896061111111
 30
0.0
 10
12.79701388888889
 20
124.8256894444444
 30
0.0
 10
12.31370833333333
 20
125.6653005555555
 30
0.0
 10
11.96093055555555
 20
126.3638005555555
 30
0.0
 10
12.01031944444444
 20
126.3920227777778
 30
0.0
 10
14.07759722222222
 20
127.5879394444444
 30
0.0
 10
16.30009722222222
 20
131.3168005555555
 30
0.0
 10
18.79070833333333
 20
127.7713838888889
 30
0.0
 10
21.28131944444444
 20
124.2259672222222
 30
0.0
 10
30.305375
 20
118.3663283333333
 30
0.0
 10
63.3394861111111
 20
114.6268838888889
 30
0.0
 10
69.23440277777777
 20
113.9601338888889
 30
0.0
 10
80.5620972222222
 20
115.3818283333333
 30
0.0
 10
78.36076388888888
 20
119.1883005555555
 30
0.0
 10
77.5317361111111
 20
120.6241061111111
 30
0.0
 10
78.02209722222221
 20
122.4585505555555
 30
0.0
 10
79.45790277777776
 20
123.2875783333333
 30
0.0
 10
79.50376388888887
 20
123.3158005555555
 30
0.0
 10
79.93415277777777
 20
122.6596338888889
 30
0.0
 10
80.41745833333331
 20
121.8235505555555
 30
0.0
 10
80.90429166666665
 20
120.9874672222222
 30
0.0
 10
81.1194861111111
 20
120.4089116666667
 30
0.0
 10
81.20768055555554
 20
120.2572172222222
 30
0.0
 10
81.645125
 20
119.5022727777778
 30
0.0
 10
82.9609861111111
 20
117.2268561111111
 30
0.0
 10
82.9609861111111
 20
117.2268561111111
 30
0.0
 10
83.35139351851849
 20
117.4526338888889
 30
0.0
 10
83.74180092592592
 20
117.6784116666666
 30
0.0
 10
84.13220833333332
 20
117.9041894444444
 30
0.0
  0
SPLINE
  5
13D
330
1F
100
AcDbEntity
  8
DEFAULT
 62
     3
100
AcDbSpline
210
0.0
220
0.0
230
1.0
 70
    11
 71
     3
 72
    14
 73
    10
 74
     0
 42
0.000000001
 43
0.0000000001
 40
0.0
 40
0.0
 40
0.0
 40
0.0
 40
1.0
 40
1.0
 40
1.0
 40
2.0
 40
2.0
 40
2.0
 40
3.0
 40
3.0
 40
3.0
 40
3.0
 10
195.212335
 20
176.2920513888889
 30
0.0
 10
196.1277933333333
 20
177.9448152777778
 30
0.0
 10
195.9595183333333
 20
178.3222875
 30
0.0
 10
196.5818183333333
 20
177.0205375
 30
0.0
 10
197.2044711111111
 20
175.7184347222222
 30
0.0
 10
197.3290016666666
 20
175.9516208333333
 30
0.0
 10
195.9595183333333
 20
175.4926569444444
 30
0.0
 10
194.5896822222222
 20
175.0336930555555
 30
0.0
 10
194.5579322222222
 20
175.1105986111111
 30
0.0
 10
195.212335
 20
176.2920513888889
 30
0.0
  0
SPLINE
  5
13E
330
1F
100
AcDbEntity
  8
DEFAULT
 62
     3
100
AcDbSpline
210
0.0
220
0.0
230
1.0
 70
    11
 71
     3
 72
    29
 73
    25
 74
     0
 42
0.000000001
 43
0.0000000001
 40
0.0
 40
0.0
 40
0.0
 40
0.0
 40
1.0
 40
1.0
 40
1.0
 40
2.0
 40
2.0
 40
2.0
 40
3.0
 40
3.0
 40
3.0
 40
4.0
 40
4.0
 40
4.0
 40
5.0
 40
5.0
 40
5.0
 40
6.0
 40
6.0
 40
6.0
 40
7.0
 40
7.0
 40
7.0
 40
8.0
 40
8.0
 40
8.0
 40
8.0
 10
239.3089575
 20
183.1715355555556
 30
0.0
 10
240.7412352777777
 20
183.6449633333333
 30
0.0
 10
240.5133408333333
 20
184.393205
 30
0.0
 10
241.5921352777777
 20
182.2370272222222
 30
0.0
 10
242.2507713888889
 20
180.9211661111111
 30
0.0
 10
243.3355630555555
 20
180.9691438888889
 30
0.0
 10
244.6221436111111
 20
181.1141355555555
 30
0.0
 10
245.9087241666666
 20
181.2591272222222
 30
0.0
 10
243.9165880555555
 20
180.2216077777778
 30
0.0
 10
244.3314547222222
 20
179.3915216666667
 30
0.0
 10
244.7466741666666
 20
178.5614355555556
 30
0.0
 10
241.0111102777778
 20
181.3818938888889
 30
0.0
 10
235.7402575
 20
181.2996966666666
 30
0.0
 10
230.4694047222222
 20
181.2174994444444
 30
0.0
 10
227.3981213888889
 20
181.1938633333333
 30
0.0
 10
223.5383797222222
 20
180.583205
 30
0.0
 10
219.6786380555555
 20
179.9725466666667
 30
0.0
 10
220.9235908333333
 20
180.0536855555555
 30
0.0
 10
224.1194047222222
 20
182.7524355555555
 30
0.0
 10
227.315218611111
 20
185.4508327777778
 30
0.0
 10
225.7019658333333
 20
185.2610383333333
 30
0.0
 10
227.1084908333333
 20
183.8037133333333
 30
0.0
 10
228.6250825
 20
182.2320883333333
 30
0.0
 10
232.8351325
 20
181.0312327777778
 30
0.0
 10
239.3089575
 20
183.1715355555556
 30
0.0
  0
SPLINE
  5
13F
330
1F
100
AcDbEntity
  8
DEFAULT
 62
     3
100
AcDbSpline
210
0.0
220
0.0
230
1.0
 70
    11
 71
     3
 72
    17
 73
    13
 74
     0
 42
0.000000001
 43
0.0000000001
 40
0.0
 40
0.0
 40
0.0
 40
0.0
 40
1.0
 40
1.0
 40
1.0
 40
2.0
 40
2.0
 40
2.0
 40
3.0
 40
3.0
 40
3.0
 40
4.0
 40
4.0
 40
4.0
 40
4.0
 10
263.7549758333333
 20
174.7016233333333
 30
0.0
 10
265.4973452777777
 20
174.1537594444444
 30
0.0
 10
264.3652813888888
 20
173.8161511111111
 30
0.0
 10
265.3675230555555
 20
172.4329094444444
 30
0.0
 10
266.3697647222222
 20
171.049315
 30
0.0
 10
260.0610397222222
 20
175.4629177777778
 30
0.0
 10
256.7410480555556
 20
174.7157344444444
 30
0.0
 10
253.4207036111111
 20
173.9689038888889
 30
0.0
 10
257.1679091666666
 20
175.2103288888889
 30
0.0
 10
256.906853611111
 20
176.8549788888889
 30
0.0
 10
256.6165174999999
 20
178.6858955555555
 30
0.0
 10
256.906853611111
 20
176.8549788888889
 30
0.0
 10
263.7549758333333
 20
174.7016233333333
 30
0.0
  0
SPLINE
  5
140
330
1F
100
AcDbEntity
  8
DEFAULT
 62
     5
100
AcDbSpline
210
0.0
220
0.0
230
1.0
 70
    11
 71
     3
 72
    17
 73
    13
 74
     0
 42
0.000000001
 43
0.0000000001
 40
0.0
 40
0.0
 40
0.0
 40
0.0
 40
1.0
 40
1.0
 40
1.0
 40
2.0
 40
2.0
 40
2.0
 40
3.0
 40
3.0
 40
3.0
 40
4.0
 40
4.0
 40
4.0
 40
4.0
 10
268.9221472222222
 20
140.6689394444444
 30
0.0
 10
266.2339805555555
 20
141.2721894444444
 30
0.0
 10
268.9221472222222
 20
141.6027422222222
 30
0.0
 10
270.5364583333333
 20
143.2872561111111
 30
0.0
 10
272.9131222222222
 20
145.7672838888889
 30
0.0
 10
271.4907222222222
 20
138.9188088888889
 30
0.0
 10
278.3321416666666
 20
138.4898311111111
 30
0.0
 10
282.1199166666667
 20
138.2524116666667
 30
0.0
 10
277.3200222222222
 20
137.7161894444444
 30
0.0
 10
276.7661611111111
 20
136.7467561111111
 30
0.0
 10
276.0193305555555
 20
135.4393616666667
 30
0.0
 10
275.0230861111111
 20
139.2994561111111
 30
0.0
 10
268.9221472222222
 20
140.6689394444444
 30
0.0
  0
SPLINE
  5
141
330
1F
100
AcDbEntity
  8
DEFAULT
 62
     5
100
AcDbSpline
210
0.0
220
0.0
230
1.0
 70
    11
 71
     3
 72
    26
 73
    22
 74
     0
 42
0.000000001
 43
0.0000000001
 40
0.0
 40
0.0
 40
0.0
 40
0.0
 40
1.0
 40
1.0
 40
1.0
 40
2.0
 40
2.0
 40
2.0
 40
3.0
 40
3.0
 40
3.0
 40
4.0
 40
4.0
 40
4.0
 40
5.0
 40
5.0
 40
5.0
 40
6.0
 40
6.0
 40
6.0
 40
7.0
 40
7.0
 40
7.0
 40
7.0
 10
261.4299233333333
 20
139.9218619444444
 30
0.0
 10
257.4830455555555
 20
139.6565730555555
 30
0.0
 10
254.8523816666666
 20
138.8427147222222
 30
0.0
 10
252.3995177777778
 20
137.6845452777778
 30
0.0
 10
246.4202872222222
 20
134.8609119444444
 30
0.0
 10
249.7018261111111
 20
136.1072758333333
 30
0.0
 10
251.6110594444444
 20
134.8206952777778
 30
0.0
 10
253.5202927777777
 20
133.5341147222222
 30
0.0
 10
252.0259261111111
 20
135.1110313888889
 30
0.0
 10
255.0559344444444
 20
136.4392397222222
 30
0.0
 10
258.08559
 20
137.7674480555555
 30
0.0
 10
263.0078983333333
 20
135.5223702777778
 30
0.0
 10
265.2490955555555
 20
132.1191230555555
 30
0.0
 10
266.2964927777778
 20
130.5288008333333
 30
0.0
 10
266.9523066666666
 20
130.0352647222222
 30
0.0
 10
270.0426399999999
 20
131.7042563888889
 30
0.0
 10
271.163415
 20
132.2644675
 30
0.0
 10
262.74014
 20
135.3032952777778
 30
0.0
 10
261.949565
 20
138.0274452777778
 30
0.0
 10
261.4299233333333
 20
139.8181452777778
 30
0.0
 10
263.07034
 20
140.0319286111111
 30
0.0
 10
261.4299233333333
 20
139.9218619444444
 30
0.0
  0
SPLINE
  5
142
330
1F
100
AcDbEntity
  8
DEFAULT
 62
     5
100
AcDbSpline
210
0.0
220
0.0
230
1.0
 70
    11
 71
     3
 72
    98
 73
    94
 74
     0
 42
0.000000001
 43
0.0000000001
 40
1.0
 40
1.0
 40
1.0
 40
1.0
 40
2.0
 40
2.0
 40
2.0
 40
3.0
 40
3.0
 40
3.0
 40
4.0
 40
4.0
 40
4.0
 40
5.0
 40
5.0
 40
5.0
 40
6.0
 40
6.0
 40
6.0
 40
7.0
 40
7.0
 40
7.0
 40
8.0
 40
8.0
 40
8.0
 40
9.0
 40
9.0
 40
9.0
 40
10.0
 40
10.0
 40
10.0
 40
11.0
 40
11.0
 40
11.0
 40
12.0
 40
12.0
 40
12.0
 40
13.0
 40
13.0
 40
13.0
 40
14.0
 40
14.0
 40
14.0
 40
15.0
 40
15.0
 40
15.0
 40
16.0
 40
16.0
 40
16.0
 40
17.0
 40
17.0
 40
17.0
 40
18.0
 40
18.0
 40
18.0
 40
19.0
 40
19.0
 40
19.0
 40
20.0
 40
20.0
 40
20.0
 40
21.0
 40
21.0
 40
21.0
 40
22.0
 40
22.0
 40
22.0
 40
23.0
 40
23.0
 40
23.0
 40
24.0
 40
24.0
 40
24.0
 40
25.0
 40
25.0
 40
25.0
 40
26.0
 40
26.0
 40
26.0
 40
27.0
 40
27.0
 40
27.0
 40
28.0
 40
28.0
 40
28.0
 40
29.0
 40
29.0
 40
29.0
 40
30.0
 40
30.0
 40
30.0
 40
31.0
 40
31.0
 40
31.0
 40
32.0
 40
32.0
 40
32.0
 40
32.0
 10
180.0844125
 20
167.5941741666666
 30
0.0
 10
181.5473819444445
 20
168.1857825
 30
0.0
 10
182.3390152777777
 20
168.5607852777778
 30
0.0
 10
183.0861986111111
 20
170.7737602777778
 30
0.0
 10
184.1117236111111
 20
173.8108241666667
 30
0.0
 10
183.9744930555556
 20
171.4302797222222
 30
0.0
 10
186.1225569444444
 20
171.0492797222222
 30
0.0
 10
188.9860541666666
 20
170.5412797222222
 30
0.0
 10
194.5024402777778
 20
178.6135408333333
 30
0.0
 10
196.9926986111111
 20
181.5775797222222
 30
0.0
 10
199.4829569444445
 20
184.5416186111111
 30
0.0
 10
194.6812986111111
 20
174.3375213888889
 30
0.0
 10
203.6397375
 20
177.0690797222222
 30
0.0
 10
211.4608208333333
 20
179.4538575
 30
0.0
 10
210.4836263888889
 20
184.1320436111111
 30
0.0
 10
211.8305319444444
 20
182.9724630555556
 30
0.0
 10
213.9066291666666
 20
181.1856436111111
 30
0.0
 10
215.9848430555555
 20
178.3874102777778
 30
0.0
 10
225.6548347222222
 20
186.5097658333333
 30
0.0
 10
229.5360958333333
 20
189.7694325
 30
0.0
 10
226.1332013888889
 20
183.2966658333333
 30
0.0
 10
232.6052625
 20
183.5453741666667
 30
0.0
 10
239.0769708333333
 20
183.7944352777778
 30
0.0
 10
240.3706069444444
 20
185.1540408333333
 30
0.0
 10
241.9895041666667
 20
187.0216463888889
 30
0.0
 10
242.8150041666666
 20
187.9744991666666
 30
0.0
 10
241.1682375
 20
183.6977741666667
 30
0.0
 10
243.6465013888889
 20
182.7763186111111
 30
0.0
 10
246.0259875
 20
181.8919047222222
 30
0.0
 10
252.4740597222222
 20
184.3758130555556
 30
0.0
 10
256.0103041666666
 20
184.5416186111111
 30
0.0
 10
261.3227847222222
 20
184.7906797222222
 30
0.0
 10
253.4650125
 20
180.8734352777778
 30
0.0
 10
260.0206819444444
 20
178.1122436111111
 30
0.0
 10
265.1737069444444
 20
175.9423075
 30
0.0
 10
265.3112902777777
 20
175.8089575
 30
0.0
 10
268.8598819444444
 20
177.2126602777778
 30
0.0
 10
270.3105041666666
 20
177.7862769444444
 30
0.0
 10
265.5836347222222
 20
174.7851963888889
 30
0.0
 10
267.8001375
 20
171.6719325
 30
0.0
 10
270.1048347222222
 20
168.4344908333333
 30
0.0
 10
274.1427291666667
 20
170.6143047222222
 30
0.0
 10
277.0153986111111
 20
169.4928241666667
 30
0.0
 10
283.0747097222222
 20
167.1274491666667
 30
0.0
 10
275.8420597222222
 20
170.6319436111111
 30
0.0
 10
275.0867625
 20
166.2599686111111
 30
0.0
 10
274.3388736111111
 20
161.9317380555555
 30
0.0
 10
275.2416319444445
 20
159.3046019444444
 30
0.0
 10
282.1818291666667
 20
158.4117213888889
 30
0.0
 10
287.6982152777778
 20
157.7019325
 30
0.0
 10
277.6401680555555
 20
159.3314130555555
 30
0.0
 10
277.6401680555555
 20
154.4274491666667
 30
0.0
 10
277.6401680555555
 20
150.5038547222222
 30
0.0
 10
280.5682236111111
 20
148.5752186111111
 30
0.0
 10
283.0591875
 20
147.9529186111111
 30
0.0
 10
285.6930263888889
 20
147.2946352777778
 30
0.0
 10
283.4708791666667
 20
146.9566741666667
 30
0.0
 10
283.9365458333333
 20
144.6533880555556
 30
0.0
 10
284.3535291666666
 20
142.5882269444444
 30
0.0
 10
283.8367097222222
 20
143.1798352777778
 30
0.0
 10
282.6806569444444
 20
144.4664158333333
 30
0.0
 10
278.8205625
 20
148.7621908333333
 30
0.0
 10
275.3591069444444
 20
146.3259075
 30
0.0
 10
276.1810791666666
 20
149.8448658333333
 30
0.0
 10
276.7554013888889
 20
152.3051380555555
 30
0.0
 10
275.8484097222222
 20
159.3755102777777
 30
0.0
 10
269.6649208333333
 20
165.8553325
 30
0.0
 10
263.3978236111111
 20
172.4226436111111
 30
0.0
 10
258.3760319444444
 20
173.4188880555556
 30
0.0
 10
254.6824486111111
 20
172.9620408333333
 30
0.0
 10
250.9885125
 20
172.5055463888889
 30
0.0
 10
255.5538097222222
 20
175.5768297222222
 30
0.0
 10
255.2218458333333
 20
178.4212769444444
 30
0.0
 10
254.8052152777778
 20
181.9896241666667
 30
0.0
 10
251.7893180555556
 20
183.4007352777778
 30
0.0
 10
249.2454375
 20
182.1758908333333
 30
0.0
 10
247.0042402777777
 20
181.0967436111111
 30
0.0
 10
246.0496236111111
 20
179.2291380555556
 30
0.0
 10
245.8005625
 20
176.1994825
 30
0.0
 10
245.6365208333333
 20
174.2031130555555
 30
0.0
 10
245.3892236111111
 20
179.7812352777778
 30
0.0
 10
234.5945763888889
 20
179.9671491666666
 30
0.0
 10
224.4264625
 20
180.1421269444444
 30
0.0
 10
216.2243791666666
 20
178.5151158333333
 30
0.0
 10
210.3629763888889
 20
177.2747491666667
 30
0.0
 10
199.1841541666666
 20
174.9090213888889
 30
0.0
 10
191.2201958333333
 20
171.9640325
 30
0.0
 10
187.4468847222222
 20
169.7665797222222
 30
0.0
 10
183.6640486111111
 20
167.5631297222222
 30
0.0
 10
181.5491458333333
 20
164.7267963888889
 30
0.0
 10
180.7021263888889
 20
165.6330825
 30
0.0
 10
179.0500680555555
 20
167.4004991666667
 30
0.0
 10
178.2400902777778
 20
166.8487547222222
 30
0.0
 10
180.0844125
 20
167.5941741666666
 30
0.0
  0
POLYLINE
  5
143
330
1F
100
AcDbEntity
  8
DEFAULT
 62
   250
100
AcDb2dPolyline
 66
     1
 10
0.0
 20
0.0
 30
0.0
  0
VERTEX
  5
144
330
143
100
AcDbEntity
  8
DEFAULT
 62
   250
100
AcDbVertex
100
AcDb2dVertex
 10
259.5191025
 20
131.6547616666666
 30
0.0
  0
VERTEX
  5
145
330
143
100
AcDbEntity
  8
DEFAULT
 62
   250
100
AcDbVertex
100
AcDb2dVertex
 10
258.9588913888888
 20
130.6867394444444
 30
0.0
  0
VERTEX
  5
146
330
143
100
AcDbEntity
  8
DEFAULT
 62
   250
100
AcDbVertex
100
AcDb2dVertex
 10
258.3154247222222
 20
132.3514977777778
 30
0.0
  0
VERTEX
  5
147
330
143
100
AcDbEntity
  8
DEFAULT
 62
   250
100
AcDbVertex
100
AcDb2dVertex
 10
257.7612108333333
 20
131.3937061111111
 30
0.0
  0
SEQEND
  5
148
330
143
100
AcDbEntity
  8
DEFAULT
 62
   250
  0
POLYLINE
  5
149
330
1F
100
AcDbEntity
  8
DEFAULT
 62
   250
100
AcDb2dPolyline
 66
     1
 10
0.0
 20
0.0
 30
0.0
  0
VERTEX
  5
14A
330
149
100
AcDbEntity
  8
DEFAULT
 62
   250
100
AcDbVertex
100
AcDb2dVertex
 10
269.3721505555556
 20
137.3309913888889
 30
0.0
  0
VERTEX
  5
14B
330
149
100
AcDbEntity
  8
DEFAULT
 62
   250
100
AcDbVertex
100
AcDb2dVertex
 10
268.8119394444445
 20
136.3629691666667
 30
0.0
  0
VERTEX
  5
14C
330
149
100
AcDbEntity
  8
DEFAULT
 62
   250
100
AcDbVertex
100
AcDb2dVertex
 10
268.1684727777778
 20
138.0277275
 30
0.0
  0
VERTEX
  5
14D
330
149
100
AcDbEntity
  8
DEFAULT
 62
   250
100
AcDbVertex
100
AcDb2dVertex
 10
267.6142588888889
 20
137.0699358333333
 30
0.0
  0
SEQEND
  5
14E
330
149
100
AcDbEntity
  8
DEFAULT
 62
   250
  0
POLYLINE
  5
14F
330
1F
100
AcDbEntity
  8
DEFAULT
 62
   250
100
AcDb2dPolyline
 66
     1
 10
0.0
 20
0.0
 30
0.0
  0
VERTEX
  5
150
330
14F
100
AcDbEntity
  8
DEFAULT
 62
   250
100
AcDbVertex
100
AcDb2dVertex
 10
279.2111933333333
 20
143.0177338888889
 30
0.0
  0
VERTEX
  5
151
330
14F
100
AcDbEntity
  8
DEFAULT
 62
   250
100
AcDbVertex
100
AcDb2dVertex
 10
278.6509822222222
 20
142.0497116666667
 30
0.0
  0
VERTEX
  5
152
330
14F
100
AcDbEntity
  8
DEFAULT
 62
   250
100
AcDbVertex
100
AcDb2dVertex
 10
278.0075155555555
 20
143.71447
 30
0.0
  0
VERTEX
  5
153
330
14F
100
AcDbEntity
  8
DEFAULT
 62
   250
100
AcDbVertex
100
AcDb2dVertex
 10
277.4533016666667
 20
142.7566783333333
 30
0.0
  0
SEQEND
  5
154
330
14F
100
AcDbEntity
  8
DEFAULT
 62
   250
  0
POLYLINE
  5
155
330
1F
100
AcDbEntity
  8
DEFAULT
 62
   250
100
AcDb2dPolyline
 66
     1
 10
0.0
 20
0.0
 30
0.0
  0
VERTEX
  5
156
330
155
100
AcDbEntity
  8
DEFAULT
 62
   250
100
AcDbVertex
100
AcDb2dVertex
 10
283.93644
 20
152.4281516666667
 30
0.0
  0
VERTEX
  5
157
330
155
100
AcDbEntity
  8
DEFAULT
 62
   250
100
AcDbVertex
100
AcDb2dVertex
 10
283.3878705555555
 20
151.4534266666666
 30
0.0
  0
VERTEX
  5
158
330
155
100
AcDbEntity
  8
DEFAULT
 62
   250
100
AcDbVertex
100
AcDb2dVertex
 10
282.7246483333333
 20
153.1100711111111
 30
0.0
  0
VERTEX
  5
159
330
155
100
AcDbEntity
  8
DEFAULT
 62
   250
100
AcDbVertex
100
AcDb2dVertex
 10
282.1820761111111
 20
152.1459294444444
 30
0.0
  0
SEQEND
  5
15A
330
155
100
AcDbEntity
  8
DEFAULT
 62
   250
  0
POLYLINE
  5
15B
330
1F
100
AcDbEntity
  8
DEFAULT
 62
   250
100
AcDb2dPolyline
 66
     1
 10
0.0
 20
0.0
 30
0.0
  0
VERTEX
  5
15C
330
15B
100
AcDbEntity
  8
DEFAULT
 62
   250
100
AcDbVertex
100
AcDb2dVertex
 10
282.2467755555555
 20
163.3724119444445
 30
0.0
  0
VERTEX
  5
15D
330
15B
100
AcDbEntity
  8
DEFAULT
 62
   250
100
AcDbVertex
100
AcDb2dVertex
 10
281.8763588888889
 20
162.3172536111111
 30
0.0
  0
VERTEX
  5
15E
330
15B
100
AcDbEntity
  8
DEFAULT
 62
   250
100
AcDbVertex
100
AcDb2dVertex
 10
280.934795
 20
163.8331397222222
 30
0.0
  0
VERTEX
  5
15F
330
15B
100
AcDbEntity
  8
DEFAULT
 62
   250
100
AcDbVertex
100
AcDb2dVertex
 10
280.5682588888889
 20
162.7892702777777
 30
0.0
  0
SEQEND
  5
160
330
15B
100
AcDbEntity
  8
DEFAULT
 62
   250
  0
POLYLINE
  5
161
330
1F
100
AcDbEntity
  8
DEFAULT
 62
   250
100
AcDb2dPolyline
 66
     1
 10
0.0
 20
0.0
 30
0.0
  0
VERTEX
  5
162
330
161
100
AcDbEntity
  8
DEFAULT
 62
   250
100
AcDbVertex
100
AcDb2dVertex
 10
274.9176761111111
 20
173.9499597222222
 30
0.0
  0
VERTEX
  5
163
330
161
100
AcDbEntity
  8
DEFAULT
 62
   250
100
AcDbVertex
100
AcDb2dVertex
 10
274.7349372222222
 20
172.8464708333333
 30
0.0
  0
VERTEX
  5
164
330
161
100
AcDbEntity
  8
DEFAULT
 62
   250
100
AcDbVertex
100
AcDb2dVertex
 10
273.5457233333333
 20
174.1771486111111
 30
0.0
  0
VERTEX
  5
165
330
161
100
AcDbEntity
  8
DEFAULT
 62
   250
100
AcDbVertex
100
AcDb2dVertex
 10
273.3651011111111
 20
173.0856541666666
 30
0.0
  0
SEQEND
  5
166
330
161
100
AcDbEntity
  8
DEFAULT
 62
   250
  0
POLYLINE
  5
167
330
1F
100
AcDbEntity
  8
DEFAULT
 62
   250
100
AcDb2dPolyline
 66
     1
 10
0.0
 20
0.0
 30
0.0
  0
VERTEX
  5
168
330
167
100
AcDbEntity
  8
DEFAULT
 62
   250
100
AcDbVertex
100
AcDb2dVertex
 10
264.4828622222223
 20
181.8718316666667
 30
0.0
  0
VERTEX
  5
169
330
167
100
AcDbEntity
  8
DEFAULT
 62
   250
100
AcDbVertex
100
AcDb2dVertex
 10
264.495915
 20
180.7535261111111
 30
0.0
  0
VERTEX
  5
16A
330
167
100
AcDbEntity
  8
DEFAULT
 62
   250
100
AcDbVertex
100
AcDb2dVertex
 10
263.0922122222222
 20
181.8556038888889
 30
0.0
  0
VERTEX
  5
16B
330
167
100
AcDbEntity
  8
DEFAULT
 62
   250
100
AcDbVertex
100
AcDb2dVertex
 10
263.105265
 20
180.7492927777778
 30
0.0
  0
SEQEND
  5
16C
330
167
100
AcDbEntity
  8
DEFAULT
 62
   250
  0
POLYLINE
  5
16D
330
1F
100
AcDbEntity
  8
DEFAULT
 62
   250
100
AcDb2dPolyline
 66
     1
 10
0.0
 20
0.0
 30
0.0
  0
VERTEX
  5
16E
330
16D
100
AcDbEntity
  8
DEFAULT
 62
   250
100
AcDbVertex
100
AcDb2dVertex
 10
249.8773330555556
 20
187.3433091666667
 30
0.0
  0
VERTEX
  5
16F
330
16D
100
AcDbEntity
  8
DEFAULT
 62
   250
100
AcDbVertex
100
AcDb2dVertex
 10
250.0837080555556
 20
186.2440536111112
 30
0.0
  0
VERTEX
  5
170
330
16D
100
AcDbEntity
  8
DEFAULT
 62
   250
100
AcDbVertex
100
AcDb2dVertex
 10
248.5106719444444
 20
187.0864869444445
 30
0.0
  0
VERTEX
  5
171
330
16D
100
AcDbEntity
  8
DEFAULT
 62
   250
100
AcDbVertex
100
AcDb2dVertex
 10
248.7149302777778
 20
185.9992258333334
 30
0.0
  0
SEQEND
  5
172
330
16D
100
AcDbEntity
  8
DEFAULT
 62
   250
  0
POLYLINE
  5
173
330
1F
100
AcDbEntity
  8
DEFAULT
 62
   250
100
AcDb2dPolyline
 66
     1
 10
0.0
 20
0.0
 30
0.0
  0
VERTEX
  5
174
330
173
100
AcDbEntity
  8
DEFAULT
 62
   250
100
AcDbVertex
100
AcDb2dVertex
 10
235.0453558333334
 20
189.1943341666667
 30
0.0
  0
VERTEX
  5
175
330
173
100
AcDbEntity
  8
DEFAULT
 62
   250
100
AcDbVertex
100
AcDb2dVertex
 10
235.4397613888889
 20
188.1476425
 30
0.0
  0
VERTEX
  5
176
330
173
100
AcDbEntity
  8
DEFAULT
 62
   250
100
AcDbVertex
100
AcDb2dVertex
 10
233.7439586111111
 20
188.7039730555555
 30
0.0
  0
VERTEX
  5
177
330
173
100
AcDbEntity
  8
DEFAULT
 62
   250
100
AcDbVertex
100
AcDb2dVertex
 10
234.1341308333333
 20
187.6685702777777
 30
0.0
  0
SEQEND
  5
178
330
173
100
AcDbEntity
  8
DEFAULT
 62
   250
  0
POLYLINE
  5
179
330
1F
100
AcDbEntity
  8
DEFAULT
 62
   250
100
AcDb2dPolyline
 66
     1
 10
0.0
 20
0.0
 30
0.0
  0
VERTEX
  5
17A
330
179
100
AcDbEntity
  8
DEFAULT
 62
   250
100
AcDbVertex
100
AcDb2dVertex
 10
218.9483527777778
 20
187.3401694444444
 30
0.0
  0
VERTEX
  5
17B
330
179
100
AcDbEntity
  8
DEFAULT
 62
   250
100
AcDbVertex
100
AcDb2dVertex
 10
219.5187944444444
 20
186.3781444444444
 30
0.0
  0
VERTEX
  5
17C
330
179
100
AcDbEntity
  8
DEFAULT
 62
   250
100
AcDbVertex
100
AcDb2dVertex
 10
217.7520833333333
 20
186.6310861111111
 30
0.0
  0
VERTEX
  5
17D
330
179
100
AcDbEntity
  8
DEFAULT
 62
   250
100
AcDbVertex
100
AcDb2dVertex
 10
218.3165277777777
 20
185.6792916666667
 30
0.0
  0
SEQEND
  5
17E
330
179
100
AcDbEntity
  8
DEFAULT
 62
   250
  0
POLYLINE
  5
17F
330
1F
100
AcDbEntity
  8
DEFAULT
 62
   250
100
AcDb2dPolyline
 66
     1
 10
0.0
 20
0.0
 30
0.0
  0
VERTEX
  5
180
330
17F
100
AcDbEntity
  8
DEFAULT
 62
   250
100
AcDbVertex
100
AcDb2dVertex
 10
203.5661127777777
 20
182.776495
 30
0.0
  0
VERTEX
  5
181
330
17F
100
AcDbEntity
  8
DEFAULT
 62
   250
100
AcDbVertex
100
AcDb2dVertex
 10
204.2949516666666
 20
181.9280644444444
 30
0.0
  0
VERTEX
  5
182
330
17F
100
AcDbEntity
  8
DEFAULT
 62
   250
100
AcDbVertex
100
AcDb2dVertex
 10
202.5113072222222
 20
181.8705616666666
 30
0.0
  0
VERTEX
  5
183
330
17F
100
AcDbEntity
  8
DEFAULT
 62
   250
100
AcDbVertex
100
AcDb2dVertex
 10
203.2320322222222
 20
181.0309505555555
 30
0.0
  0
SEQEND
  5
184
330
17F
100
AcDbEntity
  8
DEFAULT
 62
   250
  0
POLYLINE
  5
185
330
1F
100
AcDbEntity
  8
DEFAULT
 62
   250
100
AcDb2dPolyline
 66
     1
 10
0.0
 20
0.0
 30
0.0
  0
VERTEX
  5
186
330
185
100
AcDbEntity
  8
DEFAULT
 62
   250
100
AcDbVertex
100
AcDb2dVertex
 10
188.8583838888889
 20
177.5807486111111
 30
0.0
  0
VERTEX
  5
187
330
185
100
AcDbEntity
  8
DEFAULT
 62
   250
100
AcDbVertex
100
AcDb2dVertex
 10
189.7230422222222
 20
176.8713125
 30
0.0
  0
VERTEX
  5
188
330
185
100
AcDbEntity
  8
DEFAULT
 62
   250
100
AcDbVertex
100
AcDb2dVertex
 10
187.9764394444444
 20
176.5054819444444
 30
0.0
  0
VERTEX
  5
189
330
185
100
AcDbEntity
  8
DEFAULT
 62
   250
100
AcDbVertex
100
AcDb2dVertex
 10
188.8319255555555
 20
175.8038069444444
 30
0.0
  0
SEQEND
  5
18A
330
185
100
AcDbEntity
  8
DEFAULT
 62
   250
  0
POLYLINE
  5
18B
330
1F
100
AcDbEntity
  8
DEFAULT
 62
   250
100
AcDb2dPolyline
 66
     1
 10
0.0
 20
0.0
 30
0.0
  0
VERTEX
  5
18C
330
18B
100
AcDbEntity
  8
DEFAULT
 62
   250
100
AcDbVertex
100
AcDb2dVertex
 10
180.6833233333333
 20
176.2297861111111
 30
0.0
  0
VERTEX
  5
18D
330
18B
100
AcDbEntity
  8
DEFAULT
 62
   250
100
AcDbVertex
100
AcDb2dVertex
 10
179.6168761111111
 20
174.3872277777778
 30
0.0
  0
VERTEX
  5
18E
330
18B
100
AcDbEntity
  8
DEFAULT
 62
   250
100
AcDbVertex
100
AcDb2dVertex
 10
179.9340233333333
 20
174.2037833333333
 30
0.0
  0
SEQEND
  5
18F
330
18B
100
AcDbEntity
  8
DEFAULT
 62
   250
  0
POLYLINE
  5
190
330
1F
100
AcDbEntity
  8
DEFAULT
 62
   250
100
AcDb2dPolyline
 66
     1
 10
0.0
 20
0.0
 30
0.0
  0
VERTEX
  5
191
330
190
100
AcDbEntity
  8
DEFAULT
 62
   250
100
AcDbVertex
100
AcDb2dVertex
 10
250.7309141666667
 20
177.834925
 30
0.0
  0
VERTEX
  5
192
330
190
100
AcDbEntity
  8
DEFAULT
 62
   250
100
AcDbVertex
100
AcDb2dVertex
 10
249.6644669444444
 20
175.9923666666666
 30
0.0
  0
VERTEX
  5
193
330
190
100
AcDbEntity
  8
DEFAULT
 62
   250
100
AcDbVertex
100
AcDb2dVertex
 10
249.9816141666666
 20
175.809275
 30
0.0
  0
SEQEND
  5
194
330
190
100
AcDbEntity
  8
DEFAULT
 62
   250
  0
SPLINE
  5
195
330
1F
100
AcDbEntity
  8
DEFAULT
 62
     1
100
AcDbSpline
210
0.0
220
0.0
230
1.0
 70
     8
 71
     3
 72
    41
 73
    37
 74
     0
 42
0.000000001
 43
0.0000000001
 40
0.0
 40
0.0
 40
0.0
 40
0.0
 40
3.821544190507302
 40
3.821544190507302
 40
3.821544190507302
 40
4.821544190507302
 40
4.821544190507302
 40
4.821544190507302
 40
5.821544190507302
 40
5.821544190507302
 40
5.821544190507302
 40
6.821544190507302
 40
6.821544190507302
 40
6.821544190507302
 40
7.821544190507302
 40
7.821544190507302
 40
7.821544190507302
 40
8.821544190507302
 40
8.821544190507302
 40
8.821544190507302
 40
9.821544190507302
 40
9.821544190507302
 40
9.821544190507302
 40
10.8215441905073
 40
10.8215441905073
 40
10.8215441905073
 40
11.8215441905073
 40
11.8215441905073
 40
11.8215441905073
 40
12.8215441905073
 40
12.8215441905073
 40
12.8215441905073
 40
13.8215441905073
 40
13.8215441905073
 40
13.8215441905073
 40
17.65674953051185
 40
17.65674953051185
 40
17.65674953051185
 40
17.65674953051185
 10
179.085875
 20
172.7999394444444
 30
0.0
 10
179.4751064814815
 20
172.5753375925925
 30
0.0
 10
179.864337962963
 20
172.3507357407407
 30
0.0
 10
180.2535694444444
 20
172.1261338888889
 30
0.0
 10
180.2535694444444
 20
172.1261338888889
 30
0.0
 10
178.9377083333333
 20
169.854245
 30
0.0
 10
178.5002638888889
 20
169.0957727777778
 30
0.0
 10
178.4120694444444
 20
168.9440783333333
 30
0.0
 10
178.0240138888889
 20
168.4678283333333
 30
0.0
 10
177.5371805555556
 20
167.631745
 30
0.0
 10
177.053875
 20
166.7921338888889
 30
0.0
 10
176.7010972222222
 20
166.0936338888889
 30
0.0
 10
176.7504861111111
 20
166.0654116666666
 30
0.0
 10
178.8177638888889
 20
164.869495
 30
0.0
 10
181.0402638888889
 20
161.1406338888889
 30
0.0
 10
183.530875
 20
164.6860505555555
 30
0.0
 10
186.0214861111111
 20
168.2314672222222
 30
0.0
 10
195.0455416666667
 20
174.0911061111111
 30
0.0
 10
228.0796527777777
 20
177.8305505555555
 30
0.0
 10
233.9745694444444
 20
178.4973005555555
 30
0.0
 10
245.3022638888889
 20
177.0756061111111
 30
0.0
 10
243.1009305555555
 20
173.2691338888889
 30
0.0
 10
242.2719027777778
 20
171.8333283333333
 30
0.0
 10
242.7622638888889
 20
169.9988838888889
 30
0.0
 10
244.1980694444444
 20
169.1698561111111
 30
0.0
 10
244.2439305555556
 20
169.1416338888889
 30
0.0
 10
244.6743194444444
 20
169.7978005555555
 30
0.0
 10
245.157625
 20
170.6338838888889
 30
0.0
 10
245.6444583333333
 20
171.4699672222222
 30
0.0
 10
245.8596527777777
 20
172.0485227777777
 30
0.0
 10
245.9478472222222
 20
172.2002172222222
 30
0.0
 10
246.3852916666666
 20
172.9551616666666
 30
0.0
 10
247.7011527777777
 20
175.2305783333333
 30
0.0
 10
247.7011527777777
 20
175.2305783333333
 30
0.0
 10
248.0915601851852
 20
175.0048005555555
 30
0.0
 10
248.4819675925926
 20
174.7790227777778
 30
0.0
 10
248.8723749999999
 20
174.553245
 30
0.0
  0
SPLINE
  5
196
330
1F
100
AcDbEntity
  8
DEFAULT
 62
     1
100
AcDbSpline
210
0.0
220
0.0
230
1.0
 70
     8
 71
     3
 72
   320
 73
   316
 74
     0
 42
0.000000001
 43
0.0000000001
 40
0.0
 40
0.0
 40
0.0
 40
0.0
 40
3.830208871589155
 40
3.830208871589155
 40
3.830208871589155
 40
4.830208871589155
 40
4.830208871589155
 40
4.830208871589155
 40
5.830208871589155
 40
5.830208871589155
 40
5.830208871589155
 40
6.830208871589155
 40
6.830208871589155
 40
6.830208871589155
 40
7.830208871589155
 40
7.830208871589155
 40
7.830208871589155
 40
8.830208871589155
 40
8.830208871589155
 40
8.830208871589155
 40
9.830208871589155
 40
9.830208871589155
 40
9.830208871589155
 40
10.83020887158916
 40
10.83020887158916
 40
10.83020887158916
 40
11.83020887158916
 40
11.83020887158916
 40
11.83020887158916
 40
12.83020887158916
 40
12.83020887158916
 40
12.83020887158916
 40
21.32826747341113
 40
21.32826747341113
 40
21.32826747341113
 40
22.32826747341113
 40
22.32826747341113
 40
22.32826747341113
 40
23.32826747341113
 40
23.32826747341113
 40
23.32826747341113
 40
24.32826747341113
 40
24.32826747341113
 40
24.32826747341113
 40
25.32826747341113
 40
25.32826747341113
 40
25.32826747341113
 40
26.32826747341113
 40
26.32826747341113
 40
26.32826747341113
 40
27.32826747341113
 40
27.32826747341113
 40
27.32826747341113
 40
28.32826747341113
 40
28.32826747341113
 40
28.32826747341113
 40
36.83086119532909
 40
36.83086119532909
 40
36.83086119532909
 40
37.83086119532909
 40
37.83086119532909
 40
37.83086119532909
 40
38.83086119532909
 40
38.83086119532909
 40
38.83086119532909
 40
39.83086119532909
 40
39.83086119532909
 40
39.83086119532909
 40
40.83086119532909
 40
40.83086119532909
 40
40.83086119532909
 40
41.83086119532909
 40
41.83086119532909
 40
41.83086119532909
 40
42.83086119532909
 40
42.83086119532909
 40
42.83086119532909
 40
43.83086119532909
 40
43.83086119532909
 40
43.83086119532909
 40
52.34073781018076
 40
52.34073781018076
 40
52.34073781018076
 40
53.34073781018076
 40
53.34073781018076
 40
53.34073781018076
 40
54.34073781018076
 40
54.34073781018076
 40
54.34073781018076
 40
55.34073781018076
 40
55.34073781018076
 40
55.34073781018076
 40
56.34073781018076
 40
56.34073781018076
 40
56.34073781018076
 40
57.34073781018076
 40
57.34073781018076
 40
57.34073781018076
 40
58.34073781018076
 40
58.34073781018076
 40
58.34073781018076
 40
59.34073781018076
 40
59.34073781018076
 40
59.34073781018076
 40
67.84729998299773
 40
67.84729998299773
 40
67.84729998299773
 40
68.84729998299773
 40
68.84729998299773
 40
68.84729998299773
 40
69.84729998299773
 40
69.84729998299773
 40
69.84729998299773
 40
70.84729998299773
 40
70.84729998299773
 40
70.84729998299773
 40
71.84729998299773
 40
71.84729998299773
 40
71.84729998299773
 40
72.84729998299773
 40
72.84729998299773
 40
72.84729998299773
 40
73.84729998299773
 40
73.84729998299773
 40
73.84729998299773
 40
74.84729998299773
 40
74.84729998299773
 40
74.84729998299773
 40
83.35344482070184
 40
83.35344482070184
 40
83.35344482070184
 40
84.35344482070184
 40
84.35344482070184
 40
84.35344482070184
 40
85.35344482070184
 40
85.35344482070184
 40
85.35344482070184
 40
86.35344482070184
 40
86.35344482070184
 40
86.35344482070184
 40
87.35344482070184
 40
87.35344482070184
 40
87.35344482070184
 40
88.35344482070184
 40
88.35344482070184
 40
88.35344482070184
 40
89.35344482070184
 40
89.35344482070184
 40
89.35344482070184
 40
90.35344482070184
 40
90.35344482070184
 40
90.35344482070184
 40
98.8640323444866
 40
98.8640323444866
 40
98.8640323444866
 40
99.8640323444866
 40
99.8640323444866
 40
99.8640323444866
 40
100.8640323444866
 40
100.8640323444866
 40
100.8640323444866
 40
101.8640323444866
 40
101.8640323444866
 40
101.8640323444866
 40
102.8640323444866
 40
102.8640323444866
 40
102.8640323444866
 40
103.8640323444866
 40
103.8640323444866
 40
103.8640323444866
 40
104.8640323444866
 40
104.8640323444866
 40
104.8640323444866
 40
105.8640323444866
 40
105.8640323444866
 40
105.8640323444866
 40
114.3683959303171
 40
114.3683959303171
 40
114.3683959303171
 40
115.3683959303171
 40
115.3683959303171
 40
115.3683959303171
 40
116.3683959303171
 40
116.3683959303171
 40
116.3683959303171
 40
117.3683959303171
 40
117.3683959303171
 40
117.3683959303171
 40
118.3683959303171
 40
118.3683959303171
 40
118.3683959303171
 40
119.3683959303171
 40
119.3683959303171
 40
119.3683959303171
 40
120.3683959303171
 40
120.3683959303171
 40
120.3683959303171
 40
121.3683959303171
 40
121.3683959303171
 40
121.3683959303171
 40
129.879171453147
 40
129.879171453147
 40
129.879171453147
 40
130.879171453147
 40
130.879171453147
 40
130.879171453147
 40
131.879171453147
 40
131.879171453147
 40
131.879171453147
 40
132.879171453147
 40
132.879171453147
 40
132.879171453147
 40
133.879171453147
 40
133.879171453147
 40
133.879171453147
 40
134.879171453147
 40
134.879171453147
 40
134.879171453147
 40
135.879171453147
 40
135.879171453147
 40
135.879171453147
 40
136.879171453147
 40
136.879171453147
 40
136.879171453147
 40
145.3819357095522
 40
145.3819357095522
 40
145.3819357095522
 40
146.3819357095522
 40
146.3819357095522
 40
146.3819357095522
 40
147.3819357095522
 40
147.3819357095522
 40
147.3819357095522
 40
148.3819357095522
 40
148.3819357095522
 40
148.3819357095522
 40
149.3819357095522
 40
149.3819357095522
 40
149.3819357095522
 40
150.3819357095522
 40
150.3819357095522
 40
150.3819357095522
 40
151.3819357095522
 40
151.3819357095522
 40
151.3819357095522
 40
152.3819357095522
 40
152.3819357095522
 40
152.3819357095522
 40
160.8858877319944
 40
160.8858877319944
 40
160.8858877319944
 40
161.8858877319944
 40
161.8858877319944
 40
161.8858877319944
 40
162.8858877319944
 40
162.8858877319944
 40
162.8858877319944
 40
163.8858877319944
 40
163.8858877319944
 40
163.8858877319944
 40
164.8858877319944
 40
164.8858877319944
 40
164.8858877319944
 40
165.8858877319944
 40
165.8858877319944
 40
165.8858877319944
 40
166.8858877319944
 40
166.8858877319944
 40
166.8858877319944
 40
167.8858877319944
 40
167.8858877319944
 40
167.8858877319944
 40
176.3934960915747
 40
176.3934960915747
 40
176.3934960915747
 40
177.3934960915747
 40
177.3934960915747
 40
177.3934960915747
 40
178.3934960915747
 40
178.3934960915747
 40
178.3934960915747
 40
179.3934960915747
 40
179.3934960915747
 40
179.3934960915747
 40
180.3934960915747
 40
180.3934960915747
 40
180.3934960915747
 40
181.3934960915747
 40
181.3934960915747
 40
181.3934960915747
 40
182.3934960915747
 40
182.3934960915747
 40
182.3934960915747
 40
183.3934960915747
 40
183.3934960915747
 40
183.3934960915747
 40
191.8924430851733
 40
191.8924430851733
 40
191.8924430851733
 40
192.8924430851733
 40
192.8924430851733
 40
192.8924430851733
 40
193.8924430851733
 40
193.8924430851733
 40
193.8924430851733
 40
194.8924430851733
 40
194.8924430851733
 40
194.8924430851733
 40
195.8924430851733
 40
195.8924430851733
 40
195.8924430851733
 40
196.8924430851733
 40
196.8924430851733
 40
196.8924430851733
 40
197.8924430851733
 40
197.8924430851733
 40
197.8924430851733
 40
197.8924430851733
 10
178.8248194444444
 20
172.9516338888889
 30
0.0
 10
178.434412037037
 20
173.1762357407407
 30
0.0
 10
178.0440046296296
 20
173.4008375925926
 30
0.0
 10
177.6535972222222
 20
173.6254394444445
 30
0.0
 10
177.6535972222222
 20
173.6254394444444
 30
0.0
 10
176.3412638888888
 20
171.3535505555556
 30
0.0
 10
175.9038194444444
 20
170.5950783333333
 30
0.0
 10
175.815625
 20
170.4469116666666
 30
0.0
 10
175.5969027777778
 20
169.8683561111111
 30
0.0
 10
175.1135972222222
 20
169.0322727777778
 30
0.0
 10
174.6302916666666
 20
168.1926616666667
 30
0.0
 10
174.1999027777777
 20
167.5400227777778
 30
0.0
 10
174.1505138888889
 20
167.5647172222222
 30
0.0
 10
170.2734861111111
 20
169.8083838888889
 30
0.0
 10
172.3090138888888
 20
172.5283005555555
 30
0.0
 10
174.1258194444444
 20
175.3611061111111
 30
0.0
 10
179.6079861111111
 20
183.9089116666667
 30
0.0
 10
185.1924583333333
 20
179.2663561111111
 30
0.0
 10
189.6304027777778
 20
184.681495
 30
0.0
 10
190.6675694444444
 20
185.9726616666667
 30
0.0
 10
192.5549305555555
 20
186.1808005555555
 30
0.0
 10
193.8460972222222
 20
185.1436338888889
 30
0.0
 10
193.8884305555555
 20
185.1083561111111
 30
0.0
 10
193.4298194444444
 20
184.4768838888889
 30
0.0
 10
192.8159861111111
 20
183.728995
 30
0.0
 10
192.2021527777777
 20
182.9811061111111
 30
0.0
 10
191.7400138888889
 20
182.5718838888889
 30
0.0
 10
191.6271249999999
 20
182.4378283333333
 30
0.0
 10
191.0732638888889
 20
181.760495
 30
0.0
 10
189.4081527777778
 20
179.7320227777778
 30
0.0
 10
189.4081527777778
 20
179.7320227777778
 30
0.0
 10
190.1807361111111
 20
179.0981987037037
 30
0.0
 10
190.9533194444444
 20
178.4643746296296
 30
0.0
 10
191.7259027777778
 20
177.8305505555555
 30
0.0
 10
191.7259027777778
 20
177.8305505555555
 30
0.0
 10
193.3910138888888
 20
179.8590227777778
 30
0.0
 10
193.9484027777777
 20
180.5363561111111
 30
0.0
 10
194.0577638888888
 20
180.6704116666667
 30
0.0
 10
194.3646805555555
 20
181.2031061111111
 30
0.0
 10
194.9785138888888
 20
181.950995
 30
0.0
 10
195.5923472222222
 20
182.6988838888889
 30
0.0
 10
196.1250416666666
 20
183.2774394444444
 30
0.0
 10
196.167375
 20
183.2421616666666
 30
0.0
 10
197.7478194444444
 20
181.9439394444444
 30
0.0
 10
205.882875
 20
193.9136894444444
 30
0.0
 10
209.7916527777777
 20
189.3593283333333
 30
0.0
 10
209.8269305555555
 20
189.316995
 30
0.0
 10
209.2624861111111
 20
188.7737172222222
 30
0.0
 10
208.5287083333333
 20
188.1457727777778
 30
0.0
 10
207.7949305555555
 20
187.5143005555555
 30
0.0
 10
207.2657638888889
 20
187.1932727777777
 30
0.0
 10
207.1352361111111
 20
187.0803838888889
 30
0.0
 10
206.4720138888889
 20
186.5124116666667
 30
0.0
 10
204.4788194444444
 20
184.8014394444444
 30
0.0
 10
204.4788194444444
 20
184.8014394444444
 30
0.0
 10
205.1302824074074
 20
184.0429672222222
 30
0.0
 10
205.7817453703703
 20
183.284495
 30
0.0
 10
206.4332083333333
 20
182.5260227777778
 30
0.0
 10
206.4332083333333
 20
182.5260227777778
 30
0.0
 10
208.422875
 20
184.2334672222222
 30
0.0
 10
209.089625
 20
184.8049672222222
 30
0.0
 10
209.2201527777777
 20
184.9178561111111
 30
0.0
 10
209.6187916666666
 20
185.3905783333333
 30
0.0
 10
210.3525694444444
 20
186.0185227777778
 30
0.0
 10
211.0863472222222
 20
186.649995
 30
0.0
 10
211.7072361111111
 20
187.126245
 30
0.0
 10
211.7425138888889
 20
187.0839116666666
 30
0.0
 10
212.8431805555556
 20
185.8033283333333
 30
0.0
 10
223.1654583333333
 20
197.9071338888889
 30
0.0
 10
226.2240416666666
 20
192.7424672222222
 30
0.0
 10
226.2522638888889
 20
192.6966061111111
 30
0.0
 10
225.599625
 20
192.2591616666666
 30
0.0
 10
224.7670694444444
 20
191.7652727777777
 30
0.0
 10
223.9345138888889
 20
191.2713838888889
 30
0.0
 10
223.3630138888889
 20
191.0491338888889
 30
0.0
 10
223.2113194444444
 20
190.9609394444444
 30
0.0
 10
222.4599027777778
 20
190.5129116666667
 30
0.0
 10
220.1985972222222
 20
189.1758838888888
 30
0.0
 10
220.1985972222222
 20
189.1758838888888
 30
0.0
 10
220.708949074074
 20
188.3151061111111
 30
0.0
 10
221.2193009259259
 20
187.4543283333333
 30
0.0
 10
221.7296527777777
 20
186.5935505555555
 30
0.0
 10
221.7296527777777
 20
186.5935505555555
 30
0.0
 10
223.9874305555555
 20
187.9341061111111
 30
0.0
 10
224.7388472222222
 20
188.3786061111111
 30
0.0
 10
224.8905416666666
 20
188.4668005555555
 30
0.0
 10
225.3632638888888
 20
188.8654394444444
 30
0.0
 10
226.1958194444444
 20
189.3558005555555
 30
0.0
 10
227.028375
 20
189.8496894444444
 30
0.0
 10
227.7233472222222
 20
190.2095227777777
 30
0.0
 10
227.7515694444444
 20
190.1636616666667
 30
0.0
 10
228.7922638888888
 20
188.4068283333333
 30
0.0
 10
241.030125
 20
198.8666894444444
 30
0.0
 10
243.1467916666666
 20
193.253995
 30
0.0
 10
243.1644305555555
 20
193.2010783333333
 30
0.0
 10
242.4482916666666
 20
192.8835783333333
 30
0.0
 10
241.5451805555555
 20
192.5413838888889
 30
0.0
 10
240.6385416666666
 20
192.2027172222222
 30
0.0
 10
240.0352916666666
 20
192.079245
 30
0.0
 10
239.8694861111111
 20
192.0192727777778
 30
0.0
 10
239.0510416666666
 20
191.7088283333333
 30
0.0
 10
236.5957083333333
 20
190.7845505555555
 30
0.0
 10
236.5957083333333
 20
190.7845505555555
 30
0.0
 10
236.9484861111111
 20
189.8485135185185
 30
0.0
 10
237.3012638888889
 20
188.9124764814815
 30
0.0
 10
237.6540416666666
 20
187.9764394444444
 30
0.0
 10
237.6540416666666
 20
187.9764394444444
 30
0.0
 10
240.109375
 20
188.904245
 30
0.0
 10
240.9278194444444
 20
189.2111616666666
 30
0.0
 10
241.0900972222222
 20
189.2746616666667
 30
0.0
 10
241.6263194444444
 20
189.5815783333333
 30
0.0
 10
242.5294305555555
 20
189.920245
 30
0.0
 10
243.4360694444444
 20
190.2624394444444
 30
0.0
 10
244.1839583333333
 20
190.4952727777778
 30
0.0
 10
244.205125
 20
190.4458838888889
 30
0.0
 10
244.7307638888888
 20
188.872495
 30
0.0
 10
257.4519305555555
 20
195.8292727777777
 30
0.0
 10
258.5596527777777
 20
189.9308283333333
 30
0.0
 10
258.5596527777777
 20
189.8743838888889
 30
0.0
 10
257.8047083333333
 20
189.6909394444444
 30
0.0
 10
256.8592638888888
 20
189.5110227777778
 30
0.0
 10
255.9102916666666
 20
189.3311061111111
 30
0.0
 10
255.2929305555555
 20
189.316995
 30
0.0
 10
255.1200694444444
 20
189.285245
 30
0.0
 10
254.2628194444444
 20
189.1229672222222
 30
0.0
 10
251.6804861111111
 20
188.6396616666666
 30
0.0
 10
251.6804861111111
 20
188.6396616666666
 30
0.0
 10
251.8651064814815
 20
187.6565875925926
 30
0.0
 10
252.0497268518518
 20
186.6735135185185
 30
0.0
 10
252.2343472222222
 20
185.6904394444444
 30
0.0
 10
252.2343472222222
 20
185.6904394444444
 30
0.0
 10
254.8166805555555
 20
186.1772727777777
 30
0.0
 10
255.6739305555555
 20
186.3360227777778
 30
0.0
 10
255.8467916666667
 20
186.3713005555555
 30
0.0
 10
256.4253472222222
 20
186.5794394444444
 30
0.0
 10
257.3778472222222
 20
186.7593561111111
 30
0.0
 10
258.3268194444444
 20
186.9392727777778
 30
0.0
 10
259.1029305555555
 20
187.0380505555555
 30
0.0
 10
259.1135138888889
 20
186.9851338888889
 30
0.0
 10
259.6285694444444
 20
184.2440505555556
 30
0.0
 10
273.4186527777778
 20
188.7243283333333
 30
0.0
 10
273.4821527777777
 20
182.9140783333333
 30
0.0
 10
273.4821527777777
 20
182.8576338888889
 30
0.0
 10
272.6989861111111
 20
182.8047172222222
 30
0.0
 10
271.7359027777778
 20
182.7941338888889
 30
0.0
 10
270.7692916666666
 20
182.7835505555555
 30
0.0
 10
270.1589861111111
 20
182.8752727777778
 30
0.0
 10
269.9825972222222
 20
182.8752727777778
 30
0.0
 10
269.1077083333333
 20
182.8646894444444
 30
0.0
 10
266.4830416666666
 20
182.8364672222222
 30
0.0
 10
266.4830416666666
 20
182.8364672222222
 30
0.0
 10
266.4948009259259
 20
181.8357542592592
 30
0.0
 10
266.5065601851852
 20
180.8350412962963
 30
0.0
 10
266.5183194444444
 20
179.8343283333333
 30
0.0
 10
266.5183194444444
 20
179.8343283333333
 30
0.0
 10
269.142986111111
 20
179.8660783333333
 30
0.0
 10
270.0178749999999
 20
179.8766616666666
 30
0.0
 10
270.1907361111111
 20
179.8766616666666
 30
0.0
 10
270.7975138888889
 20
179.982495
 30
0.0
 10
271.7676527777778
 20
179.9930783333333
 30
0.0
 10
272.7342638888888
 20
180.0071894444444
 30
0.0
 10
273.5174305555556
 20
179.9683838888889
 30
0.0
 10
273.5174305555556
 20
179.9154672222222
 30
0.0
 10
273.5491805555555
 20
176.9133283333333
 30
0.0
 10
284.9368472222222
 20
179.3298561111111
 30
0.0
 10
283.9596527777778
 20
173.410245
 30
0.0
 10
283.9525972222222
 20
173.3573283333333
 30
0.0
 10
283.1729583333333
 20
173.4384672222222
 30
0.0
 10
282.2169305555555
 20
173.5972172222222
 30
0.0
 10
281.2644305555555
 20
173.7559672222222
 30
0.0
 10
280.6788194444444
 20
173.9535227777777
 30
0.0
 10
280.5094861111111
 20
173.981745
 30
0.0
 10
279.6451805555555
 20
174.1228561111111
 30
0.0
 10
277.0557916666667
 20
174.5497172222222
 30
0.0
 10
277.0557916666667
 20
174.5497172222222
 30
0.0
 10
276.8923379629629
 20
173.5631153703704
 30
0.0
 10
276.7288842592592
 20
172.5765135185185
 30
0.0
 10
276.5654305555555
 20
171.5899116666666
 30
0.0
 10
276.5654305555555
 20
171.5899116666666
 30
0.0
 10
279.1583472222222
 20
171.1630505555555
 30
0.0
 10
280.019125
 20
171.0219394444444
 30
0.0
 10
280.191986111111
 20
170.9901894444444
 30
0.0
 10
280.8093472222222
 20
170.9901894444444
 30
0.0
 10
281.7618472222222
 20
170.8349672222222
 30
0.0
 10
282.7108194444444
 20
170.6762172222222
 30
0.0
 10
283.4728194444444
 20
170.5104116666666
 30
0.0
 10
283.4728194444444
 20
170.4504394444444
 30
0.0
 10
282.9859861111111
 20
167.4906338888889
 30
0.0
 10
293.0507361111111
 20
166.9367727777777
 30
0.0
 10
291.0610694444444
 20
161.2746894444444
 30
0.0
 10
291.0434305555555
 20
161.2217727777778
 30
0.0
 10
290.2920138888888
 20
161.440495
 30
0.0
 10
289.3783194444444
 20
161.7615227777778
 30
0.0
 10
288.464625
 20
162.0825505555555
 30
0.0
 10
287.924875
 20
162.3788838888889
 30
0.0
 10
287.7590694444444
 20
162.4353283333333
 30
0.0
 10
286.9335694444444
 20
162.7246061111111
 30
0.0
 10
284.4570694444444
 20
163.5959672222222
 30
0.0
 10
284.4570694444444
 20
163.5959672222222
 30
0.0
 10
284.1254583333333
 20
162.6516987037037
 30
0.0
 10
283.7938472222222
 20
161.7074301851851
 30
0.0
 10
283.4622361111111
 20
160.7631616666666
 30
0.0
 10
283.4622361111111
 20
160.7631616666666
 30
0.0
 10
285.9422638888889
 20
159.8953283333333
 30
0.0
 10
286.7677638888889
 20
159.6060505555556
 30
0.0
 10
286.9300416666666
 20
159.5460783333333
 30
0.0
 10
287.5368194444445
 20
159.440245
 30
0.0
 10
288.4505138888888
 20
159.1192172222222
 30
0.0
 10
289.3642083333333
 20
158.7981894444444
 30
0.0
 10
290.0874027777778
 20
158.4983283333333
 30
0.0
 10
290.0697638888888
 20
158.4454116666666
 30
0.0
 10
289.0749305555555
 20
155.6126061111111
 30
0.0
 10
293.7210138888889
 20
151.4427727777778
 30
0.0
 10
292.2499305555555
 20
148.8286894444444
 30
0.0
 10
292.2217083333333
 20
148.7828283333333
 30
0.0
 10
291.5196805555555
 20
149.1250227777778
 30
0.0
 10
290.6765416666666
 20
149.6012727777778
 30
0.0
 10
289.8334027777778
 20
150.073995
 30
0.0
 10
289.353625
 20
150.4585227777778
 30
0.0
 10
289.1984027777777
 20
150.5467172222222
 30
0.0
 10
288.4364027777777
 20
150.9735783333333
 30
0.0
 10
286.1504027777777
 20
152.2612172222222
 30
0.0
 10
286.1504027777777
 20
152.2612172222222
 30
0.0
 10
285.6600416666666
 20
151.3898561111111
 30
0.0
 10
285.1696805555555
 20
150.518495
 30
0.0
 10
284.6793194444444
 20
149.6471338888889
 30
0.0
 10
284.6793194444444
 20
149.6471338888889
 30
0.0
 10
286.9653194444444
 20
148.359495
 30
0.0
 10
287.7273194444444
 20
147.9291061111111
 30
0.0
 10
287.8825416666666
 20
147.8444394444444
 30
0.0
 10
288.4610972222222
 20
147.6327727777778
 30
0.0
 10
289.3042361111111
 20
147.1600505555555
 30
0.0
 10
290.147375
 20
146.6838005555555
 30
0.0
 10
290.8070694444444
 20
146.263995
 30
0.0
 10
290.7788472222222
 20
146.2146061111111
 30
0.0
 10
289.3077638888889
 20
143.6005227777778
 30
0.0
 10
288.2952916666666
 20
140.7677172222222
 30
0.0
 10
287.4839027777778
 20
139.3213283333333
 30
0.0
 10
287.4556805555555
 20
139.2754672222222
 30
0.0
 10
286.7571805555555
 20
139.628245
 30
0.0
 10
285.9175694444444
 20
140.1115505555555
 30
0.0
 10
285.0814861111111
 20
140.5948561111111
 30
0.0
 10
284.6052361111111
 20
140.9864394444444
 30
0.0
 10
284.4535416666666
 20
141.0746338888889
 30
0.0
 10
283.6950694444444
 20
141.5120783333333
 30
0.0
 10
281.4231805555555
 20
142.8244116666666
 30
0.0
 10
281.4231805555555
 20
142.8244116666666
 30
0.0
 10
280.9222361111111
 20
141.9589301851852
 30
0.0
 10
280.4212916666666
 20
141.0934487037037
 30
0.0
 10
279.9203472222222
 20
140.2279672222222
 30
0.0
 10
279.9203472222222
 20
140.2279672222222
 30
0.0
 10
282.1957638888888
 20
138.9156338888889
 30
0.0
 10
282.9507083333334
 20
138.4746616666666
 30
0.0
 10
283.1024027777777
 20
138.389995
 30
0.0
 10
283.6809583333333
 20
138.1712727777778
 30
0.0
 10
284.5170416666666
 20
137.6879672222222
 30
0.0
 10
285.353125
 20
137.2011338888889
 30
0.0
 10
286.0092916666666
 20
136.770745
 30
0.0
 10
285.9810694444444
 20
136.7248838888889
 30
0.0
 10
284.4817638888888
 20
134.1284394444444
 30
0.0
 10
278.4563194444444
 20
135.0809394444445
 30
0.0
 10
277.6414027777777
 20
133.6380783333333
 30
0.0
 10
277.6131805555555
 20
133.5886894444444
 30
0.0
 10
276.9146805555555
 20
133.9414672222222
 30
0.0
 10
276.0750694444444
 20
134.4247727777778
 30
0.0
 10
275.238986111111
 20
134.9080783333333
 30
0.0
 10
274.7627361111111
 20
135.2996616666667
 30
0.0
 10
274.6110416666666
 20
135.3878561111111
 30
0.0
 10
273.8525694444444
 20
135.8253005555555
 30
0.0
 10
271.5806805555555
 20
137.1411616666666
 30
0.0
 10
271.5806805555555
 20
137.1411616666666
 30
0.0
 10
271.080912037037
 20
136.2745042592593
 30
0.0
 10
270.5811435185185
 20
135.4078468518518
 30
0.0
 10
270.081375
 20
134.5411894444444
 30
0.0
 10
270.081375
 20
134.5411894444444
 30
0.0
 10
272.3532638888889
 20
133.2288561111111
 30
0.0
 10
273.111736111111
 20
132.7914116666666
 30
0.0
 10
273.2599027777778
 20
132.7032172222222
 30
0.0
 10
273.8384583333333
 20
132.484495
 30
0.0
 10
274.6745416666666
 20
132.0011894444444
 30
0.0
 10
275.5141527777777
 20
131.5178838888889
 30
0.0
 10
276.1667916666667
 20
131.087495
 30
0.0
 10
276.1420972222222
 20
131.0381061111111
 30
0.0
 10
274.6392638888889
 20
128.4416616666666
 30
0.0
 10
268.6032361111111
 20
129.404745
 30
0.0
 10
267.7883194444444
 20
127.9583561111111
 30
0.0
 10
267.7600972222222
 20
127.9089672222222
 30
0.0
 10
267.0615972222222
 20
128.261745
 30
0.0
 10
266.2219861111111
 20
128.7485783333333
 30
0.0
 10
265.3859027777777
 20
129.2318838888889
 30
0.0
 10
264.9096527777778
 20
129.6234672222222
 30
0.0
 10
264.7579583333333
 20
129.7081338888889
 30
0.0
 10
263.9994861111111
 20
130.1491061111111
 30
0.0
 10
261.7275972222222
 20
131.4614394444444
 30
0.0
 10
261.7275972222222
 20
131.4614394444444
 30
0.0
 10
261.2278287037037
 20
130.595957962963
 30
0.0
 10
260.7280601851851
 20
129.7304764814815
 30
0.0
 10
260.2282916666666
 20
128.864995
 30
0.0
 10
260.2282916666666
 20
128.864995
 30
0.0
 10
262.5001805555555
 20
127.5491338888889
 30
0.0
 10
263.2586527777777
 20
127.1116894444444
 30
0.0
 10
263.4068194444444
 20
127.023495
 30
0.0
 10
263.985375
 20
126.8083005555555
 30
0.0
 10
264.8214583333333
 20
126.324995
 30
0.0
 10
265.6610694444444
 20
125.8381616666667
 30
0.0
 10
266.3137083333333
 20
125.4077727777778
 30
0.0
 10
266.2854861111111
 20
125.3619116666666
 30
0.0
 10
264.8602638888889
 20
122.9030505555555
 30
0.0
 10
258.7924861111111
 20
122.5855505555555
 30
0.0
 10
255.3705416666666
 20
124.642245
 30
0.0
 10
251.9450694444444
 20
126.6954116666666
 30
0.0
 10
254.4991805555555
 20
129.2036616666666
 30
0.0
 10
253.2150694444444
 20
129.9480227777777
 30
0.0
 10
251.7580972222222
 20
130.7876338888889
 30
0.0
 10
252.4107361111111
 20
130.4136894444444
 30
0.0
 10
250.7491527777777
 20
131.373245
 30
0.0
  0
SPLINE
  5
197
330
1F
100
AcDbEntity
  8
DEFAULT
 62
     1
100
AcDbSpline
210
0.0
220
0.0
230
1.0
 70
     8
 71
     3
 72
    35
 73
    31
 74
     0
 42
0.000000001
 43
0.0000000001
 40
0.0
 40
0.0
 40
0.0
 40
0.0
 40
3.821544190507252
 40
3.821544190507252
 40
3.821544190507252
 40
4.821544190507252
 40
4.821544190507252
 40
4.821544190507252
 40
5.821544190507252
 40
5.821544190507252
 40
5.821544190507252
 40
6.821544190507252
 40
6.821544190507252
 40
6.821544190507252
 40
7.821544190507252
 40
7.821544190507252
 40
7.821544190507252
 40
8.821544190507252
 40
8.821544190507252
 40
8.821544190507252
 40
9.821544190507252
 40
9.821544190507252
 40
9.821544190507252
 40
10.82154419050725
 40
10.82154419050725
 40
10.82154419050725
 40
11.82154419050725
 40
11.82154419050725
 40
11.82154419050725
 40
12.82154419050725
 40
12.82154419050725
 40
12.82154419050725
 40
12.82154419050725
 10
249.1299027777778
 20
174.4015505555556
 30
0.0
 10
249.5191342592592
 20
174.1769487037037
 30
0.0
 10
249.9083657407407
 20
173.9523468518519
 30
0.0
 10
250.2975972222222
 20
173.727745
 30
0.0
 10
250.2975972222222
 20
173.727745
 30
0.0
 10
248.9817361111111
 20
171.4558561111111
 30
0.0
 10
248.5442916666667
 20
170.6973838888889
 30
0.0
 10
248.459625
 20
170.5456894444444
 30
0.0
 10
248.0680416666667
 20
170.0694394444444
 30
0.0
 10
247.5847361111111
 20
169.2333561111111
 30
0.0
 10
247.0979027777778
 20
168.393745
 30
0.0
 10
246.745125
 20
167.695245
 30
0.0
 10
246.7945138888889
 20
167.6670227777778
 30
0.0
 10
248.2303194444445
 20
166.837995
 30
0.0
 10
250.0612361111111
 20
167.3283561111111
 30
0.0
 10
250.8937916666667
 20
168.7641616666666
 30
0.0
 10
254.1640416666667
 20
174.4227172222222
 30
0.0
 10
269.1853194444445
 20
169.1063561111111
 30
0.0
 10
273.5174305555556
 20
153.3795227777778
 30
0.0
 10
275.9692361111111
 20
144.4648283333333
 30
0.0
 10
263.667875
 20
142.3305227777778
 30
0.0
 10
253.7407083333333
 20
140.3831894444444
 30
0.0
 10
249.6484861111111
 20
139.5823838888889
 30
0.0
 10
246.4981805555555
 20
137.5398005555555
 30
0.0
 10
244.1945416666667
 20
135.5501338888889
 30
0.0
 10
241.8909027777778
 20
133.5569394444444
 30
0.0
 10
246.0325138888889
 20
127.9865783333333
 30
0.0
 10
247.2143194444445
 20
130.103245
 30
0.0
 10
248.3714305555555
 20
132.1740505555555
 30
0.0
 10
248.618375
 20
132.5832727777778
 30
0.0
 10
250.4880972222222
 20
131.5249394444444
 30
0.0
  0
SPLINE
  5
198
330
1F
100
AcDbEntity
  8
DEFAULT
 62
     3
100
AcDbSpline
210
0.0
220
0.0
230
1.0
 70
    11
 71
     3
 72
    14
 73
    10
 74
     0
 42
0.000000001
 43
0.0000000001
 40
0.0
 40
0.0
 40
0.0
 40
0.0
 40
1.0
 40
1.0
 40
1.0
 40
2.0
 40
2.0
 40
2.0
 40
3.0
 40
3.0
 40
3.0
 40
3.0
 10
104.9892419444444
 20
176.2920513888889
 30
0.0
 10
104.0737836111111
 20
177.9448152777778
 30
0.0
 10
104.2420586111111
 20
178.3222875
 30
0.0
 10
103.6197586111111
 20
177.0205375
 30
0.0
 10
102.9971058333333
 20
175.7184347222222
 30
0.0
 10
102.8725752777778
 20
175.9516208333333
 30
0.0
 10
104.2420586111111
 20
175.4926569444444
 30
0.0
 10
105.6118947222222
 20
175.0336930555555
 30
0.0
 10
105.6436447222222
 20
175.1105986111111
 30
0.0
 10
104.9892419444444
 20
176.2920513888889
 30
0.0
  0
SPLINE
  5
199
330
1F
100
AcDbEntity
  8
DEFAULT
 62
     3
100
AcDbSpline
210
0.0
220
0.0
230
1.0
 70
    11
 71
     3
 72
    29
 73
    25
 74
     0
 42
0.000000001
 43
0.0000000001
 40
0.0
 40
0.0
 40
0.0
 40
0.0
 40
1.0
 40
1.0
 40
1.0
 40
2.0
 40
2.0
 40
2.0
 40
3.0
 40
3.0
 40
3.0
 40
4.0
 40
4.0
 40
4.0
 40
5.0
 40
5.0
 40
5.0
 40
6.0
 40
6.0
 40
6.0
 40
7.0
 40
7.0
 40
7.0
 40
8.0
 40
8.0
 40
8.0
 40
8.0
 10
60.89261944444444
 20
183.1715355555556
 30
0.0
 10
59.46034166666666
 20
183.6449633333333
 30
0.0
 10
59.68858888888888
 20
184.393205
 30
0.0
 10
58.60944166666666
 20
182.2370272222222
 30
0.0
 10
57.95080555555555
 20
180.9211661111111
 30
0.0
 10
56.86636666666666
 20
180.9691438888889
 30
0.0
 10
55.57943333333333
 20
181.1141355555555
 30
0.0
 10
54.29285277777777
 20
181.2591272222222
 30
0.0
 10
56.28498888888888
 20
180.2216077777778
 30
0.0
 10
55.87012222222222
 20
179.3915216666667
 30
0.0
 10
55.45525555555555
 20
178.5614355555556
 30
0.0
 10
59.19046666666667
 20
181.3818938888889
 30
0.0
 10
64.46131944444444
 20
181.2996966666666
 30
0.0
 10
69.73217222222222
 20
181.2174994444444
 30
0.0
 10
72.80345555555556
 20
181.1938633333333
 30
0.0
 10
76.66319722222222
 20
180.583205
 30
0.0
 10
80.52293888888889
 20
179.9725466666667
 30
0.0
 10
79.27798611111112
 20
180.0536855555555
 30
0.0
 10
76.08217222222221
 20
182.7524355555555
 30
0.0
 10
72.88635833333332
 20
185.4508327777778
 30
0.0
 10
74.49961111111111
 20
185.2610383333333
 30
0.0
 10
73.0930861111111
 20
183.8037133333333
 30
0.0
 10
71.57649444444444
 20
182.2320883333333
 30
0.0
 10
67.36644444444444
 20
181.0312327777778
 30
0.0
 10
60.89261944444444
 20
183.1715355555556
 30
0.0
  0
SPLINE
  5
19A
330
1F
100
AcDbEntity
  8
DEFAULT
 62
     3
100
AcDbSpline
210
0.0
220
0.0
230
1.0
 70
    11
 71
     3
 72
    17
 73
    13
 74
     0
 42
0.000000001
 43
0.0000000001
 40
0.0
 40
0.0
 40
0.0
 40
0.0
 40
1.0
 40
1.0
 40
1.0
 40
2.0
 40
2.0
 40
2.0
 40
3.0
 40
3.0
 40
3.0
 40
4.0
 40
4.0
 40
4.0
 40
4.0
 10
36.44660111111111
 20
174.7016233333333
 30
0.0
 10
34.70423166666667
 20
174.1537594444444
 30
0.0
 10
35.83629555555555
 20
173.8161511111111
 30
0.0
 10
34.83405388888888
 20
172.4329094444444
 30
0.0
 10
33.83181222222222
 20
171.049315
 30
0.0
 10
40.14053722222222
 20
175.4629177777778
 30
0.0
 10
43.46052888888889
 20
174.7157344444444
 30
0.0
 10
46.78087333333333
 20
173.9689038888889
 30
0.0
 10
43.03366777777777
 20
175.2103288888889
 30
0.0
 10
43.29472333333333
 20
176.8549788888889
 30
0.0
 10
43.58505944444444
 20
178.6858955555555
 30
0.0
 10
43.29472333333333
 20
176.8549788888889
 30
0.0
 10
36.44660111111111
 20
174.7016233333333
 30
0.0
  0
SPLINE
  5
19B
330
1F
100
AcDbEntity
  8
DEFAULT
 62
     5
100
AcDbSpline
210
0.0
220
0.0
230
1.0
 70
    11
 71
     3
 72
    17
 73
    13
 74
     0
 42
0.000000001
 43
0.0000000001
 40
0.0
 40
0.0
 40
0.0
 40
0.0
 40
1.0
 40
1.0
 40
1.0
 40
2.0
 40
2.0
 40
2.0
 40
3.0
 40
3.0
 40
3.0
 40
4.0
 40
4.0
 40
4.0
 40
4.0
 10
31.27942972222222
 20
140.6689394444444
 30
0.0
 10
33.96724361111111
 20
141.2721894444444
 30
0.0
 10
31.27942972222222
 20
141.6027422222222
 30
0.0
 10
29.66511861111111
 20
143.2872561111111
 30
0.0
 10
27.28845472222222
 20
145.7672838888889
 30
0.0
 10
28.71085472222222
 20
138.9188088888889
 30
0.0
 10
21.86943527777778
 20
138.4898311111111
 30
0.0
 10
18.08166027777778
 20
138.2524116666667
 30
0.0
 10
22.88155472222222
 20
137.7161894444444
 30
0.0
 10
23.43541583333333
 20
136.7467561111111
 30
0.0
 10
24.18224638888889
 20
135.4393616666667
 30
0.0
 10
25.17849083333333
 20
139.2994561111111
 30
0.0
 10
31.27942972222222
 20
140.6689394444444
 30
0.0
  0
SPLINE
  5
19C
330
1F
100
AcDbEntity
  8
DEFAULT
 62
     5
100
AcDbSpline
210
0.0
220
0.0
230
1.0
 70
    11
 71
     3
 72
    26
 73
    22
 74
     0
 42
0.000000001
 43
0.0000000001
 40
0.0
 40
0.0
 40
0.0
 40
0.0
 40
1.0
 40
1.0
 40
1.0
 40
2.0
 40
2.0
 40
2.0
 40
3.0
 40
3.0
 40
3.0
 40
4.0
 40
4.0
 40
4.0
 40
5.0
 40
5.0
 40
5.0
 40
6.0
 40
6.0
 40
6.0
 40
7.0
 40
7.0
 40
7.0
 40
7.0
 10
38.77165361111111
 20
139.9218619444444
 30
0.0
 10
42.71853138888888
 20
139.6565730555555
 30
0.0
 10
45.34919527777777
 20
138.8427147222222
 30
0.0
 10
47.80205916666665
 20
137.6845452777778
 30
0.0
 10
53.78128972222221
 20
134.8609119444444
 30
0.0
 10
50.49975083333333
 20
136.1072758333333
 30
0.0
 10
48.59051749999999
 20
134.8206952777778
 30
0.0
 10
46.68128416666666
 20
133.5341147222222
 30
0.0
 10
48.17565083333333
 20
135.1110313888889
 30
0.0
 10
45.14564249999999
 20
136.4392397222222
 30
0.0
 10
42.11598694444444
 20
137.7674480555555
 30
0.0
 10
37.1936786111111
 20
135.5223702777778
 30
0.0
 10
34.95248138888888
 20
132.1191230555555
 30
0.0
 10
33.90508416666666
 20
130.5288008333333
 30
0.0
 10
33.24927027777778
 20
130.0352647222222
 30
0.0
 10
30.15893694444444
 20
131.7042563888889
 30
0.0
 10
29.03816194444444
 20
132.2644675
 30
0.0
 10
37.46143694444444
 20
135.3032952777778
 30
0.0
 10
38.25201194444444
 20
138.0274452777778
 30
0.0
 10
38.77165361111111
 20
139.8181452777778
 30
0.0
 10
37.13158972222222
 20
140.0319286111111
 30
0.0
 10
38.77165361111111
 20
139.9218619444444
 30
0.0
  0
SPLINE
  5
19D
330
1F
100
AcDbEntity
  8
DEFAULT
 62
     5
100
AcDbSpline
210
0.0
220
0.0
230
1.0
 70
    11
 71
     3
 72
    98
 73
    94
 74
     0
 42
0.000000001
 43
0.0000000001
 40
1.0
 40
1.0
 40
1.0
 40
1.0
 40
2.0
 40
2.0
 40
2.0
 40
3.0
 40
3.0
 40
3.0
 40
4.0
 40
4.0
 40
4.0
 40
5.0
 40
5.0
 40
5.0
 40
6.0
 40
6.0
 40
6.0
 40
7.0
 40
7.0
 40
7.0
 40
8.0
 40
8.0
 40
8.0
 40
9.0
 40
9.0
 40
9.0
 40
10.0
 40
10.0
 40
10.0
 40
11.0
 40
11.0
 40
11.0
 40
12.0
 40
12.0
 40
12.0
 40
13.0
 40
13.0
 40
13.0
 40
14.0
 40
14.0
 40
14.0
 40
15.0
 40
15.0
 40
15.0
 40
16.0
 40
16.0
 40
16.0
 40
17.0
 40
17.0
 40
17.0
 40
18.0
 40
18.0
 40
18.0
 40
19.0
 40
19.0
 40
19.0
 40
20.0
 40
20.0
 40
20.0
 40
21.0
 40
21.0
 40
21.0
 40
22.0
 40
22.0
 40
22.0
 40
23.0
 40
23.0
 40
23.0
 40
24.0
 40
24.0
 40
24.0
 40
25.0
 40
25.0
 40
25.0
 40
26.0
 40
26.0
 40
26.0
 40
27.0
 40
27.0
 40
27.0
 40
28.0
 40
28.0
 40
28.0
 40
29.0
 40
29.0
 40
29.0
 40
30.0
 40
30.0
 40
30.0
 40
31.0
 40
31.0
 40
31.0
 40
32.0
 40
32.0
 40
32.0
 40
32.0
 10
120.1171997222222
 20
167.5941741666666
 30
0.0
 10
118.6542302777778
 20
168.1857825
 30
0.0
 10
117.8625969444444
 20
168.5607852777778
 30
0.0
 10
117.1154136111111
 20
170.7737602777778
 30
0.0
 10
116.0898886111111
 20
173.8108241666667
 30
0.0
 10
116.2271191666667
 20
171.4302797222222
 30
0.0
 10
114.0790552777778
 20
171.0492797222222
 30
0.0
 10
111.2155580555555
 20
170.5412797222222
 30
0.0
 10
105.6991719444444
 20
178.6135408333333
 30
0.0
 10
103.2089136111111
 20
181.5775797222222
 30
0.0
 10
100.7186552777778
 20
184.5416186111111
 30
0.0
 10
105.5203136111111
 20
174.3375213888889
 30
0.0
 10
96.56187472222221
 20
177.0690797222222
 30
0.0
 10
88.7407913888889
 20
179.4538575
 30
0.0
 10
89.71798583333334
 20
184.1320436111111
 30
0.0
 10
88.37108027777778
 20
182.9724630555556
 30
0.0
 10
86.29498305555556
 20
181.1856436111111
 30
0.0
 10
84.21676916666668
 20
178.3874102777778
 30
0.0
 10
74.5467775
 20
186.5097658333333
 30
0.0
 10
70.66551638888889
 20
189.7694325
 30
0.0
 10
74.06841083333333
 20
183.2966658333333
 30
0.0
 10
67.59634972222223
 20
183.5453741666667
 30
0.0
 10
61.12464138888889
 20
183.7944352777778
 30
0.0
 10
59.83100527777778
 20
185.1540408333333
 30
0.0
 10
58.21210805555555
 20
187.0216463888889
 30
0.0
 10
57.38660805555556
 20
187.9744991666666
 30
0.0
 10
59.03337472222222
 20
183.6977741666667
 30
0.0
 10
56.55511083333334
 20
182.7763186111111
 30
0.0
 10
54.17562472222223
 20
181.8919047222222
 30
0.0
 10
47.7275525
 20
184.3758130555556
 30
0.0
 10
44.19130805555556
 20
184.5416186111111
 30
0.0
 10
38.8788275
 20
184.7906797222222
 30
0.0
 10
46.73659972222222
 20
180.8734352777778
 30
0.0
 10
40.18093027777778
 20
178.1122436111111
 30
0.0
 10
35.02790527777778
 20
175.9423075
 30
0.0
 10
34.89032194444445
 20
175.8089575
 30
0.0
 10
31.34173027777779
 20
177.2126602777778
 30
0.0
 10
29.89110805555557
 20
177.7862769444444
 30
0.0
 10
34.6179775
 20
174.7851963888889
 30
0.0
 10
32.40147472222223
 20
171.6719325
 30
0.0
 10
30.09677750000001
 20
168.4344908333333
 30
0.0
 10
26.05888305555556
 20
170.6143047222222
 30
0.0
 10
23.18621361111112
 20
169.4928241666667
 30
0.0
 10
17.12690250000002
 20
167.1274491666667
 30
0.0
 10
24.3595525
 20
170.6319436111111
 30
0.0
 10
25.11484972222223
 20
166.2599686111111
 30
0.0
 10
25.86273861111112
 20
161.9317380555555
 30
0.0
 10
24.95998027777778
 20
159.3046019444444
 30
0.0
 10
18.01978305555555
 20
158.4117213888889
 30
0.0
 10
12.50339694444444
 20
157.7019325
 30
0.0
 10
22.56144416666667
 20
159.3314130555555
 30
0.0
 10
22.56144416666667
 20
154.4274491666667
 30
0.0
 10
22.56144416666667
 20
150.5038547222222
 30
0.0
 10
19.63338861111112
 20
148.5752186111111
 30
0.0
 10
17.14242472222223
 20
147.9529186111111
 30
0.0
 10
14.50858583333334
 20
147.2946352777778
 30
0.0
 10
16.73073305555556
 20
146.9566741666667
 30
0.0
 10
16.26506638888889
 20
144.6533880555556
 30
0.0
 10
15.84808305555557
 20
142.5882269444444
 30
0.0
 10
16.36490250000001
 20
143.1798352777778
 30
0.0
 10
17.52095527777778
 20
144.4664158333333
 30
0.0
 10
21.38104972222223
 20
148.7621908333333
 30
0.0
 10
24.84250527777779
 20
146.3259075
 30
0.0
 10
24.02053305555557
 20
149.8448658333333
 30
0.0
 10
23.44621083333334
 20
152.3051380555555
 30
0.0
 10
24.35320250000001
 20
159.3755102777777
 30
0.0
 10
30.53669138888889
 20
165.8553325
 30
0.0
 10
36.80378861111112
 20
172.4226436111111
 30
0.0
 10
41.82558027777778
 20
173.4188880555556
 30
0.0
 10
45.5195163888889
 20
172.9620408333333
 30
0.0
 10
49.21309972222222
 20
172.5055463888889
 30
0.0
 10
44.6478025
 20
175.5768297222222
 30
0.0
 10
44.9797663888889
 20
178.4212769444444
 30
0.0
 10
45.39639694444445
 20
181.9896241666667
 30
0.0
 10
48.41229416666667
 20
183.4007352777778
 30
0.0
 10
50.95617472222223
 20
182.1758908333333
 30
0.0
 10
53.19737194444446
 20
181.0967436111111
 30
0.0
 10
54.15198861111111
 20
179.2291380555556
 30
0.0
 10
54.40104972222223
 20
176.1994825
 30
0.0
 10
54.56509138888889
 20
174.2031130555555
 30
0.0
 10
54.81238861111111
 20
179.7812352777778
 30
0.0
 10
65.60703583333334
 20
179.9671491666666
 30
0.0
 10
75.77514972222222
 20
180.1421269444444
 30
0.0
 10
83.97723305555556
 20
178.5151158333333
 30
0.0
 10
89.83863583333333
 20
177.2747491666667
 30
0.0
 10
101.0174580555556
 20
174.9090213888889
 30
0.0
 10
108.9814163888889
 20
171.9640325
 30
0.0
 10
112.7547275
 20
169.7665797222222
 30
0.0
 10
116.5375636111111
 20
167.5631297222222
 30
0.0
 10
118.6524663888889
 20
164.7267963888889
 30
0.0
 10
119.4994858333333
 20
165.6330825
 30
0.0
 10
121.1515441666667
 20
167.4004991666667
 30
0.0
 10
121.9615219444444
 20
166.8487547222222
 30
0.0
 10
120.1171997222222
 20
167.5941741666666
 30
0.0
  0
POLYLINE
  5
19E
330
1F
100
AcDbEntity
  8
DEFAULT
 62
   250
100
AcDb2dPolyline
 66
     1
 10
0.0
 20
0.0
 30
0.0
  0
VERTEX
  5
19F
330
19E
100
AcDbEntity
  8
DEFAULT
 62
   250
100
AcDbVertex
100
AcDb2dVertex
 10
41.88608166666666
 20
132.3513566666667
 30
0.0
  0
VERTEX
  5
1A0
330
19E
100
AcDbEntity
  8
DEFAULT
 62
   250
100
AcDbVertex
100
AcDb2dVertex
 10
42.44029555555555
 20
131.3939177777778
 30
0.0
  0
VERTEX
  5
1A1
330
19E
100
AcDbEntity
  8
DEFAULT
 62
   250
100
AcDbVertex
100
AcDb2dVertex
 10
40.68240388888889
 20
131.6546205555555
 30
0.0
  0
VERTEX
  5
1A2
330
19E
100
AcDbEntity
  8
DEFAULT
 62
   250
100
AcDbVertex
100
AcDb2dVertex
 10
41.242615
 20
130.6865983333333
 30
0.0
  0
SEQEND
  5
1A3
330
19E
100
AcDbEntity
  8
DEFAULT
 62
   250
  0
POLYLINE
  5
1A4
330
1F
100
AcDbEntity
  8
DEFAULT
 62
   250
100
AcDb2dPolyline
 66
     1
 10
0.0
 20
0.0
 30
0.0
  0
VERTEX
  5
1A5
330
1A4
100
AcDbEntity
  8
DEFAULT
 62
   250
100
AcDbVertex
100
AcDb2dVertex
 10
32.03303361111112
 20
138.0275863888889
 30
0.0
  0
VERTEX
  5
1A6
330
1A4
100
AcDbEntity
  8
DEFAULT
 62
   250
100
AcDbVertex
100
AcDb2dVertex
 10
32.5872475
 20
137.0701475
 30
0.0
  0
VERTEX
  5
1A7
330
1A4
100
AcDbEntity
  8
DEFAULT
 62
   250
100
AcDbVertex
100
AcDb2dVertex
 10
30.82935583333333
 20
137.3308502777778
 30
0.0
  0
VERTEX
  5
1A8
330
1A4
100
AcDbEntity
  8
DEFAULT
 62
   250
100
AcDbVertex
100
AcDb2dVertex
 10
31.38956694444444
 20
136.3628280555556
 30
0.0
  0
SEQEND
  5
1A9
330
1A4
100
AcDbEntity
  8
DEFAULT
 62
   250
  0
POLYLINE
  5
1AA
330
1F
100
AcDbEntity
  8
DEFAULT
 62
   250
100
AcDb2dPolyline
 66
     1
 10
0.0
 20
0.0
 30
0.0
  0
VERTEX
  5
1AB
330
1AA
100
AcDbEntity
  8
DEFAULT
 62
   250
100
AcDbVertex
100
AcDb2dVertex
 10
22.19399083333334
 20
143.7143288888889
 30
0.0
  0
VERTEX
  5
1AC
330
1AA
100
AcDbEntity
  8
DEFAULT
 62
   250
100
AcDbVertex
100
AcDb2dVertex
 10
22.74820472222223
 20
142.75689
 30
0.0
  0
VERTEX
  5
1AD
330
1AA
100
AcDbEntity
  8
DEFAULT
 62
   250
100
AcDbVertex
100
AcDb2dVertex
 10
20.99031305555555
 20
143.0175927777778
 30
0.0
  0
VERTEX
  5
1AE
330
1AA
100
AcDbEntity
  8
DEFAULT
 62
   250
100
AcDbVertex
100
AcDb2dVertex
 10
21.55052416666667
 20
142.0495705555556
 30
0.0
  0
SEQEND
  5
1AF
330
1AA
100
AcDbEntity
  8
DEFAULT
 62
   250
  0
POLYLINE
  5
1B0
330
1F
100
AcDbEntity
  8
DEFAULT
 62
   250
100
AcDb2dPolyline
 66
     1
 10
0.0
 20
0.0
 30
0.0
  0
VERTEX
  5
1B1
330
1B0
100
AcDbEntity
  8
DEFAULT
 62
   250
100
AcDbVertex
100
AcDb2dVertex
 10
17.47710500000001
 20
153.1101416666666
 30
0.0
  0
VERTEX
  5
1B2
330
1B0
100
AcDbEntity
  8
DEFAULT
 62
   250
100
AcDbVertex
100
AcDb2dVertex
 10
18.01967722222223
 20
152.146
 30
0.0
  0
VERTEX
  5
1B3
330
1B0
100
AcDbEntity
  8
DEFAULT
 62
   250
100
AcDbVertex
100
AcDb2dVertex
 10
16.26531333333333
 20
152.4282222222222
 30
0.0
  0
VERTEX
  5
1B4
330
1B0
100
AcDbEntity
  8
DEFAULT
 62
   250
100
AcDbVertex
100
AcDb2dVertex
 10
16.81388277777778
 20
151.4534972222222
 30
0.0
  0
SEQEND
  5
1B5
330
1B0
100
AcDbEntity
  8
DEFAULT
 62
   250
  0
POLYLINE
  5
1B6
330
1F
100
AcDbEntity
  8
DEFAULT
 62
   250
100
AcDb2dPolyline
 66
     1
 10
0.0
 20
0.0
 30
0.0
  0
VERTEX
  5
1B7
330
1B6
100
AcDbEntity
  8
DEFAULT
 62
   250
100
AcDbVertex
100
AcDb2dVertex
 10
19.26688777777777
 20
163.833175
 30
0.0
  0
VERTEX
  5
1B8
330
1B6
100
AcDbEntity
  8
DEFAULT
 62
   250
100
AcDbVertex
100
AcDb2dVertex
 10
19.63342388888888
 20
162.7893055555555
 30
0.0
  0
VERTEX
  5
1B9
330
1B6
100
AcDbEntity
  8
DEFAULT
 62
   250
100
AcDbVertex
100
AcDb2dVertex
 10
17.95490722222222
 20
163.3724472222222
 30
0.0
  0
VERTEX
  5
1BA
330
1B6
100
AcDbEntity
  8
DEFAULT
 62
   250
100
AcDbVertex
100
AcDb2dVertex
 10
18.32532388888889
 20
162.3172888888889
 30
0.0
  0
SEQEND
  5
1BB
330
1B6
100
AcDbEntity
  8
DEFAULT
 62
   250
  0
POLYLINE
  5
1BC
330
1F
100
AcDbEntity
  8
DEFAULT
 62
   250
100
AcDb2dPolyline
 66
     1
 10
0.0
 20
0.0
 30
0.0
  0
VERTEX
  5
1BD
330
1BC
100
AcDbEntity
  8
DEFAULT
 62
   250
100
AcDbVertex
100
AcDb2dVertex
 10
26.65585361111111
 20
174.1772191666667
 30
0.0
  0
VERTEX
  5
1BE
330
1BC
100
AcDbEntity
  8
DEFAULT
 62
   250
100
AcDbVertex
100
AcDb2dVertex
 10
26.83682861111112
 20
173.0857247222222
 30
0.0
  0
VERTEX
  5
1BF
330
1BC
100
AcDbEntity
  8
DEFAULT
 62
   250
100
AcDbVertex
100
AcDb2dVertex
 10
25.28390083333333
 20
173.9500302777778
 30
0.0
  0
VERTEX
  5
1C0
330
1BC
100
AcDbEntity
  8
DEFAULT
 62
   250
100
AcDbVertex
100
AcDb2dVertex
 10
25.46663972222222
 20
172.8465413888889
 30
0.0
  0
SEQEND
  5
1C1
330
1BC
100
AcDbEntity
  8
DEFAULT
 62
   250
  0
POLYLINE
  5
1C2
330
1F
100
AcDbEntity
  8
DEFAULT
 62
   250
100
AcDb2dPolyline
 66
     1
 10
0.0
 20
0.0
 30
0.0
  0
VERTEX
  5
1C3
330
1C2
100
AcDbEntity
  8
DEFAULT
 62
   250
100
AcDbVertex
100
AcDb2dVertex
 10
37.10929416666666
 20
181.8554627777777
 30
0.0
  0
VERTEX
  5
1C4
330
1C2
100
AcDbEntity
  8
DEFAULT
 62
   250
100
AcDbVertex
100
AcDb2dVertex
 10
37.09624138888888
 20
180.7491516666666
 30
0.0
  0
VERTEX
  5
1C5
330
1C2
100
AcDbEntity
  8
DEFAULT
 62
   250
100
AcDbVertex
100
AcDb2dVertex
 10
35.71864416666666
 20
181.8716905555556
 30
0.0
  0
VERTEX
  5
1C6
330
1C2
100
AcDbEntity
  8
DEFAULT
 62
   250
100
AcDbVertex
100
AcDb2dVertex
 10
35.70559138888888
 20
180.753385
 30
0.0
  0
SEQEND
  5
1C7
330
1C2
100
AcDbEntity
  8
DEFAULT
 62
   250
  0
POLYLINE
  5
1C8
330
1F
100
AcDbEntity
  8
DEFAULT
 62
   250
100
AcDb2dPolyline
 66
     1
 10
0.0
 20
0.0
 30
0.0
  0
VERTEX
  5
1C9
330
1C8
100
AcDbEntity
  8
DEFAULT
 62
   250
100
AcDbVertex
100
AcDb2dVertex
 10
51.69101083333332
 20
187.0865927777777
 30
0.0
  0
VERTEX
  5
1CA
330
1C8
100
AcDbEntity
  8
DEFAULT
 62
   250
100
AcDbVertex
100
AcDb2dVertex
 10
51.48675249999998
 20
185.9993316666666
 30
0.0
  0
VERTEX
  5
1CB
330
1C8
100
AcDbEntity
  8
DEFAULT
 62
   250
100
AcDbVertex
100
AcDb2dVertex
 10
50.32434972222222
 20
187.343415
 30
0.0
  0
VERTEX
  5
1CC
330
1C8
100
AcDbEntity
  8
DEFAULT
 62
   250
100
AcDbVertex
100
AcDb2dVertex
 10
50.11797472222221
 20
186.2441594444444
 30
0.0
  0
SEQEND
  5
1CD
330
1C8
100
AcDbEntity
  8
DEFAULT
 62
   250
  0
POLYLINE
  5
1CE
330
1F
100
AcDbEntity
  8
DEFAULT
 62
   250
100
AcDb2dPolyline
 66
     1
 10
0.0
 20
0.0
 30
0.0
  0
VERTEX
  5
1CF
330
1CE
100
AcDbEntity
  8
DEFAULT
 62
   250
100
AcDbVertex
100
AcDb2dVertex
 10
66.4575125
 20
188.7039025
 30
0.0
  0
VERTEX
  5
1D0
330
1CE
100
AcDbEntity
  8
DEFAULT
 62
   250
100
AcDbVertex
100
AcDb2dVertex
 10
66.06734027777777
 20
187.6684997222222
 30
0.0
  0
VERTEX
  5
1D1
330
1CE
100
AcDbEntity
  8
DEFAULT
 62
   250
100
AcDbVertex
100
AcDb2dVertex
 10
65.15611527777777
 20
189.1942636111111
 30
0.0
  0
VERTEX
  5
1D2
330
1CE
100
AcDbEntity
  8
DEFAULT
 62
   250
100
AcDbVertex
100
AcDb2dVertex
 10
64.76170972222222
 20
188.1475719444444
 30
0.0
  0
SEQEND
  5
1D3
330
1CE
100
AcDbEntity
  8
DEFAULT
 62
   250
  0
POLYLINE
  5
1D4
330
1F
100
AcDbEntity
  8
DEFAULT
 62
   250
100
AcDb2dPolyline
 66
     1
 10
0.0
 20
0.0
 30
0.0
  0
VERTEX
  5
1D5
330
1D4
100
AcDbEntity
  8
DEFAULT
 62
   250
100
AcDbVertex
100
AcDb2dVertex
 10
82.44945833333334
 20
186.630945
 30
0.0
  0
VERTEX
  5
1D6
330
1D4
100
AcDbEntity
  8
DEFAULT
 62
   250
100
AcDbVertex
100
AcDb2dVertex
 10
81.8850138888889
 20
185.6791505555555
 30
0.0
  0
VERTEX
  5
1D7
330
1D4
100
AcDbEntity
  8
DEFAULT
 62
   250
100
AcDbVertex
100
AcDb2dVertex
 10
81.25318888888889
 20
187.3400283333333
 30
0.0
  0
VERTEX
  5
1D8
330
1D4
100
AcDbEntity
  8
DEFAULT
 62
   250
100
AcDbVertex
100
AcDb2dVertex
 10
80.68274722222222
 20
186.3780033333333
 30
0.0
  0
SEQEND
  5
1D9
330
1D4
100
AcDbEntity
  8
DEFAULT
 62
   250
  0
POLYLINE
  5
1DA
330
1F
100
AcDbEntity
  8
DEFAULT
 62
   250
100
AcDb2dPolyline
 66
     1
 10
0.0
 20
0.0
 30
0.0
  0
VERTEX
  5
1DB
330
1DA
100
AcDbEntity
  8
DEFAULT
 62
   250
100
AcDbVertex
100
AcDb2dVertex
 10
97.69041083333332
 20
181.8703852777778
 30
0.0
  0
VERTEX
  5
1DC
330
1DA
100
AcDbEntity
  8
DEFAULT
 62
   250
100
AcDbVertex
100
AcDb2dVertex
 10
96.96968583333332
 20
181.0311269444444
 30
0.0
  0
VERTEX
  5
1DD
330
1DA
100
AcDbEntity
  8
DEFAULT
 62
   250
100
AcDbVertex
100
AcDb2dVertex
 10
96.63560527777777
 20
182.7763186111111
 30
0.0
  0
VERTEX
  5
1DE
330
1DA
100
AcDbEntity
  8
DEFAULT
 62
   250
100
AcDbVertex
100
AcDb2dVertex
 10
95.9067663888889
 20
181.9278880555555
 30
0.0
  0
SEQEND
  5
1DF
330
1DA
100
AcDbEntity
  8
DEFAULT
 62
   250
  0
POLYLINE
  5
1E0
330
1F
100
AcDbEntity
  8
DEFAULT
 62
   250
100
AcDb2dPolyline
 66
     1
 10
0.0
 20
0.0
 30
0.0
  0
VERTEX
  5
1E1
330
1E0
100
AcDbEntity
  8
DEFAULT
 62
   250
100
AcDbVertex
100
AcDb2dVertex
 10
112.2252433333334
 20
176.5056230555555
 30
0.0
  0
VERTEX
  5
1E2
330
1E0
100
AcDbEntity
  8
DEFAULT
 62
   250
100
AcDbVertex
100
AcDb2dVertex
 10
111.3697572222222
 20
175.8039480555556
 30
0.0
  0
VERTEX
  5
1E3
330
1E0
100
AcDbEntity
  8
DEFAULT
 62
   250
100
AcDbVertex
100
AcDb2dVertex
 10
111.3432988888889
 20
177.5808897222222
 30
0.0
  0
VERTEX
  5
1E4
330
1E0
100
AcDbEntity
  8
DEFAULT
 62
   250
100
AcDbVertex
100
AcDb2dVertex
 10
110.4786405555555
 20
176.8714536111111
 30
0.0
  0
SEQEND
  5
1E5
330
1E0
100
AcDbEntity
  8
DEFAULT
 62
   250
  0
POLYLINE
  5
1E6
330
1F
100
AcDbEntity
  8
DEFAULT
 62
   250
100
AcDb2dPolyline
 66
     1
 10
0.0
 20
0.0
 30
0.0
  0
VERTEX
  5
1E7
330
1E6
100
AcDbEntity
  8
DEFAULT
 62
   250
100
AcDbVertex
100
AcDb2dVertex
 10
119.2013533333333
 20
176.0463063888888
 30
0.0
  0
VERTEX
  5
1E8
330
1E6
100
AcDbEntity
  8
DEFAULT
 62
   250
100
AcDbVertex
100
AcDb2dVertex
 10
120.2678005555556
 20
174.2041008333333
 30
0.0
  0
VERTEX
  5
1E9
330
1E6
100
AcDbEntity
  8
DEFAULT
 62
   250
100
AcDbVertex
100
AcDb2dVertex
 10
120.584595
 20
174.3875452777778
 30
0.0
  0
SEQEND
  5
1EA
330
1E6
100
AcDbEntity
  8
DEFAULT
 62
   250
  0
POLYLINE
  5
1EB
330
1F
100
AcDbEntity
  8
DEFAULT
 62
   250
100
AcDb2dPolyline
 66
     1
 10
0.0
 20
0.0
 30
0.0
  0
VERTEX
  5
1EC
330
1EB
100
AcDbEntity
  8
DEFAULT
 62
   250
100
AcDbVertex
100
AcDb2dVertex
 10
49.1537625
 20
177.6514452777778
 30
0.0
  0
VERTEX
  5
1ED
330
1EB
100
AcDbEntity
  8
DEFAULT
 62
   250
100
AcDbVertex
100
AcDb2dVertex
 10
50.22020972222222
 20
175.8092397222223
 30
0.0
  0
VERTEX
  5
1EE
330
1EB
100
AcDbEntity
  8
DEFAULT
 62
   250
100
AcDbVertex
100
AcDb2dVertex
 10
50.53700416666666
 20
175.9926841666666
 30
0.0
  0
SEQEND
  5
1EF
330
1EB
100
AcDbEntity
  8
DEFAULT
 62
   250
  0
SPLINE
  5
1F0
330
1F
100
AcDbEntity
  8
DEFAULT
 62
     1
100
AcDbSpline
210
0.0
220
0.0
230
1.0
 70
     8
 71
     3
 72
    35
 73
    31
 74
     0
 42
0.000000001
 43
0.0000000001
 40
0.0
 40
0.0
 40
0.0
 40
0.0
 40
1.0
 40
1.0
 40
1.0
 40
2.0
 40
2.0
 40
2.0
 40
3.0
 40
3.0
 40
3.0
 40
4.0
 40
4.0
 40
4.0
 40
5.0
 40
5.0
 40
5.0
 40
6.0
 40
6.0
 40
6.0
 40
7.0
 40
7.0
 40
7.0
 40
8.0
 40
8.0
 40
8.0
 40
9.0
 40
9.0
 40
9.0
 40
12.82655197272951
 40
12.82655197272951
 40
12.82655197272951
 40
12.82655197272951
 10
49.71168055555555
 20
131.5249394444444
 30
0.0
 10
51.58140277777778
 20
132.5832727777778
 30
0.0
 10
51.82834722222221
 20
132.1740505555555
 30
0.0
 10
52.98545833333333
 20
130.103245
 30
0.0
 10
54.16726388888888
 20
127.9865783333333
 30
0.0
 10
58.30887499999999
 20
133.5569394444444
 30
0.0
 10
56.0052361111111
 20
135.5501338888889
 30
0.0
 10
53.70159722222222
 20
137.5398005555555
 30
0.0
 10
50.55129166666666
 20
139.5823838888889
 30
0.0
 10
46.45906944444444
 20
140.3831894444444
 30
0.0
 10
36.53190277777777
 20
142.3305227777778
 30
0.0
 10
24.23054166666666
 20
144.4648283333333
 30
0.0
 10
26.68234722222222
 20
153.3795227777778
 30
0.0
 10
31.01445833333333
 20
169.1063561111111
 30
0.0
 10
46.03573611111111
 20
174.4227172222222
 30
0.0
 10
49.3059861111111
 20
168.7641616666666
 30
0.0
 10
50.13854166666666
 20
167.3283561111111
 30
0.0
 10
51.96945833333333
 20
166.837995
 30
0.0
 10
53.40526388888888
 20
167.6670227777778
 30
0.0
 10
53.45465277777777
 20
167.695245
 30
0.0
 10
53.10187499999999
 20
168.393745
 30
0.0
 10
52.61504166666666
 20
169.2333561111111
 30
0.0
 10
52.13173611111111
 20
170.0694394444444
 30
0.0
 10
51.74015277777777
 20
170.5456894444444
 30
0.0
 10
51.6554861111111
 20
170.6973838888889
 30
0.0
 10
51.21804166666666
 20
171.4558561111111
 30
0.0
 10
49.90218055555555
 20
173.727745
 30
0.0
 10
49.90218055555555
 20
173.727745
 30
0.0
 10
50.29141203703703
 20
173.9535227777777
 30
0.0
 10
50.68064351851851
 20
174.1793005555555
 30
0.0
 10
51.06987499999999
 20
174.4050783333333
 30
0.0
  0
SPLINE
  5
1F1
330
1F
100
AcDbEntity
  8
DEFAULT
 62
     1
100
AcDbSpline
210
0.0
220
0.0
230
1.0
 70
     8
 71
     3
 72
   320
 73
   316
 74
     0
 42
0.000000001
 43
0.0000000001
 40
0.0
 40
0.0
 40
0.0
 40
0.0
 40
1.0
 40
1.0
 40
1.0
 40
2.0
 40
2.0
 40
2.0
 40
3.0
 40
3.0
 40
3.0
 40
4.0
 40
4.0
 40
4.0
 40
5.0
 40
5.0
 40
5.0
 40
6.0
 40
6.0
 40
6.0
 40
14.49894699359869
 40
14.49894699359869
 40
14.49894699359869
 40
15.49894699359869
 40
15.49894699359869
 40
15.49894699359869
 40
16.49894699359869
 40
16.49894699359869
 40
16.49894699359869
 40
17.49894699359869
 40
17.49894699359869
 40
17.49894699359869
 40
18.49894699359869
 40
18.49894699359869
 40
18.49894699359869
 40
19.49894699359869
 40
19.49894699359869
 40
19.49894699359869
 40
20.49894699359869
 40
20.49894699359869
 40
20.49894699359869
 40
21.49894699359869
 40
21.49894699359869
 40
21.49894699359869
 40
30.00655535317891
 40
30.00655535317891
 40
30.00655535317891
 40
31.00655535317891
 40
31.00655535317891
 40
31.00655535317891
 40
32.00655535317891
 40
32.00655535317891
 40
32.00655535317891
 40
33.00655535317891
 40
33.00655535317891
 40
33.00655535317891
 40
34.00655535317891
 40
34.00655535317891
 40
34.00655535317891
 40
35.00655535317891
 40
35.00655535317891
 40
35.00655535317891
 40
36.00655535317891
 40
36.00655535317891
 40
36.00655535317891
 40
37.00655535317891
 40
37.00655535317891
 40
37.00655535317891
 40
45.5105073756212
 40
45.5105073756212
 40
45.5105073756212
 40
46.5105073756212
 40
46.5105073756212
 40
46.5105073756212
 40
47.5105073756212
 40
47.5105073756212
 40
47.5105073756212
 40
48.5105073756212
 40
48.5105073756212
 40
48.5105073756212
 40
49.5105073756212
 40
49.5105073756212
 40
49.5105073756212
 40
50.5105073756212
 40
50.5105073756212
 40
50.5105073756212
 40
51.5105073756212
 40
51.5105073756212
 40
51.5105073756212
 40
52.5105073756212
 40
52.5105073756212
 40
52.5105073756212
 40
61.01327163202625
 40
61.01327163202625
 40
61.01327163202625
 40
62.01327163202625
 40
62.01327163202625
 40
62.01327163202625
 40
63.01327163202625
 40
63.01327163202625
 40
63.01327163202625
 40
64.01327163202626
 40
64.01327163202626
 40
64.01327163202626
 40
65.01327163202626
 40
65.01327163202626
 40
65.01327163202626
 40
66.01327163202626
 40
66.01327163202626
 40
66.01327163202626
 40
67.01327163202626
 40
67.01327163202626
 40
67.01327163202626
 40
68.01327163202626
 40
68.01327163202626
 40
68.01327163202626
 40
76.5240471548561
 40
76.5240471548561
 40
76.5240471548561
 40
77.5240471548561
 40
77.5240471548561
 40
77.5240471548561
 40
78.5240471548561
 40
78.5240471548561
 40
78.5240471548561
 40
79.5240471548561
 40
79.5240471548561
 40
79.5240471548561
 40
80.5240471548561
 40
80.5240471548561
 40
80.5240471548561
 40
81.5240471548561
 40
81.5240471548561
 40
81.5240471548561
 40
82.5240471548561
 40
82.5240471548561
 40
82.5240471548561
 40
83.5240471548561
 40
83.5240471548561
 40
83.5240471548561
 40
92.0284107406866
 40
92.0284107406866
 40
92.0284107406866
 40
93.0284107406866
 40
93.0284107406866
 40
93.0284107406866
 40
94.0284107406866
 40
94.0284107406866
 40
94.0284107406866
 40
95.0284107406866
 40
95.0284107406866
 40
95.0284107406866
 40
96.0284107406866
 40
96.0284107406866
 40
96.0284107406866
 40
97.0284107406866
 40
97.0284107406866
 40
97.0284107406866
 40
98.0284107406866
 40
98.0284107406866
 40
98.0284107406866
 40
99.0284107406866
 40
99.0284107406866
 40
99.0284107406866
 40
107.5389982644713
 40
107.5389982644713
 40
107.5389982644713
 40
108.5389982644713
 40
108.5389982644713
 40
108.5389982644713
 40
109.5389982644713
 40
109.5389982644713
 40
109.5389982644713
 40
110.5389982644713
 40
110.5389982644713
 40
110.5389982644713
 40
111.5389982644713
 40
111.5389982644713
 40
111.5389982644713
 40
112.5389982644713
 40
112.5389982644713
 40
112.5389982644713
 40
113.5389982644713
 40
113.5389982644713
 40
113.5389982644713
 40
114.5389982644713
 40
114.5389982644713
 40
114.5389982644713
 40
123.0451431021753
 40
123.0451431021753
 40
123.0451431021753
 40
124.0451431021753
 40
124.0451431021753
 40
124.0451431021753
 40
125.0451431021753
 40
125.0451431021753
 40
125.0451431021753
 40
126.0451431021753
 40
126.0451431021753
 40
126.0451431021753
 40
127.0451431021753
 40
127.0451431021753
 40
127.0451431021753
 40
128.0451431021753
 40
128.0451431021753
 40
128.0451431021753
 40
129.0451431021753
 40
129.0451431021753
 40
129.0451431021753
 40
130.0451431021753
 40
130.0451431021753
 40
130.0451431021753
 40
138.5517052749922
 40
138.5517052749922
 40
138.5517052749922
 40
139.5517052749922
 40
139.5517052749922
 40
139.5517052749922
 40
140.5517052749922
 40
140.5517052749922
 40
140.5517052749922
 40
141.5517052749922
 40
141.5517052749922
 40
141.5517052749922
 40
142.5517052749922
 40
142.5517052749922
 40
142.5517052749922
 40
143.5517052749922
 40
143.5517052749922
 40
143.5517052749922
 40
144.5517052749922
 40
144.5517052749922
 40
144.5517052749922
 40
145.5517052749922
 40
145.5517052749922
 40
145.5517052749922
 40
154.0615818898439
 40
154.0615818898439
 40
154.0615818898439
 40
155.0615818898439
 40
155.0615818898439
 40
155.0615818898439
 40
156.0615818898439
 40
156.0615818898439
 40
156.0615818898439
 40
157.0615818898439
 40
157.0615818898439
 40
157.0615818898439
 40
158.0615818898439
 40
158.0615818898439
 40
158.0615818898439
 40
159.0615818898439
 40
159.0615818898439
 40
159.0615818898439
 40
160.0615818898439
 40
160.0615818898439
 40
160.0615818898439
 40
161.0615818898439
 40
161.0615818898439
 40
161.0615818898439
 40
169.564175611762
 40
169.564175611762
 40
169.564175611762
 40
170.564175611762
 40
170.564175611762
 40
170.564175611762
 40
171.564175611762
 40
171.564175611762
 40
171.564175611762
 40
172.564175611762
 40
172.564175611762
 40
172.564175611762
 40
173.564175611762
 40
173.564175611762
 40
173.564175611762
 40
174.564175611762
 40
174.564175611762
 40
174.564175611762
 40
175.564175611762
 40
175.564175611762
 40
175.564175611762
 40
176.564175611762
 40
176.564175611762
 40
176.564175611762
 40
185.0622342135839
 40
185.0622342135839
 40
185.0622342135839
 40
186.0622342135839
 40
186.0622342135839
 40
186.0622342135839
 40
187.0622342135839
 40
187.0622342135839
 40
187.0622342135839
 40
188.0622342135839
 40
188.0622342135839
 40
188.0622342135839
 40
189.0622342135839
 40
189.0622342135839
 40
189.0622342135839
 40
190.0622342135839
 40
190.0622342135839
 40
190.0622342135839
 40
191.0622342135839
 40
191.0622342135839
 40
191.0622342135839
 40
192.0622342135839
 40
192.0622342135839
 40
192.0622342135839
 40
193.0622342135839
 40
193.0622342135839
 40
193.0622342135839
 40
194.0622342135839
 40
194.0622342135839
 40
194.0622342135839
 40
197.8837784040912
 40
197.8837784040912
 40
197.8837784040912
 40
197.8837784040912
 10
49.450625
 20
131.3767727777778
 30
0.0
 10
47.78904166666666
 20
130.4136894444444
 30
0.0
 10
48.44168055555555
 20
130.7876338888889
 30
0.0
 10
46.98470833333333
 20
129.9480227777778
 30
0.0
 10
45.70059722222222
 20
129.2036616666666
 30
0.0
 10
48.25470833333334
 20
126.6954116666667
 30
0.0
 10
44.82923611111111
 20
124.642245
 30
0.0
 10
41.40729166666667
 20
122.5855505555555
 30
0.0
 10
35.33951388888889
 20
122.9030505555556
 30
0.0
 10
33.91429166666667
 20
125.3619116666667
 30
0.0
 10
33.88606944444444
 20
125.4077727777778
 30
0.0
 10
34.53870833333333
 20
125.8381616666667
 30
0.0
 10
35.37831944444444
 20
126.324995
 30
0.0
 10
36.21440277777778
 20
126.8083005555556
 30
0.0
 10
36.79295833333334
 20
127.023495
 30
0.0
 10
36.941125
 20
127.1116894444445
 30
0.0
 10
37.69959722222222
 20
127.5491338888889
 30
0.0
 10
39.97148611111111
 20
128.864995
 30
0.0
 10
39.97148611111111
 20
128.864995
 30
0.0
 10
39.4717175925926
 20
129.7304764814815
 30
0.0
 10
38.97194907407408
 20
130.595957962963
 30
0.0
 10
38.47218055555555
 20
131.4614394444444
 30
0.0
 10
38.47218055555555
 20
131.4614394444444
 30
0.0
 10
36.20029166666666
 20
130.1491061111111
 30
0.0
 10
35.44181944444444
 20
129.7081338888889
 30
0.0
 10
35.290125
 20
129.6234672222222
 30
0.0
 10
34.813875
 20
129.2318838888889
 30
0.0
 10
33.97779166666667
 20
128.7485783333333
 30
0.0
 10
33.13818055555555
 20
128.261745
 30
0.0
 10
32.43968055555555
 20
127.9089672222222
 30
0.0
 10
32.41145833333334
 20
127.9583561111111
 30
0.0
 10
31.59654166666667
 20
129.404745
 30
0.0
 10
25.56051388888889
 20
128.4416616666667
 30
0.0
 10
24.05768055555556
 20
131.0381061111111
 30
0.0
 10
24.03298611111111
 20
131.087495
 30
0.0
 10
24.685625
 20
131.5178838888889
 30
0.0
 10
25.52523611111112
 20
132.0011894444444
 30
0.0
 10
26.36131944444444
 20
132.484495
 30
0.0
 10
26.939875
 20
132.7032172222222
 30
0.0
 10
27.08804166666667
 20
132.7914116666666
 30
0.0
 10
27.84651388888889
 20
133.2288561111111
 30
0.0
 10
30.11840277777778
 20
134.5411894444445
 30
0.0
 10
30.11840277777778
 20
134.5411894444445
 30
0.0
 10
29.61863425925927
 20
135.4078468518518
 30
0.0
 10
29.11886574074074
 20
136.2745042592593
 30
0.0
 10
28.61909722222223
 20
137.1411616666666
 30
0.0
 10
28.61909722222223
 20
137.1411616666666
 30
0.0
 10
26.34720833333334
 20
135.8253005555555
 30
0.0
 10
25.58873611111111
 20
135.3878561111111
 30
0.0
 10
25.43704166666667
 20
135.2996616666667
 30
0.0
 10
24.96079166666667
 20
134.9080783333333
 30
0.0
 10
24.12470833333333
 20
134.4247727777778
 30
0.0
 10
23.28509722222222
 20
133.9414672222222
 30
0.0
 10
22.58659722222222
 20
133.5886894444444
 30
0.0
 10
22.558375
 20
133.6380783333333
 30
0.0
 10
21.74345833333333
 20
135.0809394444445
 30
0.0
 10
15.71801388888889
 20
134.1284394444444
 30
0.0
 10
14.21870833333333
 20
136.7248838888889
 30
0.0
 10
14.19048611111111
 20
136.770745
 30
0.0
 10
14.84665277777778
 20
137.2011338888889
 30
0.0
 10
15.68273611111111
 20
137.6879672222222
 30
0.0
 10
16.51881944444445
 20
138.1712727777778
 30
0.0
 10
17.097375
 20
138.389995
 30
0.0
 10
17.24906944444445
 20
138.4746616666667
 30
0.0
 10
18.00401388888889
 20
138.9156338888889
 30
0.0
 10
20.27943055555556
 20
140.2279672222222
 30
0.0
 10
20.27943055555556
 20
140.2279672222222
 30
0.0
 10
19.77848611111112
 20
141.0934487037037
 30
0.0
 10
19.27754166666667
 20
141.9589301851852
 30
0.0
 10
18.77659722222223
 20
142.8244116666667
 30
0.0
 10
18.77659722222223
 20
142.8244116666667
 30
0.0
 10
16.50470833333334
 20
141.5120783333333
 30
0.0
 10
15.74623611111111
 20
141.0746338888889
 30
0.0
 10
15.59454166666667
 20
140.9864394444444
 30
0.0
 10
15.11829166666667
 20
140.5948561111111
 30
0.0
 10
14.28220833333334
 20
140.1115505555555
 30
0.0
 10
13.44259722222223
 20
139.628245
 30
0.0
 10
12.74409722222223
 20
139.2754672222222
 30
0.0
 10
12.715875
 20
139.3213283333333
 30
0.0
 10
11.90448611111111
 20
140.7677172222222
 30
0.0
 10
10.89201388888889
 20
143.6005227777778
 30
0.0
 10
9.42093055555556
 20
146.2146061111111
 30
0.0
 10
9.392708333333337
 20
146.263995
 30
0.0
 10
10.05240277777778
 20
146.6838005555555
 30
0.0
 10
10.89554166666667
 20
147.1600505555556
 30
0.0
 10
11.73868055555556
 20
147.6327727777778
 30
0.0
 10
12.31723611111111
 20
147.8444394444444
 30
0.0
 10
12.47245833333334
 20
147.9291061111111
 30
0.0
 10
13.23445833333334
 20
148.359495
 30
0.0
 10
15.52045833333333
 20
149.6471338888889
 30
0.0
 10
15.52045833333333
 20
149.6471338888889
 30
0.0
 10
15.03009722222222
 20
150.518495
 30
0.0
 10
14.53973611111111
 20
151.3898561111111
 30
0.0
 10
14.049375
 20
152.2612172222222
 30
0.0
 10
14.049375
 20
152.2612172222222
 30
0.0
 10
11.763375
 20
150.9735783333333
 30
0.0
 10
11.001375
 20
150.5467172222222
 30
0.0
 10
10.84615277777778
 20
150.4585227777778
 30
0.0
 10
10.366375
 20
150.073995
 30
0.0
 10
9.523236111111112
 20
149.6012727777778
 30
0.0
 10
8.680097222222228
 20
149.1250227777778
 30
0.0
 10
7.978069444444447
 20
148.7828283333333
 30
0.0
 10
7.949847222222226
 20
148.8286894444444
 30
0.0
 10
6.478763888888891
 20
151.4427727777778
 30
0.0
 10
11.12484722222223
 20
155.6126061111111
 30
0.0
 10
10.13001388888889
 20
158.4454116666667
 30
0.0
 10
10.112375
 20
158.4983283333333
 30
0.0
 10
10.83556944444445
 20
158.7981894444444
 30
0.0
 10
11.74926388888889
 20
159.1192172222222
 30
0.0
 10
12.66295833333334
 20
159.440245
 30
0.0
 10
13.26973611111111
 20
159.5460783333333
 30
0.0
 10
13.43201388888889
 20
159.6060505555556
 30
0.0
 10
14.25751388888889
 20
159.8953283333333
 30
0.0
 10
16.73754166666667
 20
160.7631616666667
 30
0.0
 10
16.73754166666667
 20
160.7631616666667
 30
0.0
 10
16.40593055555556
 20
161.7074301851852
 30
0.0
 10
16.07431944444444
 20
162.6516987037037
 30
0.0
 10
15.74270833333334
 20
163.5959672222222
 30
0.0
 10
15.74270833333334
 20
163.5959672222222
 30
0.0
 10
13.26620833333334
 20
162.7246061111111
 30
0.0
 10
12.44070833333334
 20
162.4353283333333
 30
0.0
 10
12.27490277777778
 20
162.3788838888889
 30
0.0
 10
11.73515277777778
 20
162.0825505555556
 30
0.0
 10
10.82145833333334
 20
161.7615227777778
 30
0.0
 10
9.90776388888889
 20
161.440495
 30
0.0
 10
9.156347222222227
 20
161.2217727777778
 30
0.0
 10
9.138708333333337
 20
161.2746894444444
 30
0.0
 10
7.149041666666672
 20
166.9367727777778
 30
0.0
 10
17.21379166666667
 20
167.4906338888889
 30
0.0
 10
16.72695833333333
 20
170.4504394444444
 30
0.0
 10
16.72695833333333
 20
170.5104116666667
 30
0.0
 10
17.48895833333334
 20
170.6762172222222
 30
0.0
 10
18.43793055555556
 20
170.8349672222222
 30
0.0
 10
19.39043055555556
 20
170.9901894444444
 30
0.0
 10
20.00779166666667
 20
170.9901894444444
 30
0.0
 10
20.18065277777778
 20
171.0219394444444
 30
0.0
 10
21.04143055555556
 20
171.1630505555555
 30
0.0
 10
23.63434722222222
 20
171.5899116666667
 30
0.0
 10
23.63434722222222
 20
171.5899116666667
 30
0.0
 10
23.47089351851852
 20
172.5765135185185
 30
0.0
 10
23.30743981481482
 20
173.5631153703704
 30
0.0
 10
23.14398611111111
 20
174.5497172222222
 30
0.0
 10
23.14398611111111
 20
174.5497172222222
 30
0.0
 10
20.55459722222222
 20
174.1228561111111
 30
0.0
 10
19.69029166666667
 20
173.981745
 30
0.0
 10
19.52095833333333
 20
173.9535227777778
 30
0.0
 10
18.93534722222222
 20
173.7559672222222
 30
0.0
 10
17.98284722222222
 20
173.5972172222222
 30
0.0
 10
17.02681944444445
 20
173.4384672222222
 30
0.0
 10
16.24718055555556
 20
173.3573283333333
 30
0.0
 10
16.240125
 20
173.410245
 30
0.0
 10
15.26293055555556
 20
179.3298561111111
 30
0.0
 10
26.65059722222222
 20
176.9133283333333
 30
0.0
 10
26.68234722222222
 20
179.9154672222222
 30
0.0
 10
26.68234722222222
 20
179.9683838888889
 30
0.0
 10
27.46551388888889
 20
180.0071894444444
 30
0.0
 10
28.432125
 20
179.9930783333333
 30
0.0
 10
29.40226388888889
 20
179.982495
 30
0.0
 10
30.00904166666667
 20
179.8766616666667
 30
0.0
 10
30.18190277777778
 20
179.8766616666667
 30
0.0
 10
31.05679166666667
 20
179.8660783333333
 30
0.0
 10
33.68145833333333
 20
179.8343283333333
 30
0.0
 10
33.68145833333333
 20
179.8343283333333
 30
0.0
 10
33.69321759259259
 20
180.8350412962963
 30
0.0
 10
33.70497685185185
 20
181.8357542592592
 30
0.0
 10
33.71673611111111
 20
182.8364672222222
 30
0.0
 10
33.71673611111111
 20
182.8364672222222
 30
0.0
 10
31.09206944444445
 20
182.8646894444445
 30
0.0
 10
30.21718055555555
 20
182.8752727777778
 30
0.0
 10
30.04079166666666
 20
182.8752727777778
 30
0.0
 10
29.43048611111111
 20
182.7835505555556
 30
0.0
 10
28.463875
 20
182.7941338888889
 30
0.0
 10
27.50079166666667
 20
182.8047172222222
 30
0.0
 10
26.717625
 20
182.8576338888889
 30
0.0
 10
26.717625
 20
182.9140783333334
 30
0.0
 10
26.781125
 20
188.7243283333333
 30
0.0
 10
40.57120833333333
 20
184.2440505555556
 30
0.0
 10
41.08626388888889
 20
186.9851338888889
 30
0.0
 10
41.09684722222222
 20
187.0380505555555
 30
0.0
 10
41.87295833333333
 20
186.9392727777778
 30
0.0
 10
42.82193055555556
 20
186.7593561111111
 30
0.0
 10
43.77443055555555
 20
186.5794394444444
 30
0.0
 10
44.35298611111111
 20
186.3713005555555
 30
0.0
 10
44.52584722222222
 20
186.3360227777778
 30
0.0
 10
45.38309722222222
 20
186.1772727777778
 30
0.0
 10
47.96543055555555
 20
185.6904394444445
 30
0.0
 10
47.96543055555555
 20
185.6904394444445
 30
0.0
 10
48.15005092592592
 20
186.6735135185185
 30
0.0
 10
48.3346712962963
 20
187.6565875925926
 30
0.0
 10
48.51929166666667
 20
188.6396616666666
 30
0.0
 10
48.51929166666667
 20
188.6396616666666
 30
0.0
 10
45.93695833333333
 20
189.1229672222222
 30
0.0
 10
45.07970833333334
 20
189.285245
 30
0.0
 10
44.90684722222223
 20
189.316995
 30
0.0
 10
44.28948611111111
 20
189.3311061111111
 30
0.0
 10
43.34051388888889
 20
189.5110227777778
 30
0.0
 10
42.39506944444445
 20
189.6909394444444
 30
0.0
 10
41.640125
 20
189.8743838888889
 30
0.0
 10
41.640125
 20
189.9308283333333
 30
0.0
 10
42.74784722222222
 20
195.8292727777778
 30
0.0
 10
55.46901388888889
 20
188.872495
 30
0.0
 10
55.99465277777778
 20
190.4458838888889
 30
0.0
 10
56.01581944444445
 20
190.4952727777778
 30
0.0
 10
56.76370833333333
 20
190.2624394444444
 30
0.0
 10
57.67034722222223
 20
189.920245
 30
0.0
 10
58.57345833333333
 20
189.5815783333333
 30
0.0
 10
59.10968055555555
 20
189.2746616666667
 30
0.0
 10
59.27195833333333
 20
189.2111616666667
 30
0.0
 10
60.09040277777778
 20
188.904245
 30
0.0
 10
62.54573611111111
 20
187.9764394444445
 30
0.0
 10
62.54573611111111
 20
187.9764394444445
 30
0.0
 10
62.89851388888889
 20
188.9124764814815
 30
0.0
 10
63.25129166666667
 20
189.8485135185185
 30
0.0
 10
63.60406944444444
 20
190.7845505555555
 30
0.0
 10
63.60406944444444
 20
190.7845505555555
 30
0.0
 10
61.14873611111111
 20
191.7088283333333
 30
0.0
 10
60.33029166666667
 20
192.0192727777778
 30
0.0
 10
60.16448611111111
 20
192.079245
 30
0.0
 10
59.56123611111111
 20
192.2027172222222
 30
0.0
 10
58.65459722222222
 20
192.5413838888889
 30
0.0
 10
57.75148611111111
 20
192.8835783333333
 30
0.0
 10
57.03534722222222
 20
193.2010783333333
 30
0.0
 10
57.05298611111112
 20
193.253995
 30
0.0
 10
59.16965277777778
 20
198.8666894444444
 30
0.0
 10
71.40751388888889
 20
188.4068283333333
 30
0.0
 10
72.44820833333333
 20
190.1636616666667
 30
0.0
 10
72.47643055555555
 20
190.2095227777777
 30
0.0
 10
73.17140277777777
 20
189.8496894444444
 30
0.0
 10
74.00395833333333
 20
189.3558005555556
 30
0.0
 10
74.83651388888887
 20
188.8654394444445
 30
0.0
 10
75.30923611111112
 20
188.4668005555556
 30
0.0
 10
75.46093055555556
 20
188.3786061111111
 30
0.0
 10
76.21234722222222
 20
187.9341061111111
 30
0.0
 10
78.470125
 20
186.5935505555555
 30
0.0
 10
78.470125
 20
186.5935505555555
 30
0.0
 10
78.98047685185185
 20
187.4543283333333
 30
0.0
 10
79.4908287037037
 20
188.3151061111111
 30
0.0
 10
80.00118055555555
 20
189.1758838888889
 30
0.0
 10
80.00118055555555
 20
189.1758838888889
 30
0.0
 10
77.739875
 20
190.5129116666667
 30
0.0
 10
76.98845833333333
 20
190.9609394444444
 30
0.0
 10
76.83676388888888
 20
191.0491338888889
 30
0.0
 10
76.26526388888888
 20
191.2713838888889
 30
0.0
 10
75.43270833333334
 20
191.7652727777778
 30
0.0
 10
74.60015277777778
 20
192.2591616666667
 30
0.0
 10
73.94751388888889
 20
192.6966061111111
 30
0.0
 10
73.9757361111111
 20
192.7424672222222
 30
0.0
 10
77.03431944444444
 20
197.9071338888889
 30
0.0
 10
87.35659722222222
 20
185.8033283333333
 30
0.0
 10
88.45726388888889
 20
187.0839116666666
 30
0.0
 10
88.49254166666667
 20
187.126245
 30
0.0
 10
89.11343055555555
 20
186.649995
 30
0.0
 10
89.84720833333333
 20
186.0185227777778
 30
0.0
 10
90.5809861111111
 20
185.3905783333333
 30
0.0
 10
90.97962499999998
 20
184.9178561111111
 30
0.0
 10
91.11015277777777
 20
184.8049672222222
 30
0.0
 10
91.77690277777778
 20
184.2334672222222
 30
0.0
 10
93.76656944444444
 20
182.5260227777778
 30
0.0
 10
93.76656944444444
 20
182.5260227777778
 30
0.0
 10
94.41803240740741
 20
183.284495
 30
0.0
 10
95.06949537037038
 20
184.0429672222222
 30
0.0
 10
95.72095833333334
 20
184.8014394444445
 30
0.0
 10
95.72095833333334
 20
184.8014394444445
 30
0.0
 10
93.72776388888889
 20
186.5124116666667
 30
0.0
 10
93.06454166666666
 20
187.0803838888889
 30
0.0
 10
92.93401388888888
 20
187.1932727777778
 30
0.0
 10
92.40484722222222
 20
187.5143005555555
 30
0.0
 10
91.67106944444444
 20
188.1457727777778
 30
0.0
 10
90.93729166666665
 20
188.7737172222222
 30
0.0
 10
90.37284722222222
 20
189.316995
 30
0.0
 10
90.40812499999998
 20
189.3593283333333
 30
0.0
 10
94.31690277777777
 20
193.9136894444444
 30
0.0
 10
102.4519583333333
 20
181.9439394444445
 30
0.0
 10
104.0324027777778
 20
183.2421616666666
 30
0.0
 10
104.0747361111111
 20
183.2774394444444
 30
0.0
 10
104.6074305555555
 20
182.6988838888889
 30
0.0
 10
105.2212638888889
 20
181.950995
 30
0.0
 10
105.8350972222222
 20
181.2031061111111
 30
0.0
 10
106.1420138888889
 20
180.6704116666667
 30
0.0
 10
106.251375
 20
180.5363561111111
 30
0.0
 10
106.8087638888889
 20
179.8590227777778
 30
0.0
 10
108.473875
 20
177.8305505555556
 30
0.0
 10
108.473875
 20
177.8305505555556
 30
0.0
 10
109.2464583333333
 20
178.4643746296296
 30
0.0
 10
110.0190416666667
 20
179.0981987037037
 30
0.0
 10
110.791625
 20
179.7320227777778
 30
0.0
 10
110.791625
 20
179.7320227777778
 30
0.0
 10
109.1265138888889
 20
181.760495
 30
0.0
 10
108.5726527777778
 20
182.4378283333333
 30
0.0
 10
108.4597638888889
 20
182.5718838888889
 30
0.0
 10
107.997625
 20
182.9811061111111
 30
0.0
 10
107.3837916666667
 20
183.728995
 30
0.0
 10
106.7699583333333
 20
184.4768838888889
 30
0.0
 10
106.3113472222222
 20
185.1083561111111
 30
0.0
 10
106.3536805555556
 20
185.1436338888889
 30
0.0
 10
107.6448472222222
 20
186.1808005555555
 30
0.0
 10
109.5322083333333
 20
185.9726616666667
 30
0.0
 10
110.569375
 20
184.681495
 30
0.0
 10
115.0073194444444
 20
179.2663561111111
 30
0.0
 10
120.5917916666667
 20
183.9089116666667
 30
0.0
 10
126.0739583333333
 20
175.3611061111111
 30
0.0
 10
127.8907638888889
 20
172.5283005555555
 30
0.0
 10
129.9262916666667
 20
169.8083838888889
 30
0.0
 10
126.0492638888889
 20
167.5647172222222
 30
0.0
 10
125.999875
 20
167.5400227777778
 30
0.0
 10
125.5694861111111
 20
168.1926616666667
 30
0.0
 10
125.0861805555556
 20
169.0322727777778
 30
0.0
 10
124.602875
 20
169.8683561111111
 30
0.0
 10
124.3841527777778
 20
170.4469116666667
 30
0.0
 10
124.2959583333333
 20
170.5950783333333
 30
0.0
 10
123.8585138888889
 20
171.3535505555556
 30
0.0
 10
122.5461805555556
 20
173.6254394444444
 30
0.0
 10
122.5461805555556
 20
173.6254394444444
 30
0.0
 10
122.1569490740741
 20
173.4008375925926
 30
0.0
 10
121.7677175925926
 20
173.1762357407407
 30
0.0
 10
121.3784861111111
 20
172.9516338888889
 30
0.0
  0
SPLINE
  5
1F2
330
1F
100
AcDbEntity
  8
DEFAULT
 62
     1
100
AcDbSpline
210
0.0
220
0.0
230
1.0
 70
     8
 71
     3
 72
    41
 73
    37
 74
     0
 42
0.000000001
 43
0.0000000001
 40
0.0
 40
0.0
 40
0.0
 40
0.0
 40
3.821544190507302
 40
3.821544190507302
 40
3.821544190507302
 40
4.821544190507302
 40
4.821544190507302
 40
4.821544190507302
 40
5.821544190507302
 40
5.821544190507302
 40
5.821544190507302
 40
6.821544190507302
 40
6.821544190507302
 40
6.821544190507302
 40
7.821544190507302
 40
7.821544190507302
 40
7.821544190507302
 40
8.821544190507302
 40
8.821544190507302
 40
8.821544190507302
 40
9.821544190507302
 40
9.821544190507302
 40
9.821544190507302
 40
10.8215441905073
 40
10.8215441905073
 40
10.8215441905073
 40
11.8215441905073
 40
11.8215441905073
 40
11.8215441905073
 40
12.8215441905073
 40
12.8215441905073
 40
12.8215441905073
 40
13.8215441905073
 40
13.8215441905073
 40
13.8215441905073
 40
17.6517530620964
 40
17.6517530620964
 40
17.6517530620964
 40
17.6517530620964
 10
51.33093055555554
 20
174.5567727777778
 30
0.0
 10
51.72016203703702
 20
174.7813746296296
 30
0.0
 10
52.10939351851849
 20
175.0059764814815
 30
0.0
 10
52.49862499999998
 20
175.2305783333333
 30
0.0
 10
52.498625
 20
175.2305783333333
 30
0.0
 10
53.8144861111111
 20
172.9551616666666
 30
0.0
 10
54.25193055555555
 20
172.2002172222222
 30
0.0
 10
54.34012499999999
 20
172.0485227777777
 30
0.0
 10
54.55531944444444
 20
171.4699672222222
 30
0.0
 10
55.04215277777777
 20
170.6338838888889
 30
0.0
 10
55.52545833333332
 20
169.7978005555555
 30
0.0
 10
55.95584722222222
 20
169.1416338888889
 30
0.0
 10
56.00170833333333
 20
169.1698561111111
 30
0.0
 10
57.43751388888888
 20
169.9988838888889
 30
0.0
 10
57.92787499999999
 20
171.8333283333333
 30
0.0
 10
57.09884722222221
 20
173.2691338888889
 30
0.0
 10
54.89751388888889
 20
177.0756061111111
 30
0.0
 10
66.22520833333333
 20
178.4973005555555
 30
0.0
 10
72.12012499999999
 20
177.8305505555555
 30
0.0
 10
105.1542361111111
 20
174.0911061111111
 30
0.0
 10
114.1782916666667
 20
168.2314672222222
 30
0.0
 10
116.6689027777778
 20
164.6860505555555
 30
0.0
 10
119.1595138888889
 20
161.1406338888889
 30
0.0
 10
121.3820138888889
 20
164.869495
 30
0.0
 10
123.4492916666667
 20
166.0654116666666
 30
0.0
 10
123.4986805555555
 20
166.0936338888889
 30
0.0
 10
123.1459027777778
 20
166.7921338888889
 30
0.0
 10
122.6625972222222
 20
167.631745
 30
0.0
 10
122.1757638888889
 20
168.4678283333333
 30
0.0
 10
121.7877083333333
 20
168.9440783333333
 30
0.0
 10
121.6995138888889
 20
169.0957727777778
 30
0.0
 10
121.2620694444444
 20
169.854245
 30
0.0
 10
119.9462083333333
 20
172.1261338888889
 30
0.0
 10
119.9462083333333
 20
172.1261338888889
 30
0.0
 10
120.3366157407407
 20
172.3507357407408
 30
0.0
 10
120.7270231481481
 20
172.5753375925925
 30
0.0
 10
121.1174305555555
 20
172.7999394444444
 30
0.0
  0
SPLINE
  5
1F3
330
1F
100
AcDbEntity
  8
DEFAULT
 62
   250
100
AcDbSpline
210
0.0
220
0.0
230
1.0
 70
    11
 71
     3
 72
    17
 73
    13
 74
     0
 42
0.000000001
 43
0.0000000001
 40
0.0
 40
0.0
 40
0.0
 40
0.0
 40
1.0
 40
1.0
 40
1.0
 40
2.0
 40
2.0
 40
2.0
 40
3.0
 40
3.0
 40
3.0
 40
4.0
 40
4.0
 40
4.0
 40
4.0
 10
146.3507783333333
 20
166.1523713888889
 30
0.0
 10
145.1079422222222
 20
166.1523713888889
 30
0.0
 10
144.1004088888889
 20
167.1599047222222
 30
0.0
 10
144.1004088888889
 20
168.4027408333333
 30
0.0
 10
144.1004088888889
 20
169.6455769444444
 30
0.0
 10
145.1079422222222
 20
170.6531102777778
 30
0.0
 10
146.3507783333333
 20
170.6531102777778
 30
0.0
 10
147.5936144444444
 20
170.6531102777778
 30
0.0
 10
148.6011477777778
 20
169.6455769444444
 30
0.0
 10
148.6011477777778
 20
168.4027408333333
 30
0.0
 10
148.6011477777778
 20
167.1599047222222
 30
0.0
 10
147.5936144444444
 20
166.1523713888889
 30
0.0
 10
146.3507783333333
 20
166.1523713888889
 30
0.0
  0
SPLINE
  5
1F4
330
1F
100
AcDbEntity
  8
DEFAULT
 62
   250
100
AcDbSpline
210
0.0
220
0.0
230
1.0
 70
    11
 71
     3
 72
    17
 73
    13
 74
     0
 42
0.000000001
 43
0.0000000001
 40
0.0
 40
0.0
 40
0.0
 40
0.0
 40
1.0
 40
1.0
 40
1.0
 40
2.0
 40
2.0
 40
2.0
 40
3.0
 40
3.0
 40
3.0
 40
4.0
 40
4.0
 40
4.0
 40
4.0
 10
153.8508338888889
 20
266.1525594444444
 30
0.0
 10
152.6079977777777
 20
266.1525594444444
 30
0.0
 10
151.6004644444444
 20
267.1600927777778
 30
0.0
 10
151.6004644444444
 20
268.4029288888889
 30
0.0
 10
151.6004644444444
 20
269.645765
 30
0.0
 10
152.6079977777777
 20
270.6532983333333
 30
0.0
 10
153.8508338888889
 20
270.6532983333333
 30
0.0
 10
155.09367
 20
270.6532983333333
 30
0.0
 10
156.1012033333333
 20
269.645765
 30
0.0
 10
156.1012033333333
 20
268.4029288888889
 30
0.0
 10
156.1012033333333
 20
267.1600927777778
 30
0.0
 10
155.09367
 20
266.1525594444444
 30
0.0
 10
153.8508338888889
 20
266.1525594444444
 30
0.0
  0
SPLINE
  5
1F5
330
1F
100
AcDbEntity
  8
DEFAULT
 62
     1
100
AcDbSpline
210
0.0
220
0.0
230
1.0
 70
     8
 71
     3
 72
    11
 73
     7
 74
     0
 42
0.000000001
 43
0.0000000001
 40
0.0
 40
0.0
 40
0.0
 40
0.0
 40
1.0
 40
1.0
 40
1.0
 40
2.0
 40
2.0
 40
2.0
 40
2.0
 10
141.3492361111111
 20
168.552495
 30
0.0
 10
141.3562916666667
 20
185.1683283333333
 30
0.0
 10
142.6015972222222
 20
201.7841616666667
 30
0.0
 10
142.6015972222222
 20
218.399995
 30
0.0
 10
142.6015972222222
 20
235.0193561111111
 30
0.0
 10
143.843375
 20
251.6351894444444
 30
0.0
 10
143.8504305555555
 20
268.2545505555556
 30
0.0
  0
SPLINE
  5
1F6
330
1F
100
AcDbEntity
  8
DEFAULT
 62
     1
100
AcDbSpline
210
0.0
220
0.0
230
1.0
 70
     8
 71
     3
 72
    11
 73
     7
 74
     0
 42
0.000000001
 43
0.0000000001
 40
0.0
 40
0.0
 40
0.0
 40
0.0
 40
1.0
 40
1.0
 40
1.0
 40
2.0
 40
2.0
 40
2.0
 40
2.0
 10
141.3527638888889
 20
168.2526338888889
 30
0.0
 10
141.430375
 20
165.5574116666667
 30
0.0
 10
143.6387638888889
 20
163.4019394444444
 30
0.0
 10
146.351625
 20
163.4019394444444
 30
0.0
 10
149.0644861111111
 20
163.4019394444444
 30
0.0
 10
151.2693472222222
 20
165.5574116666667
 30
0.0
 10
151.3469583333333
 20
168.2526338888889
 30
0.0
  0
SPLINE
  5
1F7
330
1F
100
AcDbEntity
  8
DEFAULT
 62
     1
100
AcDbSpline
210
0.0
220
0.0
230
1.0
 70
     8
 71
     3
 72
    11
 73
     7
 74
     0
 42
0.000000001
 43
0.0000000001
 40
0.0
 40
0.0
 40
0.0
 40
0.0
 40
1.0
 40
1.0
 40
1.0
 40
2.0
 40
2.0
 40
2.0
 40
2.0
 10
143.8574861111111
 20
268.5544116666667
 30
0.0
 10
143.9350972222222
 20
269.8632172222222
 30
0.0
 10
145.0216527777778
 20
270.9003838888889
 30
0.0
 10
146.351625
 20
270.9003838888889
 30
0.0
 10
147.6780694444444
 20
270.9003838888889
 30
0.0
 10
148.764625
 20
269.8632172222222
 30
0.0
 10
148.8422361111111
 20
268.5544116666667
 30
0.0
  0
SPLINE
  5
1F8
330
1F
100
AcDbEntity
  8
DEFAULT
 62
     1
100
AcDbSpline
210
0.0
220
0.0
230
1.0
 70
     8
 71
     3
 72
    11
 73
     7
 74
     0
 42
0.000000001
 43
0.0000000001
 40
0.0
 40
0.0
 40
0.0
 40
0.0
 40
1.0
 40
1.0
 40
1.0
 40
2.0
 40
2.0
 40
2.0
 40
2.0
 10
148.8528194444444
 20
268.5544116666667
 30
0.0
 10
148.9304305555555
 20
271.2461061111111
 30
0.0
 10
151.1352916666667
 20
273.4015783333333
 30
0.0
 10
153.8481527777778
 20
273.4015783333333
 30
0.0
 10
156.5610138888889
 20
273.4015783333333
 30
0.0
 10
158.7694027777778
 20
271.2461061111111
 30
0.0
 10
158.8470138888889
 20
268.5544116666667
 30
0.0
  0
SPLINE
  5
1F9
330
1F
100
AcDbEntity
  8
DEFAULT
 62
     1
100
AcDbSpline
210
0.0
220
0.0
230
1.0
 70
     8
 71
     3
 72
    11
 73
     7
 74
     0
 42
0.000000001
 43
0.0000000001
 40
0.0
 40
0.0
 40
0.0
 40
0.0
 40
1.0
 40
1.0
 40
1.0
 40
2.0
 40
2.0
 40
2.0
 40
2.0
 10
151.3575416666667
 20
168.2526338888889
 30
0.0
 10
151.431625
 20
166.9438283333333
 30
0.0
 10
152.5181805555555
 20
165.9031338888889
 30
0.0
 10
153.8481527777778
 20
165.9031338888889
 30
0.0
 10
155.1816527777778
 20
165.9031338888889
 30
0.0
 10
156.2682083333333
 20
166.9438283333333
 30
0.0
 10
156.3422916666667
 20
168.2526338888889
 30
0.0
  0
SPLINE
  5
1FA
330
1F
100
AcDbEntity
  8
DEFAULT
 62
     1
100
AcDbSpline
210
0.0
220
0.0
230
1.0
 70
     8
 71
     3
 72
    11
 73
     7
 74
     0
 42
0.000000001
 43
0.0000000001
 40
0.0
 40
0.0
 40
0.0
 40
0.0
 40
1.0
 40
1.0
 40
1.0
 40
2.0
 40
2.0
 40
2.0
 40
2.0
 10
148.8492916666667
 20
268.2545505555556
 30
0.0
 10
148.8563472222222
 20
251.6387172222222
 30
0.0
 10
150.098125
 20
235.0193561111111
 30
0.0
 10
150.098125
 20
218.4035227777778
 30
0.0
 10
150.098125
 20
201.7841616666667
 30
0.0
 10
151.3434305555555
 20
185.1718561111111
 30
0.0
 10
151.3504861111111
 20
168.552495
 30
0.0
  0
SPLINE
  5
1FB
330
1F
100
AcDbEntity
  8
DEFAULT
 62
     1
100
AcDbSpline
210
0.0
220
0.0
230
1.0
 70
     8
 71
     3
 72
    11
 73
     7
 74
     0
 42
0.000000001
 43
0.0000000001
 40
0.0
 40
0.0
 40
0.0
 40
0.0
 40
1.0
 40
1.0
 40
1.0
 40
2.0
 40
2.0
 40
2.0
 40
2.0
 10
156.3493472222222
 20
168.552495
 30
0.0
 10
156.3564027777778
 20
185.1718561111111
 30
0.0
 10
157.5981805555556
 20
201.7841616666667
 30
0.0
 10
157.5981805555556
 20
218.4035227777778
 30
0.0
 10
157.5981805555556
 20
235.0193561111111
 30
0.0
 10
158.8434861111111
 20
251.6387172222222
 30
0.0
 10
158.8505416666666
 20
268.2545505555556
 30
0.0
  0
SPLINE
  5
1FC
330
1F
100
AcDbEntity
  8
DEFAULT
 62
     3
100
AcDbSpline
210
0.0
220
0.0
230
1.0
 70
    11
 71
     3
 72
    17
 73
    13
 74
     0
 42
0.000000001
 43
0.0000000001
 40
0.0
 40
0.0
 40
0.0
 40
0.0
 40
1.0
 40
1.0
 40
1.0
 40
2.0
 40
2.0
 40
2.0
 40
3.0
 40
3.0
 40
3.0
 40
4.0
 40
4.0
 40
4.0
 40
4.0
 10
186.4409741666666
 20
92.56208027777777
 30
0.0
 10
186.8082158333333
 20
90.89061916666665
 30
0.0
 10
185.5103463888888
 20
92.98964694444443
 30
0.0
 10
184.3553519444444
 20
92.80479138888887
 30
0.0
 10
181.5013797222222
 20
92.34759138888887
 30
0.0
 10
185.4503741666666
 20
93.08383861111109
 30
0.0
 10
184.3140769444444
 20
96.75378583333332
 30
0.0
 10
183.8159547222222
 20
98.3620997222222
 30
0.0
 10
184.4798825
 20
96.67088305555554
 30
0.0
 10
186.3164436111111
 20
96.91994416666665
 30
0.0
 10
188.7710713888889
 20
97.2526136111111
 30
0.0
 10
185.5174019444444
 20
96.76436916666664
 30
0.0
 10
186.4409741666666
 20
92.56208027777777
 30
0.0
  0
SPLINE
  5
1FD
330
1F
100
AcDbEntity
  8
DEFAULT
 62
     3
100
AcDbSpline
210
0.0
220
0.0
230
1.0
 70
    11
 71
     3
 72
    20
 73
    16
 74
     0
 42
0.000000001
 43
0.0000000001
 40
0.0
 40
0.0
 40
0.0
 40
0.0
 40
1.0
 40
1.0
 40
1.0
 40
2.0
 40
2.0
 40
2.0
 40
3.0
 40
3.0
 40
3.0
 40
4.0
 40
4.0
 40
4.0
 40
5.0
 40
5.0
 40
5.0
 40
5.0
 10
158.257875
 20
98.70806888888887
 30
0.0
 10
157.1660277777778
 20
99.9759522222222
 30
0.0
 10
156.5148
 20
100.11918
 30
0.0
 10
156.8051361111111
 20
98.58353833333331
 30
0.0
 10
157.095825
 20
97.04789666666665
 30
0.0
 10
155.3111222222222
 20
96.13490777777777
 30
0.0
 10
155.933775
 20
94.76542444444443
 30
0.0
 10
156.556075
 20
93.39558833333331
 30
0.0
 10
156.4315444444444
 20
92.94226888888888
 30
0.0
 10
157.3032583333333
 20
94.87055222222222
 30
0.0
 10
158.1749722222222
 20
96.79883555555554
 30
0.0
 10
160.2383694444444
 20
96.46687166666665
 30
0.0
 10
160.8253916666667
 20
96.21781055555553
 30
0.0
 10
161.4120611111111
 20
95.96874944444443
 30
0.0
 10
159.5444555555555
 20
97.21405499999997
 30
0.0
 10
158.257875
 20
98.70806888888887
 30
0.0
  0
SPLINE
  5
1FE
330
1F
100
AcDbEntity
  8
DEFAULT
 62
     3
100
AcDbSpline
210
0.0
220
0.0
230
1.0
 70
    11
 71
     3
 72
    20
 73
    16
 74
     0
 42
0.000000001
 43
0.0000000001
 40
0.0
 40
0.0
 40
0.0
 40
0.0
 40
1.0
 40
1.0
 40
1.0
 40
2.0
 40
2.0
 40
2.0
 40
3.0
 40
3.0
 40
3.0
 40
4.0
 40
4.0
 40
4.0
 40
5.0
 40
5.0
 40
5.0
 40
5.0
 10
169.1732427777778
 20
94.84688083333333
 30
0.0
 10
168.0133094444444
 20
92.96833916666667
 30
0.0
 10
169.1732427777778
 20
91.85991138888889
 30
0.0
 10
169.5052066666667
 20
91.07145305555555
 30
0.0
 10
169.8371705555555
 20
90.28299472222221
 30
0.0
 10
167.5130705555555
 20
89.7164336111111
 30
0.0
 10
166.807515
 20
88.29791416666666
 30
0.0
 10
166.1019594444444
 20
86.8797475
 30
0.0
 10
167.38854
 20
90.82239194444443
 30
0.0
 10
166.5584538888889
 20
92.39966138888887
 30
0.0
 10
165.7283677777778
 20
93.97657805555555
 30
0.0
 10
164.1927261111111
 20
95.5538475
 30
0.0
 10
166.3510205555556
 20
95.38768916666666
 30
0.0
 10
168.509315
 20
95.2218836111111
 30
0.0
 10
170.3769205555555
 20
96.79633083333333
 30
0.0
 10
169.1732427777778
 20
94.84688083333333
 30
0.0
  0
SPLINE
  5
1FF
330
1F
100
AcDbEntity
  8
DEFAULT
 62
     3
100
AcDbSpline
210
0.0
220
0.0
230
1.0
 70
    11
 71
     3
 72
    20
 73
    16
 74
     0
 42
0.000000001
 43
0.0000000001
 40
0.0
 40
0.0
 40
0.0
 40
0.0
 40
1.0
 40
1.0
 40
1.0
 40
2.0
 40
2.0
 40
2.0
 40
3.0
 40
3.0
 40
3.0
 40
4.0
 40
4.0
 40
4.0
 40
5.0
 40
5.0
 40
5.0
 40
5.0
 10
141.8948775
 20
98.70806888888887
 30
0.0
 10
142.9867247222222
 20
99.9759522222222
 30
0.0
 10
143.6379525
 20
100.11918
 30
0.0
 10
143.3476163888889
 20
98.58353833333331
 30
0.0
 10
143.0569275
 20
97.04789666666665
 30
0.0
 10
144.8416302777778
 20
96.13490777777777
 30
0.0
 10
144.2189775
 20
94.76542444444443
 30
0.0
 10
143.5966775
 20
93.39558833333331
 30
0.0
 10
143.7208552777778
 20
92.94226888888888
 30
0.0
 10
142.8494941666667
 20
94.87055222222222
 30
0.0
 10
141.9777802777778
 20
96.79883555555554
 30
0.0
 10
139.9143830555556
 20
96.46687166666665
 30
0.0
 10
139.3273608333333
 20
96.21781055555553
 30
0.0
 10
138.7406913888889
 20
95.96874944444443
 30
0.0
 10
140.6082969444444
 20
97.21405499999997
 30
0.0
 10
141.8948775
 20
98.70806888888887
 30
0.0
  0
SPLINE
  5
200
330
1F
100
AcDbEntity
  8
DEFAULT
 62
     3
100
AcDbSpline
210
0.0
220
0.0
230
1.0
 70
    11
 71
     3
 72
    20
 73
    16
 74
     0
 42
0.000000001
 43
0.0000000001
 40
0.0
 40
0.0
 40
0.0
 40
0.0
 40
1.0
 40
1.0
 40
1.0
 40
2.0
 40
2.0
 40
2.0
 40
3.0
 40
3.0
 40
3.0
 40
4.0
 40
4.0
 40
4.0
 40
5.0
 40
5.0
 40
5.0
 40
5.0
 10
130.979545
 20
94.84688083333333
 30
0.0
 10
132.1394783333333
 20
92.96833916666667
 30
0.0
 10
130.979545
 20
91.85991138888889
 30
0.0
 10
130.6475811111111
 20
91.07145305555555
 30
0.0
 10
130.3156172222222
 20
90.28299472222221
 30
0.0
 10
132.6397172222222
 20
89.7164336111111
 30
0.0
 10
133.3452727777778
 20
88.29791416666666
 30
0.0
 10
134.0508283333333
 20
86.8797475
 30
0.0
 10
132.7642477777778
 20
90.82239194444443
 30
0.0
 10
133.5943338888889
 20
92.39966138888887
 30
0.0
 10
134.42442
 20
93.97657805555555
 30
0.0
 10
135.9600616666667
 20
95.5538475
 30
0.0
 10
133.8017672222222
 20
95.38768916666666
 30
0.0
 10
131.6434727777778
 20
95.2218836111111
 30
0.0
 10
129.7758672222222
 20
96.79633083333333
 30
0.0
 10
130.979545
 20
94.84688083333333
 30
0.0
  0
SPLINE
  5
201
330
1F
100
AcDbEntity
  8
DEFAULT
 62
     3
100
AcDbSpline
210
0.0
220
0.0
230
1.0
 70
    11
 71
     3
 72
    17
 73
    13
 74
     0
 42
0.000000001
 43
0.0000000001
 40
0.0
 40
0.0
 40
0.0
 40
0.0
 40
1.0
 40
1.0
 40
1.0
 40
2.0
 40
2.0
 40
2.0
 40
3.0
 40
3.0
 40
3.0
 40
4.0
 40
4.0
 40
4.0
 40
4.0
 10
113.7606027777778
 20
92.56208027777777
 30
0.0
 10
113.3933611111111
 20
90.89061916666665
 30
0.0
 10
114.6912305555555
 20
92.98964694444443
 30
0.0
 10
115.846225
 20
92.80479138888887
 30
0.0
 10
118.7001972222222
 20
92.34759138888887
 30
0.0
 10
114.7512027777778
 20
93.08383861111109
 30
0.0
 10
115.8875
 20
96.75378583333332
 30
0.0
 10
116.3856222222222
 20
98.3620997222222
 30
0.0
 10
115.7216944444444
 20
96.67088305555554
 30
0.0
 10
113.8851333333333
 20
96.91994416666665
 30
0.0
 10
111.4305055555555
 20
97.2526136111111
 30
0.0
 10
114.684175
 20
96.76436916666664
 30
0.0
 10
113.7606027777778
 20
92.56208027777777
 30
0.0
  0
SPLINE
  5
202
330
1F
100
AcDbEntity
  8
DEFAULT
 62
     5
100
AcDbSpline
210
0.0
220
0.0
230
1.0
 70
    11
 71
     3
 72
    23
 73
    19
 74
     0
 42
0.000000001
 43
0.0000000001
 40
0.0
 40
0.0
 40
0.0
 40
0.0
 40
1.0
 40
1.0
 40
1.0
 40
2.0
 40
2.0
 40
2.0
 40
3.0
 40
3.0
 40
3.0
 40
4.0
 40
4.0
 40
4.0
 40
5.0
 40
5.0
 40
5.0
 40
6.0
 40
6.0
 40
6.0
 40
6.0
 10
198.4561972222222
 20
98.22726805555556
 30
0.0
 10
200.3657833333333
 20
98.42235416666666
 30
0.0
 10
199.8881222222222
 20
97.79440972222223
 30
0.0
 10
198.4561972222222
 20
95.02263472222222
 30
0.0
 10
197.0242722222222
 20
92.25085972222223
 30
0.0
 10
197.1488027777777
 20
89.61666805555555
 30
0.0
 10
197.5223944444444
 20
88.10113472222221
 30
0.0
 10
197.8959861111111
 20
86.58560138888889
 30
0.0
 10
196.4055
 20
87.52645972222221
 30
0.0
 10
195.4057277777777
 20
86.39898194444444
 30
0.0
 10
194.1918194444444
 20
85.02914583333333
 30
0.0
 10
193.6002111111111
 20
85.8758125
 30
0.0
 10
195.1566666666667
 20
87.91945416666667
 30
0.0
 10
196.1634944444444
 20
89.24131249999999
 30
0.0
 10
197.1152888888888
 20
93.47746805555555
 30
0.0
 10
196.9907583333333
 20
95.83190694444443
 30
0.0
 10
196.8662277777778
 20
98.18634583333333
 30
0.0
 10
196.3395305555555
 20
98.01101527777777
 30
0.0
 10
198.4561972222222
 20
98.22726805555556
 30
0.0
  0
SPLINE
  5
203
330
1F
100
AcDbEntity
  8
DEFAULT
 62
     5
100
AcDbSpline
210
0.0
220
0.0
230
1.0
 70
    11
 71
     3
 72
    20
 73
    16
 74
     0
 42
0.000000001
 43
0.0000000001
 40
0.0
 40
0.0
 40
0.0
 40
0.0
 40
1.0
 40
1.0
 40
1.0
 40
2.0
 40
2.0
 40
2.0
 40
3.0
 40
3.0
 40
3.0
 40
4.0
 40
4.0
 40
4.0
 40
5.0
 40
5.0
 40
5.0
 40
5.0
 10
188.9934272222222
 20
98.91208027777776
 30
0.0
 10
185.2582161111111
 20
98.04036638888887
 30
0.0
 10
181.7727716666667
 20
101.4559608333333
 30
0.0
 10
182.2126855555556
 20
99.07506361111109
 30
0.0
 10
182.8974272222222
 20
95.36701638888889
 30
0.0
 10
182.2747744444445
 20
92.56560805555554
 30
0.0
 10
180.65623
 20
91.38274416666665
 30
0.0
 10
179.0376855555556
 20
90.19988027777777
 30
0.0
 10
181.4623272222222
 20
92.59136083333333
 30
0.0
 10
187.0295133333333
 20
89.61144694444444
 30
0.0
 10
190.0482327777778
 20
87.99537194444443
 30
0.0
 10
188.4861327777778
 20
89.27031083333333
 30
0.0
 10
187.9975355555556
 20
92.4375497222222
 30
0.0
 10
187.4994133333333
 20
95.66440805555554
 30
0.0
 10
190.9167716666667
 20
99.3608136111111
 30
0.0
 10
188.9934272222222
 20
98.91208027777776
 30
0.0
  0
SPLINE
  5
204
330
1F
100
AcDbEntity
  8
DEFAULT
 62
     5
100
AcDbSpline
210
0.0
220
0.0
230
1.0
 70
    11
 71
     3
 72
    32
 73
    28
 74
     0
 42
0.000000001
 43
0.0000000001
 40
1.0
 40
1.0
 40
1.0
 40
1.0
 40
2.0
 40
2.0
 40
2.0
 40
3.0
 40
3.0
 40
3.0
 40
4.0
 40
4.0
 40
4.0
 40
5.0
 40
5.0
 40
5.0
 40
6.0
 40
6.0
 40
6.0
 40
7.0
 40
7.0
 40
7.0
 40
8.0
 40
8.0
 40
8.0
 40
9.0
 40
9.0
 40
9.0
 40
10.0
 40
10.0
 40
10.0
 40
10.0
 10
173.1990369444444
 20
97.9195047222222
 30
0.0
 10
176.3345258333333
 20
102.0692297222222
 30
0.0
 10
172.8878869444444
 20
98.54215749999997
 30
0.0
 10
168.4675813888889
 20
97.9815936111111
 30
0.0
 10
164.0476286111111
 20
97.42138249999999
 30
0.0
 10
161.8685202777778
 20
97.61752694444444
 30
0.0
 10
160.2499758333333
 20
99.76065194444443
 30
0.0
 10
158.6314313888889
 20
101.9037769444444
 30
0.0
 10
156.8883563888889
 20
102.1528380555555
 30
0.0
 10
154.6471591666667
 20
103.8959130555555
 30
0.0
 10
152.4059619444444
 20
105.6389880555555
 30
0.0
 10
156.0166425
 20
98.16856583333332
 30
0.0
 10
154.2735675
 20
95.9273686111111
 30
0.0
 10
152.5304925
 20
93.68617138888888
 30
0.0
 10
155.5185202777778
 20
94.37091305555553
 30
0.0
 10
156.1411730555555
 20
89.8264297222222
 30
0.0
 10
156.7638258333333
 20
85.28159361111109
 30
0.0
 10
156.0706175
 20
96.46500194444444
 30
0.0
 10
161.8332425
 20
94.0795186111111
 30
0.0
 10
167.5962202777777
 20
91.69403527777777
 30
0.0
 10
160.6856563888889
 20
79.43183249999998
 30
0.0
 10
166.0397647222222
 20
83.94421305555554
 30
0.0
 10
171.3935202777778
 20
88.45659361111109
 30
0.0
 10
174.0083091666666
 20
88.7056547222222
 30
0.0
 10
173.1990369444444
 20
90.76023249999999
 30
0.0
 10
172.3897647222222
 20
92.81445749999999
 30
0.0
 10
171.0823702777778
 20
95.11809638888889
 30
0.0
 10
173.1990369444444
 20
97.9195047222222
 30
0.0
  0
SPLINE
  5
205
330
1F
100
AcDbEntity
  8
DEFAULT
 62
     5
100
AcDbSpline
210
0.0
220
0.0
230
1.0
 70
    11
 71
     3
 72
    32
 73
    28
 74
     0
 42
0.000000001
 43
0.0000000001
 40
1.0
 40
1.0
 40
1.0
 40
1.0
 40
2.0
 40
2.0
 40
2.0
 40
3.0
 40
3.0
 40
3.0
 40
4.0
 40
4.0
 40
4.0
 40
5.0
 40
5.0
 40
5.0
 40
6.0
 40
6.0
 40
6.0
 40
7.0
 40
7.0
 40
7.0
 40
8.0
 40
8.0
 40
8.0
 40
9.0
 40
9.0
 40
9.0
 40
10.0
 40
10.0
 40
10.0
 40
10.0
 10
126.9537155555555
 20
97.9195047222222
 30
0.0
 10
123.8182266666667
 20
102.0692297222222
 30
0.0
 10
127.2648655555556
 20
98.54215749999997
 30
0.0
 10
131.6851711111111
 20
97.9815936111111
 30
0.0
 10
136.1051238888889
 20
97.42138249999999
 30
0.0
 10
138.2842322222222
 20
97.61752694444444
 30
0.0
 10
139.9027766666667
 20
99.76065194444443
 30
0.0
 10
141.5213211111111
 20
101.9037769444444
 30
0.0
 10
143.2643961111111
 20
102.1528380555555
 30
0.0
 10
145.5055933333333
 20
103.8959130555555
 30
0.0
 10
147.7467905555555
 20
105.6389880555555
 30
0.0
 10
144.13611
 20
98.16856583333332
 30
0.0
 10
145.879185
 20
95.9273686111111
 30
0.0
 10
147.62226
 20
93.68617138888888
 30
0.0
 10
144.6342322222222
 20
94.37091305555553
 30
0.0
 10
144.0115794444444
 20
89.8264297222222
 30
0.0
 10
143.3889266666667
 20
85.28159361111109
 30
0.0
 10
144.0824877777778
 20
96.46500194444444
 30
0.0
 10
138.31951
 20
94.0795186111111
 30
0.0
 10
132.5565322222222
 20
91.69403527777777
 30
0.0
 10
139.4670961111111
 20
79.43183249999998
 30
0.0
 10
134.1129877777778
 20
83.94421305555554
 30
0.0
 10
128.7592322222222
 20
88.45659361111109
 30
0.0
 10
126.1444433333333
 20
88.7056547222222
 30
0.0
 10
126.9537155555555
 20
90.76023249999999
 30
0.0
 10
127.7629877777778
 20
92.81445749999999
 30
0.0
 10
129.0703822222222
 20
95.11809638888889
 30
0.0
 10
126.9537155555555
 20
97.9195047222222
 30
0.0
  0
SPLINE
  5
206
330
1F
100
AcDbEntity
  8
DEFAULT
 62
     5
100
AcDbSpline
210
0.0
220
0.0
230
1.0
 70
    11
 71
     3
 72
    23
 73
    19
 74
     0
 42
0.000000001
 43
0.0000000001
 40
0.0
 40
0.0
 40
0.0
 40
0.0
 40
1.0
 40
1.0
 40
1.0
 40
2.0
 40
2.0
 40
2.0
 40
3.0
 40
3.0
 40
3.0
 40
4.0
 40
4.0
 40
4.0
 40
5.0
 40
5.0
 40
5.0
 40
6.0
 40
6.0
 40
6.0
 40
6.0
 10
101.745415
 20
98.22726805555556
 30
0.0
 10
99.83582888888887
 20
98.42235416666666
 30
0.0
 10
100.31349
 20
97.79440972222223
 30
0.0
 10
101.745415
 20
95.02263472222222
 30
0.0
 10
103.17734
 20
92.25085972222223
 30
0.0
 10
103.0528094444444
 20
89.61666805555555
 30
0.0
 10
102.6792177777778
 20
88.10113472222221
 30
0.0
 10
102.3056261111111
 20
86.58560138888889
 30
0.0
 10
103.7961122222222
 20
87.52645972222221
 30
0.0
 10
104.7958844444444
 20
86.39898194444444
 30
0.0
 10
106.0097927777778
 20
85.02914583333333
 30
0.0
 10
106.6014011111111
 20
85.8758125
 30
0.0
 10
105.0449455555555
 20
87.91945416666667
 30
0.0
 10
104.0381177777778
 20
89.24131249999999
 30
0.0
 10
103.0863233333333
 20
93.47746805555555
 30
0.0
 10
103.2108538888889
 20
95.83190694444443
 30
0.0
 10
103.3353844444444
 20
98.18634583333333
 30
0.0
 10
103.8620816666667
 20
98.01101527777777
 30
0.0
 10
101.745415
 20
98.22726805555556
 30
0.0
  0
SPLINE
  5
207
330
1F
100
AcDbEntity
  8
DEFAULT
 62
     5
100
AcDbSpline
210
0.0
220
0.0
230
1.0
 70
    11
 71
     3
 72
    20
 73
    16
 74
     0
 42
0.000000001
 43
0.0000000001
 40
0.0
 40
0.0
 40
0.0
 40
0.0
 40
1.0
 40
1.0
 40
1.0
 40
2.0
 40
2.0
 40
2.0
 40
3.0
 40
3.0
 40
3.0
 40
4.0
 40
4.0
 40
4.0
 40
5.0
 40
5.0
 40
5.0
 40
5.0
 10
111.2081497222222
 20
98.91208027777776
 30
0.0
 10
114.9433608333333
 20
98.04036638888887
 30
0.0
 10
118.4288052777778
 20
101.4559608333333
 30
0.0
 10
117.9888913888889
 20
99.07506361111109
 30
0.0
 10
117.3041497222222
 20
95.36701638888889
 30
0.0
 10
117.9268025
 20
92.56560805555554
 30
0.0
 10
119.5453469444444
 20
91.38274416666665
 30
0.0
 10
121.1638913888889
 20
90.19988027777777
 30
0.0
 10
118.7392497222222
 20
92.59136083333333
 30
0.0
 10
113.1720636111111
 20
89.61144694444444
 30
0.0
 10
110.1533441666667
 20
87.99537194444443
 30
0.0
 10
111.7154441666667
 20
89.27031083333333
 30
0.0
 10
112.2043941666667
 20
92.4375497222222
 30
0.0
 10
112.7021636111111
 20
95.66440805555554
 30
0.0
 10
109.2848052777778
 20
99.3608136111111
 30
0.0
 10
111.2081497222222
 20
98.91208027777776
 30
0.0
  0
POLYLINE
  5
208
330
1F
100
AcDbEntity
  8
DEFAULT
 62
   250
100
AcDb2dPolyline
 66
     1
 10
0.0
 20
0.0
 30
0.0
  0
VERTEX
  5
209
330
208
100
AcDbEntity
  8
DEFAULT
 62
   250
100
AcDbVertex
100
AcDb2dVertex
 10
177.4328288888889
 20
93.92235611111113
 30
0.0
  0
VERTEX
  5
20A
330
208
100
AcDbEntity
  8
DEFAULT
 62
   250
100
AcDbVertex
100
AcDb2dVertex
 10
177.8935566666666
 20
96.00057
 30
0.0
  0
VERTEX
  5
20B
330
208
100
AcDbEntity
  8
DEFAULT
 62
   250
100
AcDbVertex
100
AcDb2dVertex
 10
177.53584
 20
96.079945
 30
0.0
  0
SEQEND
  5
20C
330
208
100
AcDbEntity
  8
DEFAULT
 62
   250
  0
POLYLINE
  5
20D
330
1F
100
AcDbEntity
  8
DEFAULT
 62
   250
100
AcDb2dPolyline
 66
     1
 10
0.0
 20
0.0
 30
0.0
  0
VERTEX
  5
20E
330
20D
100
AcDbEntity
  8
DEFAULT
 62
   250
100
AcDbVertex
100
AcDb2dVertex
 10
108.4907377777778
 20
90.72700083333332
 30
0.0
  0
VERTEX
  5
20F
330
20D
100
AcDbEntity
  8
DEFAULT
 62
   250
100
AcDbVertex
100
AcDb2dVertex
 10
108.0271877777778
 20
92.80450916666666
 30
0.0
  0
VERTEX
  5
210
330
20D
100
AcDbEntity
  8
DEFAULT
 62
   250
100
AcDbVertex
100
AcDb2dVertex
 10
107.6694711111111
 20
92.72478138888889
 30
0.0
  0
SEQEND
  5
211
330
20D
100
AcDbEntity
  8
DEFAULT
 62
   250
  0
POLYLINE
  5
212
330
1F
100
AcDbEntity
  8
DEFAULT
 62
   250
100
AcDb2dPolyline
 66
     1
 10
0.0
 20
0.0
 30
0.0
  0
VERTEX
  5
213
330
212
100
AcDbEntity
  8
DEFAULT
 62
   250
100
AcDbVertex
100
AcDb2dVertex
 10
192.0731066666667
 20
90.64861361111109
 30
0.0
  0
VERTEX
  5
214
330
212
100
AcDbEntity
  8
DEFAULT
 62
   250
100
AcDbVertex
100
AcDb2dVertex
 10
192.5338344444444
 20
92.7268275
 30
0.0
  0
VERTEX
  5
215
330
212
100
AcDbEntity
  8
DEFAULT
 62
   250
100
AcDbVertex
100
AcDb2dVertex
 10
192.1761177777778
 20
92.8062025
 30
0.0
  0
SEQEND
  5
216
330
212
100
AcDbEntity
  8
DEFAULT
 62
   250
  0
POLYLINE
  5
217
330
1F
100
AcDbEntity
  8
DEFAULT
 62
   250
100
AcDb2dPolyline
 66
     1
 10
0.0
 20
0.0
 30
0.0
  0
VERTEX
  5
218
330
217
100
AcDbEntity
  8
DEFAULT
 62
   250
100
AcDbVertex
100
AcDb2dVertex
 10
123.1310155555555
 20
94.00430638888886
 30
0.0
  0
VERTEX
  5
219
330
217
100
AcDbEntity
  8
DEFAULT
 62
   250
100
AcDbVertex
100
AcDb2dVertex
 10
122.6674655555555
 20
96.0818147222222
 30
0.0
  0
VERTEX
  5
21A
330
217
100
AcDbEntity
  8
DEFAULT
 62
   250
100
AcDbVertex
100
AcDb2dVertex
 10
122.3097488888889
 20
96.00208694444444
 30
0.0
  0
SEQEND
  5
21B
330
217
100
AcDbEntity
  8
DEFAULT
 62
   250
  0
SPLINE
  5
21C
330
1F
100
AcDbEntity
  8
DEFAULT
 62
   250
100
AcDbSpline
210
0.0
220
0.0
230
1.0
 70
     8
 71
     3
 72
    17
 73
    13
 74
     0
 42
0.000000001
 43
0.0000000001
 40
0.0
 40
0.0
 40
0.0
 40
0.0
 40
2.363
 40
2.363
 40
2.363
 40
3.363
 40
3.363
 40
3.363
 40
4.363
 40
4.363
 40
4.363
 40
5.363
 40
5.363
 40
5.363
 40
5.363
 10
160.5219322222222
 20
86.65418138888889
 30
0.0
 10
160.5219322222222
 20
86.93205268518518
 30
0.0
 10
160.5219322222222
 20
87.20992398148148
 30
0.0
 10
160.5219322222222
 20
87.48779527777778
 30
0.0
 10
160.5219322222222
 20
87.72168694444444
 30
0.0
 10
160.4217433333333
 20
87.9192425
 30
0.0
 10
160.1345822222222
 20
87.9192425
 30
0.0
 10
159.9373794444444
 20
87.9192425
 30
0.0
 10
159.7814516666667
 20
87.79965083333333
 30
0.0
 10
159.7264183333333
 20
87.6557175
 30
0.0
 10
159.7087794444444
 20
87.61973416666666
 30
0.0
 10
159.7052516666667
 20
87.5809286111111
 30
0.0
 10
159.7052516666667
 20
87.52977583333333
 30
0.0
  0
POLYLINE
  5
21D
330
1F
100
AcDbEntity
  8
DEFAULT
 62
   250
100
AcDb2dPolyline
 66
     1
 10
0.0
 20
0.0
 30
0.0
  0
VERTEX
  5
21E
330
21D
100
AcDbEntity
  8
DEFAULT
 62
   250
100
AcDbVertex
100
AcDb2dVertex
 10
159.7053927777777
 20
86.65418138888889
 30
0.0
  0
VERTEX
  5
21F
330
21D
100
AcDbEntity
  8
DEFAULT
 62
   250
100
AcDbVertex
100
AcDb2dVertex
 10
159.7053927777777
 20
88.78284249999999
 30
0.0
  0
SEQEND
  5
220
330
21D
100
AcDbEntity
  8
DEFAULT
 62
   250
  0
SPLINE
  5
221
330
1F
100
AcDbEntity
  8
DEFAULT
 62
   250
100
AcDbSpline
210
0.0
220
0.0
230
1.0
 70
     8
 71
     3
 72
    17
 73
    13
 74
     0
 42
0.000000001
 43
0.0000000001
 40
0.0
 40
0.0
 40
0.0
 40
0.0
 40
2.363
 40
2.363
 40
2.363
 40
3.363
 40
3.363
 40
3.363
 40
4.363
 40
4.363
 40
4.363
 40
5.363
 40
5.363
 40
5.363
 40
5.363
 10
140.4982655555555
 20
86.65418138888889
 30
0.0
 10
140.4982655555555
 20
86.93205268518518
 30
0.0
 10
140.4982655555555
 20
87.20992398148148
 30
0.0
 10
140.4982655555555
 20
87.48779527777778
 30
0.0
 10
140.4982655555555
 20
87.72168694444444
 30
0.0
 10
140.3980766666667
 20
87.9192425
 30
0.0
 10
140.1109155555556
 20
87.9192425
 30
0.0
 10
139.9137127777778
 20
87.9192425
 30
0.0
 10
139.757785
 20
87.79965083333333
 30
0.0
 10
139.7027516666667
 20
87.6557175
 30
0.0
 10
139.6854655555556
 20
87.61973416666666
 30
0.0
 10
139.681585
 20
87.5809286111111
 30
0.0
 10
139.681585
 20
87.52977583333333
 30
0.0
  0
POLYLINE
  5
222
330
1F
100
AcDbEntity
  8
DEFAULT
 62
   250
100
AcDb2dPolyline
 66
     1
 10
0.0
 20
0.0
 30
0.0
  0
VERTEX
  5
223
330
222
100
AcDbEntity
  8
DEFAULT
 62
   250
100
AcDbVertex
100
AcDb2dVertex
 10
139.6817261111111
 20
86.65418138888889
 30
0.0
  0
VERTEX
  5
224
330
222
100
AcDbEntity
  8
DEFAULT
 62
   250
100
AcDbVertex
100
AcDb2dVertex
 10
139.6817261111111
 20
88.78284249999999
 30
0.0
  0
SEQEND
  5
225
330
222
100
AcDbEntity
  8
DEFAULT
 62
   250
  0
SPLINE
  5
226
330
1F
100
AcDbEntity
  8
DEFAULT
 62
   250
100
AcDbSpline
210
0.0
220
0.0
230
1.0
 70
     8
 71
     3
 72
    29
 73
    25
 74
     0
 42
0.000000001
 43
0.0000000001
 40
0.0
 40
0.0
 40
0.0
 40
0.0
 40
1.0
 40
1.0
 40
1.0
 40
2.0
 40
2.0
 40
2.0
 40
3.0
 40
3.0
 40
3.0
 40
4.0
 40
4.0
 40
4.0
 40
5.0
 40
5.0
 40
5.0
 40
6.0
 40
6.0
 40
6.0
 40
7.0
 40
7.0
 40
7.0
 40
8.0
 40
8.0
 40
8.0
 40
8.0
 10
150.6560783333333
 20
101.7906058333333
 30
0.0
 10
150.5784672222222
 20
101.6780697222222
 30
0.0
 10
150.3488088888889
 20
101.5877586111111
 30
0.0
 10
150.1332616666666
 20
101.5877586111111
 30
0.0
 10
149.7885977777778
 20
101.5877586111111
 30
0.0
 10
149.5413005555555
 20
101.8424641666667
 30
0.0
 10
149.5413005555555
 20
102.1768975
 30
0.0
 10
149.5413005555555
 20
102.5861197222222
 30
0.0
 10
149.8489227777778
 20
102.8182475
 30
0.0
 10
150.1678338888889
 20
102.8182475
 30
0.0
 10
150.4091338888889
 20
102.8182475
 30
0.0
 10
150.6021033333333
 20
102.7085336111111
 30
0.0
 10
150.6624283333333
 20
102.6086975
 30
0.0
 10
150.6571366666666
 20
102.5035697222222
 30
0.0
 10
150.6560783333333
 20
101.4586419444445
 30
0.0
 10
150.6560783333333
 20
101.4586419444445
 30
0.0
 10
150.6560783333333
 20
101.1259725
 30
0.0
 10
150.59787
 20
100.9220669444444
 30
0.0
 10
150.474045
 20
100.7961252777778
 30
0.0
 10
150.3498672222222
 20
100.6641863888889
 30
0.0
 10
150.1706561111111
 20
100.6222058333333
 30
0.0
 10
150.0097894444444
 20
100.6222058333333
 30
0.0
 10
149.8566838888889
 20
100.6222058333333
 30
0.0
 10
149.6877033333333
 20
100.6641863888889
 30
0.0
 10
149.585045
 20
100.7421502777778
 30
0.0
  0
SPLINE
  5
227
330
1F
100
AcDbEntity
  8
DEFAULT
 62
     1
100
AcDbSpline
210
0.0
220
0.0
230
1.0
 70
     8
 71
     3
 72
    92
 73
    88
 74
     0
 42
0.000000001
 43
0.0000000001
 40
0.0
 40
0.0
 40
0.0
 40
0.0
 40
1.0
 40
1.0
 40
1.0
 40
2.0
 40
2.0
 40
2.0
 40
3.0
 40
3.0
 40
3.0
 40
4.0
 40
4.0
 40
4.0
 40
5.0
 40
5.0
 40
5.0
 40
14.93000000000001
 40
14.93000000000001
 40
14.93000000000001
 40
23.43000000000001
 40
23.43000000000001
 40
23.43000000000001
 40
24.43000000000001
 40
24.43000000000001
 40
24.43000000000001
 40
25.43000000000001
 40
25.43000000000001
 40
25.43000000000001
 40
26.43000000000001
 40
26.43000000000001
 40
26.43000000000001
 40
27.43000000000001
 40
27.43000000000001
 40
27.43000000000001
 40
28.43000000000001
 40
28.43000000000001
 40
28.43000000000001
 40
29.43000000000001
 40
29.43000000000001
 40
29.43000000000001
 40
39.35000000000002
 40
39.35000000000002
 40
39.35000000000002
 40
47.85000000000002
 40
47.85000000000002
 40
47.85000000000002
 40
48.85000000000002
 40
48.85000000000002
 40
48.85000000000002
 40
49.85000000000002
 40
49.85000000000002
 40
49.85000000000002
 40
50.85000000000002
 40
50.85000000000002
 40
50.85000000000002
 40
51.85000000000002
 40
51.85000000000002
 40
51.85000000000002
 40
52.85000000000002
 40
52.85000000000002
 40
52.85000000000002
 40
53.85000000000002
 40
53.85000000000002
 40
53.85000000000002
 40
63.77000000000004
 40
63.77000000000004
 40
63.77000000000004
 40
72.28000000000009
 40
72.28000000000009
 40
72.28000000000009
 40
73.28000000000009
 40
73.28000000000009
 40
73.28000000000009
 40
74.28000000000009
 40
74.28000000000009
 40
74.28000000000009
 40
75.28000000000009
 40
75.28000000000009
 40
75.28000000000009
 40
76.28000000000009
 40
76.28000000000009
 40
76.28000000000009
 40
77.28000000000009
 40
77.28000000000009
 40
77.28000000000009
 40
78.28000000000009
 40
78.28000000000009
 40
78.28000000000009
 40
78.28000000000009
 10
199.8680138888888
 20
87.12080055555555
 30
0.0
 10
200.9863194444444
 20
84.00577277777776
 30
0.0
 10
197.7901527777777
 20
84.78188388888888
 30
0.0
 10
195.8145972222222
 20
83.32843944444444
 30
0.0
 10
193.8143472222222
 20
81.85382833333333
 30
0.0
 10
184.1482361111111
 20
89.5726061111111
 30
0.0
 10
177.1844027777777
 20
86.70805055555556
 30
0.0
 10
170.2240972222222
 20
83.843495
 30
0.0
 10
168.9364583333333
 20
78.00855055555554
 30
0.0
 10
161.6092638888888
 20
78.01207833333333
 30
0.0
 10
161.5563472222222
 20
78.01560611111111
 30
0.0
 10
161.5140138888889
 20
78.795245
 30
0.0
 10
161.5140138888889
 20
79.76185611111111
 30
0.0
 10
161.5140138888889
 20
80.72846722222222
 30
0.0
 10
161.6092638888888
 20
81.34230055555555
 30
0.0
 10
161.6127916666666
 20
81.5081061111111
 30
0.0
 10
161.6127916666666
 20
82.67580055555555
 30
0.0
 10
161.6127916666666
 20
83.843495
 30
0.0
 10
161.6127916666666
 20
85.01118944444444
 30
0.0
 10
160.6132546296296
 20
85.01118944444444
 30
0.0
 10
159.6137175925925
 20
85.01118944444444
 30
0.0
 10
158.6141805555555
 20
85.01118944444444
 30
0.0
 10
158.6141805555555
 20
85.01118944444444
 30
0.0
 10
158.6141805555555
 20
82.39005055555555
 30
0.0
 10
158.6106527777777
 20
81.51163388888888
 30
0.0
 10
158.6177083333333
 20
81.33877277777776
 30
0.0
 10
158.7129583333333
 20
80.731995
 30
0.0
 10
158.7129583333333
 20
79.76538388888889
 30
0.0
 10
158.7094305555555
 20
78.80230055555555
 30
0.0
 10
158.670625
 20
78.01560611111111
 30
0.0
 10
158.6106527777777
 20
78.01560611111111
 30
0.0
 10
152.6099027777777
 20
78.01560611111111
 30
0.0
 10
154.638375
 20
92.01030055555555
 30
0.0
 10
151.6009583333333
 20
92.01030055555555
 30
0.0
 10
151.5445138888888
 20
92.01030055555555
 30
0.0
 10
151.5021805555555
 20
92.79346722222222
 30
0.0
 10
151.5021805555555
 20
93.76360611111112
 30
0.0
 10
151.5021805555555
 20
94.73021722222222
 30
0.0
 10
151.6009583333333
 20
95.33699499999999
 30
0.0
 10
151.6009583333333
 20
95.51338388888888
 30
0.0
 10
151.6009583333333
 20
96.6799024074074
 30
0.0
 10
151.6009583333333
 20
97.84642092592593
 30
0.0
 10
151.6009583333333
 20
99.01293944444444
 30
0.0
 10
150.6014212962963
 20
99.01293944444444
 30
0.0
 10
149.6018842592592
 20
99.01293944444444
 30
0.0
 10
148.6023472222222
 20
99.01293944444444
 30
0.0
 10
148.6023472222222
 20
99.01293944444444
 30
0.0
 10
148.5988194444444
 20
96.38827277777777
 30
0.0
 10
148.5988194444444
 20
95.51338388888888
 30
0.0
 10
148.5988194444444
 20
95.33699499999999
 30
0.0
 10
148.701125
 20
94.73021722222222
 30
0.0
 10
148.701125
 20
93.76360611111112
 30
0.0
 10
148.701125
 20
92.79346722222222
 30
0.0
 10
148.6552638888889
 20
92.01030055555555
 30
0.0
 10
148.5988194444444
 20
92.01030055555555
 30
0.0
 10
145.5614027777777
 20
92.01030055555555
 30
0.0
 10
147.589875
 20
78.01560611111111
 30
0.0
 10
141.589125
 20
78.01560611111111
 30
0.0
 10
141.5326805555555
 20
78.01560611111111
 30
0.0
 10
141.4938749999999
 20
78.80230055555555
 30
0.0
 10
141.4903472222222
 20
79.76538388888889
 30
0.0
 10
141.4903472222222
 20
80.731995
 30
0.0
 10
141.5855972222222
 20
81.33877277777776
 30
0.0
 10
141.589125
 20
81.51163388888888
 30
0.0
 10
141.589125
 20
82.67815240740741
 30
0.0
 10
141.589125
 20
83.84467092592593
 30
0.0
 10
141.589125
 20
85.01118944444444
 30
0.0
 10
140.588412037037
 20
85.01118944444444
 30
0.0
 10
139.587699074074
 20
85.01118944444444
 30
0.0
 10
138.5869861111111
 20
85.01118944444444
 30
0.0
 10
138.5869861111111
 20
85.01118944444444
 30
0.0
 10
138.5869861111111
 20
82.38652277777778
 30
0.0
 10
138.5905138888889
 20
81.5081061111111
 30
0.0
 10
138.5905138888889
 20
81.34230055555555
 30
0.0
 10
138.6892916666667
 20
80.72846722222222
 30
0.0
 10
138.6892916666667
 20
79.76185611111111
 30
0.0
 10
138.6892916666667
 20
78.795245
 30
0.0
 10
138.6434305555555
 20
78.01560611111111
 30
0.0
 10
138.5940416666666
 20
78.01207833333333
 30
0.0
 10
131.2668472222222
 20
78.00855055555554
 30
0.0
 10
129.9756805555555
 20
83.843495
 30
0.0
 10
123.015375
 20
86.70805055555556
 30
0.0
 10
116.0515416666666
 20
89.5726061111111
 30
0.0
 10
106.3889583333333
 20
81.85382833333333
 30
0.0
 10
104.3851805555555
 20
83.32843944444444
 30
0.0
 10
102.4131527777778
 20
84.78188388888888
 30
0.0
 10
99.2134583333333
 20
84.00577277777776
 30
0.0
 10
100.3352916666666
 20
87.12080055555555
 30
0.0
  0
SPLINE
  5
228
330
1F
100
AcDbEntity
  8
DEFAULT
 62
     1
100
AcDbSpline
210
0.0
220
0.0
230
1.0
 70
     8
 71
     3
 72
   131
 73
   127
 74
     0
 42
0.000000001
 43
0.0000000001
 40
0.0
 40
0.0
 40
0.0
 40
0.0
 40
1.0
 40
1.0
 40
1.0
 40
2.0
 40
2.0
 40
2.0
 40
3.0
 40
3.0
 40
3.0
 40
4.0
 40
4.0
 40
4.0
 40
5.0
 40
5.0
 40
5.0
 40
13.49174304839703
 40
13.49174304839703
 40
13.49174304839703
 40
14.49174304839703
 40
14.49174304839703
 40
14.49174304839703
 40
15.49174304839703
 40
15.49174304839703
 40
15.49174304839703
 40
16.49174304839703
 40
16.49174304839703
 40
16.49174304839703
 40
17.49174304839703
 40
17.49174304839703
 40
17.49174304839703
 40
18.49174304839703
 40
18.49174304839703
 40
18.49174304839703
 40
19.49174304839703
 40
19.49174304839703
 40
19.49174304839703
 40
20.49174304839703
 40
20.49174304839703
 40
20.49174304839703
 40
21.49174304839703
 40
21.49174304839703
 40
21.49174304839703
 40
29.98565851771973
 40
29.98565851771973
 40
29.98565851771973
 40
30.98565851771973
 40
30.98565851771973
 40
30.98565851771973
 40
31.98565851771973
 40
31.98565851771973
 40
31.98565851771973
 40
32.98565851771973
 40
32.98565851771973
 40
32.98565851771973
 40
33.98565851771973
 40
33.98565851771973
 40
33.98565851771973
 40
34.98565851771973
 40
34.98565851771973
 40
34.98565851771973
 40
35.98565851771973
 40
35.98565851771973
 40
35.98565851771973
 40
36.98565851771973
 40
36.98565851771973
 40
36.98565851771973
 40
37.98565851771973
 40
37.98565851771973
 40
37.98565851771973
 40
38.98565851771973
 40
38.98565851771973
 40
38.98565851771973
 40
39.98565851771973
 40
39.98565851771973
 40
39.98565851771973
 40
40.98565851771973
 40
40.98565851771973
 40
40.98565851771973
 40
41.98565851771973
 40
41.98565851771973
 40
41.98565851771973
 40
50.47957398704244
 40
50.47957398704244
 40
50.47957398704244
 40
51.47957398704244
 40
51.47957398704244
 40
51.47957398704244
 40
52.47957398704244
 40
52.47957398704244
 40
52.47957398704244
 40
53.47957398704244
 40
53.47957398704244
 40
53.47957398704244
 40
54.47957398704244
 40
54.47957398704244
 40
54.47957398704244
 40
55.47957398704244
 40
55.47957398704244
 40
55.47957398704244
 40
56.47957398704244
 40
56.47957398704244
 40
56.47957398704244
 40
57.47957398704244
 40
57.47957398704244
 40
57.47957398704244
 40
58.47957398704244
 40
58.47957398704244
 40
58.47957398704244
 40
66.98107973602592
 40
66.98107973602592
 40
66.98107973602592
 40
67.98107973602592
 40
67.98107973602592
 40
67.98107973602592
 40
68.98107973602592
 40
68.98107973602592
 40
68.98107973602592
 40
69.98107973602592
 40
69.98107973602592
 40
69.98107973602592
 40
70.98107973602592
 40
70.98107973602592
 40
70.98107973602592
 40
71.98107973602592
 40
71.98107973602592
 40
71.98107973602592
 40
71.98107973602592
 10
100.4375972222222
 20
87.40655055555555
 30
0.0
 10
101.6017638888889
 20
90.63093944444445
 30
0.0
 10
99.90490277777776
 20
93.57663388888888
 30
0.0
 10
97.72120833333332
 20
97.59477277777778
 30
0.0
 10
95.50223611111109
 20
101.6764116666667
 30
0.0
 10
100.2541527777778
 20
99.92663388888887
 30
0.0
 10
104.5015972222222
 20
100.8756061111111
 30
0.0
 10
104.5615694444444
 20
100.8756061111111
 30
0.0
 10
104.7697083333333
 20
100.1277172222222
 30
0.0
 10
104.981375
 20
99.18932833333334
 30
0.0
 10
105.1930416666667
 20
98.24388388888889
 30
0.0
 10
105.2283194444444
 20
97.63005055555554
 30
0.0
 10
105.267125
 20
97.46071722222223
 30
0.0
 10
105.457625
 20
96.60346722222222
 30
0.0
 10
106.029125
 20
94.04582833333333
 30
0.0
 10
106.029125
 20
94.04582833333333
 30
0.0
 10
107.0039675925926
 20
94.26219870370369
 30
0.0
 10
107.9788101851852
 20
94.47856907407406
 30
0.0
 10
108.9536527777778
 20
94.69493944444444
 30
0.0
 10
108.9536527777778
 20
94.69493944444444
 30
0.0
 10
108.3856805555556
 20
97.25610611111111
 30
0.0
 10
108.1951805555555
 20
98.1133561111111
 30
0.0
 10
108.156375
 20
98.28268944444444
 30
0.0
 10
107.9270694444444
 20
98.85418944444444
 30
0.0
 10
107.7154027777778
 20
99.79963388888889
 30
0.0
 10
107.5072638888889
 20
100.7415505555555
 30
0.0
 10
107.3802638888889
 20
101.5141338888889
 30
0.0
 10
107.4331805555555
 20
101.528245
 30
0.0
 10
109.8109027777778
 20
102.0609394444444
 30
0.0
 10
110.3047916666666
 20
100.9920227777778
 30
0.0
 10
113.5397638888889
 20
101.7116894444444
 30
0.0
 10
116.7747361111111
 20
102.4419394444444
 30
0.0
 10
116.7641527777778
 20
103.6166894444444
 30
0.0
 10
119.141875
 20
104.1493838888889
 30
0.0
 10
119.2018472222222
 20
104.1493838888889
 30
0.0
 10
119.4135138888889
 20
103.401495
 30
0.0
 10
119.6216527777778
 20
102.4631061111111
 30
0.0
 10
119.8333194444444
 20
101.5211894444444
 30
0.0
 10
119.8650694444444
 20
100.9038283333333
 30
0.0
 10
119.903875
 20
100.734495
 30
0.0
 10
120.094375
 20
99.87724499999999
 30
0.0
 10
120.6694027777778
 20
97.3196061111111
 30
0.0
 10
120.6694027777778
 20
97.3196061111111
 30
0.0
 10
121.6442453703704
 20
97.5371524074074
 30
0.0
 10
122.619087962963
 20
97.7546987037037
 30
0.0
 10
123.5939305555555
 20
97.972245
 30
0.0
 10
123.5939305555555
 20
97.972245
 30
0.0
 10
123.0224305555555
 20
100.5334116666667
 30
0.0
 10
122.8319305555555
 20
101.3871338888889
 30
0.0
 10
122.793125
 20
101.5564672222222
 30
0.0
 10
122.5673472222222
 20
102.1279672222222
 30
0.0
 10
122.3556805555555
 20
103.0734116666667
 30
0.0
 10
122.1440138888889
 20
104.0153283333333
 30
0.0
 10
122.0170138888889
 20
104.7914394444444
 30
0.0
 10
122.0699305555555
 20
104.8055505555556
 30
0.0
 10
128.1800416666667
 20
106.1672727777778
 30
0.0
 10
127.1675694444444
 20
99.60913388888889
 30
0.0
 10
136.0716805555555
 20
101.2601338888889
 30
0.0
 10
138.8374583333333
 20
101.7751894444444
 30
0.0
 10
139.0773472222222
 20
103.3521061111111
 30
0.0
 10
142.5627916666667
 20
105.0701338888889
 30
0.0
 10
146.0482361111111
 20
106.7916894444444
 30
0.0
 10
147.3005972222222
 20
109.6597727777778
 30
0.0
 10
150.1016527777778
 20
109.6597727777778
 30
0.0
 10
152.9027083333333
 20
109.6597727777778
 30
0.0
 10
154.1550694444445
 20
106.7916894444444
 30
0.0
 10
157.6405138888889
 20
105.0701338888889
 30
0.0
 10
161.1259583333333
 20
103.3521061111111
 30
0.0
 10
161.3623194444444
 20
101.7751894444444
 30
0.0
 10
164.131625
 20
101.2601338888889
 30
0.0
 10
173.0392638888889
 20
99.60913388888889
 30
0.0
 10
172.0232638888889
 20
106.1672727777778
 30
0.0
 10
178.1298472222222
 20
104.8055505555556
 30
0.0
 10
178.1827638888889
 20
104.7914394444444
 30
0.0
 10
178.0557638888889
 20
104.0153283333333
 30
0.0
 10
177.847625
 20
103.0734116666667
 30
0.0
 10
177.6359583333333
 20
102.1279672222222
 30
0.0
 10
177.4066527777778
 20
101.5564672222222
 30
0.0
 10
177.3678472222222
 20
101.3871338888889
 30
0.0
 10
177.1773472222222
 20
100.5334116666667
 30
0.0
 10
176.609375
 20
97.972245
 30
0.0
 10
176.609375
 20
97.972245
 30
0.0
 10
177.5842175925926
 20
97.7546987037037
 30
0.0
 10
178.5590601851851
 20
97.5371524074074
 30
0.0
 10
179.5339027777777
 20
97.3196061111111
 30
0.0
 10
179.5339027777777
 20
97.3196061111111
 30
0.0
 10
180.1054027777778
 20
99.87724499999999
 30
0.0
 10
180.2959027777778
 20
100.734495
 30
0.0
 10
180.3382361111111
 20
100.9038283333333
 30
0.0
 10
180.3664583333333
 20
101.5211894444444
 30
0.0
 10
180.5816527777777
 20
102.4631061111111
 30
0.0
 10
180.7897916666666
 20
103.401495
 30
0.0
 10
181.0014583333333
 20
104.1493838888889
 30
0.0
 10
181.0614305555555
 20
104.1493838888889
 30
0.0
 10
183.4391527777778
 20
103.6166894444444
 30
0.0
 10
183.4250416666666
 20
102.4419394444444
 30
0.0
 10
186.6635416666666
 20
101.7116894444444
 30
0.0
 10
189.8949861111111
 20
100.9920227777778
 30
0.0
 10
190.3924027777777
 20
102.0609394444444
 30
0.0
 10
192.770125
 20
101.528245
 30
0.0
 10
192.8230416666667
 20
101.5141338888889
 30
0.0
 10
192.6960416666666
 20
100.7415505555555
 30
0.0
 10
192.484375
 20
99.79963388888889
 30
0.0
 10
192.2727083333333
 20
98.85418944444444
 30
0.0
 10
192.0469305555555
 20
98.28268944444444
 30
0.0
 10
192.0045972222222
 20
98.1133561111111
 30
0.0
 10
191.8140972222222
 20
97.25610611111111
 30
0.0
 10
191.246125
 20
94.69493944444444
 30
0.0
 10
191.246125
 20
94.69493944444444
 30
0.0
 10
192.2221435185185
 20
94.47856907407407
 30
0.0
 10
193.198162037037
 20
94.26219870370369
 30
0.0
 10
194.1741805555555
 20
94.04582833333333
 30
0.0
 10
194.1741805555555
 20
94.04582833333333
 30
0.0
 10
194.7456805555555
 20
96.60346722222222
 30
0.0
 10
194.9326527777778
 20
97.46071722222223
 30
0.0
 10
194.9749861111111
 20
97.63005055555554
 30
0.0
 10
195.0067361111111
 20
98.24388388888889
 30
0.0
 10
195.2184027777778
 20
99.18932833333334
 30
0.0
 10
195.4300694444444
 20
100.1277172222222
 30
0.0
 10
195.6382083333333
 20
100.8756061111111
 30
0.0
 10
195.6981805555555
 20
100.8756061111111
 30
0.0
 10
199.945625
 20
99.92663388888887
 30
0.0
 10
204.6975416666666
 20
101.6764116666667
 30
0.0
 10
202.4785694444444
 20
97.59477277777778
 30
0.0
 10
200.2984027777777
 20
93.57663388888888
 30
0.0
 10
198.5980138888889
 20
90.63093944444445
 30
0.0
 10
199.7657083333333
 20
87.40655055555555
 30
0.0
  0
POLYLINE
  5
229
330
1F
100
AcDbEntity
  8
DEFAULT
 62
   250
100
AcDb2dPolyline
 66
     1
 10
0.0
 20
0.0
 30
0.0
  0
VERTEX
  5
22A
330
229
100
AcDbEntity
  8
DEFAULT
 62
   250
100
AcDbVertex
100
AcDb2dVertex
 10
148.2915852777778
 20
17.88262305555555
 30
0.0
  0
VERTEX
  5
22B
330
229
100
AcDbEntity
  8
DEFAULT
 62
   250
100
AcDbVertex
100
AcDb2dVertex
 10
148.2915852777778
 20
18.20435638888889
 30
0.0
  0
SEQEND
  5
22C
330
229
100
AcDbEntity
  8
DEFAULT
 62
   250
  0
SPLINE
  5
22D
330
1F
100
AcDbEntity
  8
DEFAULT
 62
   250
100
AcDbSpline
210
0.0
220
0.0
230
1.0
 70
     8
 71
     3
 72
    14
 73
    10
 74
     0
 42
0.000000001
 43
0.0000000001
 40
0.0
 40
0.0
 40
0.0
 40
0.0
 40
3.579999999999998
 40
3.579999999999998
 40
3.579999999999998
 40
4.579999999999998
 40
4.579999999999998
 40
4.579999999999998
 40
5.579999999999998
 40
5.579999999999998
 40
5.579999999999998
 40
5.579999999999998
 10
148.2915852777778
 20
17.41441638888889
 30
0.0
 10
148.2915852777778
 20
16.99343490740741
 30
0.0
 10
148.2915852777778
 20
16.57245342592593
 30
0.0
 10
148.2915852777778
 20
16.15147194444445
 30
0.0
 10
148.2915852777778
 20
15.8981775
 30
0.0
 10
148.2467825
 20
15.73378305555555
 30
0.0
 10
148.1176658333333
 20
15.61524972222222
 30
0.0
 10
148.0005436111111
 20
15.51047472222222
 30
0.0
 10
147.8114547222222
 20
15.46743583333333
 30
0.0
 10
147.6678741666667
 20
15.51294416666667
 30
0.0
  0
SPLINE
  5
22E
330
1F
100
AcDbEntity
  8
DEFAULT
 62
   250
100
AcDbSpline
210
0.0
220
0.0
230
1.0
 70
     8
 71
     3
 72
    11
 73
     7
 74
     0
 42
0.000000001
 43
0.0000000001
 40
0.0
 40
0.0
 40
0.0
 40
0.0
 40
4.113
 40
4.113
 40
4.113
 40
5.113
 40
5.113
 40
5.113
 40
5.113
 10
142.1554391666667
 20
36.14504666666667
 30
0.0
 10
142.1554391666667
 20
35.66138833333333
 30
0.0
 10
142.1554391666667
 20
35.17773
 30
0.0
 10
142.1554391666667
 20
34.69407166666667
 30
0.0
 10
142.1554391666667
 20
34.07036055555555
 30
0.0
 10
141.8358225
 20
33.82129944444444
 30
0.0
 10
141.4093141666667
 20
34.02520499999999
 30
0.0
  0
POLYLINE
  5
22F
330
1F
100
AcDbEntity
  8
DEFAULT
 62
   250
100
AcDb2dPolyline
 66
     1
 10
0.0
 20
0.0
 30
0.0
  0
VERTEX
  5
230
330
22F
100
AcDbEntity
  8
DEFAULT
 62
   250
100
AcDbVertex
100
AcDb2dVertex
 10
142.5633913888889
 20
34.69396583333333
 30
0.0
  0
VERTEX
  5
231
330
22F
100
AcDbEntity
  8
DEFAULT
 62
   250
100
AcDbVertex
100
AcDb2dVertex
 10
141.5442163888889
 20
34.69396583333333
 30
0.0
  0
SEQEND
  5
232
330
22F
100
AcDbEntity
  8
DEFAULT
 62
   250
  0
SPLINE
  5
233
330
1F
100
AcDbEntity
  8
DEFAULT
 62
   250
100
AcDbSpline
210
0.0
220
0.0
230
1.0
 70
     8
 71
     3
 72
    11
 73
     7
 74
     0
 42
0.000000001
 43
0.0000000001
 40
0.0
 40
0.0
 40
0.0
 40
0.0
 40
4.113818907049729
 40
4.113818907049729
 40
4.113818907049729
 40
5.113818907049729
 40
5.113818907049729
 40
5.113818907049729
 40
5.113818907049729
 10
150.1138236111111
 20
40.06624222222221
 30
0.0
 10
149.9481356481481
 20
39.61174685185184
 30
0.0
 10
149.7824476851852
 20
39.15725148148147
 30
0.0
 10
149.6167597222222
 20
38.70275611111111
 30
0.0
 10
149.4033291666667
 20
38.11714499999999
 30
0.0
 10
149.0177430555555
 20
37.99261444444444
 30
0.0
 10
148.6868375
 20
38.33022277777777
 30
0.0
  0
POLYLINE
  5
234
330
1F
100
AcDbEntity
  8
DEFAULT
 62
   250
100
AcDb2dPolyline
 66
     1
 10
0.0
 20
0.0
 30
0.0
  0
VERTEX
  5
235
330
234
100
AcDbEntity
  8
DEFAULT
 62
   250
100
AcDbVertex
100
AcDb2dVertex
 10
150.0000880555555
 20
38.56319722222222
 30
0.0
  0
VERTEX
  5
236
330
234
100
AcDbEntity
  8
DEFAULT
 62
   250
100
AcDbVertex
100
AcDb2dVertex
 10
149.0426491666667
 20
38.91244722222222
 30
0.0
  0
SEQEND
  5
237
330
234
100
AcDbEntity
  8
DEFAULT
 62
   250
  0
SPLINE
  5
238
330
1F
100
AcDbEntity
  8
DEFAULT
 62
   250
100
AcDbSpline
210
0.0
220
0.0
230
1.0
 70
     8
 71
     3
 72
    11
 73
     7
 74
     0
 42
0.000000001
 43
0.0000000001
 40
0.0
 40
0.0
 40
0.0
 40
0.0
 40
4.113020909258809
 40
4.113020909258809
 40
4.113020909258809
 40
5.113020909258809
 40
5.113020909258809
 40
5.113020909258809
 40
5.113020909258809
 10
158.5835594444444
 20
40.69997222222224
 30
0.0
 10
158.2595918518518
 20
40.34084444444446
 30
0.0
 10
157.9356242592592
 20
39.98171666666668
 30
0.0
 10
157.6116566666666
 20
39.6225888888889
 30
0.0
 10
157.1939677777778
 20
39.15939166666666
 30
0.0
 10
156.7896844444444
 20
39.18867222222222
 30
0.0
 10
156.6097677777778
 20
39.62576388888888
 30
0.0
  0
POLYLINE
  5
239
330
1F
100
AcDbEntity
  8
DEFAULT
 62
   250
100
AcDb2dPolyline
 66
     1
 10
0.0
 20
0.0
 30
0.0
  0
VERTEX
  5
23A
330
239
100
AcDbEntity
  8
DEFAULT
 62
   250
100
AcDbVertex
100
AcDb2dVertex
 10
157.9145516666667
 20
39.34925666666665
 30
0.0
  0
VERTEX
  5
23B
330
239
100
AcDbEntity
  8
DEFAULT
 62
   250
100
AcDbVertex
100
AcDb2dVertex
 10
157.1578433333333
 20
40.03188166666666
 30
0.0
  0
SEQEND
  5
23C
330
239
100
AcDbEntity
  8
DEFAULT
 62
   250
  0
SPLINE
  5
23D
330
1F
100
AcDbEntity
  8
DEFAULT
 62
     1
100
AcDbSpline
210
0.0
220
0.0
230
1.0
 70
     8
 71
     3
 72
    41
 73
    37
 74
     0
 42
0.000000001
 43
0.0000000001
 40
0.0
 40
0.0
 40
0.0
 40
0.0
 40
3.830208871589055
 40
3.830208871589055
 40
3.830208871589055
 40
4.830208871589054
 40
4.830208871589054
 40
4.830208871589054
 40
5.830208871589054
 40
5.830208871589054
 40
5.830208871589054
 40
6.830208871589054
 40
6.830208871589054
 40
6.830208871589054
 40
7.830208871589054
 40
7.830208871589054
 40
7.830208871589054
 40
8.830208871589054
 40
8.830208871589054
 40
8.830208871589054
 40
9.830208871589054
 40
9.830208871589054
 40
9.830208871589054
 40
10.83020887158905
 40
10.83020887158905
 40
10.83020887158905
 40
11.83020887158905
 40
11.83020887158905
 40
11.83020887158905
 40
12.83020887158905
 40
12.83020887158905
 40
12.83020887158905
 40
22.75020887158906
 40
22.75020887158906
 40
22.75020887158906
 40
26.5802088715891
 40
26.5802088715891
 40
26.5802088715891
 40
26.5802088715891
 10
159.6513472222222
 20
41.91232833333332
 30
0.0
 10
159.9853101851852
 20
41.61011537037036
 30
0.0
 10
160.3192731481481
 20
41.30790240740739
 30
0.0
 10
160.6532361111111
 20
41.00568944444444
 30
0.0
 10
160.6532361111111
 20
41.00568944444444
 30
0.0
 10
162.4100694444444
 20
42.95655055555555
 30
0.0
 10
162.9956805555555
 20
43.60566166666666
 30
0.0
 10
163.1120972222222
 20
43.73618944444444
 30
0.0
 10
163.4472361111111
 20
44.25477277777777
 30
0.0
 10
164.0963472222222
 20
44.97091166666667
 30
0.0
 10
164.7419305555555
 20
45.69057833333333
 30
0.0
 10
165.2993194444444
 20
46.24443944444444
 30
0.0
 10
165.338125
 20
46.20563388888888
 30
0.0
 10
166.4564305555556
 20
45.20021722222221
 30
0.0
 10
170.6015694444444
 20
43.33402277777778
 30
0.0
 10
168.576625
 20
41.88410611111111
 30
0.0
 10
162.4912083333333
 20
37.53435611111111
 30
0.0
 10
159.3267916666667
 20
36.19027277777778
 30
0.0
 10
159.3267916666667
 20
33.72435611111111
 30
0.0
 10
159.3267916666667
 20
15.36932833333334
 30
0.0
 10
152.4829027777778
 20
18.57960611111111
 30
0.0
 10
152.4829027777778
 20
9.982411666666666
 30
0.0
 10
152.4829027777778
 20
8.324356111111113
 30
0.0
 10
151.1388194444444
 20
6.983800555555554
 30
0.0
 10
149.4807638888889
 20
6.983800555555554
 30
0.0
 10
149.4278472222222
 20
6.983800555555554
 30
0.0
 10
149.3819861111111
 20
7.76696722222222
 30
0.0
 10
149.3819861111111
 20
8.733578333333334
 30
0.0
 10
149.3819861111111
 20
9.700189444444444
 30
0.0
 10
149.4807638888889
 20
10.30696722222222
 30
0.0
 10
149.4807638888889
 20
10.48335611111111
 30
0.0
 10
149.4807638888889
 20
11.64987462962963
 30
0.0
 10
149.4807638888889
 20
12.81639314814815
 30
0.0
 10
149.4807638888889
 20
13.98291166666667
 30
0.0
 10
149.0303842592593
 20
13.98291166666667
 30
0.0
 10
148.5800046296296
 20
13.98291166666667
 30
0.0
 10
148.129625
 20
13.98291166666667
 30
0.0
  0
SPLINE
  5
23E
330
1F
100
AcDbEntity
  8
DEFAULT
 62
     1
100
AcDbSpline
210
0.0
220
0.0
230
1.0
 70
     8
 71
     3
 72
    92
 73
    88
 74
     0
 42
0.000000001
 43
0.0000000001
 40
0.0
 40
0.0
 40
0.0
 40
0.0
 40
3.819999999999993
 40
3.819999999999993
 40
3.819999999999993
 40
13.73999999999999
 40
13.73999999999999
 40
13.73999999999999
 40
14.73999999999999
 40
14.73999999999999
 40
14.73999999999999
 40
15.73999999999999
 40
15.73999999999999
 40
15.73999999999999
 40
16.73999999999999
 40
16.73999999999999
 40
16.73999999999999
 40
17.73999999999999
 40
17.73999999999999
 40
17.73999999999999
 40
18.73999999999999
 40
18.73999999999999
 40
18.73999999999999
 40
19.73999999999999
 40
19.73999999999999
 40
19.73999999999999
 40
20.73999999999999
 40
20.73999999999999
 40
20.73999999999999
 40
21.73999999999999
 40
21.73999999999999
 40
21.73999999999999
 40
22.73999999999999
 40
22.73999999999999
 40
22.73999999999999
 40
32.66
 40
32.66
 40
32.66
 40
41.16999999999999
 40
41.16999999999999
 40
41.16999999999999
 40
51.08999999999999
 40
51.08999999999999
 40
51.08999999999999
 40
52.08999999999999
 40
52.08999999999999
 40
52.08999999999999
 40
53.08999999999999
 40
53.08999999999999
 40
53.08999999999999
 40
54.08999999999999
 40
54.08999999999999
 40
54.08999999999999
 40
55.08999999999999
 40
55.08999999999999
 40
55.08999999999999
 40
56.08999999999999
 40
56.08999999999999
 40
56.08999999999999
 40
57.08999999999999
 40
57.08999999999999
 40
57.08999999999999
 40
65.58402731335373
 40
65.58402731335373
 40
65.58402731335373
 40
66.58402731335373
 40
66.58402731335373
 40
66.58402731335373
 40
67.58402731335373
 40
67.58402731335373
 40
67.58402731335373
 40
68.58402731335373
 40
68.58402731335373
 40
68.58402731335373
 40
69.58402731335373
 40
69.58402731335373
 40
69.58402731335373
 40
70.58402731335373
 40
70.58402731335373
 40
70.58402731335373
 40
71.58402731335373
 40
71.58402731335373
 40
71.58402731335373
 40
72.58402731335373
 40
72.58402731335373
 40
72.58402731335373
 40
76.40753355762742
 40
76.40753355762742
 40
76.40753355762742
 40
76.40753355762742
 10
147.8297638888889
 20
13.98291166666667
 30
0.0
 10
147.3805601851852
 20
13.98291166666667
 30
0.0
 10
146.9313564814815
 20
13.98291166666667
 30
0.0
 10
146.4821527777778
 20
13.98291166666667
 30
0.0
 10
146.4821527777778
 20
12.81639314814815
 30
0.0
 10
146.4821527777778
 20
11.64987462962963
 30
0.0
 10
146.4821527777778
 20
10.48335611111111
 30
0.0
 10
146.4821527777778
 20
10.30696722222222
 30
0.0
 10
146.5809305555555
 20
9.700189444444444
 30
0.0
 10
146.5809305555555
 20
8.733578333333332
 30
0.0
 10
146.5809305555555
 20
7.766967222222221
 30
0.0
 10
146.5385972222222
 20
6.983800555555556
 30
0.0
 10
146.4821527777778
 20
6.983800555555556
 30
0.0
 10
144.8240972222222
 20
6.983800555555556
 30
0.0
 10
143.4835416666667
 20
8.324356111111111
 30
0.0
 10
143.4835416666667
 20
9.982411666666666
 30
0.0
 10
143.4835416666667
 20
14.88602277777778
 30
0.0
 10
138.922125
 20
18.724245
 30
0.0
 10
141.2151805555555
 20
23.10927277777778
 30
0.0
 10
143.7657638888889
 20
27.99171722222222
 30
0.0
 10
140.1956527777778
 20
24.29107833333333
 30
0.0
 10
136.572625
 20
30.725745
 30
0.0
 10
134.2725138888889
 20
34.81091166666667
 30
0.0
 10
134.2442916666667
 20
35.77046722222222
 30
0.0
 10
135.7894583333333
 20
38.58563388888889
 30
0.0
 10
137.6027361111111
 20
41.89468944444445
 30
0.0
 10
137.4863194444444
 20
44.75571722222222
 30
0.0
 10
140.4849305555556
 20
44.75571722222222
 30
0.0
 10
140.541375
 20
44.75571722222222
 30
0.0
 10
140.5872361111111
 20
43.97255055555556
 30
0.0
 10
140.5872361111111
 20
43.00593944444444
 30
0.0
 10
140.5872361111111
 20
42.03932833333333
 30
0.0
 10
140.4849305555556
 20
41.42902277777777
 30
0.0
 10
140.4849305555556
 20
41.25616166666666
 30
0.0
 10
140.4849305555556
 20
40.08964314814815
 30
0.0
 10
140.4849305555556
 20
38.92312462962963
 30
0.0
 10
140.4849305555556
 20
37.75660611111111
 30
0.0
 10
141.4856435185185
 20
37.75660611111111
 30
0.0
 10
142.4863564814815
 20
37.75660611111111
 30
0.0
 10
143.4870694444444
 20
37.75660611111111
 30
0.0
 10
143.4870694444444
 20
38.92312462962963
 30
0.0
 10
143.4870694444444
 20
40.08964314814815
 30
0.0
 10
143.4870694444444
 20
41.25616166666666
 30
0.0
 10
143.4870694444444
 20
41.42902277777777
 30
0.0
 10
143.3847638888889
 20
42.03932833333333
 30
0.0
 10
143.3847638888889
 20
43.00593944444444
 30
0.0
 10
143.3847638888889
 20
43.97255055555556
 30
0.0
 10
143.430625
 20
44.75571722222222
 30
0.0
 10
143.4870694444444
 20
44.75571722222222
 30
0.0
 10
146.6550138888889
 20
44.75571722222222
 30
0.0
 10
148.6799583333333
 20
49.75457833333333
 30
0.0
 10
151.4986527777777
 20
48.72799499999999
 30
0.0
 10
151.5515694444445
 20
48.7103561111111
 30
0.0
 10
151.3257916666667
 20
47.95893944444444
 30
0.0
 10
150.9941805555555
 20
47.04877277777778
 30
0.0
 10
150.6590416666666
 20
46.14213388888889
 30
0.0
 10
150.3591805555556
 20
45.60591166666666
 30
0.0
 10
150.2992083333333
 20
45.44010611111111
 30
0.0
 10
150.002875
 20
44.61813388888888
 30
0.0
 10
149.0997638888889
 20
42.15221722222222
 30
0.0
 10
149.0997638888889
 20
42.15221722222222
 30
0.0
 10
150.0381527777778
 20
41.81002277777777
 30
0.0
 10
150.9765416666667
 20
41.46782833333333
 30
0.0
 10
151.9149305555555
 20
41.12563388888888
 30
0.0
 10
151.9149305555555
 20
41.12563388888888
 30
0.0
 10
152.8180416666667
 20
43.58802277777777
 30
0.0
 10
153.1179027777778
 20
44.409995
 30
0.0
 10
153.177875
 20
44.57580055555555
 30
0.0
 10
153.2907638888889
 20
45.17905055555555
 30
0.0
 10
153.6259027777778
 20
46.09274499999999
 30
0.0
 10
153.9575138888889
 20
46.99585611111111
 30
0.0
 10
154.2679583333333
 20
47.71905055555555
 30
0.0
 10
154.320875
 20
47.70141166666667
 30
0.0
 10
157.1360416666666
 20
46.67130055555555
 30
0.0
 10
160.8860694444444
 20
50.22377277777777
 30
0.0
 10
163.1120972222222
 20
48.21293944444444
 30
0.0
 10
163.1509027777778
 20
48.17766166666666
 30
0.0
 10
162.6640694444444
 20
47.56735611111111
 30
0.0
 10
162.0149583333333
 20
46.84768944444444
 30
0.0
 10
161.3658472222222
 20
46.12802277777777
 30
0.0
 10
160.8825416666667
 20
45.743495
 30
0.0
 10
160.766125
 20
45.61296722222222
 30
0.0
 10
160.1805138888889
 20
44.96385611111111
 30
0.0
 10
158.4236805555556
 20
43.01652277777777
 30
0.0
 10
158.4236805555556
 20
43.01652277777777
 30
0.0
 10
158.7576435185185
 20
42.71548574074074
 30
0.0
 10
159.0916064814815
 20
42.41444870370371
 30
0.0
 10
159.4255694444444
 20
42.11341166666666
 30
0.0
  0
SPLINE
  5
23F
330
1F
100
AcDbEntity
  8
DEFAULT
 62
     1
100
AcDbSpline
210
0.0
220
0.0
230
1.0
 70
     8
 71
     3
 72
    38
 73
    34
 74
     0
 42
0.000000001
 43
0.0000000001
 40
0.0
 40
0.0
 40
0.0
 40
0.0
 40
3.819999999999993
 40
3.819999999999993
 40
3.819999999999993
 40
13.74000000000001
 40
13.74000000000001
 40
13.74000000000001
 40
14.74000000000001
 40
14.74000000000001
 40
14.74000000000001
 40
15.74000000000001
 40
15.74000000000001
 40
15.74000000000001
 40
16.74000000000001
 40
16.74000000000001
 40
16.74000000000001
 40
17.74000000000001
 40
17.74000000000001
 40
17.74000000000001
 40
18.74000000000001
 40
18.74000000000001
 40
18.74000000000001
 40
19.74000000000001
 40
19.74000000000001
 40
19.74000000000001
 40
20.74000000000001
 40
20.74000000000001
 40
20.74000000000001
 40
21.74000000000001
 40
21.74000000000001
 40
21.74000000000001
 40
25.56655197272952
 40
25.56655197272952
 40
25.56655197272952
 40
25.56655197272952
 10
163.5389583333333
 20
126.0780505555555
 30
0.0
 10
163.988162037037
 20
126.0780505555555
 30
0.0
 10
164.4373657407407
 20
126.0780505555555
 30
0.0
 10
164.8865694444444
 20
126.0780505555555
 30
0.0
 10
164.8865694444444
 20
127.2445690740741
 30
0.0
 10
164.8865694444444
 20
128.4110875925926
 30
0.0
 10
164.8865694444444
 20
129.5776061111111
 30
0.0
 10
164.8865694444444
 20
129.7504672222222
 30
0.0
 10
164.7877916666667
 20
130.3607727777778
 30
0.0
 10
164.7877916666667
 20
131.3273838888889
 30
0.0
 10
164.7877916666667
 20
132.293995
 30
0.0
 10
164.830125
 20
133.0771616666667
 30
0.0
 10
164.8865694444444
 20
133.0771616666667
 30
0.0
 10
166.544625
 20
133.0771616666667
 30
0.0
 10
167.8851805555555
 20
131.7366061111111
 30
0.0
 10
167.8851805555555
 20
130.0785505555555
 30
0.0
 10
167.8851805555555
 20
122.1763283333333
 30
0.0
 10
170.5169027777778
 20
119.2870783333333
 30
0.0
 10
176.577625
 20
115.783995
 30
0.0
 10
178.0134305555555
 20
114.9549672222222
 30
0.0
 10
178.5037916666666
 20
113.1205227777778
 30
0.0
 10
177.6747638888889
 20
111.6847172222222
 30
0.0
 10
177.6465416666666
 20
111.6388561111111
 30
0.0
 10
176.9445138888889
 20
111.9916338888889
 30
0.0
 10
176.1084305555555
 20
112.4749394444444
 30
0.0
 10
175.2723472222222
 20
112.958245
 30
0.0
 10
174.7960972222222
 20
113.3498283333333
 30
0.0
 10
174.6444027777778
 20
113.4380227777778
 30
0.0
 10
173.8859305555555
 20
113.8754672222222
 30
0.0
 10
171.6140416666667
 20
115.1878005555555
 30
0.0
 10
171.6140416666667
 20
115.1878005555555
 30
0.0
 10
171.3882638888889
 20
114.7985690740741
 30
0.0
 10
171.1624861111111
 20
114.4093375925926
 30
0.0
 10
170.9367083333333
 20
114.0201061111111
 30
0.0
  0
SPLINE
  5
240
330
1F
100
AcDbEntity
  8
DEFAULT
 62
     1
100
AcDbSpline
210
0.0
220
0.0
230
1.0
 70
     8
 71
     3
 72
    47
 73
    43
 74
     0
 42
0.000000001
 43
0.0000000001
 40
0.0
 40
0.0
 40
0.0
 40
0.0
 40
3.829999999999984
 40
3.829999999999984
 40
3.829999999999984
 40
13.75
 40
13.75
 40
13.75
 40
14.75
 40
14.75
 40
14.75
 40
15.75
 40
15.75
 40
15.75
 40
16.75
 40
16.75
 40
16.75
 40
36.59999999999997
 40
36.59999999999997
 40
36.59999999999997
 40
37.59999999999997
 40
37.59999999999997
 40
37.59999999999997
 40
38.59999999999997
 40
38.59999999999997
 40
38.59999999999997
 40
39.59999999999997
 40
39.59999999999997
 40
39.59999999999997
 40
40.59999999999997
 40
40.59999999999997
 40
40.59999999999997
 40
41.59999999999997
 40
41.59999999999997
 40
41.59999999999997
 40
42.59999999999997
 40
42.59999999999997
 40
42.59999999999997
 40
43.59999999999997
 40
43.59999999999997
 40
43.59999999999997
 40
47.42655197272944
 40
47.42655197272944
 40
47.42655197272944
 40
47.42655197272944
 10
163.2390972222222
 20
126.0780505555555
 30
0.0
 10
162.7887175925926
 20
126.0780505555555
 30
0.0
 10
162.338337962963
 20
126.0780505555555
 30
0.0
 10
161.8879583333333
 20
126.0780505555555
 30
0.0
 10
161.8879583333333
 20
127.2445690740741
 30
0.0
 10
161.8879583333333
 20
128.4110875925926
 30
0.0
 10
161.8879583333333
 20
129.5776061111111
 30
0.0
 10
161.8879583333333
 20
129.7504672222222
 30
0.0
 10
161.9867361111111
 20
130.3607727777778
 30
0.0
 10
161.9867361111111
 20
131.3273838888889
 30
0.0
 10
161.9867361111111
 20
132.293995
 30
0.0
 10
161.940875
 20
133.0771616666667
 30
0.0
 10
161.8879583333333
 20
133.0771616666667
 30
0.0
 10
160.2299027777778
 20
133.0771616666667
 30
0.0
 10
158.8858194444445
 20
131.7366061111111
 30
0.0
 10
158.8858194444445
 20
130.0785505555555
 30
0.0
 10
158.8858194444445
 20
127.7443375925926
 30
0.0
 10
158.8858194444445
 20
125.4101246296296
 30
0.0
 10
158.8858194444445
 20
123.0759116666667
 30
0.0
 10
158.8858194444445
 20
116.6941616666666
 30
0.0
 10
154.1550694444445
 20
118.6979394444444
 30
0.0
 10
157.1607361111111
 20
110.9121338888889
 30
0.0
 10
159.8982916666666
 20
103.814245
 30
0.0
 10
161.8879583333333
 20
113.878995
 30
0.0
 10
166.0119305555556
 20
111.4942172222222
 30
0.0
 10
167.528875
 20
110.6193283333333
 30
0.0
 10
170.5592361111111
 20
108.8660227777778
 30
0.0
 10
172.0726527777778
 20
107.9911338888889
 30
0.0
 10
173.5084583333333
 20
107.1621061111111
 30
0.0
 10
175.3429027777778
 20
107.6524672222222
 30
0.0
 10
176.1719305555555
 20
109.0882727777778
 30
0.0
 10
176.2001527777778
 20
109.1376616666667
 30
0.0
 10
175.5439861111111
 20
109.5680505555555
 30
0.0
 10
174.7079027777778
 20
110.0513561111111
 30
0.0
 10
173.8682916666667
 20
110.5346616666667
 30
0.0
 10
173.2932638888889
 20
110.7533838888889
 30
0.0
 10
173.1415694444444
 20
110.8415783333333
 30
0.0
 10
172.3830972222222
 20
111.2790227777778
 30
0.0
 10
170.1112083333333
 20
112.5913561111111
 30
0.0
 10
170.1112083333333
 20
112.5913561111111
 30
0.0
 10
170.3369861111111
 20
112.9805875925926
 30
0.0
 10
170.5627638888889
 20
113.3698190740741
 30
0.0
 10
170.7885416666666
 20
113.7590505555555
 30
0.0
  0
POLYLINE
  5
241
330
1F
100
AcDbEntity
  8
DEFAULT
 62
   250
100
AcDb2dPolyline
 66
     1
 10
0.0
 20
0.0
 30
0.0
  0
VERTEX
  5
242
330
241
100
AcDbEntity
  8
DEFAULT
 62
   250
100
AcDbVertex
100
AcDb2dVertex
 10
163.3875813888889
 20
122.1799972222222
 30
0.0
  0
VERTEX
  5
243
330
241
100
AcDbEntity
  8
DEFAULT
 62
   250
100
AcDbVertex
100
AcDb2dVertex
 10
163.3875813888889
 20
121.8582638888889
 30
0.0
  0
SEQEND
  5
244
330
241
100
AcDbEntity
  8
DEFAULT
 62
   250
  0
POLYLINE
  5
245
330
1F
100
AcDbEntity
  8
DEFAULT
 62
   250
100
AcDb2dPolyline
 66
     1
 10
0.0
 20
0.0
 30
0.0
  0
VERTEX
  5
246
330
245
100
AcDbEntity
  8
DEFAULT
 62
   250
100
AcDbVertex
100
AcDb2dVertex
 10
163.3875813888889
 20
124.0962155555555
 30
0.0
  0
VERTEX
  5
247
330
245
100
AcDbEntity
  8
DEFAULT
 62
   250
100
AcDbVertex
100
AcDb2dVertex
 10
163.3875813888889
 20
122.6448877777778
 30
0.0
  0
SEQEND
  5
248
330
245
100
AcDbEntity
  8
DEFAULT
 62
   250
  0
SPLINE
  5
249
330
1F
100
AcDbEntity
  8
DEFAULT
 62
   250
100
AcDbSpline
210
0.0
220
0.0
230
1.0
 70
     8
 71
     3
 72
    17
 73
    13
 74
     0
 42
0.000000001
 43
0.0000000001
 40
0.0
 40
0.0
 40
0.0
 40
0.0
 40
2.363023698569298
 40
2.363023698569298
 40
2.363023698569298
 40
3.363023698569298
 40
3.363023698569298
 40
3.363023698569298
 40
4.363023698569299
 40
4.363023698569299
 40
4.363023698569299
 40
5.363023698569299
 40
5.363023698569299
 40
5.363023698569299
 40
5.363023698569299
 10
169.6448008333333
 20
115.06581
 30
0.0
 10
169.4043239814814
 20
115.2050396296296
 30
0.0
 10
169.1638471296296
 20
115.3442692592592
 30
0.0
 10
168.9233702777777
 20
115.4834988888889
 30
0.0
 10
168.7208758333333
 20
115.6006211111111
 30
0.0
 10
168.4996841666667
 20
115.6129683333333
 30
0.0
 10
168.3557508333333
 20
115.36426
 30
0.0
 10
168.2569730555555
 20
115.1935155555555
 30
0.0
 10
168.2827258333333
 20
114.9987822222222
 30
0.0
 10
168.3793869444444
 20
114.8788377777778
 30
0.0
 10
168.4019647222222
 20
114.8460294444444
 30
0.0
 10
168.4337147222222
 20
114.8234516666666
 30
0.0
 10
168.4781647222222
 20
114.7976988888889
 30
0.0
  0
POLYLINE
  5
24A
330
1F
100
AcDbEntity
  8
DEFAULT
 62
   250
100
AcDb2dPolyline
 66
     1
 10
0.0
 20
0.0
 30
0.0
  0
VERTEX
  5
24B
330
24A
100
AcDbEntity
  8
DEFAULT
 62
   250
100
AcDbVertex
100
AcDb2dVertex
 10
169.235755
 20
114.3591255555555
 30
0.0
  0
VERTEX
  5
24C
330
24A
100
AcDbEntity
  8
DEFAULT
 62
   250
100
AcDbVertex
100
AcDb2dVertex
 10
167.3935494444444
 20
115.4255727777778
 30
0.0
  0
SEQEND
  5
24D
330
24A
100
AcDbEntity
  8
DEFAULT
 62
   250
  0
POLYLINE
  5
24E
330
1F
100
AcDbEntity
  8
DEFAULT
 62
   250
100
AcDb2dPolyline
 66
     1
 10
0.0
 20
0.0
 30
0.0
  0
VERTEX
  5
24F
330
24E
100
AcDbEntity
  8
DEFAULT
 62
   250
100
AcDbVertex
100
AcDb2dVertex
 10
136.8121963888889
 20
122.1799972222222
 30
0.0
  0
VERTEX
  5
250
330
24E
100
AcDbEntity
  8
DEFAULT
 62
   250
100
AcDbVertex
100
AcDb2dVertex
 10
136.8121963888889
 20
121.8582638888889
 30
0.0
  0
SEQEND
  5
251
330
24E
100
AcDbEntity
  8
DEFAULT
 62
   250
  0
POLYLINE
  5
252
330
1F
100
AcDbEntity
  8
DEFAULT
 62
   250
100
AcDb2dPolyline
 66
     1
 10
0.0
 20
0.0
 30
0.0
  0
VERTEX
  5
253
330
252
100
AcDbEntity
  8
DEFAULT
 62
   250
100
AcDbVertex
100
AcDb2dVertex
 10
136.8121963888889
 20
124.0962155555555
 30
0.0
  0
VERTEX
  5
254
330
252
100
AcDbEntity
  8
DEFAULT
 62
   250
100
AcDbVertex
100
AcDb2dVertex
 10
136.8121963888889
 20
122.6448877777778
 30
0.0
  0
SEQEND
  5
255
330
252
100
AcDbEntity
  8
DEFAULT
 62
   250
  0
SPLINE
  5
256
330
1F
100
AcDbEntity
  8
DEFAULT
 62
   250
100
AcDbSpline
210
0.0
220
0.0
230
1.0
 70
     8
 71
     3
 72
    17
 73
    13
 74
     0
 42
0.000000001
 43
0.0000000001
 40
0.0
 40
0.0
 40
0.0
 40
0.0
 40
2.363023698569298
 40
2.363023698569298
 40
2.363023698569298
 40
3.363023698569298
 40
3.363023698569298
 40
3.363023698569298
 40
4.363023698569299
 40
4.363023698569299
 40
4.363023698569299
 40
5.363023698569299
 40
5.363023698569299
 40
5.363023698569299
 40
5.363023698569299
 10
130.9640227777778
 20
114.3591255555555
 30
0.0
 10
131.2044996296296
 20
114.4983551851852
 30
0.0
 10
131.4449764814815
 20
114.6375848148148
 30
0.0
 10
131.6854533333333
 20
114.7768144444444
 30
0.0
 10
131.8879477777778
 20
114.8939366666667
 30
0.0
 10
132.0089505555555
 20
115.0794977777778
 30
0.0
 10
131.8650172222222
 20
115.3282061111111
 30
0.0
 10
131.7662394444444
 20
115.4989505555555
 30
0.0
 10
131.5842061111111
 20
115.5737394444444
 30
0.0
 10
131.4321588888889
 20
115.5493977777778
 30
0.0
 10
131.392295
 20
115.5462227777778
 30
0.0
 10
131.3570172222222
 20
115.529995
 30
0.0
 10
131.31292
 20
115.5042422222222
 30
0.0
  0
POLYLINE
  5
257
330
1F
100
AcDbEntity
  8
DEFAULT
 62
   250
100
AcDb2dPolyline
 66
     1
 10
0.0
 20
0.0
 30
0.0
  0
VERTEX
  5
258
330
257
100
AcDbEntity
  8
DEFAULT
 62
   250
100
AcDbVertex
100
AcDb2dVertex
 10
130.5549769444444
 20
115.06581
 30
0.0
  0
VERTEX
  5
259
330
257
100
AcDbEntity
  8
DEFAULT
 62
   250
100
AcDbVertex
100
AcDb2dVertex
 10
132.3975352777778
 20
116.1322572222222
 30
0.0
  0
SEQEND
  5
25A
330
257
100
AcDbEntity
  8
DEFAULT
 62
   250
  0
SPLINE
  5
25B
330
1F
100
AcDbEntity
  8
DEFAULT
 62
     1
100
AcDbSpline
210
0.0
220
0.0
230
1.0
 70
     8
 71
     3
 72
    47
 73
    43
 74
     0
 42
0.000000001
 43
0.0000000001
 40
0.0
 40
0.0
 40
0.0
 40
0.0
 40
3.826551972729507
 40
3.826551972729507
 40
3.826551972729507
 40
4.826551972729506
 40
4.826551972729506
 40
4.826551972729506
 40
5.826551972729506
 40
5.826551972729506
 40
5.826551972729506
 40
6.826551972729506
 40
6.826551972729506
 40
6.826551972729506
 40
7.826551972729506
 40
7.826551972729506
 40
7.826551972729506
 40
8.826551972729506
 40
8.826551972729506
 40
8.826551972729506
 40
9.826551972729506
 40
9.826551972729506
 40
9.826551972729506
 40
10.82655197272951
 40
10.82655197272951
 40
10.82655197272951
 40
30.67655197272947
 40
30.67655197272947
 40
30.67655197272947
 40
31.67655197272947
 40
31.67655197272947
 40
31.67655197272947
 40
32.67655197272947
 40
32.67655197272947
 40
32.67655197272947
 40
33.67655197272947
 40
33.67655197272947
 40
33.67655197272947
 40
43.59655197272943
 40
43.59655197272943
 40
43.59655197272943
 40
47.42655197272947
 40
47.42655197272947
 40
47.42655197272947
 40
47.42655197272947
 10
129.4112361111111
 20
113.7590505555555
 30
0.0
 10
129.6370138888888
 20
113.369819074074
 30
0.0
 10
129.8627916666666
 20
112.9805875925926
 30
0.0
 10
130.0885694444444
 20
112.5913561111111
 30
0.0
 10
130.0885694444444
 20
112.5913561111111
 30
0.0
 10
127.8166805555555
 20
111.2790227777778
 30
0.0
 10
127.0582083333333
 20
110.8415783333333
 30
0.0
 10
126.9065138888889
 20
110.7533838888889
 30
0.0
 10
126.3314861111111
 20
110.5346616666667
 30
0.0
 10
125.491875
 20
110.0513561111111
 30
0.0
 10
124.6557916666666
 20
109.5680505555556
 30
0.0
 10
123.999625
 20
109.1376616666667
 30
0.0
 10
124.0278472222222
 20
109.0882727777778
 30
0.0
 10
124.856875
 20
107.6524672222222
 30
0.0
 10
126.6913194444444
 20
107.1621061111111
 30
0.0
 10
128.127125
 20
107.9911338888889
 30
0.0
 10
129.6440694444444
 20
108.8660227777778
 30
0.0
 10
132.6744305555555
 20
110.6193283333333
 30
0.0
 10
134.1878472222222
 20
111.4942172222222
 30
0.0
 10
138.3118194444444
 20
113.878995
 30
0.0
 10
140.3014861111111
 20
103.814245
 30
0.0
 10
143.0390416666666
 20
110.9121338888889
 30
0.0
 10
146.0447083333333
 20
118.6979394444444
 30
0.0
 10
141.3139583333333
 20
116.6941616666667
 30
0.0
 10
141.3139583333333
 20
123.0759116666667
 30
0.0
 10
141.3139583333333
 20
125.4101246296296
 30
0.0
 10
141.3139583333333
 20
127.7443375925926
 30
0.0
 10
141.3139583333333
 20
130.0785505555556
 30
0.0
 10
141.3139583333333
 20
131.7366061111111
 30
0.0
 10
139.969875
 20
133.0771616666667
 30
0.0
 10
138.3118194444444
 20
133.0771616666667
 30
0.0
 10
138.2589027777778
 20
133.0771616666667
 30
0.0
 10
138.2130416666666
 20
132.293995
 30
0.0
 10
138.2130416666666
 20
131.3273838888889
 30
0.0
 10
138.2130416666666
 20
130.3607727777778
 30
0.0
 10
138.3118194444444
 20
129.7504672222222
 30
0.0
 10
138.3118194444444
 20
129.5776061111111
 30
0.0
 10
138.3118194444444
 20
128.4110875925926
 30
0.0
 10
138.3118194444444
 20
127.2445690740741
 30
0.0
 10
138.3118194444444
 20
126.0780505555556
 30
0.0
 10
137.8614398148148
 20
126.0780505555555
 30
0.0
 10
137.4110601851852
 20
126.0780505555555
 30
0.0
 10
136.9606805555555
 20
126.0780505555556
 30
0.0
  0
SPLINE
  5
25C
330
1F
100
AcDbEntity
  8
DEFAULT
 62
     1
100
AcDbSpline
210
0.0
220
0.0
230
1.0
 70
     8
 71
     3
 72
    38
 73
    34
 74
     0
 42
0.000000001
 43
0.0000000001
 40
0.0
 40
0.0
 40
0.0
 40
0.0
 40
3.826551972729507
 40
3.826551972729507
 40
3.826551972729507
 40
4.826551972729506
 40
4.826551972729506
 40
4.826551972729506
 40
5.826551972729506
 40
5.826551972729506
 40
5.826551972729506
 40
6.826551972729506
 40
6.826551972729506
 40
6.826551972729506
 40
7.826551972729506
 40
7.826551972729506
 40
7.826551972729506
 40
8.826551972729506
 40
8.826551972729506
 40
8.826551972729506
 40
9.826551972729506
 40
9.826551972729506
 40
9.826551972729506
 40
10.82655197272951
 40
10.82655197272951
 40
10.82655197272951
 40
11.82655197272951
 40
11.82655197272951
 40
11.82655197272951
 40
21.74655197272952
 40
21.74655197272952
 40
21.74655197272952
 40
25.56655197272951
 40
25.56655197272951
 40
25.56655197272951
 40
25.56655197272951
 10
129.2630694444444
 20
114.020106111111
 30
0.0
 10
129.0372916666666
 20
114.4093375925925
 30
0.0
 10
128.8115138888889
 20
114.798569074074
 30
0.0
 10
128.5857361111111
 20
115.1878005555555
 30
0.0
 10
128.5857361111111
 20
115.1878005555555
 30
0.0
 10
126.3138472222222
 20
113.8754672222222
 30
0.0
 10
125.555375
 20
113.4380227777778
 30
0.0
 10
125.4036805555556
 20
113.3498283333333
 30
0.0
 10
124.9274305555555
 20
112.958245
 30
0.0
 10
124.0913472222222
 20
112.4749394444444
 30
0.0
 10
123.2552638888889
 20
111.9916338888889
 30
0.0
 10
122.5532361111111
 20
111.6388561111111
 30
0.0
 10
122.5250138888889
 20
111.6847172222222
 30
0.0
 10
121.6959861111111
 20
113.1205227777778
 30
0.0
 10
122.1863472222222
 20
114.9549672222222
 30
0.0
 10
123.6221527777778
 20
115.783995
 30
0.0
 10
129.682875
 20
119.2870783333333
 30
0.0
 10
132.3145972222222
 20
122.1763283333333
 30
0.0
 10
132.3145972222222
 20
130.0785505555555
 30
0.0
 10
132.3145972222222
 20
131.7366061111111
 30
0.0
 10
133.6551527777778
 20
133.0771616666667
 30
0.0
 10
135.3132083333333
 20
133.0771616666667
 30
0.0
 10
135.3696527777778
 20
133.0771616666667
 30
0.0
 10
135.4119861111111
 20
132.293995
 30
0.0
 10
135.4119861111111
 20
131.3273838888889
 30
0.0
 10
135.4119861111111
 20
130.3607727777778
 30
0.0
 10
135.3132083333333
 20
129.7504672222222
 30
0.0
 10
135.3132083333333
 20
129.5776061111111
 30
0.0
 10
135.3132083333333
 20
128.4110875925926
 30
0.0
 10
135.3132083333333
 20
127.2445690740741
 30
0.0
 10
135.3132083333333
 20
126.0780505555555
 30
0.0
 10
135.762412037037
 20
126.0780505555555
 30
0.0
 10
136.2116157407407
 20
126.0780505555555
 30
0.0
 10
136.6608194444444
 20
126.0780505555555
 30
0.0
  0
SPLINE
  5
25D
330
1F
100
AcDbEntity
  8
DEFAULT
 62
   250
100
AcDbSpline
210
0.0
220
0.0
230
1.0
 70
     8
 71
     3
 72
    29
 73
    25
 74
     0
 42
0.000000001
 43
0.0000000001
 40
0.0
 40
0.0
 40
0.0
 40
0.0
 40
1.0
 40
1.0
 40
1.0
 40
2.0
 40
2.0
 40
2.0
 40
3.0
 40
3.0
 40
3.0
 40
4.0
 40
4.0
 40
4.0
 40
5.0
 40
5.0
 40
5.0
 40
6.0
 40
6.0
 40
6.0
 40
7.0
 40
7.0
 40
7.0
 40
8.0
 40
8.0
 40
8.0
 40
8.0
 10
123.1412108333333
 20
64.92882055555555
 30
0.0
 10
123.1521469444444
 20
65.06499277777776
 30
0.0
 10
123.3056052777778
 20
65.258315
 30
0.0
 10
123.4922247222222
 20
65.366265
 30
0.0
 10
123.7906747222222
 20
65.53877333333332
 30
0.0
 10
124.1318108333333
 20
65.44246499999998
 30
0.0
 10
124.2993802777778
 20
65.15283444444444
 30
0.0
 10
124.5043441666666
 20
64.79864555555555
 30
0.0
 10
124.3547663888889
 20
64.4437511111111
 30
0.0
 10
124.0785413888889
 20
64.28394277777777
 30
0.0
 10
123.8696969444444
 20
64.16329277777777
 30
0.0
 10
123.6477997222222
 20
64.16152888888888
 30
0.0
 10
123.5454941666667
 20
64.21762055555556
 30
0.0
 10
123.4975163888889
 20
64.31145944444444
 30
0.0
 10
122.9750525
 20
65.21598166666665
 30
0.0
 10
122.9750525
 20
65.21598166666665
 30
0.0
 10
122.8081886111111
 20
65.50384833333332
 30
0.0
 10
122.7563302777777
 20
65.70951777777776
 30
0.0
 10
122.8007802777778
 20
65.88061499999999
 30
0.0
 10
122.8417025
 20
66.05700388888889
 30
0.0
 10
122.9761108333333
 20
66.18294555555555
 30
0.0
 10
123.1151052777778
 20
66.26373166666666
 30
0.0
 10
123.2477497222222
 20
66.34028444444444
 30
0.0
 10
123.4149663888889
 20
66.38861499999999
 30
0.0
 10
123.5430247222222
 20
66.37274
 30
0.0
  0
SPLINE
  5
25E
330
1F
100
AcDbEntity
  8
DEFAULT
 62
   250
100
AcDbSpline
210
0.0
220
0.0
230
1.0
 70
     8
 71
     3
 72
    11
 73
     7
 74
     0
 42
0.000000001
 43
0.0000000001
 40
0.0
 40
0.0
 40
0.0
 40
0.0
 40
4.113747196899578
 40
4.113747196899578
 40
4.113747196899578
 40
5.113747196899578
 40
5.113747196899578
 40
5.113747196899578
 40
5.113747196899578
 10
175.6379308333333
 20
63.73611416666664
 30
0.0
 10
176.0224586111111
 20
63.44260305555554
 30
0.0
 10
176.4069863888889
 20
63.14909194444443
 30
0.0
 10
176.7915141666666
 20
62.85558083333333
 30
0.0
 10
177.2871669444444
 20
62.47740305555554
 30
0.0
 10
177.2910475
 20
62.07206138888888
 30
0.0
 10
176.8701836111111
 20
61.85686694444443
 30
0.0
  0
POLYLINE
  5
25F
330
1F
100
AcDbEntity
  8
DEFAULT
 62
   250
100
AcDb2dPolyline
 66
     1
 10
0.0
 20
0.0
 30
0.0
  0
VERTEX
  5
260
330
25F
100
AcDbEntity
  8
DEFAULT
 62
   250
100
AcDbVertex
100
AcDb2dVertex
 10
177.0389172222222
 20
63.17996
 30
0.0
  0
VERTEX
  5
261
330
25F
100
AcDbEntity
  8
DEFAULT
 62
   250
100
AcDbVertex
100
AcDb2dVertex
 10
176.4204977777777
 20
62.36998222222223
 30
0.0
  0
SEQEND
  5
262
330
25F
100
AcDbEntity
  8
DEFAULT
 62
   250
  0
SPLINE
  5
263
330
1F
100
AcDbEntity
  8
DEFAULT
 62
   250
100
AcDbSpline
210
0.0
220
0.0
230
1.0
 70
     8
 71
     3
 72
    11
 73
     7
 74
     0
 42
0.000000001
 43
0.0000000001
 40
0.0
 40
0.0
 40
0.0
 40
0.0
 40
4.113350945397197
 40
4.113350945397197
 40
4.113350945397197
 40
5.113350945397197
 40
5.113350945397197
 40
5.113350945397197
 40
5.113350945397197
 10
157.3773769444444
 20
67.13862055555556
 30
0.0
 10
157.7261565740741
 20
66.80348166666668
 30
0.0
 10
158.0749362037037
 20
66.46834277777779
 30
0.0
 10
158.4237158333333
 20
66.1332038888889
 30
0.0
 10
158.8735075
 20
65.70105111111111
 30
0.0
 10
158.8315269444444
 20
65.29817888888888
 30
0.0
 10
158.3887908333333
 20
65.13202055555556
 30
0.0
  0
POLYLINE
  5
264
330
1F
100
AcDbEntity
  8
DEFAULT
 62
   250
100
AcDb2dPolyline
 66
     1
 10
0.0
 20
0.0
 30
0.0
  0
VERTEX
  5
265
330
264
100
AcDbEntity
  8
DEFAULT
 62
   250
100
AcDbVertex
100
AcDb2dVertex
 10
158.7063613888888
 20
66.42738527777776
 30
0.0
  0
VERTEX
  5
266
330
264
100
AcDbEntity
  8
DEFAULT
 62
   250
100
AcDbVertex
100
AcDb2dVertex
 10
158.0001002777777
 20
65.69254916666664
 30
0.0
  0
SEQEND
  5
267
330
264
100
AcDbEntity
  8
DEFAULT
 62
   250
  0
SPLINE
  5
268
330
1F
100
AcDbEntity
  8
DEFAULT
 62
   250
100
AcDbSpline
210
0.0
220
0.0
230
1.0
 70
     8
 71
     3
 72
    11
 73
     7
 74
     0
 42
0.000000001
 43
0.0000000001
 40
0.0
 40
0.0
 40
0.0
 40
0.0
 40
4.113350945397178
 40
4.113350945397178
 40
4.113350945397178
 40
5.113350945397178
 40
5.113350945397178
 40
5.113350945397178
 40
5.113350945397178
 10
140.0489325
 20
67.61130750000001
 30
0.0
 10
140.3977121296296
 20
67.27616861111112
 30
0.0
 10
140.7464917592592
 20
66.94102972222224
 30
0.0
 10
141.0952713888889
 20
66.60589083333335
 30
0.0
 10
141.5450630555555
 20
66.17373805555556
 30
0.0
 10
141.5030825
 20
65.77086583333332
 30
0.0
 10
141.0603463888889
 20
65.6047075
 30
0.0
  0
POLYLINE
  5
269
330
1F
100
AcDbEntity
  8
DEFAULT
 62
   250
100
AcDb2dPolyline
 66
     1
 10
0.0
 20
0.0
 30
0.0
  0
VERTEX
  5
26A
330
269
100
AcDbEntity
  8
DEFAULT
 62
   250
100
AcDbVertex
100
AcDb2dVertex
 10
141.3779169444444
 20
66.9000722222222
 30
0.0
  0
VERTEX
  5
26B
330
269
100
AcDbEntity
  8
DEFAULT
 62
   250
100
AcDbVertex
100
AcDb2dVertex
 10
140.6720086111111
 20
66.16523611111111
 30
0.0
  0
SEQEND
  5
26C
330
269
100
AcDbEntity
  8
DEFAULT
 62
   250
  0
SPLINE
  5
26D
330
1F
100
AcDbEntity
  8
DEFAULT
 62
     1
100
AcDbSpline
210
0.0
220
0.0
230
1.0
 70
     8
 71
     3
 72
    80
 73
    76
 74
     0
 42
0.000000001
 43
0.0000000001
 40
0.0
 40
0.0
 40
0.0
 40
0.0
 40
3.826551972729443
 40
3.826551972729443
 40
3.826551972729443
 40
4.826551972729443
 40
4.826551972729443
 40
4.826551972729443
 40
5.826551972729443
 40
5.826551972729443
 40
5.826551972729443
 40
6.826551972729443
 40
6.826551972729443
 40
6.826551972729443
 40
7.826551972729443
 40
7.826551972729443
 40
7.826551972729443
 40
8.826551972729444
 40
8.826551972729444
 40
8.826551972729444
 40
9.826551972729444
 40
9.826551972729444
 40
9.826551972729444
 40
10.82655197272944
 40
10.82655197272944
 40
10.82655197272944
 40
19.32766954631939
 40
19.32766954631939
 40
19.32766954631939
 40
20.32766954631939
 40
20.32766954631939
 40
20.32766954631939
 40
21.32766954631939
 40
21.32766954631939
 40
21.32766954631939
 40
22.32766954631939
 40
22.32766954631939
 40
22.32766954631939
 40
23.32766954631939
 40
23.32766954631939
 40
23.32766954631939
 40
24.32766954631939
 40
24.32766954631939
 40
24.32766954631939
 40
25.32766954631939
 40
25.32766954631939
 40
25.32766954631939
 40
26.32766954631939
 40
26.32766954631939
 40
26.32766954631939
 40
34.82449836653227
 40
34.82449836653227
 40
34.82449836653227
 40
35.82449836653227
 40
35.82449836653227
 40
35.82449836653227
 40
36.82449836653227
 40
36.82449836653227
 40
36.82449836653227
 40
37.82449836653227
 40
37.82449836653227
 40
37.82449836653227
 40
38.82449836653227
 40
38.82449836653227
 40
38.82449836653227
 40
39.82449836653227
 40
39.82449836653227
 40
39.82449836653227
 40
40.82449836653227
 40
40.82449836653227
 40
40.82449836653227
 40
41.82449836653227
 40
41.82449836653227
 40
41.82449836653227
 40
45.66264896284819
 40
45.66264896284819
 40
45.66264896284819
 40
45.66264896284819
 10
122.3592083333334
 20
67.68627277777779
 30
0.0
 10
122.7484398148148
 20
67.91205055555555
 30
0.0
 10
123.1376712962963
 20
68.13782833333333
 30
0.0
 10
123.5269027777778
 20
68.36360611111111
 30
0.0
 10
123.5269027777778
 20
68.3636061111111
 30
0.0
 10
122.2145694444444
 20
70.635495
 30
0.0
 10
121.777125
 20
71.39043944444444
 30
0.0
 10
121.6889305555556
 20
71.53860611111111
 30
0.0
 10
121.2973472222222
 20
72.01485611111111
 30
0.0
 10
120.8140416666667
 20
72.85446722222223
 30
0.0
 10
120.3307361111111
 20
73.69055055555556
 30
0.0
 10
119.9779583333333
 20
74.39257833333332
 30
0.0
 10
120.0238194444444
 20
74.41727277777777
 30
0.0
 10
122.6237916666667
 20
75.92010611111111
 30
0.0
 10
131.4573472222222
 20
71.34810611111111
 30
0.0
 10
132.6814861111111
 20
72.37821722222222
 30
0.0
 10
132.7238194444444
 20
72.413495
 30
0.0
 10
133.3164861111111
 20
71.90902277777778
 30
0.0
 10
134.0149861111111
 20
71.23521722222222
 30
0.0
 10
134.7134861111111
 20
70.56846722222221
 30
0.0
 10
135.080375
 20
70.07457833333333
 30
0.0
 10
135.207375
 20
69.95816166666665
 30
0.0
 10
135.8388472222222
 20
69.34432833333332
 30
0.0
 10
137.7297361111111
 20
67.523995
 30
0.0
 10
137.7297361111111
 20
67.523995
 30
0.0
 10
138.4223564814815
 20
68.24483759259259
 30
0.0
 10
139.1149768518518
 20
68.96568018518518
 30
0.0
 10
139.8075972222222
 20
69.68652277777777
 30
0.0
 10
139.8075972222222
 20
69.68652277777777
 30
0.0
 10
137.9167083333333
 20
71.5068561111111
 30
0.0
 10
137.2852361111111
 20
72.11363388888888
 30
0.0
 10
137.1582361111111
 20
72.2371061111111
 30
0.0
 10
136.6502361111111
 20
72.58282833333332
 30
0.0
 10
135.9552638888889
 20
73.25663388888889
 30
0.0
 10
135.2602916666667
 20
73.92691166666665
 30
0.0
 10
134.7240694444444
 20
74.50193944444443
 30
0.0
 10
134.762875
 20
74.54427277777778
 30
0.0
 10
137.8849583333333
 20
77.8568561111111
 30
0.0
 10
147.9285416666667
 20
69.6336061111111
 30
0.0
 10
149.9817083333333
 20
71.81730055555555
 30
0.0
 10
150.0310972222222
 20
71.85257833333333
 30
0.0
 10
150.6237638888889
 20
71.35516166666666
 30
0.0
 10
151.3257916666667
 20
70.69546722222222
 30
0.0
 10
152.0313472222222
 20
70.032245
 30
0.0
 10
152.4052916666667
 20
69.54188388888888
 30
0.0
 10
152.5358194444445
 20
69.42193944444443
 30
0.0
 10
153.1708194444444
 20
68.825745
 30
0.0
 10
155.0864027777778
 20
67.02657833333333
 30
0.0
 10
155.0864027777778
 20
67.02657833333333
 30
0.0
 10
155.7696157407407
 20
67.7556524074074
 30
0.0
 10
156.4528287037037
 20
68.48472648148147
 30
0.0
 10
157.1360416666666
 20
69.21380055555555
 30
0.0
 10
157.1360416666666
 20
69.21380055555555
 30
0.0
 10
155.2239861111111
 20
71.00943944444444
 30
0.0
 10
154.5854583333333
 20
71.61268944444444
 30
0.0
 10
154.4619861111111
 20
71.73263388888888
 30
0.0
 10
153.9469305555556
 20
72.07482833333333
 30
0.0
 10
153.241375
 20
72.73452277777777
 30
0.0
 10
152.5393472222222
 20
73.397745
 30
0.0
 10
151.9995972222222
 20
73.96571722222222
 30
0.0
 10
152.034875
 20
74.00805055555556
 30
0.0
 10
155.3968472222222
 20
77.58874499999999
 30
0.0
 10
165.9590138888889
 20
65.25916166666667
 30
0.0
 10
167.782875
 20
67.64041166666667
 30
0.0
 10
167.814625
 20
67.682745
 30
0.0
 10
168.4637361111111
 20
67.24177277777778
 30
0.0
 10
169.2327916666667
 20
66.65263388888889
 30
0.0
 10
169.9983194444444
 20
66.07055055555554
 30
0.0
 10
170.4216527777778
 20
65.62252277777777
 30
0.0
 10
170.5627638888889
 20
65.51316166666666
 30
0.0
 10
171.2577361111111
 20
64.98046722222222
 30
0.0
 10
173.3426527777778
 20
63.38591166666667
 30
0.0
 10
173.3426527777778
 20
63.38591166666667
 30
0.0
 10
173.6166435185185
 20
63.74456907407407
 30
0.0
 10
173.8906342592593
 20
64.10322648148149
 30
0.0
 10
174.164625
 20
64.46188388888889
 30
0.0
  0
SPLINE
  5
26E
330
1F
100
AcDbEntity
  8
DEFAULT
 62
     1
100
AcDbSpline
210
0.0
220
0.0
230
1.0
 70
     8
 71
     3
 72
    53
 73
    49
 74
     0
 42
0.000000001
 43
0.0000000001
 40
0.0
 40
0.0
 40
0.0
 40
0.0
 40
3.826551972729478
 40
3.826551972729478
 40
3.826551972729478
 40
4.826551972729478
 40
4.826551972729478
 40
4.826551972729478
 40
5.826551972729478
 40
5.826551972729478
 40
5.826551972729478
 40
6.826551972729478
 40
6.826551972729478
 40
6.826551972729478
 40
7.826551972729478
 40
7.826551972729478
 40
7.826551972729478
 40
8.826551972729478
 40
8.826551972729478
 40
8.826551972729478
 40
9.826551972729478
 40
9.826551972729478
 40
9.826551972729478
 40
10.82655197272948
 40
10.82655197272948
 40
10.82655197272948
 40
11.82655197272948
 40
11.82655197272948
 40
11.82655197272948
 40
12.82655197272948
 40
12.82655197272948
 40
12.82655197272948
 40
13.82655197272948
 40
13.82655197272948
 40
13.82655197272948
 40
14.82655197272948
 40
14.82655197272948
 40
14.82655197272948
 40
15.82655197272948
 40
15.82655197272948
 40
15.82655197272948
 40
16.82655197272948
 40
16.82655197272948
 40
16.82655197272948
 40
17.82655197272948
 40
17.82655197272948
 40
17.82655197272948
 40
21.65068586159891
 40
21.65068586159891
 40
21.65068586159891
 40
21.65068586159891
 10
122.0981527777778
 20
67.53457833333333
 30
0.0
 10
121.7089212962963
 20
67.30880055555555
 30
0.0
 10
121.3196898148148
 20
67.08302277777777
 30
0.0
 10
120.9304583333333
 20
66.857245
 30
0.0
 10
120.9304583333333
 20
66.85724499999999
 30
0.0
 10
119.618125
 20
69.12913388888889
 30
0.0
 10
119.1806805555556
 20
69.8876061111111
 30
0.0
 10
119.0924861111111
 20
70.03930055555554
 30
0.0
 10
118.8737638888889
 20
70.61432833333332
 30
0.0
 10
118.3904583333333
 20
71.45746722222222
 30
0.0
 10
117.9071527777778
 20
72.29002277777776
 30
0.0
 10
117.4767638888889
 20
72.94971722222222
 30
0.0
 10
117.427375
 20
72.91796722222222
 30
0.0
 10
116.1291527777778
 20
72.16655055555555
 30
0.0
 10
112.0722083333333
 20
70.63549499999999
 30
0.0
 10
113.522125
 20
68.61055055555555
 30
0.0
 10
117.871875
 20
62.52513388888889
 30
0.0
 10
119.2159583333333
 20
59.36071722222221
 30
0.0
 10
121.681875
 20
59.36071722222221
 30
0.0
 10
140.0369027777778
 20
59.36071722222221
 30
0.0
 10
136.826625
 20
52.51330055555555
 30
0.0
 10
145.4238194444444
 20
52.51330055555555
 30
0.0
 10
150.6343472222222
 20
52.51330055555555
 30
0.0
 10
140.7389305555556
 20
59.60413388888889
 30
0.0
 10
155.082875
 20
58.56696722222221
 30
0.0
 10
167.2043194444445
 20
57.69207833333333
 30
0.0
 10
172.100875
 20
56.82777277777777
 30
0.0
 10
175.1629861111111
 20
54.95805055555554
 30
0.0
 10
176.8810138888889
 20
53.91030055555555
 30
0.0
 10
181.4071527777778
 20
50.886995
 30
0.0
 10
182.5677916666666
 20
53.94910611111111
 30
0.0
 10
184.0000694444444
 20
57.72382833333333
 30
0.0
 10
188.0323194444444
 20
61.89718944444444
 30
0.0
 10
184.3740138888889
 20
64.57830055555556
 30
0.0
 10
169.5573472222222
 20
75.42621722222222
 30
0.0
 10
171.4270694444444
 20
72.40643944444444
 30
0.0
 10
169.6032083333333
 20
70.02166166666666
 30
0.0
 10
169.5714583333333
 20
69.97932833333333
 30
0.0
 10
170.164125
 20
69.46427277777777
 30
0.0
 10
170.9331805555555
 20
68.87866166666666
 30
0.0
 10
171.7022361111111
 20
68.29305055555555
 30
0.0
 10
172.2419861111111
 20
68.00377277777777
 30
0.0
 10
172.3830972222222
 20
67.89441166666667
 30
0.0
 10
173.0780694444444
 20
67.36171722222221
 30
0.0
 10
175.1629861111111
 20
65.77068944444444
 30
0.0
 10
175.1629861111111
 20
65.77068944444444
 30
0.0
 10
174.8901712962962
 20
65.41320796296297
 30
0.0
 10
174.6173564814815
 20
65.05572648148149
 30
0.0
 10
174.3445416666667
 20
64.698245
 30
0.0
  0
SPLINE
  5
26F
330
1F
100
AcDbEntity
  8
DEFAULT
 62
     3
100
AcDbSpline
210
0.0
220
0.0
230
1.0
 70
    11
 71
     3
 72
    14
 73
    10
 74
     0
 42
0.000000001
 43
0.0000000001
 40
0.0
 40
0.0
 40
0.0
 40
0.0
 40
1.0
 40
1.0
 40
1.0
 40
2.0
 40
2.0
 40
2.0
 40
3.0
 40
3.0
 40
3.0
 40
3.0
 10
283.5686691666666
 20
202.3639872222222
 30
0.0
 10
283.5086969444444
 20
203.5059288888888
 30
0.0
 10
283.8547719444444
 20
203.8276622222222
 30
0.0
 10
284.6425247222222
 20
204.3561233333333
 30
0.0
 10
285.9365136111111
 20
205.2243094444444
 30
0.0
 10
283.1174663888888
 20
204.7124288888889
 30
0.0
 10
282.1833108333333
 20
204.1536288888888
 30
0.0
 10
281.3962636111111
 20
203.6830233333333
 30
0.0
 10
283.6212330555555
 20
201.3659788888889
 30
0.0
 10
283.5686691666666
 20
202.3639872222222
 30
0.0
  0
SPLINE
  5
270
330
1F
100
AcDbEntity
  8
DEFAULT
 62
     3
100
AcDbSpline
210
0.0
220
0.0
230
1.0
 70
    11
 71
     3
 72
    14
 73
    10
 74
     0
 42
0.000000001
 43
0.0000000001
 40
0.0
 40
0.0
 40
0.0
 40
0.0
 40
1.0
 40
1.0
 40
1.0
 40
2.0
 40
2.0
 40
2.0
 40
3.0
 40
3.0
 40
3.0
 40
3.0
 10
283.7283011111111
 20
215.3130130555555
 30
0.0
 10
283.1095288888889
 20
216.2746852777778
 30
0.0
 10
283.1797316666667
 20
216.9005130555555
 30
0.0
 10
283.7283011111111
 20
217.6741547222222
 30
0.0
 10
284.3135594444444
 20
218.4993019444444
 30
0.0
 10
281.7322844444444
 20
217.8653602777778
 30
0.0
 10
281.7322844444444
 20
216.4934075
 30
0.0
 10
281.7322844444444
 20
215.0029213888889
 30
0.0
 10
284.2691094444444
 20
214.4726963888889
 30
0.0
 10
283.7283011111111
 20
215.3130130555555
 30
0.0
  0
SPLINE
  5
271
330
1F
100
AcDbEntity
  8
DEFAULT
 62
     3
100
AcDbSpline
210
0.0
220
0.0
230
1.0
 70
    11
 71
     3
 72
    26
 73
    22
 74
     0
 42
0.000000001
 43
0.0000000001
 40
0.0
 40
0.0
 40
0.0
 40
0.0
 40
1.0
 40
1.0
 40
1.0
 40
2.0
 40
2.0
 40
2.0
 40
3.0
 40
3.0
 40
3.0
 40
4.0
 40
4.0
 40
4.0
 40
5.0
 40
5.0
 40
5.0
 40
6.0
 40
6.0
 40
6.0
 40
7.0
 40
7.0
 40
7.0
 40
7.0
 10
281.6727355555556
 20
232.3708416666666
 30
0.0
 10
283.269055
 20
230.2393583333333
 30
0.0
 10
283.3508994444444
 20
230.254175
 30
0.0
 10
282.354655
 20
230.4407944444444
 30
0.0
 10
281.3587633333333
 20
230.6277666666666
 30
0.0
 10
280.7569244444445
 20
231.1879777777778
 30
0.0
 10
279.4079022222222
 20
233.9893861111111
 30
0.0
 10
278.0592327777778
 20
236.7907944444444
 30
0.0
 10
276.5027772222222
 20
237.8491277777777
 30
0.0
 10
278.3082938888888
 20
237.5379777777778
 30
0.0
 10
280.1134577777778
 20
237.2268277777777
 30
0.0
 10
280.7361105555556
 20
238.1606305555555
 30
0.0
 10
281.4208522222222
 20
238.8453722222222
 30
0.0
 10
282.1055938888888
 20
239.5301138888888
 30
0.0
 10
282.1680355555555
 20
239.6546444444444
 30
0.0
 10
283.4129883333333
 20
239.0319916666666
 30
0.0
 10
284.6582938888889
 20
238.4096916666666
 30
0.0
 10
280.92273
 20
237.9115694444444
 30
0.0
 10
280.5491383333334
 20
236.3551138888888
 30
0.0
 10
280.1758994444444
 20
234.7986583333333
 30
0.0
 10
280.5025716666667
 20
233.9336472222222
 30
0.0
 10
281.6727355555556
 20
232.3708416666666
 30
0.0
  0
SPLINE
  5
272
330
1F
100
AcDbEntity
  8
DEFAULT
 62
     5
100
AcDbSpline
210
0.0
220
0.0
230
1.0
 70
    11
 71
     3
 72
    20
 73
    16
 74
     0
 42
0.000000001
 43
0.0000000001
 40
0.0
 40
0.0
 40
0.0
 40
0.0
 40
1.0
 40
1.0
 40
1.0
 40
2.0
 40
2.0
 40
2.0
 40
3.0
 40
3.0
 40
3.0
 40
4.0
 40
4.0
 40
4.0
 40
5.0
 40
5.0
 40
5.0
 40
5.0
 10
286.6507475
 20
213.7566280555556
 30
0.0
 10
284.6169836111111
 20
215.4630141666667
 30
0.0
 10
284.8868586111111
 20
217.6424752777777
 30
0.0
 10
286.4016863888889
 20
218.8616752777778
 30
0.0
 10
288.2689391666667
 20
220.3641558333333
 30
0.0
 10
287.2444725
 20
220.8252363888889
 30
0.0
 10
284.5506613888889
 20
220.0300752777778
 30
0.0
 10
281.8568502777778
 20
219.2349141666666
 30
0.0
 10
280.4340975
 20
219.5464169444444
 30
0.0
 10
280.4340975
 20
216.6204780555556
 30
0.0
 10
280.4340975
 20
213.6320975
 30
0.0
 10
281.7171502777778
 20
213.5075669444444
 30
0.0
 10
283.9347113888889
 20
212.8849141666666
 30
0.0
 10
286.1522725
 20
212.2626141666667
 30
0.0
 10
288.5800891666667
 20
212.1380836111111
 30
0.0
 10
286.6507475
 20
213.7566280555556
 30
0.0
  0
SPLINE
  5
273
330
1F
100
AcDbEntity
  8
DEFAULT
 62
     5
100
AcDbSpline
210
0.0
220
0.0
230
1.0
 70
    11
 71
     3
 72
    14
 73
    10
 74
     0
 42
0.000000001
 43
0.0000000001
 40
0.0
 40
0.0
 40
0.0
 40
0.0
 40
1.0
 40
1.0
 40
1.0
 40
2.0
 40
2.0
 40
2.0
 40
3.0
 40
3.0
 40
3.0
 40
3.0
 10
282.8527419444444
 20
200.9321327777778
 30
0.0
 10
281.0585141666666
 20
202.8350161111111
 30
0.0
 10
278.9930002777778
 20
204.8543161111111
 30
0.0
 10
281.7319669444444
 20
205.3520855555556
 30
0.0
 10
284.4712863888888
 20
205.8502077777778
 30
0.0
 10
289.7008641666666
 20
206.5095494444444
 30
0.0
 10
286.8370141666666
 20
204.6673438888889
 30
0.0
 10
283.3875530555555
 20
202.4487244444444
 30
0.0
 10
285.0692447222222
 20
198.5812216666667
 30
0.0
 10
282.8527419444444
 20
200.9321327777778
 30
0.0
  0
SPLINE
  5
274
330
1F
100
AcDbEntity
  8
DEFAULT
 62
     5
100
AcDbSpline
210
0.0
220
0.0
230
1.0
 70
    11
 71
     3
 72
    20
 73
    16
 74
     0
 42
0.000000001
 43
0.0000000001
 40
0.0
 40
0.0
 40
0.0
 40
0.0
 40
1.0
 40
1.0
 40
1.0
 40
2.0
 40
2.0
 40
2.0
 40
3.0
 40
3.0
 40
3.0
 40
4.0
 40
4.0
 40
4.0
 40
5.0
 40
5.0
 40
5.0
 40
5.0
 10
285.51124
 20
239.4818538888888
 30
0.0
 10
288.4110733333333
 20
236.3181427777778
 30
0.0
 10
279.1174955555555
 20
238.5963816666666
 30
0.0
 10
282.3574066666666
 20
233.7403955555555
 30
0.0
 10
285.6675205555555
 20
228.7796344444444
 30
0.0
 10
289.2443344444444
 20
226.9339011111111
 30
0.0
 10
282.9698288888889
 20
228.3450122222222
 30
0.0
 10
279.4208844444444
 20
229.1433483333333
 30
0.0
 10
280.6750094444445
 20
227.9375538888888
 30
0.0
 10
278.3703122222223
 20
232.7445038888889
 30
0.0
 10
275.2066011111111
 20
239.3432122222222
 30
0.0
 10
272.7050538888889
 20
239.9037761111111
 30
0.0
 10
277.4989511111111
 20
239.2190344444444
 30
0.0
 10
281.4232511111111
 20
238.6581177777777
 30
0.0
 10
281.4292483333333
 20
243.9356733333333
 30
0.0
 10
285.51124
 20
239.4818538888888
 30
0.0
  0
POLYLINE
  5
275
330
1F
100
AcDbEntity
  8
DEFAULT
 62
   250
100
AcDb2dPolyline
 66
     1
 10
0.0
 20
0.0
 30
0.0
  0
VERTEX
  5
276
330
275
100
AcDbEntity
  8
DEFAULT
 62
   250
100
AcDbVertex
100
AcDb2dVertex
 10
286.5147516666667
 20
223.4357213888889
 30
0.0
  0
VERTEX
  5
277
330
275
100
AcDbEntity
  8
DEFAULT
 62
   250
100
AcDbVertex
100
AcDb2dVertex
 10
286.5147516666667
 20
224.5420324999999
 30
0.0
  0
VERTEX
  5
278
330
275
100
AcDbEntity
  8
DEFAULT
 62
   250
100
AcDbVertex
100
AcDb2dVertex
 10
287.9054016666666
 20
223.4357213888889
 30
0.0
  0
VERTEX
  5
279
330
275
100
AcDbEntity
  8
DEFAULT
 62
   250
100
AcDbVertex
100
AcDb2dVertex
 10
287.9054016666666
 20
224.5540269444444
 30
0.0
  0
SEQEND
  5
27A
330
275
100
AcDbEntity
  8
DEFAULT
 62
   250
  0
POLYLINE
  5
27B
330
1F
100
AcDbEntity
  8
DEFAULT
 62
   250
100
AcDb2dPolyline
 66
     1
 10
0.0
 20
0.0
 30
0.0
  0
VERTEX
  5
27C
330
27B
100
AcDbEntity
  8
DEFAULT
 62
   250
100
AcDbVertex
100
AcDb2dVertex
 10
286.5165861111111
 20
208.4372683333333
 30
0.0
  0
VERTEX
  5
27D
330
27B
100
AcDbEntity
  8
DEFAULT
 62
   250
100
AcDbVertex
100
AcDb2dVertex
 10
286.5165861111111
 20
209.5435794444444
 30
0.0
  0
VERTEX
  5
27E
330
27B
100
AcDbEntity
  8
DEFAULT
 62
   250
100
AcDbVertex
100
AcDb2dVertex
 10
287.9072361111111
 20
208.4372683333333
 30
0.0
  0
VERTEX
  5
27F
330
27B
100
AcDbEntity
  8
DEFAULT
 62
   250
100
AcDbVertex
100
AcDb2dVertex
 10
287.9072361111111
 20
209.5555738888889
 30
0.0
  0
SEQEND
  5
280
330
27B
100
AcDbEntity
  8
DEFAULT
 62
   250
  0
SPLINE
  5
281
330
1F
100
AcDbEntity
  8
DEFAULT
 62
     1
100
AcDbSpline
210
0.0
220
0.0
230
1.0
 70
     8
 71
     3
 72
    35
 73
    31
 74
     0
 42
0.000000001
 43
0.0000000001
 40
0.0
 40
0.0
 40
0.0
 40
0.0
 40
3.82000000000005
 40
3.82000000000005
 40
3.82000000000005
 40
4.82000000000005
 40
4.82000000000005
 40
4.82000000000005
 40
5.82000000000005
 40
5.82000000000005
 40
5.82000000000005
 40
6.82000000000005
 40
6.82000000000005
 40
6.82000000000005
 40
7.82000000000005
 40
7.82000000000005
 40
7.82000000000005
 40
8.82000000000005
 40
8.82000000000005
 40
8.82000000000005
 40
9.82000000000005
 40
9.82000000000005
 40
9.82000000000005
 40
10.82000000000005
 40
10.82000000000005
 40
10.82000000000005
 40
11.82000000000005
 40
11.82000000000005
 40
11.82000000000005
 40
15.63999999999999
 40
15.63999999999999
 40
15.63999999999999
 40
15.63999999999999
 10
284.5080458333333
 20
223.8440616666666
 30
0.0
 10
284.5080458333333
 20
223.394857962963
 30
0.0
 10
284.5080458333333
 20
222.9456542592592
 30
0.0
 10
284.5080458333333
 20
222.4964505555555
 30
0.0
 10
284.5080458333333
 20
222.4964505555555
 30
0.0
 10
281.8833791666667
 20
222.489395
 30
0.0
 10
281.0049625
 20
222.489395
 30
0.0
 10
280.8321013888889
 20
222.489395
 30
0.0
 10
280.2217958333333
 20
222.5881727777778
 30
0.0
 10
279.2551847222222
 20
222.5881727777778
 30
0.0
 10
278.2885736111111
 20
222.5881727777778
 30
0.0
 10
277.5054069444444
 20
222.5423116666666
 30
0.0
 10
277.5054069444444
 20
222.489395
 30
0.0
 10
277.5089347222222
 20
220.4362283333333
 30
0.0
 10
278.1862680555556
 20
218.5030061111111
 30
0.0
 10
278.0134069444445
 20
215.9418394444444
 30
0.0
 10
277.9005180555556
 20
214.2696727777778
 30
0.0
 10
277.5583236111111
 20
213.3736172222222
 30
0.0
 10
277.5018791666666
 20
210.487895
 30
0.0
 10
277.5159902777777
 20
210.4349783333333
 30
0.0
 10
278.2921013888889
 20
210.392645
 30
0.0
 10
279.2516569444444
 20
210.392645
 30
0.0
 10
280.2217958333333
 20
210.392645
 30
0.0
 10
280.8285736111111
 20
210.4914227777778
 30
0.0
 10
281.0014347222222
 20
210.4914227777778
 30
0.0
 10
281.8763236111111
 20
210.4949505555555
 30
0.0
 10
284.5009902777778
 20
210.4949505555555
 30
0.0
 10
284.5009902777778
 20
210.4949505555555
 30
0.0
 10
284.5009902777778
 20
210.0457468518518
 30
0.0
 10
284.5009902777778
 20
209.5965431481482
 30
0.0
 10
284.5009902777778
 20
209.1473394444444
 30
0.0
  0
SPLINE
  5
282
330
1F
100
AcDbEntity
  8
DEFAULT
 62
     1
100
AcDbSpline
210
0.0
220
0.0
230
1.0
 70
     8
 71
     3
 72
    59
 73
    55
 74
     0
 42
0.000000001
 43
0.0000000001
 40
0.0
 40
0.0
 40
0.0
 40
0.0
 40
3.830000000000041
 40
3.830000000000041
 40
3.830000000000041
 40
4.830000000000041
 40
4.830000000000041
 40
4.830000000000041
 40
5.830000000000041
 40
5.830000000000041
 40
5.830000000000041
 40
6.830000000000041
 40
6.830000000000041
 40
6.830000000000041
 40
7.830000000000041
 40
7.830000000000041
 40
7.830000000000041
 40
8.830000000000041
 40
8.830000000000041
 40
8.830000000000041
 40
9.830000000000041
 40
9.830000000000041
 40
9.830000000000041
 40
10.83000000000004
 40
10.83000000000004
 40
10.83000000000004
 40
11.83000000000004
 40
11.83000000000004
 40
11.83000000000004
 40
12.83000000000004
 40
12.83000000000004
 40
12.83000000000004
 40
13.83000000000004
 40
13.83000000000004
 40
13.83000000000004
 40
14.83000000000004
 40
14.83000000000004
 40
14.83000000000004
 40
15.83000000000004
 40
15.83000000000004
 40
15.83000000000004
 40
16.83000000000004
 40
16.83000000000004
 40
16.83000000000004
 40
17.83000000000004
 40
17.83000000000004
 40
17.83000000000004
 40
18.83000000000004
 40
18.83000000000004
 40
18.83000000000004
 40
19.83000000000004
 40
19.83000000000004
 40
19.83000000000004
 40
23.65999999999997
 40
23.65999999999997
 40
23.65999999999997
 40
23.65999999999997
 10
284.5045180555555
 20
208.8474430555555
 30
0.0
 10
284.5045180555555
 20
208.3970634259259
 30
0.0
 10
284.5045180555555
 20
207.9466837962963
 30
0.0
 10
284.5045180555555
 20
207.4963041666666
 30
0.0
 10
284.5045180555555
 20
207.4963041666666
 30
0.0
 10
281.8798513888889
 20
207.4927763888889
 30
0.0
 10
281.0049625
 20
207.4927763888889
 30
0.0
 10
280.8285736111111
 20
207.4927763888889
 30
0.0
 10
280.2217958333333
 20
207.5915541666667
 30
0.0
 10
279.2551847222222
 20
207.5915541666667
 30
0.0
 10
278.2885736111111
 20
207.5880263888889
 30
0.0
 10
277.5054069444444
 20
207.5456930555555
 30
0.0
 10
277.5054069444444
 20
207.4892486111111
 30
0.0
 10
277.5054069444444
 20
205.4889986111111
 30
0.0
 10
276.1860180555555
 20
203.6580819444444
 30
0.0
 10
281.7528513888889
 20
199.0719708333333
 30
0.0
 10
287.3196847222222
 20
194.4823319444444
 30
0.0
 10
285.7639347222222
 20
200.7335541666667
 30
0.0
 10
290.7275180555555
 20
205.0903597222222
 30
0.0
 10
294.7809347222222
 20
208.6463597222222
 30
0.0
 10
295.1478236111111
 20
208.1559986111111
 30
0.0
 10
292.0116291666666
 20
211.0664152777778
 30
0.0
 10
286.9845458333333
 20
215.7301375
 30
0.0
 10
287.5242958333333
 20
217.6739430555555
 30
0.0
 10
291.8493513888889
 20
221.6638597222222
 30
0.0
 10
294.5304625
 20
224.1368319444445
 30
0.0
 10
294.0930180555555
 20
223.9957208333333
 30
0.0
 10
291.7152958333334
 20
226.6521375
 30
0.0
 10
289.3552125
 20
229.2873875
 30
0.0
 10
284.4480736111111
 20
232.6034986111111
 30
0.0
 10
286.3671847222222
 20
235.1540819444444
 30
0.0
 10
288.5649902777778
 20
238.0680263888889
 30
0.0
 10
294.2835180555555
 20
234.6249152777778
 30
0.0
 10
285.3829347222222
 20
242.9857486111111
 30
0.0
 10
281.9927402777778
 20
246.1678041666666
 30
0.0
 10
277.9499069444444
 20
241.4123597222222
 30
0.0
 10
273.8859069444444
 20
241.9097763888889
 30
0.0
 10
267.6770180555555
 20
242.6717763888889
 30
0.0
 10
271.7057402777777
 20
239.4861930555556
 30
0.0
 10
274.4856291666667
 20
234.1557208333333
 30
0.0
 10
275.8544069444445
 20
231.5275263888889
 30
0.0
 10
277.5018791666666
 20
228.0703041666667
 30
0.0
 10
277.5054069444444
 20
225.4879708333333
 30
0.0
 10
277.5159902777778
 20
225.4279986111111
 30
0.0
 10
278.2921013888889
 20
225.3856652777778
 30
0.0
 10
279.2551847222222
 20
225.3891930555556
 30
0.0
 10
280.2182680555555
 20
225.3891930555556
 30
0.0
 10
280.8285736111111
 20
225.4914986111111
 30
0.0
 10
281.0014347222222
 20
225.4879708333333
 30
0.0
 10
281.8763236111111
 20
225.4879708333333
 30
0.0
 10
284.5045180555555
 20
225.4950263888888
 30
0.0
 10
284.5045180555555
 20
225.4950263888888
 30
0.0
 10
284.5045180555555
 20
225.0446467592592
 30
0.0
 10
284.5045180555555
 20
224.5942671296296
 30
0.0
 10
284.5045180555555
 20
224.1438875
 30
0.0
  0
SPLINE
  5
283
330
1F
100
AcDbEntity
  8
DEFAULT
 62
     3
100
AcDbSpline
210
0.0
220
0.0
230
1.0
 70
    11
 71
     3
 72
    14
 73
    10
 74
     0
 42
0.000000001
 43
0.0000000001
 40
0.0
 40
0.0
 40
0.0
 40
0.0
 40
1.0
 40
1.0
 40
1.0
 40
2.0
 40
2.0
 40
2.0
 40
3.0
 40
3.0
 40
3.0
 40
3.0
 10
263.3831127777777
 20
202.3639872222222
 30
0.0
 10
263.3231405555555
 20
203.5059288888888
 30
0.0
 10
263.6692155555555
 20
203.8276622222222
 30
0.0
 10
264.4569683333333
 20
204.3561233333333
 30
0.0
 10
265.7509572222222
 20
205.2243094444444
 30
0.0
 10
262.93191
 20
204.7124288888889
 30
0.0
 10
261.9981072222222
 20
204.1536288888888
 30
0.0
 10
261.2107072222222
 20
203.6830233333333
 30
0.0
 10
263.4356766666667
 20
201.3659788888889
 30
0.0
 10
263.3831127777777
 20
202.3639872222222
 30
0.0
  0
SPLINE
  5
284
330
1F
100
AcDbEntity
  8
DEFAULT
 62
     3
100
AcDbSpline
210
0.0
220
0.0
230
1.0
 70
    11
 71
     3
 72
    14
 73
    10
 74
     0
 42
0.000000001
 43
0.0000000001
 40
0.0
 40
0.0
 40
0.0
 40
0.0
 40
1.0
 40
1.0
 40
1.0
 40
2.0
 40
2.0
 40
2.0
 40
3.0
 40
3.0
 40
3.0
 40
3.0
 10
263.5427447222222
 20
215.3130130555555
 30
0.0
 10
262.9239725
 20
216.2746852777778
 30
0.0
 10
262.9941752777777
 20
216.9005130555555
 30
0.0
 10
263.5427447222222
 20
217.6741547222222
 30
0.0
 10
264.1280030555556
 20
218.4993019444444
 30
0.0
 10
261.5467280555555
 20
217.8653602777778
 30
0.0
 10
261.5467280555555
 20
216.4934075
 30
0.0
 10
261.5467280555555
 20
215.0029213888889
 30
0.0
 10
264.0835530555555
 20
214.4726963888889
 30
0.0
 10
263.5427447222222
 20
215.3130130555555
 30
0.0
  0
SPLINE
  5
285
330
1F
100
AcDbEntity
  8
DEFAULT
 62
     3
100
AcDbSpline
210
0.0
220
0.0
230
1.0
 70
    11
 71
     3
 72
    26
 73
    22
 74
     0
 42
0.000000001
 43
0.0000000001
 40
0.0
 40
0.0
 40
0.0
 40
0.0
 40
1.0
 40
1.0
 40
1.0
 40
2.0
 40
2.0
 40
2.0
 40
3.0
 40
3.0
 40
3.0
 40
4.0
 40
4.0
 40
4.0
 40
5.0
 40
5.0
 40
5.0
 40
6.0
 40
6.0
 40
6.0
 40
7.0
 40
7.0
 40
7.0
 40
7.0
 10
261.4871791666666
 20
232.3708416666666
 30
0.0
 10
263.0834986111111
 20
230.2393583333333
 30
0.0
 10
263.1653430555555
 20
230.254175
 30
0.0
 10
262.1690986111111
 20
230.4407944444444
 30
0.0
 10
261.1732069444444
 20
230.6277666666666
 30
0.0
 10
260.5713680555555
 20
231.1879777777778
 30
0.0
 10
259.2223458333333
 20
233.9893861111111
 30
0.0
 10
257.8736763888888
 20
236.7907944444444
 30
0.0
 10
256.3172208333333
 20
237.8491277777777
 30
0.0
 10
258.1223847222222
 20
237.5379777777778
 30
0.0
 10
259.9279013888889
 20
237.2268277777777
 30
0.0
 10
260.5505541666666
 20
238.1606305555555
 30
0.0
 10
261.2352958333333
 20
238.8453722222222
 30
0.0
 10
261.9200374999999
 20
239.5301138888888
 30
0.0
 10
261.9824791666666
 20
239.6546444444444
 30
0.0
 10
263.2274319444444
 20
239.0319916666666
 30
0.0
 10
264.4723847222222
 20
238.4096916666666
 30
0.0
 10
260.7371736111111
 20
237.9115694444444
 30
0.0
 10
260.3635819444444
 20
236.3551138888888
 30
0.0
 10
259.9903430555555
 20
234.7986583333333
 30
0.0
 10
260.3170152777777
 20
233.9336472222222
 30
0.0
 10
261.4871791666666
 20
232.3708416666666
 30
0.0
  0
SPLINE
  5
286
330
1F
100
AcDbEntity
  8
DEFAULT
 62
     5
100
AcDbSpline
210
0.0
220
0.0
230
1.0
 70
    11
 71
     3
 72
    20
 73
    16
 74
     0
 42
0.000000001
 43
0.0000000001
 40
0.0
 40
0.0
 40
0.0
 40
0.0
 40
1.0
 40
1.0
 40
1.0
 40
2.0
 40
2.0
 40
2.0
 40
3.0
 40
3.0
 40
3.0
 40
4.0
 40
4.0
 40
4.0
 40
5.0
 40
5.0
 40
5.0
 40
5.0
 10
266.4651911111111
 20
213.7566280555556
 30
0.0
 10
264.4314272222222
 20
215.4630141666667
 30
0.0
 10
264.7013022222222
 20
217.6424752777777
 30
0.0
 10
266.21613
 20
218.8616752777778
 30
0.0
 10
268.0833827777777
 20
220.3641558333333
 30
0.0
 10
267.058916111111
 20
220.8252363888889
 30
0.0
 10
264.365105
 20
220.0300752777778
 30
0.0
 10
261.6709411111111
 20
219.2349141666666
 30
0.0
 10
260.2485411111111
 20
219.5464169444444
 30
0.0
 10
260.2485411111111
 20
216.6204780555556
 30
0.0
 10
260.2485411111111
 20
213.6320975
 30
0.0
 10
261.5315938888888
 20
213.5075669444444
 30
0.0
 10
263.749155
 20
212.8849141666666
 30
0.0
 10
265.9667161111111
 20
212.2626141666667
 30
0.0
 10
268.3945327777778
 20
212.1380836111111
 30
0.0
 10
266.4651911111111
 20
213.7566280555556
 30
0.0
  0
SPLINE
  5
287
330
1F
100
AcDbEntity
  8
DEFAULT
 62
     5
100
AcDbSpline
210
0.0
220
0.0
230
1.0
 70
    11
 71
     3
 72
    14
 73
    10
 74
     0
 42
0.000000001
 43
0.0000000001
 40
0.0
 40
0.0
 40
0.0
 40
0.0
 40
1.0
 40
1.0
 40
1.0
 40
2.0
 40
2.0
 40
2.0
 40
3.0
 40
3.0
 40
3.0
 40
3.0
 10
262.6671855555555
 20
200.9321327777778
 30
0.0
 10
260.8729577777777
 20
202.8350161111111
 30
0.0
 10
258.8074438888888
 20
204.8543161111111
 30
0.0
 10
261.5464105555555
 20
205.3520855555556
 30
0.0
 10
264.2857299999999
 20
205.8502077777778
 30
0.0
 10
269.5153077777778
 20
206.5095494444444
 30
0.0
 10
266.6514577777778
 20
204.6673438888889
 30
0.0
 10
263.2019966666666
 20
202.4487244444444
 30
0.0
 10
264.8836883333333
 20
198.5812216666667
 30
0.0
 10
262.6671855555555
 20
200.9321327777778
 30
0.0
  0
SPLINE
  5
288
330
1F
100
AcDbEntity
  8
DEFAULT
 62
     5
100
AcDbSpline
210
0.0
220
0.0
230
1.0
 70
    11
 71
     3
 72
    20
 73
    16
 74
     0
 42
0.000000001
 43
0.0000000001
 40
0.0
 40
0.0
 40
0.0
 40
0.0
 40
1.0
 40
1.0
 40
1.0
 40
2.0
 40
2.0
 40
2.0
 40
3.0
 40
3.0
 40
3.0
 40
4.0
 40
4.0
 40
4.0
 40
5.0
 40
5.0
 40
5.0
 40
5.0
 10
265.3256836111111
 20
239.4818538888888
 30
0.0
 10
268.2255169444444
 20
236.3181427777778
 30
0.0
 10
258.9319391666666
 20
238.5963816666666
 30
0.0
 10
262.1718502777777
 20
233.7403955555555
 30
0.0
 10
265.4819641666666
 20
228.7796344444444
 30
0.0
 10
269.0587780555555
 20
226.9339011111111
 30
0.0
 10
262.7842725
 20
228.3450122222222
 30
0.0
 10
259.2353280555555
 20
229.1433483333333
 30
0.0
 10
260.4894530555555
 20
227.9375538888888
 30
0.0
 10
258.1847558333333
 20
232.7445038888889
 30
0.0
 10
255.0210447222222
 20
239.3432122222222
 30
0.0
 10
252.5194974999999
 20
239.9037761111111
 30
0.0
 10
257.3133947222222
 20
239.2190344444444
 30
0.0
 10
261.2376947222222
 20
238.6581177777777
 30
0.0
 10
261.2436919444444
 20
243.9356733333333
 30
0.0
 10
265.3256836111111
 20
239.4818538888888
 30
0.0
  0
POLYLINE
  5
289
330
1F
100
AcDbEntity
  8
DEFAULT
 62
   250
100
AcDb2dPolyline
 66
     1
 10
0.0
 20
0.0
 30
0.0
  0
VERTEX
  5
28A
330
289
100
AcDbEntity
  8
DEFAULT
 62
   250
100
AcDbVertex
100
AcDb2dVertex
 10
266.3291952777777
 20
223.4357213888889
 30
0.0
  0
VERTEX
  5
28B
330
289
100
AcDbEntity
  8
DEFAULT
 62
   250
100
AcDbVertex
100
AcDb2dVertex
 10
266.3291952777777
 20
224.5420324999999
 30
0.0
  0
VERTEX
  5
28C
330
289
100
AcDbEntity
  8
DEFAULT
 62
   250
100
AcDbVertex
100
AcDb2dVertex
 10
267.7198452777777
 20
223.4357213888889
 30
0.0
  0
VERTEX
  5
28D
330
289
100
AcDbEntity
  8
DEFAULT
 62
   250
100
AcDbVertex
100
AcDb2dVertex
 10
267.7198452777777
 20
224.5540269444444
 30
0.0
  0
SEQEND
  5
28E
330
289
100
AcDbEntity
  8
DEFAULT
 62
   250
  0
POLYLINE
  5
28F
330
1F
100
AcDbEntity
  8
DEFAULT
 62
   250
100
AcDb2dPolyline
 66
     1
 10
0.0
 20
0.0
 30
0.0
  0
VERTEX
  5
290
330
28F
100
AcDbEntity
  8
DEFAULT
 62
   250
100
AcDbVertex
100
AcDb2dVertex
 10
266.3310297222222
 20
208.4372683333333
 30
0.0
  0
VERTEX
  5
291
330
28F
100
AcDbEntity
  8
DEFAULT
 62
   250
100
AcDbVertex
100
AcDb2dVertex
 10
266.3310297222222
 20
209.5435794444444
 30
0.0
  0
VERTEX
  5
292
330
28F
100
AcDbEntity
  8
DEFAULT
 62
   250
100
AcDbVertex
100
AcDb2dVertex
 10
267.7216797222222
 20
208.4372683333333
 30
0.0
  0
VERTEX
  5
293
330
28F
100
AcDbEntity
  8
DEFAULT
 62
   250
100
AcDbVertex
100
AcDb2dVertex
 10
267.7216797222222
 20
209.5555738888889
 30
0.0
  0
SEQEND
  5
294
330
28F
100
AcDbEntity
  8
DEFAULT
 62
   250
  0
SPLINE
  5
295
330
1F
100
AcDbEntity
  8
DEFAULT
 62
     1
100
AcDbSpline
210
0.0
220
0.0
230
1.0
 70
     8
 71
     3
 72
    35
 73
    31
 74
     0
 42
0.000000001
 43
0.0000000001
 40
0.0
 40
0.0
 40
0.0
 40
0.0
 40
3.82000000000005
 40
3.82000000000005
 40
3.82000000000005
 40
4.82000000000005
 40
4.82000000000005
 40
4.82000000000005
 40
5.82000000000005
 40
5.82000000000005
 40
5.82000000000005
 40
6.82000000000005
 40
6.82000000000005
 40
6.82000000000005
 40
7.82000000000005
 40
7.82000000000005
 40
7.82000000000005
 40
8.82000000000005
 40
8.82000000000005
 40
8.82000000000005
 40
9.82000000000005
 40
9.82000000000005
 40
9.82000000000005
 40
10.82000000000005
 40
10.82000000000005
 40
10.82000000000005
 40
11.82000000000005
 40
11.82000000000005
 40
11.82000000000005
 40
15.63999999999999
 40
15.63999999999999
 40
15.63999999999999
 40
15.63999999999999
 10
264.3224894444444
 20
223.8440616666666
 30
0.0
 10
264.3224894444444
 20
223.394857962963
 30
0.0
 10
264.3224894444444
 20
222.9456542592592
 30
0.0
 10
264.3224894444444
 20
222.4964505555555
 30
0.0
 10
264.3224894444444
 20
222.4964505555555
 30
0.0
 10
261.6978227777777
 20
222.489395
 30
0.0
 10
260.8194061111111
 20
222.489395
 30
0.0
 10
260.6465449999999
 20
222.489395
 30
0.0
 10
260.0362394444444
 20
222.5881727777778
 30
0.0
 10
259.0696283333333
 20
222.5881727777778
 30
0.0
 10
258.1030172222222
 20
222.5881727777778
 30
0.0
 10
257.3198505555555
 20
222.5423116666666
 30
0.0
 10
257.3198505555555
 20
222.489395
 30
0.0
 10
257.3233783333333
 20
220.4362283333333
 30
0.0
 10
258.0007116666666
 20
218.5030061111111
 30
0.0
 10
257.8278505555555
 20
215.9418394444444
 30
0.0
 10
257.7149616666666
 20
214.2696727777778
 30
0.0
 10
257.3727672222222
 20
213.3736172222222
 30
0.0
 10
257.3163227777777
 20
210.487895
 30
0.0
 10
257.3304338888888
 20
210.4349783333333
 30
0.0
 10
258.106545
 20
210.392645
 30
0.0
 10
259.0661005555555
 20
210.392645
 30
0.0
 10
260.0362394444444
 20
210.392645
 30
0.0
 10
260.6430172222222
 20
210.4914227777778
 30
0.0
 10
260.8158783333333
 20
210.4914227777778
 30
0.0
 10
261.6907672222222
 20
210.4949505555555
 30
0.0
 10
264.3154338888888
 20
210.4949505555555
 30
0.0
 10
264.3154338888888
 20
210.4949505555555
 30
0.0
 10
264.3154338888888
 20
210.0457468518518
 30
0.0
 10
264.3154338888888
 20
209.5965431481482
 30
0.0
 10
264.3154338888888
 20
209.1473394444444
 30
0.0
  0
SPLINE
  5
296
330
1F
100
AcDbEntity
  8
DEFAULT
 62
     1
100
AcDbSpline
210
0.0
220
0.0
230
1.0
 70
     8
 71
     3
 72
    59
 73
    55
 74
     0
 42
0.000000001
 43
0.0000000001
 40
0.0
 40
0.0
 40
0.0
 40
0.0
 40
3.830000000000041
 40
3.830000000000041
 40
3.830000000000041
 40
4.830000000000041
 40
4.830000000000041
 40
4.830000000000041
 40
5.830000000000041
 40
5.830000000000041
 40
5.830000000000041
 40
6.830000000000041
 40
6.830000000000041
 40
6.830000000000041
 40
7.830000000000041
 40
7.830000000000041
 40
7.830000000000041
 40
8.830000000000041
 40
8.830000000000041
 40
8.830000000000041
 40
9.830000000000041
 40
9.830000000000041
 40
9.830000000000041
 40
10.83000000000004
 40
10.83000000000004
 40
10.83000000000004
 40
11.83000000000004
 40
11.83000000000004
 40
11.83000000000004
 40
12.83000000000004
 40
12.83000000000004
 40
12.83000000000004
 40
13.83000000000004
 40
13.83000000000004
 40
13.83000000000004
 40
14.83000000000004
 40
14.83000000000004
 40
14.83000000000004
 40
15.83000000000004
 40
15.83000000000004
 40
15.83000000000004
 40
16.83000000000004
 40
16.83000000000004
 40
16.83000000000004
 40
17.83000000000004
 40
17.83000000000004
 40
17.83000000000004
 40
18.83000000000004
 40
18.83000000000004
 40
18.83000000000004
 40
19.83000000000004
 40
19.83000000000004
 40
19.83000000000004
 40
23.65999999999997
 40
23.65999999999997
 40
23.65999999999997
 40
23.65999999999997
 10
264.3189616666666
 20
208.8474430555555
 30
0.0
 10
264.3189616666666
 20
208.3970634259259
 30
0.0
 10
264.3189616666666
 20
207.9466837962963
 30
0.0
 10
264.3189616666666
 20
207.4963041666666
 30
0.0
 10
264.3189616666666
 20
207.4963041666666
 30
0.0
 10
261.694295
 20
207.4927763888889
 30
0.0
 10
260.8194061111111
 20
207.4927763888889
 30
0.0
 10
260.6430172222222
 20
207.4927763888889
 30
0.0
 10
260.0362394444444
 20
207.5915541666667
 30
0.0
 10
259.0696283333333
 20
207.5915541666667
 30
0.0
 10
258.1030172222222
 20
207.5880263888889
 30
0.0
 10
257.3198505555555
 20
207.5456930555555
 30
0.0
 10
257.3198505555555
 20
207.4892486111111
 30
0.0
 10
257.3198505555555
 20
205.4889986111111
 30
0.0
 10
256.0004616666666
 20
203.6580819444444
 30
0.0
 10
261.567295
 20
199.0719708333333
 30
0.0
 10
267.1341283333333
 20
194.4823319444444
 30
0.0
 10
265.5783783333333
 20
200.7335541666667
 30
0.0
 10
270.5419616666666
 20
205.0903597222222
 30
0.0
 10
274.5953783333333
 20
208.6463597222222
 30
0.0
 10
274.9622672222222
 20
208.1559986111111
 30
0.0
 10
271.8260727777777
 20
211.0664152777778
 30
0.0
 10
266.7989894444444
 20
215.7301375
 30
0.0
 10
267.3387394444444
 20
217.6739430555555
 30
0.0
 10
271.663795
 20
221.6638597222222
 30
0.0
 10
274.3449061111111
 20
224.1368319444445
 30
0.0
 10
273.9074616666666
 20
223.9957208333333
 30
0.0
 10
271.5297394444444
 20
226.6521375
 30
0.0
 10
269.1696561111111
 20
229.2873875
 30
0.0
 10
264.2625172222222
 20
232.6034986111111
 30
0.0
 10
266.1816283333333
 20
235.1540819444444
 30
0.0
 10
268.3794338888889
 20
238.0680263888889
 30
0.0
 10
274.0979616666667
 20
234.6249152777778
 30
0.0
 10
265.1973783333333
 20
242.9857486111111
 30
0.0
 10
261.8071838888889
 20
246.1678041666666
 30
0.0
 10
257.7643505555555
 20
241.4123597222222
 30
0.0
 10
253.7003505555555
 20
241.9097763888889
 30
0.0
 10
247.4914616666666
 20
242.6717763888889
 30
0.0
 10
251.5201838888889
 20
239.4861930555556
 30
0.0
 10
254.3000727777778
 20
234.1557208333333
 30
0.0
 10
255.6688505555555
 20
231.5275263888889
 30
0.0
 10
257.3163227777777
 20
228.0703041666667
 30
0.0
 10
257.3198505555555
 20
225.4879708333333
 30
0.0
 10
257.3304338888889
 20
225.4279986111111
 30
0.0
 10
258.106545
 20
225.3856652777778
 30
0.0
 10
259.0696283333333
 20
225.3891930555556
 30
0.0
 10
260.0327116666666
 20
225.3891930555556
 30
0.0
 10
260.6430172222222
 20
225.4914986111111
 30
0.0
 10
260.8158783333333
 20
225.4879708333333
 30
0.0
 10
261.6907672222222
 20
225.4879708333333
 30
0.0
 10
264.3189616666666
 20
225.4950263888888
 30
0.0
 10
264.3189616666666
 20
225.4950263888888
 30
0.0
 10
264.3189616666666
 20
225.0446467592592
 30
0.0
 10
264.3189616666666
 20
224.5942671296296
 30
0.0
 10
264.3189616666666
 20
224.1438875
 30
0.0
  0
SPLINE
  5
297
330
1F
100
AcDbEntity
  8
DEFAULT
 62
     3
100
AcDbSpline
210
0.0
220
0.0
230
1.0
 70
    11
 71
     3
 72
    14
 73
    10
 74
     0
 42
0.000000001
 43
0.0000000001
 40
0.0
 40
0.0
 40
0.0
 40
0.0
 40
1.0
 40
1.0
 40
1.0
 40
2.0
 40
2.0
 40
2.0
 40
3.0
 40
3.0
 40
3.0
 40
3.0
 10
243.1975563888889
 20
202.3639872222222
 30
0.0
 10
243.1375841666667
 20
203.5059288888888
 30
0.0
 10
243.4836591666667
 20
203.8276622222222
 30
0.0
 10
244.2714119444444
 20
204.3561233333333
 30
0.0
 10
245.5654008333333
 20
205.2243094444444
 30
0.0
 10
242.7463536111111
 20
204.7124288888889
 30
0.0
 10
241.8121980555555
 20
204.1536288888888
 30
0.0
 10
241.0251508333333
 20
203.6830233333333
 30
0.0
 10
243.2501202777778
 20
201.3659788888889
 30
0.0
 10
243.1975563888889
 20
202.3639872222222
 30
0.0
  0
SPLINE
  5
298
330
1F
100
AcDbEntity
  8
DEFAULT
 62
     3
100
AcDbSpline
210
0.0
220
0.0
230
1.0
 70
    11
 71
     3
 72
    14
 73
    10
 74
     0
 42
0.000000001
 43
0.0000000001
 40
0.0
 40
0.0
 40
0.0
 40
0.0
 40
1.0
 40
1.0
 40
1.0
 40
2.0
 40
2.0
 40
2.0
 40
3.0
 40
3.0
 40
3.0
 40
3.0
 10
243.3571883333333
 20
215.3130130555555
 30
0.0
 10
242.7384161111111
 20
216.2746852777778
 30
0.0
 10
242.8086188888889
 20
216.9005130555555
 30
0.0
 10
243.3571883333333
 20
217.6741547222222
 30
0.0
 10
243.9424466666667
 20
218.4993019444444
 30
0.0
 10
241.3611716666666
 20
217.8653602777778
 30
0.0
 10
241.3611716666666
 20
216.4934075
 30
0.0
 10
241.3611716666666
 20
215.0029213888889
 30
0.0
 10
243.8979966666667
 20
214.4726963888889
 30
0.0
 10
243.3571883333333
 20
215.3130130555555
 30
0.0
  0
SPLINE
  5
299
330
1F
100
AcDbEntity
  8
DEFAULT
 62
     3
100
AcDbSpline
210
0.0
220
0.0
230
1.0
 70
    11
 71
     3
 72
    26
 73
    22
 74
     0
 42
0.000000001
 43
0.0000000001
 40
0.0
 40
0.0
 40
0.0
 40
0.0
 40
1.0
 40
1.0
 40
1.0
 40
2.0
 40
2.0
 40
2.0
 40
3.0
 40
3.0
 40
3.0
 40
4.0
 40
4.0
 40
4.0
 40
5.0
 40
5.0
 40
5.0
 40
6.0
 40
6.0
 40
6.0
 40
7.0
 40
7.0
 40
7.0
 40
7.0
 10
241.3016227777777
 20
232.3708416666666
 30
0.0
 10
242.8979422222222
 20
230.2393583333333
 30
0.0
 10
242.9797866666666
 20
230.254175
 30
0.0
 10
241.9835422222222
 20
230.4407944444444
 30
0.0
 10
240.9876505555555
 20
230.6277666666666
 30
0.0
 10
240.3858116666666
 20
231.1879777777778
 30
0.0
 10
239.0367894444444
 20
233.9893861111111
 30
0.0
 10
237.6881199999999
 20
236.7907944444444
 30
0.0
 10
236.1316644444444
 20
237.8491277777777
 30
0.0
 10
237.9371811111111
 20
237.5379777777778
 30
0.0
 10
239.742345
 20
237.2268277777777
 30
0.0
 10
240.3649977777777
 20
238.1606305555555
 30
0.0
 10
241.0497394444444
 20
238.8453722222222
 30
0.0
 10
241.7344811111111
 20
239.5301138888888
 30
0.0
 10
241.7969227777778
 20
239.6546444444444
 30
0.0
 10
243.0418755555555
 20
239.0319916666666
 30
0.0
 10
244.2871811111111
 20
238.4096916666666
 30
0.0
 10
240.5516172222222
 20
237.9115694444444
 30
0.0
 10
240.1783783333333
 20
236.3551138888888
 30
0.0
 10
239.8047866666666
 20
234.7986583333333
 30
0.0
 10
240.1314588888889
 20
233.9336472222222
 30
0.0
 10
241.3016227777777
 20
232.3708416666666
 30
0.0
  0
SPLINE
  5
29A
330
1F
100
AcDbEntity
  8
DEFAULT
 62
     5
100
AcDbSpline
210
0.0
220
0.0
230
1.0
 70
    11
 71
     3
 72
    20
 73
    16
 74
     0
 42
0.000000001
 43
0.0000000001
 40
0.0
 40
0.0
 40
0.0
 40
0.0
 40
1.0
 40
1.0
 40
1.0
 40
2.0
 40
2.0
 40
2.0
 40
3.0
 40
3.0
 40
3.0
 40
4.0
 40
4.0
 40
4.0
 40
5.0
 40
5.0
 40
5.0
 40
5.0
 10
246.2796347222222
 20
213.7566280555556
 30
0.0
 10
244.2458708333333
 20
215.4630141666667
 30
0.0
 10
244.5157458333333
 20
217.6424752777777
 30
0.0
 10
246.0305736111111
 20
218.8616752777778
 30
0.0
 10
247.8978263888889
 20
220.3641558333333
 30
0.0
 10
246.8733597222222
 20
220.8252363888889
 30
0.0
 10
244.1795486111111
 20
220.0300752777778
 30
0.0
 10
241.4857375
 20
219.2349141666666
 30
0.0
 10
240.0629847222222
 20
219.5464169444444
 30
0.0
 10
240.0629847222222
 20
216.6204780555556
 30
0.0
 10
240.0629847222222
 20
213.6320975
 30
0.0
 10
241.3460375
 20
213.5075669444444
 30
0.0
 10
243.5635986111111
 20
212.8849141666666
 30
0.0
 10
245.7811597222222
 20
212.2626141666667
 30
0.0
 10
248.2089763888889
 20
212.1380836111111
 30
0.0
 10
246.2796347222222
 20
213.7566280555556
 30
0.0
  0
SPLINE
  5
29B
330
1F
100
AcDbEntity
  8
DEFAULT
 62
     5
100
AcDbSpline
210
0.0
220
0.0
230
1.0
 70
    11
 71
     3
 72
    14
 73
    10
 74
     0
 42
0.000000001
 43
0.0000000001
 40
0.0
 40
0.0
 40
0.0
 40
0.0
 40
1.0
 40
1.0
 40
1.0
 40
2.0
 40
2.0
 40
2.0
 40
3.0
 40
3.0
 40
3.0
 40
3.0
 10
242.4816291666667
 20
200.9321327777778
 30
0.0
 10
240.6874013888889
 20
202.8350161111111
 30
0.0
 10
238.6218875
 20
204.8543161111111
 30
0.0
 10
241.3608541666667
 20
205.3520855555556
 30
0.0
 10
244.1001736111111
 20
205.8502077777778
 30
0.0
 10
249.3297513888889
 20
206.5095494444444
 30
0.0
 10
246.4659013888889
 20
204.6673438888889
 30
0.0
 10
243.0164402777777
 20
202.4487244444444
 30
0.0
 10
244.6981319444444
 20
198.5812216666667
 30
0.0
 10
242.4816291666667
 20
200.9321327777778
 30
0.0
  0
SPLINE
  5
29C
330
1F
100
AcDbEntity
  8
DEFAULT
 62
     5
100
AcDbSpline
210
0.0
220
0.0
230
1.0
 70
    11
 71
     3
 72
    20
 73
    16
 74
     0
 42
0.000000001
 43
0.0000000001
 40
0.0
 40
0.0
 40
0.0
 40
0.0
 40
1.0
 40
1.0
 40
1.0
 40
2.0
 40
2.0
 40
2.0
 40
3.0
 40
3.0
 40
3.0
 40
4.0
 40
4.0
 40
4.0
 40
5.0
 40
5.0
 40
5.0
 40
5.0
 10
245.1401272222222
 20
239.4818538888888
 30
0.0
 10
248.0399605555556
 20
236.3181427777778
 30
0.0
 10
238.7463827777777
 20
238.5963816666666
 30
0.0
 10
241.9862938888888
 20
233.7403955555555
 30
0.0
 10
245.2964077777777
 20
228.7796344444444
 30
0.0
 10
248.8732216666666
 20
226.9339011111111
 30
0.0
 10
242.5987161111111
 20
228.3450122222222
 30
0.0
 10
239.0497716666666
 20
229.1433483333333
 30
0.0
 10
240.3038966666667
 20
227.9375538888888
 30
0.0
 10
237.9991994444444
 20
232.7445038888889
 30
0.0
 10
234.8354883333333
 20
239.3432122222222
 30
0.0
 10
232.3339411111111
 20
239.9037761111111
 30
0.0
 10
237.1278383333333
 20
239.2190344444444
 30
0.0
 10
241.0521383333333
 20
238.6581177777777
 30
0.0
 10
241.0581355555555
 20
243.9356733333333
 30
0.0
 10
245.1401272222222
 20
239.4818538888888
 30
0.0
  0
POLYLINE
  5
29D
330
1F
100
AcDbEntity
  8
DEFAULT
 62
   250
100
AcDb2dPolyline
 66
     1
 10
0.0
 20
0.0
 30
0.0
  0
VERTEX
  5
29E
330
29D
100
AcDbEntity
  8
DEFAULT
 62
   250
100
AcDbVertex
100
AcDb2dVertex
 10
246.1436388888889
 20
223.4357213888889
 30
0.0
  0
VERTEX
  5
29F
330
29D
100
AcDbEntity
  8
DEFAULT
 62
   250
100
AcDbVertex
100
AcDb2dVertex
 10
246.1436388888889
 20
224.5420324999999
 30
0.0
  0
VERTEX
  5
2A0
330
29D
100
AcDbEntity
  8
DEFAULT
 62
   250
100
AcDbVertex
100
AcDb2dVertex
 10
247.5342888888889
 20
223.4357213888889
 30
0.0
  0
VERTEX
  5
2A1
330
29D
100
AcDbEntity
  8
DEFAULT
 62
   250
100
AcDbVertex
100
AcDb2dVertex
 10
247.5342888888889
 20
224.5540269444444
 30
0.0
  0
SEQEND
  5
2A2
330
29D
100
AcDbEntity
  8
DEFAULT
 62
   250
  0
POLYLINE
  5
2A3
330
1F
100
AcDbEntity
  8
DEFAULT
 62
   250
100
AcDb2dPolyline
 66
     1
 10
0.0
 20
0.0
 30
0.0
  0
VERTEX
  5
2A4
330
2A3
100
AcDbEntity
  8
DEFAULT
 62
   250
100
AcDbVertex
100
AcDb2dVertex
 10
246.1454733333333
 20
208.4372683333333
 30
0.0
  0
VERTEX
  5
2A5
330
2A3
100
AcDbEntity
  8
DEFAULT
 62
   250
100
AcDbVertex
100
AcDb2dVertex
 10
246.1454733333333
 20
209.5435794444444
 30
0.0
  0
VERTEX
  5
2A6
330
2A3
100
AcDbEntity
  8
DEFAULT
 62
   250
100
AcDbVertex
100
AcDb2dVertex
 10
247.5361233333333
 20
208.4372683333333
 30
0.0
  0
VERTEX
  5
2A7
330
2A3
100
AcDbEntity
  8
DEFAULT
 62
   250
100
AcDbVertex
100
AcDb2dVertex
 10
247.5361233333333
 20
209.5555738888889
 30
0.0
  0
SEQEND
  5
2A8
330
2A3
100
AcDbEntity
  8
DEFAULT
 62
   250
  0
SPLINE
  5
2A9
330
1F
100
AcDbEntity
  8
DEFAULT
 62
     1
100
AcDbSpline
210
0.0
220
0.0
230
1.0
 70
     8
 71
     3
 72
    35
 73
    31
 74
     0
 42
0.000000001
 43
0.0000000001
 40
0.0
 40
0.0
 40
0.0
 40
0.0
 40
3.82000000000005
 40
3.82000000000005
 40
3.82000000000005
 40
4.82000000000005
 40
4.82000000000005
 40
4.82000000000005
 40
5.82000000000005
 40
5.82000000000005
 40
5.82000000000005
 40
6.82000000000005
 40
6.82000000000005
 40
6.82000000000005
 40
7.82000000000005
 40
7.82000000000005
 40
7.82000000000005
 40
8.82000000000005
 40
8.82000000000005
 40
8.82000000000005
 40
9.82000000000005
 40
9.82000000000005
 40
9.82000000000005
 40
10.82000000000005
 40
10.82000000000005
 40
10.82000000000005
 40
11.82000000000005
 40
11.82000000000005
 40
11.82000000000005
 40
15.63999999999999
 40
15.63999999999999
 40
15.63999999999999
 40
15.63999999999999
 10
244.1369330555555
 20
223.8440616666666
 30
0.0
 10
244.1369330555555
 20
223.394857962963
 30
0.0
 10
244.1369330555555
 20
222.9456542592592
 30
0.0
 10
244.1369330555555
 20
222.4964505555555
 30
0.0
 10
244.1369330555555
 20
222.4964505555555
 30
0.0
 10
241.5122663888888
 20
222.489395
 30
0.0
 10
240.6338497222222
 20
222.489395
 30
0.0
 10
240.4609886111111
 20
222.489395
 30
0.0
 10
239.8506830555555
 20
222.5881727777778
 30
0.0
 10
238.8840719444444
 20
222.5881727777778
 30
0.0
 10
237.9174608333333
 20
222.5881727777778
 30
0.0
 10
237.1342941666666
 20
222.5423116666666
 30
0.0
 10
237.1342941666666
 20
222.489395
 30
0.0
 10
237.1378219444444
 20
220.4362283333333
 30
0.0
 10
237.8151552777778
 20
218.5030061111111
 30
0.0
 10
237.6422941666667
 20
215.9418394444444
 30
0.0
 10
237.5294052777778
 20
214.2696727777778
 30
0.0
 10
237.1872108333333
 20
213.3736172222222
 30
0.0
 10
237.1307663888889
 20
210.487895
 30
0.0
 10
237.1448775
 20
210.4349783333333
 30
0.0
 10
237.9209886111111
 20
210.392645
 30
0.0
 10
238.8805441666667
 20
210.392645
 30
0.0
 10
239.8506830555555
 20
210.392645
 30
0.0
 10
240.4574608333333
 20
210.4914227777778
 30
0.0
 10
240.6303219444444
 20
210.4914227777778
 30
0.0
 10
241.5052108333333
 20
210.4949505555555
 30
0.0
 10
244.1298775
 20
210.4949505555555
 30
0.0
 10
244.1298775
 20
210.4949505555555
 30
0.0
 10
244.1298775
 20
210.0457468518518
 30
0.0
 10
244.1298775
 20
209.5965431481482
 30
0.0
 10
244.1298775
 20
209.1473394444444
 30
0.0
  0
SPLINE
  5
2AA
330
1F
100
AcDbEntity
  8
DEFAULT
 62
     1
100
AcDbSpline
210
0.0
220
0.0
230
1.0
 70
     8
 71
     3
 72
    59
 73
    55
 74
     0
 42
0.000000001
 43
0.0000000001
 40
0.0
 40
0.0
 40
0.0
 40
0.0
 40
3.830000000000041
 40
3.830000000000041
 40
3.830000000000041
 40
4.830000000000041
 40
4.830000000000041
 40
4.830000000000041
 40
5.830000000000041
 40
5.830000000000041
 40
5.830000000000041
 40
6.830000000000041
 40
6.830000000000041
 40
6.830000000000041
 40
7.830000000000041
 40
7.830000000000041
 40
7.830000000000041
 40
8.830000000000041
 40
8.830000000000041
 40
8.830000000000041
 40
9.830000000000041
 40
9.830000000000041
 40
9.830000000000041
 40
10.83000000000004
 40
10.83000000000004
 40
10.83000000000004
 40
11.83000000000004
 40
11.83000000000004
 40
11.83000000000004
 40
12.83000000000004
 40
12.83000000000004
 40
12.83000000000004
 40
13.83000000000004
 40
13.83000000000004
 40
13.83000000000004
 40
14.83000000000004
 40
14.83000000000004
 40
14.83000000000004
 40
15.83000000000004
 40
15.83000000000004
 40
15.83000000000004
 40
16.83000000000004
 40
16.83000000000004
 40
16.83000000000004
 40
17.83000000000004
 40
17.83000000000004
 40
17.83000000000004
 40
18.83000000000004
 40
18.83000000000004
 40
18.83000000000004
 40
19.83000000000004
 40
19.83000000000004
 40
19.83000000000004
 40
23.65999999999997
 40
23.65999999999997
 40
23.65999999999997
 40
23.65999999999997
 10
244.1334052777778
 20
208.8474430555555
 30
0.0
 10
244.1334052777778
 20
208.3970634259259
 30
0.0
 10
244.1334052777778
 20
207.9466837962963
 30
0.0
 10
244.1334052777778
 20
207.4963041666666
 30
0.0
 10
244.1334052777778
 20
207.4963041666666
 30
0.0
 10
241.5087386111111
 20
207.4927763888889
 30
0.0
 10
240.6338497222222
 20
207.4927763888889
 30
0.0
 10
240.4574608333333
 20
207.4927763888889
 30
0.0
 10
239.8506830555555
 20
207.5915541666667
 30
0.0
 10
238.8840719444444
 20
207.5915541666667
 30
0.0
 10
237.9174608333333
 20
207.5880263888889
 30
0.0
 10
237.1342941666666
 20
207.5456930555555
 30
0.0
 10
237.1342941666666
 20
207.4892486111111
 30
0.0
 10
237.1342941666666
 20
205.4889986111111
 30
0.0
 10
235.8149052777777
 20
203.6580819444444
 30
0.0
 10
241.3817386111111
 20
199.0719708333333
 30
0.0
 10
246.9485719444444
 20
194.4823319444444
 30
0.0
 10
245.3928219444444
 20
200.7335541666667
 30
0.0
 10
250.3564052777778
 20
205.0903597222222
 30
0.0
 10
254.4098219444444
 20
208.6463597222222
 30
0.0
 10
254.7767108333333
 20
208.1559986111111
 30
0.0
 10
251.6405163888889
 20
211.0664152777778
 30
0.0
 10
246.6134330555555
 20
215.7301375
 30
0.0
 10
247.1531830555555
 20
217.6739430555555
 30
0.0
 10
251.4782386111111
 20
221.6638597222222
 30
0.0
 10
254.1593497222222
 20
224.1368319444445
 30
0.0
 10
253.7219052777778
 20
223.9957208333333
 30
0.0
 10
251.3441830555556
 20
226.6521375
 30
0.0
 10
248.9840997222222
 20
229.2873875
 30
0.0
 10
244.0769608333333
 20
232.6034986111111
 30
0.0
 10
245.9960719444444
 20
235.1540819444444
 30
0.0
 10
248.1938775
 20
238.0680263888889
 30
0.0
 10
253.9124052777778
 20
234.6249152777778
 30
0.0
 10
245.0118219444444
 20
242.9857486111111
 30
0.0
 10
241.6216275
 20
246.1678041666666
 30
0.0
 10
237.5787941666666
 20
241.4123597222222
 30
0.0
 10
233.5147941666666
 20
241.9097763888889
 30
0.0
 10
227.3059052777778
 20
242.6717763888889
 30
0.0
 10
231.3346275
 20
239.4861930555556
 30
0.0
 10
234.1145163888889
 20
234.1557208333333
 30
0.0
 10
235.4832941666666
 20
231.5275263888889
 30
0.0
 10
237.1307663888889
 20
228.0703041666667
 30
0.0
 10
237.1342941666666
 20
225.4879708333333
 30
0.0
 10
237.1448775
 20
225.4279986111111
 30
0.0
 10
237.9209886111111
 20
225.3856652777778
 30
0.0
 10
238.8840719444444
 20
225.3891930555556
 30
0.0
 10
239.8471552777778
 20
225.3891930555556
 30
0.0
 10
240.4574608333333
 20
225.4914986111111
 30
0.0
 10
240.6303219444444
 20
225.4879708333333
 30
0.0
 10
241.5052108333333
 20
225.4879708333333
 30
0.0
 10
244.1334052777778
 20
225.4950263888888
 30
0.0
 10
244.1334052777778
 20
225.4950263888888
 30
0.0
 10
244.1334052777778
 20
225.0446467592592
 30
0.0
 10
244.1334052777778
 20
224.5942671296296
 30
0.0
 10
244.1334052777778
 20
224.1438875
 30
0.0
  0
SPLINE
  5
2AB
330
1F
100
AcDbEntity
  8
DEFAULT
 62
     3
100
AcDbSpline
210
0.0
220
0.0
230
1.0
 70
    11
 71
     3
 72
    14
 73
    10
 74
     0
 42
0.000000001
 43
0.0000000001
 40
0.0
 40
0.0
 40
0.0
 40
0.0
 40
1.0
 40
1.0
 40
1.0
 40
2.0
 40
2.0
 40
2.0
 40
3.0
 40
3.0
 40
3.0
 40
3.0
 10
223.012
 20
202.3639872222222
 30
0.0
 10
222.9520277777778
 20
203.5059288888888
 30
0.0
 10
223.2981027777778
 20
203.8276622222222
 30
0.0
 10
224.0858555555555
 20
204.3561233333333
 30
0.0
 10
225.3798444444444
 20
205.2243094444444
 30
0.0
 10
222.5607972222222
 20
204.7124288888889
 30
0.0
 10
221.6269944444444
 20
204.1536288888888
 30
0.0
 10
220.8395944444444
 20
203.6830233333333
 30
0.0
 10
223.0645638888889
 20
201.3659788888889
 30
0.0
 10
223.012
 20
202.3639872222222
 30
0.0
  0
SPLINE
  5
2AC
330
1F
100
AcDbEntity
  8
DEFAULT
 62
     3
100
AcDbSpline
210
0.0
220
0.0
230
1.0
 70
    11
 71
     3
 72
    14
 73
    10
 74
     0
 42
0.000000001
 43
0.0000000001
 40
0.0
 40
0.0
 40
0.0
 40
0.0
 40
1.0
 40
1.0
 40
1.0
 40
2.0
 40
2.0
 40
2.0
 40
3.0
 40
3.0
 40
3.0
 40
3.0
 10
223.1716319444444
 20
215.3130130555555
 30
0.0
 10
222.5528597222222
 20
216.2746852777778
 30
0.0
 10
222.6230625
 20
216.9005130555555
 30
0.0
 10
223.1716319444444
 20
217.6741547222222
 30
0.0
 10
223.7568902777777
 20
218.4993019444444
 30
0.0
 10
221.1756152777777
 20
217.8653602777778
 30
0.0
 10
221.1756152777777
 20
216.4934075
 30
0.0
 10
221.1756152777777
 20
215.0029213888889
 30
0.0
 10
223.7124402777777
 20
214.4726963888889
 30
0.0
 10
223.1716319444444
 20
215.3130130555555
 30
0.0
  0
SPLINE
  5
2AD
330
1F
100
AcDbEntity
  8
DEFAULT
 62
     3
100
AcDbSpline
210
0.0
220
0.0
230
1.0
 70
    11
 71
     3
 72
    26
 73
    22
 74
     0
 42
0.000000001
 43
0.0000000001
 40
0.0
 40
0.0
 40
0.0
 40
0.0
 40
1.0
 40
1.0
 40
1.0
 40
2.0
 40
2.0
 40
2.0
 40
3.0
 40
3.0
 40
3.0
 40
4.0
 40
4.0
 40
4.0
 40
5.0
 40
5.0
 40
5.0
 40
6.0
 40
6.0
 40
6.0
 40
7.0
 40
7.0
 40
7.0
 40
7.0
 10
221.1160663888889
 20
232.3708416666666
 30
0.0
 10
222.7123858333333
 20
230.2393583333333
 30
0.0
 10
222.7942302777778
 20
230.254175
 30
0.0
 10
221.7979858333333
 20
230.4407944444444
 30
0.0
 10
220.8020941666666
 20
230.6277666666666
 30
0.0
 10
220.2002552777778
 20
231.1879777777778
 30
0.0
 10
218.8512330555556
 20
233.9893861111111
 30
0.0
 10
217.5025636111111
 20
236.7907944444444
 30
0.0
 10
215.9461080555556
 20
237.8491277777777
 30
0.0
 10
217.7516247222222
 20
237.5379777777778
 30
0.0
 10
219.5567886111111
 20
237.2268277777777
 30
0.0
 10
220.1794413888889
 20
238.1606305555555
 30
0.0
 10
220.8641830555555
 20
238.8453722222222
 30
0.0
 10
221.5489247222222
 20
239.5301138888888
 30
0.0
 10
221.6113663888889
 20
239.6546444444444
 30
0.0
 10
222.8563191666667
 20
239.0319916666666
 30
0.0
 10
224.1016247222222
 20
238.4096916666666
 30
0.0
 10
220.3660608333333
 20
237.9115694444444
 30
0.0
 10
219.9924691666667
 20
236.3551138888888
 30
0.0
 10
219.6192302777777
 20
234.7986583333333
 30
0.0
 10
219.9459025
 20
233.9336472222222
 30
0.0
 10
221.1160663888889
 20
232.3708416666666
 30
0.0
  0
SPLINE
  5
2AE
330
1F
100
AcDbEntity
  8
DEFAULT
 62
     5
100
AcDbSpline
210
0.0
220
0.0
230
1.0
 70
    11
 71
     3
 72
    20
 73
    16
 74
     0
 42
0.000000001
 43
0.0000000001
 40
0.0
 40
0.0
 40
0.0
 40
0.0
 40
1.0
 40
1.0
 40
1.0
 40
2.0
 40
2.0
 40
2.0
 40
3.0
 40
3.0
 40
3.0
 40
4.0
 40
4.0
 40
4.0
 40
5.0
 40
5.0
 40
5.0
 40
5.0
 10
226.0940783333333
 20
213.7566280555556
 30
0.0
 10
224.0603144444444
 20
215.4630141666667
 30
0.0
 10
224.3301894444444
 20
217.6424752777777
 30
0.0
 10
225.8450172222222
 20
218.8616752777778
 30
0.0
 10
227.71227
 20
220.3641558333333
 30
0.0
 10
226.6878033333333
 20
220.8252363888889
 30
0.0
 10
223.9939922222222
 20
220.0300752777778
 30
0.0
 10
221.3001811111111
 20
219.2349141666666
 30
0.0
 10
219.8774283333333
 20
219.5464169444444
 30
0.0
 10
219.8774283333333
 20
216.6204780555556
 30
0.0
 10
219.8774283333333
 20
213.6320975
 30
0.0
 10
221.1604811111111
 20
213.5075669444444
 30
0.0
 10
223.3780422222222
 20
212.8849141666666
 30
0.0
 10
225.5956033333333
 20
212.2626141666667
 30
0.0
 10
228.02342
 20
212.1380836111111
 30
0.0
 10
226.0940783333333
 20
213.7566280555556
 30
0.0
  0
SPLINE
  5
2AF
330
1F
100
AcDbEntity
  8
DEFAULT
 62
     5
100
AcDbSpline
210
0.0
220
0.0
230
1.0
 70
    11
 71
     3
 72
    14
 73
    10
 74
     0
 42
0.000000001
 43
0.0000000001
 40
0.0
 40
0.0
 40
0.0
 40
0.0
 40
1.0
 40
1.0
 40
1.0
 40
2.0
 40
2.0
 40
2.0
 40
3.0
 40
3.0
 40
3.0
 40
3.0
 10
222.2960727777777
 20
200.9321327777778
 30
0.0
 10
220.501845
 20
202.8350161111111
 30
0.0
 10
218.4363311111111
 20
204.8543161111111
 30
0.0
 10
221.1752977777777
 20
205.3520855555556
 30
0.0
 10
223.9146172222222
 20
205.8502077777778
 30
0.0
 10
229.144195
 20
206.5095494444444
 30
0.0
 10
226.280345
 20
204.6673438888889
 30
0.0
 10
222.8308838888888
 20
202.4487244444444
 30
0.0
 10
224.5125755555555
 20
198.5812216666667
 30
0.0
 10
222.2960727777777
 20
200.9321327777778
 30
0.0
  0
SPLINE
  5
2B0
330
1F
100
AcDbEntity
  8
DEFAULT
 62
     5
100
AcDbSpline
210
0.0
220
0.0
230
1.0
 70
    11
 71
     3
 72
    20
 73
    16
 74
     0
 42
0.000000001
 43
0.0000000001
 40
0.0
 40
0.0
 40
0.0
 40
0.0
 40
1.0
 40
1.0
 40
1.0
 40
2.0
 40
2.0
 40
2.0
 40
3.0
 40
3.0
 40
3.0
 40
4.0
 40
4.0
 40
4.0
 40
5.0
 40
5.0
 40
5.0
 40
5.0
 10
224.9545708333333
 20
239.4818538888888
 30
0.0
 10
227.8544041666667
 20
236.3181427777778
 30
0.0
 10
218.5608263888889
 20
238.5963816666666
 30
0.0
 10
221.8007375
 20
233.7403955555555
 30
0.0
 10
225.1108513888889
 20
228.7796344444444
 30
0.0
 10
228.6876652777778
 20
226.9339011111111
 30
0.0
 10
222.4131597222222
 20
228.3450122222222
 30
0.0
 10
218.8642152777778
 20
229.1433483333333
 30
0.0
 10
220.1183402777778
 20
227.9375538888888
 30
0.0
 10
217.8136430555556
 20
232.7445038888889
 30
0.0
 10
214.6499319444444
 20
239.3432122222222
 30
0.0
 10
212.1483847222222
 20
239.9037761111111
 30
0.0
 10
216.9422819444444
 20
239.2190344444444
 30
0.0
 10
220.8665819444444
 20
238.6581177777777
 30
0.0
 10
220.8725791666666
 20
243.9356733333333
 30
0.0
 10
224.9545708333333
 20
239.4818538888888
 30
0.0
  0
POLYLINE
  5
2B1
330
1F
100
AcDbEntity
  8
DEFAULT
 62
   250
100
AcDb2dPolyline
 66
     1
 10
0.0
 20
0.0
 30
0.0
  0
VERTEX
  5
2B2
330
2B1
100
AcDbEntity
  8
DEFAULT
 62
   250
100
AcDbVertex
100
AcDb2dVertex
 10
225.9580825
 20
223.4357213888889
 30
0.0
  0
VERTEX
  5
2B3
330
2B1
100
AcDbEntity
  8
DEFAULT
 62
   250
100
AcDbVertex
100
AcDb2dVertex
 10
225.9580825
 20
224.5420324999999
 30
0.0
  0
VERTEX
  5
2B4
330
2B1
100
AcDbEntity
  8
DEFAULT
 62
   250
100
AcDbVertex
100
AcDb2dVertex
 10
227.3487325
 20
223.4357213888889
 30
0.0
  0
VERTEX
  5
2B5
330
2B1
100
AcDbEntity
  8
DEFAULT
 62
   250
100
AcDbVertex
100
AcDb2dVertex
 10
227.3487325
 20
224.5540269444444
 30
0.0
  0
SEQEND
  5
2B6
330
2B1
100
AcDbEntity
  8
DEFAULT
 62
   250
  0
POLYLINE
  5
2B7
330
1F
100
AcDbEntity
  8
DEFAULT
 62
   250
100
AcDb2dPolyline
 66
     1
 10
0.0
 20
0.0
 30
0.0
  0
VERTEX
  5
2B8
330
2B7
100
AcDbEntity
  8
DEFAULT
 62
   250
100
AcDbVertex
100
AcDb2dVertex
 10
225.9599169444444
 20
208.4372683333333
 30
0.0
  0
VERTEX
  5
2B9
330
2B7
100
AcDbEntity
  8
DEFAULT
 62
   250
100
AcDbVertex
100
AcDb2dVertex
 10
225.9599169444444
 20
209.5435794444444
 30
0.0
  0
VERTEX
  5
2BA
330
2B7
100
AcDbEntity
  8
DEFAULT
 62
   250
100
AcDbVertex
100
AcDb2dVertex
 10
227.3505669444444
 20
208.4372683333333
 30
0.0
  0
VERTEX
  5
2BB
330
2B7
100
AcDbEntity
  8
DEFAULT
 62
   250
100
AcDbVertex
100
AcDb2dVertex
 10
227.3505669444444
 20
209.5555738888889
 30
0.0
  0
SEQEND
  5
2BC
330
2B7
100
AcDbEntity
  8
DEFAULT
 62
   250
  0
SPLINE
  5
2BD
330
1F
100
AcDbEntity
  8
DEFAULT
 62
     1
100
AcDbSpline
210
0.0
220
0.0
230
1.0
 70
     8
 71
     3
 72
    35
 73
    31
 74
     0
 42
0.000000001
 43
0.0000000001
 40
0.0
 40
0.0
 40
0.0
 40
0.0
 40
3.82000000000005
 40
3.82000000000005
 40
3.82000000000005
 40
4.82000000000005
 40
4.82000000000005
 40
4.82000000000005
 40
5.82000000000005
 40
5.82000000000005
 40
5.82000000000005
 40
6.82000000000005
 40
6.82000000000005
 40
6.82000000000005
 40
7.82000000000005
 40
7.82000000000005
 40
7.82000000000005
 40
8.82000000000005
 40
8.82000000000005
 40
8.82000000000005
 40
9.82000000000005
 40
9.82000000000005
 40
9.82000000000005
 40
10.82000000000005
 40
10.82000000000005
 40
10.82000000000005
 40
11.82000000000005
 40
11.82000000000005
 40
11.82000000000005
 40
15.63999999999999
 40
15.63999999999999
 40
15.63999999999999
 40
15.63999999999999
 10
223.9513766666666
 20
223.8440616666666
 30
0.0
 10
223.9513766666666
 20
223.394857962963
 30
0.0
 10
223.9513766666666
 20
222.9456542592592
 30
0.0
 10
223.9513766666666
 20
222.4964505555555
 30
0.0
 10
223.9513766666666
 20
222.4964505555555
 30
0.0
 10
221.32671
 20
222.489395
 30
0.0
 10
220.4482933333333
 20
222.489395
 30
0.0
 10
220.2754322222222
 20
222.489395
 30
0.0
 10
219.6651266666667
 20
222.5881727777778
 30
0.0
 10
218.6985155555556
 20
222.5881727777778
 30
0.0
 10
217.7319044444444
 20
222.5881727777778
 30
0.0
 10
216.9487377777778
 20
222.5423116666666
 30
0.0
 10
216.9487377777778
 20
222.489395
 30
0.0
 10
216.9522655555555
 20
220.4362283333333
 30
0.0
 10
217.6295988888889
 20
218.5030061111111
 30
0.0
 10
217.4567377777778
 20
215.9418394444444
 30
0.0
 10
217.3438488888889
 20
214.2696727777778
 30
0.0
 10
217.0016544444444
 20
213.3736172222222
 30
0.0
 10
216.94521
 20
210.487895
 30
0.0
 10
216.9593211111111
 20
210.4349783333333
 30
0.0
 10
217.7354322222222
 20
210.392645
 30
0.0
 10
218.6949877777778
 20
210.392645
 30
0.0
 10
219.6651266666667
 20
210.392645
 30
0.0
 10
220.2719044444445
 20
210.4914227777778
 30
0.0
 10
220.4447655555555
 20
210.4914227777778
 30
0.0
 10
221.3196544444444
 20
210.4949505555555
 30
0.0
 10
223.9443211111111
 20
210.4949505555555
 30
0.0
 10
223.9443211111111
 20
210.4949505555555
 30
0.0
 10
223.9443211111111
 20
210.0457468518518
 30
0.0
 10
223.9443211111111
 20
209.5965431481482
 30
0.0
 10
223.9443211111111
 20
209.1473394444444
 30
0.0
  0
SPLINE
  5
2BE
330
1F
100
AcDbEntity
  8
DEFAULT
 62
     1
100
AcDbSpline
210
0.0
220
0.0
230
1.0
 70
     8
 71
     3
 72
    59
 73
    55
 74
     0
 42
0.000000001
 43
0.0000000001
 40
0.0
 40
0.0
 40
0.0
 40
0.0
 40
3.830000000000041
 40
3.830000000000041
 40
3.830000000000041
 40
4.830000000000041
 40
4.830000000000041
 40
4.830000000000041
 40
5.830000000000041
 40
5.830000000000041
 40
5.830000000000041
 40
6.830000000000041
 40
6.830000000000041
 40
6.830000000000041
 40
7.830000000000041
 40
7.830000000000041
 40
7.830000000000041
 40
8.830000000000041
 40
8.830000000000041
 40
8.830000000000041
 40
9.830000000000041
 40
9.830000000000041
 40
9.830000000000041
 40
10.83000000000004
 40
10.83000000000004
 40
10.83000000000004
 40
11.83000000000004
 40
11.83000000000004
 40
11.83000000000004
 40
12.83000000000004
 40
12.83000000000004
 40
12.83000000000004
 40
13.83000000000004
 40
13.83000000000004
 40
13.83000000000004
 40
14.83000000000004
 40
14.83000000000004
 40
14.83000000000004
 40
15.83000000000004
 40
15.83000000000004
 40
15.83000000000004
 40
16.83000000000004
 40
16.83000000000004
 40
16.83000000000004
 40
17.83000000000004
 40
17.83000000000004
 40
17.83000000000004
 40
18.83000000000004
 40
18.83000000000004
 40
18.83000000000004
 40
19.83000000000004
 40
19.83000000000004
 40
19.83000000000004
 40
23.65999999999997
 40
23.65999999999997
 40
23.65999999999997
 40
23.65999999999997
 10
223.9478488888889
 20
208.8474430555555
 30
0.0
 10
223.9478488888889
 20
208.3970634259259
 30
0.0
 10
223.9478488888889
 20
207.9466837962963
 30
0.0
 10
223.9478488888889
 20
207.4963041666666
 30
0.0
 10
223.9478488888889
 20
207.4963041666666
 30
0.0
 10
221.3231822222222
 20
207.4927763888889
 30
0.0
 10
220.4482933333333
 20
207.4927763888889
 30
0.0
 10
220.2719044444445
 20
207.4927763888889
 30
0.0
 10
219.6651266666667
 20
207.5915541666667
 30
0.0
 10
218.6985155555556
 20
207.5915541666667
 30
0.0
 10
217.7319044444444
 20
207.5880263888889
 30
0.0
 10
216.9487377777778
 20
207.5456930555555
 30
0.0
 10
216.9487377777778
 20
207.4892486111111
 30
0.0
 10
216.9487377777778
 20
205.4889986111111
 30
0.0
 10
215.6293488888889
 20
203.6580819444444
 30
0.0
 10
221.1961822222222
 20
199.0719708333333
 30
0.0
 10
226.7630155555556
 20
194.4823319444444
 30
0.0
 10
225.2072655555556
 20
200.7335541666667
 30
0.0
 10
230.1708488888889
 20
205.0903597222222
 30
0.0
 10
234.2242655555555
 20
208.6463597222222
 30
0.0
 10
234.5911544444444
 20
208.1559986111111
 30
0.0
 10
231.45496
 20
211.0664152777778
 30
0.0
 10
226.4278766666667
 20
215.7301375
 30
0.0
 10
226.9676266666666
 20
217.6739430555555
 30
0.0
 10
231.2926822222222
 20
221.6638597222222
 30
0.0
 10
233.9737933333333
 20
224.1368319444445
 30
0.0
 10
233.5363488888889
 20
223.9957208333333
 30
0.0
 10
231.1586266666667
 20
226.6521375
 30
0.0
 10
228.7985433333333
 20
229.2873875
 30
0.0
 10
223.8914044444444
 20
232.6034986111111
 30
0.0
 10
225.8105155555555
 20
235.1540819444444
 30
0.0
 10
228.0083211111111
 20
238.0680263888889
 30
0.0
 10
233.7268488888889
 20
234.6249152777778
 30
0.0
 10
224.8262655555556
 20
242.9857486111111
 30
0.0
 10
221.4360711111111
 20
246.1678041666666
 30
0.0
 10
217.3932377777778
 20
241.4123597222222
 30
0.0
 10
213.3292377777778
 20
241.9097763888889
 30
0.0
 10
207.1203488888889
 20
242.6717763888889
 30
0.0
 10
211.1490711111111
 20
239.4861930555556
 30
0.0
 10
213.92896
 20
234.1557208333333
 30
0.0
 10
215.2977377777778
 20
231.5275263888889
 30
0.0
 10
216.94521
 20
228.0703041666667
 30
0.0
 10
216.9487377777778
 20
225.4879708333333
 30
0.0
 10
216.9593211111111
 20
225.4279986111111
 30
0.0
 10
217.7354322222222
 20
225.3856652777778
 30
0.0
 10
218.6985155555556
 20
225.3891930555556
 30
0.0
 10
219.6615988888889
 20
225.3891930555556
 30
0.0
 10
220.2719044444445
 20
225.4914986111111
 30
0.0
 10
220.4447655555556
 20
225.4879708333333
 30
0.0
 10
221.3196544444444
 20
225.4879708333333
 30
0.0
 10
223.9478488888889
 20
225.4950263888888
 30
0.0
 10
223.9478488888889
 20
225.4950263888888
 30
0.0
 10
223.9478488888889
 20
225.0446467592592
 30
0.0
 10
223.9478488888889
 20
224.5942671296296
 30
0.0
 10
223.9478488888889
 20
224.1438875
 30
0.0
  0
SPLINE
  5
2BF
330
1F
100
AcDbEntity
  8
DEFAULT
 62
     3
100
AcDbSpline
210
0.0
220
0.0
230
1.0
 70
    11
 71
     3
 72
    14
 73
    10
 74
     0
 42
0.000000001
 43
0.0000000001
 40
0.0
 40
0.0
 40
0.0
 40
0.0
 40
1.0
 40
1.0
 40
1.0
 40
2.0
 40
2.0
 40
2.0
 40
3.0
 40
3.0
 40
3.0
 40
3.0
 10
202.8264436111111
 20
202.3639872222222
 30
0.0
 10
202.7664713888889
 20
203.5059288888888
 30
0.0
 10
203.1125463888889
 20
203.8276622222222
 30
0.0
 10
203.9002991666667
 20
204.3561233333333
 30
0.0
 10
205.1942880555555
 20
205.2243094444444
 30
0.0
 10
202.3752408333333
 20
204.7124288888889
 30
0.0
 10
201.4410852777777
 20
204.1536288888888
 30
0.0
 10
200.6540380555555
 20
203.6830233333333
 30
0.0
 10
202.8790075
 20
201.3659788888889
 30
0.0
 10
202.8264436111111
 20
202.3639872222222
 30
0.0
  0
SPLINE
  5
2C0
330
1F
100
AcDbEntity
  8
DEFAULT
 62
     3
100
AcDbSpline
210
0.0
220
0.0
230
1.0
 70
    11
 71
     3
 72
    14
 73
    10
 74
     0
 42
0.000000001
 43
0.0000000001
 40
0.0
 40
0.0
 40
0.0
 40
0.0
 40
1.0
 40
1.0
 40
1.0
 40
2.0
 40
2.0
 40
2.0
 40
3.0
 40
3.0
 40
3.0
 40
3.0
 10
202.9860755555555
 20
215.3130130555555
 30
0.0
 10
202.3673033333333
 20
216.2746852777778
 30
0.0
 10
202.4375061111111
 20
216.9005130555555
 30
0.0
 10
202.9860755555555
 20
217.6741547222222
 30
0.0
 10
203.5713338888889
 20
218.4993019444444
 30
0.0
 10
200.9900588888889
 20
217.8653602777778
 30
0.0
 10
200.9900588888889
 20
216.4934075
 30
0.0
 10
200.9900588888889
 20
215.0029213888889
 30
0.0
 10
203.5268838888889
 20
214.4726963888889
 30
0.0
 10
202.9860755555555
 20
215.3130130555555
 30
0.0
  0
SPLINE
  5
2C1
330
1F
100
AcDbEntity
  8
DEFAULT
 62
     3
100
AcDbSpline
210
0.0
220
0.0
230
1.0
 70
    11
 71
     3
 72
    26
 73
    22
 74
     0
 42
0.000000001
 43
0.0000000001
 40
0.0
 40
0.0
 40
0.0
 40
0.0
 40
1.0
 40
1.0
 40
1.0
 40
2.0
 40
2.0
 40
2.0
 40
3.0
 40
3.0
 40
3.0
 40
4.0
 40
4.0
 40
4.0
 40
5.0
 40
5.0
 40
5.0
 40
6.0
 40
6.0
 40
6.0
 40
7.0
 40
7.0
 40
7.0
 40
7.0
 10
200.93051
 20
232.3708416666666
 30
0.0
 10
202.5268294444444
 20
230.2393583333333
 30
0.0
 10
202.6086738888888
 20
230.254175
 30
0.0
 10
201.6124294444444
 20
230.4407944444444
 30
0.0
 10
200.6165377777778
 20
230.6277666666666
 30
0.0
 10
200.0146988888889
 20
231.1879777777778
 30
0.0
 10
198.6656766666667
 20
233.9893861111111
 30
0.0
 10
197.3170072222222
 20
236.7907944444444
 30
0.0
 10
195.7605516666666
 20
237.8491277777777
 30
0.0
 10
197.5660683333333
 20
237.5379777777778
 30
0.0
 10
199.3712322222222
 20
237.2268277777777
 30
0.0
 10
199.993885
 20
238.1606305555555
 30
0.0
 10
200.6786266666666
 20
238.8453722222222
 30
0.0
 10
201.3633683333333
 20
239.5301138888888
 30
0.0
 10
201.42581
 20
239.6546444444444
 30
0.0
 10
202.6707627777777
 20
239.0319916666666
 30
0.0
 10
203.9160683333333
 20
238.4096916666666
 30
0.0
 10
200.1805044444444
 20
237.9115694444444
 30
0.0
 10
199.8072655555555
 20
236.3551138888888
 30
0.0
 10
199.4336738888888
 20
234.7986583333333
 30
0.0
 10
199.7603461111111
 20
233.9336472222222
 30
0.0
 10
200.93051
 20
232.3708416666666
 30
0.0
  0
SPLINE
  5
2C2
330
1F
100
AcDbEntity
  8
DEFAULT
 62
     5
100
AcDbSpline
210
0.0
220
0.0
230
1.0
 70
    11
 71
     3
 72
    20
 73
    16
 74
     0
 42
0.000000001
 43
0.0000000001
 40
0.0
 40
0.0
 40
0.0
 40
0.0
 40
1.0
 40
1.0
 40
1.0
 40
2.0
 40
2.0
 40
2.0
 40
3.0
 40
3.0
 40
3.0
 40
4.0
 40
4.0
 40
4.0
 40
5.0
 40
5.0
 40
5.0
 40
5.0
 10
205.9085219444444
 20
213.7566280555556
 30
0.0
 10
203.8747580555555
 20
215.4630141666667
 30
0.0
 10
204.1446330555555
 20
217.6424752777777
 30
0.0
 10
205.6594608333333
 20
218.8616752777778
 30
0.0
 10
207.5267136111111
 20
220.3641558333333
 30
0.0
 10
206.5022469444444
 20
220.8252363888889
 30
0.0
 10
203.8084358333333
 20
220.0300752777778
 30
0.0
 10
201.1146247222222
 20
219.2349141666666
 30
0.0
 10
199.6918719444444
 20
219.5464169444444
 30
0.0
 10
199.6918719444444
 20
216.6204780555556
 30
0.0
 10
199.6918719444444
 20
213.6320975
 30
0.0
 10
200.9749247222222
 20
213.5075669444444
 30
0.0
 10
203.1924858333333
 20
212.8849141666666
 30
0.0
 10
205.4100469444444
 20
212.2626141666667
 30
0.0
 10
207.8378636111111
 20
212.1380836111111
 30
0.0
 10
205.9085219444444
 20
213.7566280555556
 30
0.0
  0
SPLINE
  5
2C3
330
1F
100
AcDbEntity
  8
DEFAULT
 62
     5
100
AcDbSpline
210
0.0
220
0.0
230
1.0
 70
    11
 71
     3
 72
    14
 73
    10
 74
     0
 42
0.000000001
 43
0.0000000001
 40
0.0
 40
0.0
 40
0.0
 40
0.0
 40
1.0
 40
1.0
 40
1.0
 40
2.0
 40
2.0
 40
2.0
 40
3.0
 40
3.0
 40
3.0
 40
3.0
 10
202.1105163888889
 20
200.9321327777778
 30
0.0
 10
200.3162886111111
 20
202.8350161111111
 30
0.0
 10
198.2507747222222
 20
204.8543161111111
 30
0.0
 10
200.9900941666666
 20
205.3520855555556
 30
0.0
 10
203.7290608333333
 20
205.8502077777778
 30
0.0
 10
208.9586386111111
 20
206.5095494444444
 30
0.0
 10
206.0947886111111
 20
204.6673438888889
 30
0.0
 10
202.6453275
 20
202.4487244444444
 30
0.0
 10
204.3270191666666
 20
198.5812216666667
 30
0.0
 10
202.1105163888889
 20
200.9321327777778
 30
0.0
  0
SPLINE
  5
2C4
330
1F
100
AcDbEntity
  8
DEFAULT
 62
     5
100
AcDbSpline
210
0.0
220
0.0
230
1.0
 70
    11
 71
     3
 72
    20
 73
    16
 74
     0
 42
0.000000001
 43
0.0000000001
 40
0.0
 40
0.0
 40
0.0
 40
0.0
 40
1.0
 40
1.0
 40
1.0
 40
2.0
 40
2.0
 40
2.0
 40
3.0
 40
3.0
 40
3.0
 40
4.0
 40
4.0
 40
4.0
 40
5.0
 40
5.0
 40
5.0
 40
5.0
 10
204.7690144444444
 20
239.4818538888888
 30
0.0
 10
207.6688477777778
 20
236.3181427777778
 30
0.0
 10
198.37527
 20
238.5963816666666
 30
0.0
 10
201.6151811111111
 20
233.7403955555555
 30
0.0
 10
204.925295
 20
228.7796344444444
 30
0.0
 10
208.5021088888888
 20
226.9339011111111
 30
0.0
 10
202.2276033333333
 20
228.3450122222222
 30
0.0
 10
198.6786588888889
 20
229.1433483333333
 30
0.0
 10
199.9327838888889
 20
227.9375538888888
 30
0.0
 10
197.6280866666667
 20
232.7445038888889
 30
0.0
 10
194.4643755555555
 20
239.3432122222222
 30
0.0
 10
191.9628283333333
 20
239.9037761111111
 30
0.0
 10
196.7567255555555
 20
239.2190344444444
 30
0.0
 10
200.6810255555555
 20
238.6581177777777
 30
0.0
 10
200.6870227777777
 20
243.9356733333333
 30
0.0
 10
204.7690144444444
 20
239.4818538888888
 30
0.0
  0
POLYLINE
  5
2C5
330
1F
100
AcDbEntity
  8
DEFAULT
 62
   250
100
AcDb2dPolyline
 66
     1
 10
0.0
 20
0.0
 30
0.0
  0
VERTEX
  5
2C6
330
2C5
100
AcDbEntity
  8
DEFAULT
 62
   250
100
AcDbVertex
100
AcDb2dVertex
 10
205.7725261111111
 20
223.4357213888889
 30
0.0
  0
VERTEX
  5
2C7
330
2C5
100
AcDbEntity
  8
DEFAULT
 62
   250
100
AcDbVertex
100
AcDb2dVertex
 10
205.7725261111111
 20
224.5420324999999
 30
0.0
  0
VERTEX
  5
2C8
330
2C5
100
AcDbEntity
  8
DEFAULT
 62
   250
100
AcDbVertex
100
AcDb2dVertex
 10
207.1631761111111
 20
223.4357213888889
 30
0.0
  0
VERTEX
  5
2C9
330
2C5
100
AcDbEntity
  8
DEFAULT
 62
   250
100
AcDbVertex
100
AcDb2dVertex
 10
207.1631761111111
 20
224.5540269444444
 30
0.0
  0
SEQEND
  5
2CA
330
2C5
100
AcDbEntity
  8
DEFAULT
 62
   250
  0
POLYLINE
  5
2CB
330
1F
100
AcDbEntity
  8
DEFAULT
 62
   250
100
AcDb2dPolyline
 66
     1
 10
0.0
 20
0.0
 30
0.0
  0
VERTEX
  5
2CC
330
2CB
100
AcDbEntity
  8
DEFAULT
 62
   250
100
AcDbVertex
100
AcDb2dVertex
 10
205.7743605555555
 20
208.4372683333333
 30
0.0
  0
VERTEX
  5
2CD
330
2CB
100
AcDbEntity
  8
DEFAULT
 62
   250
100
AcDbVertex
100
AcDb2dVertex
 10
205.7743605555555
 20
209.5435794444444
 30
0.0
  0
VERTEX
  5
2CE
330
2CB
100
AcDbEntity
  8
DEFAULT
 62
   250
100
AcDbVertex
100
AcDb2dVertex
 10
207.1650105555555
 20
208.4372683333333
 30
0.0
  0
VERTEX
  5
2CF
330
2CB
100
AcDbEntity
  8
DEFAULT
 62
   250
100
AcDbVertex
100
AcDb2dVertex
 10
207.1650105555555
 20
209.5555738888889
 30
0.0
  0
SEQEND
  5
2D0
330
2CB
100
AcDbEntity
  8
DEFAULT
 62
   250
  0
SPLINE
  5
2D1
330
1F
100
AcDbEntity
  8
DEFAULT
 62
     1
100
AcDbSpline
210
0.0
220
0.0
230
1.0
 70
     8
 71
     3
 72
    35
 73
    31
 74
     0
 42
0.000000001
 43
0.0000000001
 40
0.0
 40
0.0
 40
0.0
 40
0.0
 40
3.82000000000005
 40
3.82000000000005
 40
3.82000000000005
 40
4.82000000000005
 40
4.82000000000005
 40
4.82000000000005
 40
5.82000000000005
 40
5.82000000000005
 40
5.82000000000005
 40
6.82000000000005
 40
6.82000000000005
 40
6.82000000000005
 40
7.82000000000005
 40
7.82000000000005
 40
7.82000000000005
 40
8.82000000000005
 40
8.82000000000005
 40
8.82000000000005
 40
9.82000000000005
 40
9.82000000000005
 40
9.82000000000005
 40
10.82000000000005
 40
10.82000000000005
 40
10.82000000000005
 40
11.82000000000005
 40
11.82000000000005
 40
11.82000000000005
 40
15.63999999999999
 40
15.63999999999999
 40
15.63999999999999
 40
15.63999999999999
 10
203.7658202777777
 20
223.8440616666666
 30
0.0
 10
203.7658202777777
 20
223.394857962963
 30
0.0
 10
203.7658202777777
 20
222.9456542592592
 30
0.0
 10
203.7658202777777
 20
222.4964505555555
 30
0.0
 10
203.7658202777777
 20
222.4964505555555
 30
0.0
 10
201.1411536111111
 20
222.489395
 30
0.0
 10
200.2627369444444
 20
222.489395
 30
0.0
 10
200.0898758333333
 20
222.489395
 30
0.0
 10
199.4795702777778
 20
222.5881727777778
 30
0.0
 10
198.5129591666666
 20
222.5881727777778
 30
0.0
 10
197.5463480555555
 20
222.5881727777778
 30
0.0
 10
196.7631813888889
 20
222.5423116666666
 30
0.0
 10
196.7631813888889
 20
222.489395
 30
0.0
 10
196.7667091666666
 20
220.4362283333333
 30
0.0
 10
197.4440425
 20
218.5030061111111
 30
0.0
 10
197.2711813888889
 20
215.9418394444444
 30
0.0
 10
197.1582925
 20
214.2696727777778
 30
0.0
 10
196.8160980555555
 20
213.3736172222222
 30
0.0
 10
196.7596536111111
 20
210.487895
 30
0.0
 10
196.7737647222222
 20
210.4349783333333
 30
0.0
 10
197.5498758333333
 20
210.392645
 30
0.0
 10
198.5094313888889
 20
210.392645
 30
0.0
 10
199.4795702777778
 20
210.392645
 30
0.0
 10
200.0863480555555
 20
210.4914227777778
 30
0.0
 10
200.2592091666666
 20
210.4914227777778
 30
0.0
 10
201.1340980555555
 20
210.4949505555555
 30
0.0
 10
203.7587647222222
 20
210.4949505555555
 30
0.0
 10
203.7587647222222
 20
210.4949505555555
 30
0.0
 10
203.7587647222222
 20
210.0457468518518
 30
0.0
 10
203.7587647222222
 20
209.5965431481482
 30
0.0
 10
203.7587647222222
 20
209.1473394444444
 30
0.0
  0
SPLINE
  5
2D2
330
1F
100
AcDbEntity
  8
DEFAULT
 62
     1
100
AcDbSpline
210
0.0
220
0.0
230
1.0
 70
     8
 71
     3
 72
    59
 73
    55
 74
     0
 42
0.000000001
 43
0.0000000001
 40
0.0
 40
0.0
 40
0.0
 40
0.0
 40
3.830000000000041
 40
3.830000000000041
 40
3.830000000000041
 40
4.830000000000041
 40
4.830000000000041
 40
4.830000000000041
 40
5.830000000000041
 40
5.830000000000041
 40
5.830000000000041
 40
6.830000000000041
 40
6.830000000000041
 40
6.830000000000041
 40
7.830000000000041
 40
7.830000000000041
 40
7.830000000000041
 40
8.830000000000041
 40
8.830000000000041
 40
8.830000000000041
 40
9.830000000000041
 40
9.830000000000041
 40
9.830000000000041
 40
10.83000000000004
 40
10.83000000000004
 40
10.83000000000004
 40
11.83000000000004
 40
11.83000000000004
 40
11.83000000000004
 40
12.83000000000004
 40
12.83000000000004
 40
12.83000000000004
 40
13.83000000000004
 40
13.83000000000004
 40
13.83000000000004
 40
14.83000000000004
 40
14.83000000000004
 40
14.83000000000004
 40
15.83000000000004
 40
15.83000000000004
 40
15.83000000000004
 40
16.83000000000004
 40
16.83000000000004
 40
16.83000000000004
 40
17.83000000000004
 40
17.83000000000004
 40
17.83000000000004
 40
18.83000000000004
 40
18.83000000000004
 40
18.83000000000004
 40
19.83000000000004
 40
19.83000000000004
 40
19.83000000000004
 40
23.65999999999997
 40
23.65999999999997
 40
23.65999999999997
 40
23.65999999999997
 10
203.7622925
 20
208.8474430555555
 30
0.0
 10
203.7622925
 20
208.3970634259259
 30
0.0
 10
203.7622925
 20
207.9466837962963
 30
0.0
 10
203.7622925
 20
207.4963041666666
 30
0.0
 10
203.7622925
 20
207.4963041666666
 30
0.0
 10
201.1376258333333
 20
207.4927763888889
 30
0.0
 10
200.2627369444444
 20
207.4927763888889
 30
0.0
 10
200.0863480555555
 20
207.4927763888889
 30
0.0
 10
199.4795702777778
 20
207.5915541666667
 30
0.0
 10
198.5129591666666
 20
207.5915541666667
 30
0.0
 10
197.5463480555555
 20
207.5880263888889
 30
0.0
 10
196.7631813888889
 20
207.5456930555555
 30
0.0
 10
196.7631813888889
 20
207.4892486111111
 30
0.0
 10
196.7631813888889
 20
205.4889986111111
 30
0.0
 10
195.4437924999999
 20
203.6580819444444
 30
0.0
 10
201.0106258333333
 20
199.0719708333333
 30
0.0
 10
206.5774591666666
 20
194.4823319444444
 30
0.0
 10
205.0217091666667
 20
200.7335541666667
 30
0.0
 10
209.9852925
 20
205.0903597222222
 30
0.0
 10
214.0387091666666
 20
208.6463597222222
 30
0.0
 10
214.4055980555555
 20
208.1559986111111
 30
0.0
 10
211.2694036111111
 20
211.0664152777778
 30
0.0
 10
206.2423202777777
 20
215.7301375
 30
0.0
 10
206.7820702777777
 20
217.6739430555555
 30
0.0
 10
211.1071258333333
 20
221.6638597222222
 30
0.0
 10
213.7882369444444
 20
224.1368319444445
 30
0.0
 10
213.3507925
 20
223.9957208333333
 30
0.0
 10
210.9730702777778
 20
226.6521375
 30
0.0
 10
208.6129869444444
 20
229.2873875
 30
0.0
 10
203.7058480555555
 20
232.6034986111111
 30
0.0
 10
205.6249591666666
 20
235.1540819444444
 30
0.0
 10
207.8227647222222
 20
238.0680263888889
 30
0.0
 10
213.5412925
 20
234.6249152777778
 30
0.0
 10
204.6407091666666
 20
242.9857486111111
 30
0.0
 10
201.2505147222222
 20
246.1678041666666
 30
0.0
 10
197.2076813888888
 20
241.4123597222222
 30
0.0
 10
193.1436813888888
 20
241.9097763888889
 30
0.0
 10
186.9347925
 20
242.6717763888889
 30
0.0
 10
190.9635147222222
 20
239.4861930555556
 30
0.0
 10
193.7434036111111
 20
234.1557208333333
 30
0.0
 10
195.1121813888889
 20
231.5275263888889
 30
0.0
 10
196.7596536111111
 20
228.0703041666667
 30
0.0
 10
196.7631813888889
 20
225.4879708333333
 30
0.0
 10
196.7737647222222
 20
225.4279986111111
 30
0.0
 10
197.5498758333333
 20
225.3856652777778
 30
0.0
 10
198.5129591666666
 20
225.3891930555556
 30
0.0
 10
199.4760425
 20
225.3891930555556
 30
0.0
 10
200.0863480555555
 20
225.4914986111111
 30
0.0
 10
200.2592091666667
 20
225.4879708333333
 30
0.0
 10
201.1340980555555
 20
225.4879708333333
 30
0.0
 10
203.7622925
 20
225.4950263888888
 30
0.0
 10
203.7622925
 20
225.4950263888888
 30
0.0
 10
203.7622925
 20
225.0446467592592
 30
0.0
 10
203.7622925
 20
224.5942671296296
 30
0.0
 10
203.7622925
 20
224.1438875
 30
0.0
  0
SPLINE
  5
2D3
330
1F
100
AcDbEntity
  8
DEFAULT
 62
     3
100
AcDbSpline
210
0.0
220
0.0
230
1.0
 70
    11
 71
     3
 72
    14
 73
    10
 74
     0
 42
0.000000001
 43
0.0000000001
 40
0.0
 40
0.0
 40
0.0
 40
0.0
 40
1.0
 40
1.0
 40
1.0
 40
2.0
 40
2.0
 40
2.0
 40
3.0
 40
3.0
 40
3.0
 40
3.0
 10
182.6408872222222
 20
202.3639872222222
 30
0.0
 10
182.580915
 20
203.5059288888888
 30
0.0
 10
182.92699
 20
203.8276622222222
 30
0.0
 10
183.7147427777778
 20
204.3561233333333
 30
0.0
 10
185.0087316666666
 20
205.2243094444444
 30
0.0
 10
182.1896844444445
 20
204.7124288888889
 30
0.0
 10
181.2555288888889
 20
204.1536288888888
 30
0.0
 10
180.4684816666667
 20
203.6830233333333
 30
0.0
 10
182.6934511111111
 20
201.3659788888889
 30
0.0
 10
182.6408872222222
 20
202.3639872222222
 30
0.0
  0
SPLINE
  5
2D4
330
1F
100
AcDbEntity
  8
DEFAULT
 62
     3
100
AcDbSpline
210
0.0
220
0.0
230
1.0
 70
    11
 71
     3
 72
    14
 73
    10
 74
     0
 42
0.000000001
 43
0.0000000001
 40
0.0
 40
0.0
 40
0.0
 40
0.0
 40
1.0
 40
1.0
 40
1.0
 40
2.0
 40
2.0
 40
2.0
 40
3.0
 40
3.0
 40
3.0
 40
3.0
 10
182.8005191666667
 20
215.3130130555555
 30
0.0
 10
182.1817469444444
 20
216.2746852777778
 30
0.0
 10
182.2519497222222
 20
216.9005130555555
 30
0.0
 10
182.8005191666667
 20
217.6741547222222
 30
0.0
 10
183.3857775
 20
218.4993019444444
 30
0.0
 10
180.8045025
 20
217.8653602777778
 30
0.0
 10
180.8045025
 20
216.4934075
 30
0.0
 10
180.8045025
 20
215.0029213888889
 30
0.0
 10
183.3413275
 20
214.4726963888889
 30
0.0
 10
182.8005191666667
 20
215.3130130555555
 30
0.0
  0
SPLINE
  5
2D5
330
1F
100
AcDbEntity
  8
DEFAULT
 62
     3
100
AcDbSpline
210
0.0
220
0.0
230
1.0
 70
    11
 71
     3
 72
    26
 73
    22
 74
     0
 42
0.000000001
 43
0.0000000001
 40
0.0
 40
0.0
 40
0.0
 40
0.0
 40
1.0
 40
1.0
 40
1.0
 40
2.0
 40
2.0
 40
2.0
 40
3.0
 40
3.0
 40
3.0
 40
4.0
 40
4.0
 40
4.0
 40
5.0
 40
5.0
 40
5.0
 40
6.0
 40
6.0
 40
6.0
 40
7.0
 40
7.0
 40
7.0
 40
7.0
 10
180.7449536111111
 20
232.3708416666666
 30
0.0
 10
182.3412730555555
 20
230.2393583333333
 30
0.0
 10
182.4231175
 20
230.254175
 30
0.0
 10
181.4268730555555
 20
230.4407944444444
 30
0.0
 10
180.4309813888889
 20
230.6277666666666
 30
0.0
 10
179.8291425
 20
231.1879777777778
 30
0.0
 10
178.4801202777778
 20
233.9893861111111
 30
0.0
 10
177.1314508333333
 20
236.7907944444444
 30
0.0
 10
175.5749952777778
 20
237.8491277777777
 30
0.0
 10
177.3801591666666
 20
237.5379777777778
 30
0.0
 10
179.1856758333333
 20
237.2268277777777
 30
0.0
 10
179.8083286111111
 20
238.1606305555555
 30
0.0
 10
180.4930702777777
 20
238.8453722222222
 30
0.0
 10
181.1778119444444
 20
239.5301138888888
 30
0.0
 10
181.2402536111111
 20
239.6546444444444
 30
0.0
 10
182.4852063888889
 20
239.0319916666666
 30
0.0
 10
183.7305119444444
 20
238.4096916666666
 30
0.0
 10
179.9949480555555
 20
237.9115694444444
 30
0.0
 10
179.6213563888889
 20
236.3551138888888
 30
0.0
 10
179.2481175
 20
234.7986583333333
 30
0.0
 10
179.5747897222222
 20
233.9336472222222
 30
0.0
 10
180.7449536111111
 20
232.3708416666666
 30
0.0
  0
SPLINE
  5
2D6
330
1F
100
AcDbEntity
  8
DEFAULT
 62
     5
100
AcDbSpline
210
0.0
220
0.0
230
1.0
 70
    11
 71
     3
 72
    20
 73
    16
 74
     0
 42
0.000000001
 43
0.0000000001
 40
0.0
 40
0.0
 40
0.0
 40
0.0
 40
1.0
 40
1.0
 40
1.0
 40
2.0
 40
2.0
 40
2.0
 40
3.0
 40
3.0
 40
3.0
 40
4.0
 40
4.0
 40
4.0
 40
5.0
 40
5.0
 40
5.0
 40
5.0
 10
185.7229655555555
 20
213.7566280555556
 30
0.0
 10
183.6892016666667
 20
215.4630141666667
 30
0.0
 10
183.9590766666666
 20
217.6424752777777
 30
0.0
 10
185.4739044444444
 20
218.8616752777778
 30
0.0
 10
187.3411572222222
 20
220.3641558333333
 30
0.0
 10
186.3166905555555
 20
220.8252363888889
 30
0.0
 10
183.6228794444444
 20
220.0300752777778
 30
0.0
 10
180.9290683333333
 20
219.2349141666666
 30
0.0
 10
179.5063155555555
 20
219.5464169444444
 30
0.0
 10
179.5063155555555
 20
216.6204780555556
 30
0.0
 10
179.5063155555555
 20
213.6320975
 30
0.0
 10
180.7893683333333
 20
213.5075669444444
 30
0.0
 10
183.0069294444444
 20
212.8849141666666
 30
0.0
 10
185.2244905555555
 20
212.2626141666667
 30
0.0
 10
187.6523072222222
 20
212.1380836111111
 30
0.0
 10
185.7229655555555
 20
213.7566280555556
 30
0.0
  0
SPLINE
  5
2D7
330
1F
100
AcDbEntity
  8
DEFAULT
 62
     5
100
AcDbSpline
210
0.0
220
0.0
230
1.0
 70
    11
 71
     3
 72
    14
 73
    10
 74
     0
 42
0.000000001
 43
0.0000000001
 40
0.0
 40
0.0
 40
0.0
 40
0.0
 40
1.0
 40
1.0
 40
1.0
 40
2.0
 40
2.0
 40
2.0
 40
3.0
 40
3.0
 40
3.0
 40
3.0
 10
181.92496
 20
200.9321327777778
 30
0.0
 10
180.1307322222222
 20
202.8350161111111
 30
0.0
 10
178.0652183333333
 20
204.8543161111111
 30
0.0
 10
180.804185
 20
205.3520855555556
 30
0.0
 10
183.5435044444444
 20
205.8502077777778
 30
0.0
 10
188.7730822222222
 20
206.5095494444444
 30
0.0
 10
185.9092322222222
 20
204.6673438888889
 30
0.0
 10
182.4597711111111
 20
202.4487244444444
 30
0.0
 10
184.1414627777778
 20
198.5812216666667
 30
0.0
 10
181.92496
 20
200.9321327777778
 30
0.0
  0
SPLINE
  5
2D8
330
1F
100
AcDbEntity
  8
DEFAULT
 62
     5
100
AcDbSpline
210
0.0
220
0.0
230
1.0
 70
    11
 71
     3
 72
    20
 73
    16
 74
     0
 42
0.000000001
 43
0.0000000001
 40
0.0
 40
0.0
 40
0.0
 40
0.0
 40
1.0
 40
1.0
 40
1.0
 40
2.0
 40
2.0
 40
2.0
 40
3.0
 40
3.0
 40
3.0
 40
4.0
 40
4.0
 40
4.0
 40
5.0
 40
5.0
 40
5.0
 40
5.0
 10
184.5834580555556
 20
239.4818538888888
 30
0.0
 10
187.4832913888889
 20
236.3181427777778
 30
0.0
 10
178.1897136111111
 20
238.5963816666666
 30
0.0
 10
181.4296247222222
 20
233.7403955555555
 30
0.0
 10
184.7397386111111
 20
228.7796344444444
 30
0.0
 10
188.3165525
 20
226.9339011111111
 30
0.0
 10
182.0420469444445
 20
228.3450122222222
 30
0.0
 10
178.4931025
 20
229.1433483333333
 30
0.0
 10
179.7472275
 20
227.9375538888888
 30
0.0
 10
177.4425302777778
 20
232.7445038888889
 30
0.0
 10
174.2788191666667
 20
239.3432122222222
 30
0.0
 10
171.7772719444444
 20
239.9037761111111
 30
0.0
 10
176.5711691666667
 20
239.2190344444444
 30
0.0
 10
180.4954691666667
 20
238.6581177777777
 30
0.0
 10
180.5014663888889
 20
243.9356733333333
 30
0.0
 10
184.5834580555556
 20
239.4818538888888
 30
0.0
  0
POLYLINE
  5
2D9
330
1F
100
AcDbEntity
  8
DEFAULT
 62
   250
100
AcDb2dPolyline
 66
     1
 10
0.0
 20
0.0
 30
0.0
  0
VERTEX
  5
2DA
330
2D9
100
AcDbEntity
  8
DEFAULT
 62
   250
100
AcDbVertex
100
AcDb2dVertex
 10
185.5869697222222
 20
223.4357213888889
 30
0.0
  0
VERTEX
  5
2DB
330
2D9
100
AcDbEntity
  8
DEFAULT
 62
   250
100
AcDbVertex
100
AcDb2dVertex
 10
185.5869697222222
 20
224.5420324999999
 30
0.0
  0
VERTEX
  5
2DC
330
2D9
100
AcDbEntity
  8
DEFAULT
 62
   250
100
AcDbVertex
100
AcDb2dVertex
 10
186.9776197222222
 20
223.4357213888889
 30
0.0
  0
VERTEX
  5
2DD
330
2D9
100
AcDbEntity
  8
DEFAULT
 62
   250
100
AcDbVertex
100
AcDb2dVertex
 10
186.9776197222222
 20
224.5540269444444
 30
0.0
  0
SEQEND
  5
2DE
330
2D9
100
AcDbEntity
  8
DEFAULT
 62
   250
  0
POLYLINE
  5
2DF
330
1F
100
AcDbEntity
  8
DEFAULT
 62
   250
100
AcDb2dPolyline
 66
     1
 10
0.0
 20
0.0
 30
0.0
  0
VERTEX
  5
2E0
330
2DF
100
AcDbEntity
  8
DEFAULT
 62
   250
100
AcDbVertex
100
AcDb2dVertex
 10
185.5888041666666
 20
208.4372683333333
 30
0.0
  0
VERTEX
  5
2E1
330
2DF
100
AcDbEntity
  8
DEFAULT
 62
   250
100
AcDbVertex
100
AcDb2dVertex
 10
185.5888041666666
 20
209.5435794444444
 30
0.0
  0
VERTEX
  5
2E2
330
2DF
100
AcDbEntity
  8
DEFAULT
 62
   250
100
AcDbVertex
100
AcDb2dVertex
 10
186.9794541666666
 20
208.4372683333333
 30
0.0
  0
VERTEX
  5
2E3
330
2DF
100
AcDbEntity
  8
DEFAULT
 62
   250
100
AcDbVertex
100
AcDb2dVertex
 10
186.9794541666666
 20
209.5555738888889
 30
0.0
  0
SEQEND
  5
2E4
330
2DF
100
AcDbEntity
  8
DEFAULT
 62
   250
  0
SPLINE
  5
2E5
330
1F
100
AcDbEntity
  8
DEFAULT
 62
     1
100
AcDbSpline
210
0.0
220
0.0
230
1.0
 70
     8
 71
     3
 72
    35
 73
    31
 74
     0
 42
0.000000001
 43
0.0000000001
 40
0.0
 40
0.0
 40
0.0
 40
0.0
 40
3.82000000000005
 40
3.82000000000005
 40
3.82000000000005
 40
4.82000000000005
 40
4.82000000000005
 40
4.82000000000005
 40
5.82000000000005
 40
5.82000000000005
 40
5.82000000000005
 40
6.82000000000005
 40
6.82000000000005
 40
6.82000000000005
 40
7.82000000000005
 40
7.82000000000005
 40
7.82000000000005
 40
8.82000000000005
 40
8.82000000000005
 40
8.82000000000005
 40
9.82000000000005
 40
9.82000000000005
 40
9.82000000000005
 40
10.82000000000005
 40
10.82000000000005
 40
10.82000000000005
 40
11.82000000000005
 40
11.82000000000005
 40
11.82000000000005
 40
15.63999999999999
 40
15.63999999999999
 40
15.63999999999999
 40
15.63999999999999
 10
183.5802638888889
 20
223.8440616666666
 30
0.0
 10
183.5802638888889
 20
223.394857962963
 30
0.0
 10
183.5802638888889
 20
222.9456542592592
 30
0.0
 10
183.5802638888889
 20
222.4964505555555
 30
0.0
 10
183.5802638888889
 20
222.4964505555555
 30
0.0
 10
180.9555972222222
 20
222.489395
 30
0.0
 10
180.0771805555555
 20
222.489395
 30
0.0
 10
179.9043194444444
 20
222.489395
 30
0.0
 10
179.2940138888889
 20
222.5881727777778
 30
0.0
 10
178.3274027777778
 20
222.5881727777778
 30
0.0
 10
177.3607916666666
 20
222.5881727777778
 30
0.0
 10
176.577625
 20
222.5423116666666
 30
0.0
 10
176.577625
 20
222.489395
 30
0.0
 10
176.5811527777778
 20
220.4362283333333
 30
0.0
 10
177.2584861111111
 20
218.5030061111111
 30
0.0
 10
177.085625
 20
215.9418394444444
 30
0.0
 10
176.9727361111111
 20
214.2696727777778
 30
0.0
 10
176.6305416666667
 20
213.3736172222222
 30
0.0
 10
176.5740972222222
 20
210.487895
 30
0.0
 10
176.5882083333333
 20
210.4349783333333
 30
0.0
 10
177.3643194444444
 20
210.392645
 30
0.0
 10
178.323875
 20
210.392645
 30
0.0
 10
179.2940138888889
 20
210.392645
 30
0.0
 10
179.9007916666666
 20
210.4914227777778
 30
0.0
 10
180.0736527777778
 20
210.4914227777778
 30
0.0
 10
180.9485416666666
 20
210.4949505555555
 30
0.0
 10
183.5732083333333
 20
210.4949505555555
 30
0.0
 10
183.5732083333333
 20
210.4949505555555
 30
0.0
 10
183.5732083333333
 20
210.0457468518518
 30
0.0
 10
183.5732083333333
 20
209.5965431481482
 30
0.0
 10
183.5732083333333
 20
209.1473394444444
 30
0.0
  0
SPLINE
  5
2E6
330
1F
100
AcDbEntity
  8
DEFAULT
 62
     1
100
AcDbSpline
210
0.0
220
0.0
230
1.0
 70
     8
 71
     3
 72
    59
 73
    55
 74
     0
 42
0.000000001
 43
0.0000000001
 40
0.0
 40
0.0
 40
0.0
 40
0.0
 40
3.830000000000041
 40
3.830000000000041
 40
3.830000000000041
 40
4.830000000000041
 40
4.830000000000041
 40
4.830000000000041
 40
5.830000000000041
 40
5.830000000000041
 40
5.830000000000041
 40
6.830000000000041
 40
6.830000000000041
 40
6.830000000000041
 40
7.830000000000041
 40
7.830000000000041
 40
7.830000000000041
 40
8.830000000000041
 40
8.830000000000041
 40
8.830000000000041
 40
9.830000000000041
 40
9.830000000000041
 40
9.830000000000041
 40
10.83000000000004
 40
10.83000000000004
 40
10.83000000000004
 40
11.83000000000004
 40
11.83000000000004
 40
11.83000000000004
 40
12.83000000000004
 40
12.83000000000004
 40
12.83000000000004
 40
13.83000000000004
 40
13.83000000000004
 40
13.83000000000004
 40
14.83000000000004
 40
14.83000000000004
 40
14.83000000000004
 40
15.83000000000004
 40
15.83000000000004
 40
15.83000000000004
 40
16.83000000000004
 40
16.83000000000004
 40
16.83000000000004
 40
17.83000000000004
 40
17.83000000000004
 40
17.83000000000004
 40
18.83000000000004
 40
18.83000000000004
 40
18.83000000000004
 40
19.83000000000004
 40
19.83000000000004
 40
19.83000000000004
 40
23.65999999999997
 40
23.65999999999997
 40
23.65999999999997
 40
23.65999999999997
 10
183.5767361111111
 20
208.8474430555555
 30
0.0
 10
183.5767361111111
 20
208.3970634259259
 30
0.0
 10
183.5767361111111
 20
207.9466837962963
 30
0.0
 10
183.5767361111111
 20
207.4963041666666
 30
0.0
 10
183.5767361111111
 20
207.4963041666666
 30
0.0
 10
180.9520694444444
 20
207.4927763888889
 30
0.0
 10
180.0771805555555
 20
207.4927763888889
 30
0.0
 10
179.9007916666666
 20
207.4927763888889
 30
0.0
 10
179.2940138888889
 20
207.5915541666667
 30
0.0
 10
178.3274027777778
 20
207.5915541666667
 30
0.0
 10
177.3607916666666
 20
207.5880263888889
 30
0.0
 10
176.577625
 20
207.5456930555555
 30
0.0
 10
176.577625
 20
207.4892486111111
 30
0.0
 10
176.577625
 20
205.4889986111111
 30
0.0
 10
175.2582361111111
 20
203.6580819444444
 30
0.0
 10
180.8250694444444
 20
199.0719708333333
 30
0.0
 10
186.3919027777778
 20
194.4823319444444
 30
0.0
 10
184.8361527777778
 20
200.7335541666667
 30
0.0
 10
189.7997361111111
 20
205.0903597222222
 30
0.0
 10
193.8531527777778
 20
208.6463597222222
 30
0.0
 10
194.2200416666666
 20
208.1559986111111
 30
0.0
 10
191.0838472222222
 20
211.0664152777778
 30
0.0
 10
186.0567638888889
 20
215.7301375
 30
0.0
 10
186.5965138888889
 20
217.6739430555555
 30
0.0
 10
190.9215694444445
 20
221.6638597222222
 30
0.0
 10
193.6026805555555
 20
224.1368319444445
 30
0.0
 10
193.1652361111111
 20
223.9957208333333
 30
0.0
 10
190.7875138888889
 20
226.6521375
 30
0.0
 10
188.4274305555555
 20
229.2873875
 30
0.0
 10
183.5202916666667
 20
232.6034986111111
 30
0.0
 10
185.4394027777778
 20
235.1540819444444
 30
0.0
 10
187.6372083333333
 20
238.0680263888889
 30
0.0
 10
193.3557361111111
 20
234.6249152777778
 30
0.0
 10
184.4551527777778
 20
242.9857486111111
 30
0.0
 10
181.0649583333333
 20
246.1678041666666
 30
0.0
 10
177.022125
 20
241.4123597222222
 30
0.0
 10
172.958125
 20
241.9097763888889
 30
0.0
 10
166.7492361111111
 20
242.6717763888889
 30
0.0
 10
170.7779583333333
 20
239.4861930555556
 30
0.0
 10
173.5578472222222
 20
234.1557208333333
 30
0.0
 10
174.926625
 20
231.5275263888889
 30
0.0
 10
176.5740972222222
 20
228.0703041666667
 30
0.0
 10
176.577625
 20
225.4879708333333
 30
0.0
 10
176.5882083333333
 20
225.4279986111111
 30
0.0
 10
177.3643194444444
 20
225.3856652777778
 30
0.0
 10
178.3274027777778
 20
225.3891930555556
 30
0.0
 10
179.2904861111111
 20
225.3891930555556
 30
0.0
 10
179.9007916666666
 20
225.4914986111111
 30
0.0
 10
180.0736527777778
 20
225.4879708333333
 30
0.0
 10
180.9485416666666
 20
225.4879708333333
 30
0.0
 10
183.5767361111111
 20
225.4950263888888
 30
0.0
 10
183.5767361111111
 20
225.4950263888888
 30
0.0
 10
183.5767361111111
 20
225.0446467592592
 30
0.0
 10
183.5767361111111
 20
224.5942671296296
 30
0.0
 10
183.5767361111111
 20
224.1438875
 30
0.0
  0
SPLINE
  5
2E7
330
1F
100
AcDbEntity
  8
DEFAULT
 62
     3
100
AcDbSpline
210
0.0
220
0.0
230
1.0
 70
    11
 71
     3
 72
    14
 73
    10
 74
     0
 42
0.000000001
 43
0.0000000001
 40
0.0
 40
0.0
 40
0.0
 40
0.0
 40
1.0
 40
1.0
 40
1.0
 40
2.0
 40
2.0
 40
2.0
 40
3.0
 40
3.0
 40
3.0
 40
3.0
 10
283.5686691666666
 20
251.491115
 30
0.0
 10
283.5086969444444
 20
252.6330566666666
 30
0.0
 10
283.8547719444444
 20
252.95479
 30
0.0
 10
284.6425247222222
 20
253.4832511111111
 30
0.0
 10
285.9365136111111
 20
254.3514372222222
 30
0.0
 10
283.1174663888888
 20
253.8395566666667
 30
0.0
 10
282.1833108333333
 20
253.2811094444444
 30
0.0
 10
281.3962636111111
 20
252.8101511111111
 30
0.0
 10
283.6212330555555
 20
250.4931066666666
 30
0.0
 10
283.5686691666666
 20
251.491115
 30
0.0
  0
SPLINE
  5
2E8
330
1F
100
AcDbEntity
  8
DEFAULT
 62
     3
100
AcDbSpline
210
0.0
220
0.0
230
1.0
 70
    11
 71
     3
 72
    14
 73
    10
 74
     0
 42
0.000000001
 43
0.0000000001
 40
0.0
 40
0.0
 40
0.0
 40
0.0
 40
1.0
 40
1.0
 40
1.0
 40
2.0
 40
2.0
 40
2.0
 40
3.0
 40
3.0
 40
3.0
 40
3.0
 10
283.7283011111111
 20
264.4401761111111
 30
0.0
 10
283.1095288888889
 20
265.4018483333333
 30
0.0
 10
283.1797316666667
 20
266.0276761111111
 30
0.0
 10
283.7283011111111
 20
266.8013177777777
 30
0.0
 10
284.3135594444444
 20
267.626465
 30
0.0
 10
281.7322844444444
 20
266.9925233333333
 30
0.0
 10
281.7322844444444
 20
265.6205705555556
 30
0.0
 10
281.7322844444444
 20
264.1300844444444
 30
0.0
 10
284.2691094444444
 20
263.5998594444445
 30
0.0
 10
283.7283011111111
 20
264.4401761111111
 30
0.0
  0
SPLINE
  5
2E9
330
1F
100
AcDbEntity
  8
DEFAULT
 62
     3
100
AcDbSpline
210
0.0
220
0.0
230
1.0
 70
    11
 71
     3
 72
    26
 73
    22
 74
     0
 42
0.000000001
 43
0.0000000001
 40
0.0
 40
0.0
 40
0.0
 40
0.0
 40
1.0
 40
1.0
 40
1.0
 40
2.0
 40
2.0
 40
2.0
 40
3.0
 40
3.0
 40
3.0
 40
4.0
 40
4.0
 40
4.0
 40
5.0
 40
5.0
 40
5.0
 40
6.0
 40
6.0
 40
6.0
 40
7.0
 40
7.0
 40
7.0
 40
7.0
 10
281.6727355555556
 20
281.4980047222222
 30
0.0
 10
283.269055
 20
279.3665213888888
 30
0.0
 10
283.3508994444444
 20
279.3813380555555
 30
0.0
 10
282.354655
 20
279.5679575
 30
0.0
 10
281.3587633333333
 20
279.7549297222222
 30
0.0
 10
280.7569244444445
 20
280.3151408333333
 30
0.0
 10
279.4079022222222
 20
283.1165491666666
 30
0.0
 10
278.0592327777778
 20
285.9179574999999
 30
0.0
 10
276.5027772222222
 20
286.9762908333333
 30
0.0
 10
278.3082938888888
 20
286.6651408333333
 30
0.0
 10
280.1134577777778
 20
286.3539908333333
 30
0.0
 10
280.7361105555556
 20
287.2877936111111
 30
0.0
 10
281.4208522222222
 20
287.9725352777778
 30
0.0
 10
282.1055938888888
 20
288.6572769444444
 30
0.0
 10
282.1680355555555
 20
288.7818075
 30
0.0
 10
283.4129883333333
 20
288.1591547222222
 30
0.0
 10
284.6582938888889
 20
287.5368547222222
 30
0.0
 10
280.92273
 20
287.0387325
 30
0.0
 10
280.5491383333334
 20
285.4822769444444
 30
0.0
 10
280.1758994444444
 20
283.9258213888888
 30
0.0
 10
280.5025716666667
 20
283.0608102777777
 30
0.0
 10
281.6727355555556
 20
281.4980047222222
 30
0.0
  0
SPLINE
  5
2EA
330
1F
100
AcDbEntity
  8
DEFAULT
 62
     5
100
AcDbSpline
210
0.0
220
0.0
230
1.0
 70
    11
 71
     3
 72
    20
 73
    16
 74
     0
 42
0.000000001
 43
0.0000000001
 40
0.0
 40
0.0
 40
0.0
 40
0.0
 40
1.0
 40
1.0
 40
1.0
 40
2.0
 40
2.0
 40
2.0
 40
3.0
 40
3.0
 40
3.0
 40
4.0
 40
4.0
 40
4.0
 40
5.0
 40
5.0
 40
5.0
 40
5.0
 10
286.6507475
 20
262.8837911111111
 30
0.0
 10
284.6169836111111
 20
264.5901772222222
 30
0.0
 10
284.8868586111111
 20
266.7696383333333
 30
0.0
 10
286.4016863888889
 20
267.9888383333333
 30
0.0
 10
288.2689391666667
 20
269.4913188888889
 30
0.0
 10
287.2444725
 20
269.9523994444444
 30
0.0
 10
284.5506613888889
 20
269.1572383333333
 30
0.0
 10
281.8568502777778
 20
268.3620772222222
 30
0.0
 10
280.4340975
 20
268.67358
 30
0.0
 10
280.4340975
 20
265.7476411111111
 30
0.0
 10
280.4340975
 20
262.7592605555556
 30
0.0
 10
281.7171502777778
 20
262.63473
 30
0.0
 10
283.9347113888889
 20
262.0120772222222
 30
0.0
 10
286.1522725
 20
261.3897772222222
 30
0.0
 10
288.5800891666667
 20
261.2652466666667
 30
0.0
 10
286.6507475
 20
262.8837911111111
 30
0.0
  0
SPLINE
  5
2EB
330
1F
100
AcDbEntity
  8
DEFAULT
 62
     5
100
AcDbSpline
210
0.0
220
0.0
230
1.0
 70
    11
 71
     3
 72
    14
 73
    10
 74
     0
 42
0.000000001
 43
0.0000000001
 40
0.0
 40
0.0
 40
0.0
 40
0.0
 40
1.0
 40
1.0
 40
1.0
 40
2.0
 40
2.0
 40
2.0
 40
3.0
 40
3.0
 40
3.0
 40
3.0
 10
282.8527419444444
 20
250.0592958333333
 30
0.0
 10
281.0585141666666
 20
251.9621791666667
 30
0.0
 10
278.9930002777778
 20
253.9814791666667
 30
0.0
 10
281.7319669444444
 20
254.4792486111111
 30
0.0
 10
284.4712863888888
 20
254.9773708333333
 30
0.0
 10
289.7008641666666
 20
255.6367125
 30
0.0
 10
286.8370141666666
 20
253.7945069444444
 30
0.0
 10
283.3875530555555
 20
251.5758875
 30
0.0
 10
285.0692447222222
 20
247.7083847222222
 30
0.0
 10
282.8527419444444
 20
250.0592958333333
 30
0.0
  0
SPLINE
  5
2EC
330
1F
100
AcDbEntity
  8
DEFAULT
 62
     5
100
AcDbSpline
210
0.0
220
0.0
230
1.0
 70
    11
 71
     3
 72
    20
 73
    16
 74
     0
 42
0.000000001
 43
0.0000000001
 40
0.0
 40
0.0
 40
0.0
 40
0.0
 40
1.0
 40
1.0
 40
1.0
 40
2.0
 40
2.0
 40
2.0
 40
3.0
 40
3.0
 40
3.0
 40
4.0
 40
4.0
 40
4.0
 40
5.0
 40
5.0
 40
5.0
 40
5.0
 10
285.51124
 20
288.6089816666666
 30
0.0
 10
288.4110733333333
 20
285.4452705555556
 30
0.0
 10
279.1174955555555
 20
287.7235094444444
 30
0.0
 10
282.3574066666666
 20
282.8675233333333
 30
0.0
 10
285.6675205555555
 20
277.9067622222222
 30
0.0
 10
289.2443344444444
 20
276.0610288888889
 30
0.0
 10
282.9698288888889
 20
277.47214
 30
0.0
 10
279.4208844444444
 20
278.2704761111111
 30
0.0
 10
280.6750094444445
 20
277.0646816666666
 30
0.0
 10
278.3703122222223
 20
281.8716316666666
 30
0.0
 10
275.2066011111111
 20
288.4706927777777
 30
0.0
 10
272.7050538888889
 20
289.0309038888889
 30
0.0
 10
277.4989511111111
 20
288.3461622222222
 30
0.0
 10
281.4232511111111
 20
287.7852455555555
 30
0.0
 10
281.4292483333333
 20
293.0628011111111
 30
0.0
 10
285.51124
 20
288.6089816666666
 30
0.0
  0
POLYLINE
  5
2ED
330
1F
100
AcDbEntity
  8
DEFAULT
 62
   250
100
AcDb2dPolyline
 66
     1
 10
0.0
 20
0.0
 30
0.0
  0
VERTEX
  5
2EE
330
2ED
100
AcDbEntity
  8
DEFAULT
 62
   250
100
AcDbVertex
100
AcDb2dVertex
 10
286.5147516666667
 20
272.5628491666666
 30
0.0
  0
VERTEX
  5
2EF
330
2ED
100
AcDbEntity
  8
DEFAULT
 62
   250
100
AcDbVertex
100
AcDb2dVertex
 10
286.5147516666667
 20
273.6691602777777
 30
0.0
  0
VERTEX
  5
2F0
330
2ED
100
AcDbEntity
  8
DEFAULT
 62
   250
100
AcDbVertex
100
AcDb2dVertex
 10
287.9054016666666
 20
272.5628491666666
 30
0.0
  0
VERTEX
  5
2F1
330
2ED
100
AcDbEntity
  8
DEFAULT
 62
   250
100
AcDbVertex
100
AcDb2dVertex
 10
287.9054016666666
 20
273.6811547222222
 30
0.0
  0
SEQEND
  5
2F2
330
2ED
100
AcDbEntity
  8
DEFAULT
 62
   250
  0
POLYLINE
  5
2F3
330
1F
100
AcDbEntity
  8
DEFAULT
 62
   250
100
AcDb2dPolyline
 66
     1
 10
0.0
 20
0.0
 30
0.0
  0
VERTEX
  5
2F4
330
2F3
100
AcDbEntity
  8
DEFAULT
 62
   250
100
AcDbVertex
100
AcDb2dVertex
 10
286.5165861111111
 20
257.5644313888889
 30
0.0
  0
VERTEX
  5
2F5
330
2F3
100
AcDbEntity
  8
DEFAULT
 62
   250
100
AcDbVertex
100
AcDb2dVertex
 10
286.5165861111111
 20
258.6707425
 30
0.0
  0
VERTEX
  5
2F6
330
2F3
100
AcDbEntity
  8
DEFAULT
 62
   250
100
AcDbVertex
100
AcDb2dVertex
 10
287.9072361111111
 20
257.5644313888889
 30
0.0
  0
VERTEX
  5
2F7
330
2F3
100
AcDbEntity
  8
DEFAULT
 62
   250
100
AcDbVertex
100
AcDb2dVertex
 10
287.9072361111111
 20
258.6827369444444
 30
0.0
  0
SEQEND
  5
2F8
330
2F3
100
AcDbEntity
  8
DEFAULT
 62
   250
  0
SPLINE
  5
2F9
330
1F
100
AcDbEntity
  8
DEFAULT
 62
     1
100
AcDbSpline
210
0.0
220
0.0
230
1.0
 70
     8
 71
     3
 72
    35
 73
    31
 74
     0
 42
0.000000001
 43
0.0000000001
 40
0.0
 40
0.0
 40
0.0
 40
0.0
 40
3.82000000000005
 40
3.82000000000005
 40
3.82000000000005
 40
4.82000000000005
 40
4.82000000000005
 40
4.82000000000005
 40
5.82000000000005
 40
5.82000000000005
 40
5.82000000000005
 40
6.82000000000005
 40
6.82000000000005
 40
6.82000000000005
 40
7.82000000000005
 40
7.82000000000005
 40
7.82000000000005
 40
8.82000000000005
 40
8.82000000000005
 40
8.82000000000005
 40
9.82000000000005
 40
9.82000000000005
 40
9.82000000000005
 40
10.82000000000005
 40
10.82000000000005
 40
10.82000000000005
 40
11.82000000000005
 40
11.82000000000005
 40
11.82000000000005
 40
15.63999999999999
 40
15.63999999999999
 40
15.63999999999999
 40
15.63999999999999
 10
284.5080458333333
 20
272.9711894444444
 30
0.0
 10
284.5080458333333
 20
272.5219857407407
 30
0.0
 10
284.5080458333333
 20
272.072782037037
 30
0.0
 10
284.5080458333333
 20
271.6235783333333
 30
0.0
 10
284.5080458333333
 20
271.6235783333333
 30
0.0
 10
281.8833791666667
 20
271.6165227777777
 30
0.0
 10
281.0049625
 20
271.6165227777777
 30
0.0
 10
280.8321013888889
 20
271.6165227777777
 30
0.0
 10
280.2217958333333
 20
271.7153005555556
 30
0.0
 10
279.2551847222222
 20
271.7153005555556
 30
0.0
 10
278.2885736111111
 20
271.7153005555556
 30
0.0
 10
277.5054069444444
 20
271.6694394444444
 30
0.0
 10
277.5054069444444
 20
271.6165227777777
 30
0.0
 10
277.5089347222222
 20
269.5633561111111
 30
0.0
 10
278.1862680555556
 20
267.6301338888889
 30
0.0
 10
278.0134069444445
 20
265.0689672222222
 30
0.0
 10
277.9005180555556
 20
263.3968005555556
 30
0.0
 10
277.5583236111111
 20
262.500745
 30
0.0
 10
277.5018791666666
 20
259.6150227777778
 30
0.0
 10
277.5159902777777
 20
259.5621061111111
 30
0.0
 10
278.2921013888889
 20
259.5197727777777
 30
0.0
 10
279.2516569444444
 20
259.5197727777777
 30
0.0
 10
280.2217958333333
 20
259.5197727777777
 30
0.0
 10
280.8285736111111
 20
259.6185505555555
 30
0.0
 10
281.0014347222222
 20
259.6185505555555
 30
0.0
 10
281.8763236111111
 20
259.6220783333333
 30
0.0
 10
284.5009902777778
 20
259.6220783333333
 30
0.0
 10
284.5009902777778
 20
259.6220783333333
 30
0.0
 10
284.5009902777778
 20
259.1728746296296
 30
0.0
 10
284.5009902777778
 20
258.7236709259259
 30
0.0
 10
284.5009902777778
 20
258.2744672222222
 30
0.0
  0
SPLINE
  5
2FA
330
1F
100
AcDbEntity
  8
DEFAULT
 62
     1
100
AcDbSpline
210
0.0
220
0.0
230
1.0
 70
     8
 71
     3
 72
    59
 73
    55
 74
     0
 42
0.000000001
 43
0.0000000001
 40
0.0
 40
0.0
 40
0.0
 40
0.0
 40
3.830000000000041
 40
3.830000000000041
 40
3.830000000000041
 40
4.830000000000041
 40
4.830000000000041
 40
4.830000000000041
 40
5.830000000000041
 40
5.830000000000041
 40
5.830000000000041
 40
6.830000000000041
 40
6.830000000000041
 40
6.830000000000041
 40
7.830000000000041
 40
7.830000000000041
 40
7.830000000000041
 40
8.830000000000041
 40
8.830000000000041
 40
8.830000000000041
 40
9.830000000000041
 40
9.830000000000041
 40
9.830000000000041
 40
10.83000000000004
 40
10.83000000000004
 40
10.83000000000004
 40
11.83000000000004
 40
11.83000000000004
 40
11.83000000000004
 40
12.83000000000004
 40
12.83000000000004
 40
12.83000000000004
 40
13.83000000000004
 40
13.83000000000004
 40
13.83000000000004
 40
14.83000000000004
 40
14.83000000000004
 40
14.83000000000004
 40
15.83000000000004
 40
15.83000000000004
 40
15.83000000000004
 40
16.83000000000004
 40
16.83000000000004
 40
16.83000000000004
 40
17.83000000000004
 40
17.83000000000004
 40
17.83000000000004
 40
18.83000000000004
 40
18.83000000000004
 40
18.83000000000004
 40
19.83000000000004
 40
19.83000000000004
 40
19.83000000000004
 40
23.66000000000008
 40
23.66000000000008
 40
23.66000000000008
 40
23.66000000000008
 10
284.5045180555555
 20
257.9745708333333
 30
0.0
 10
284.5045180555555
 20
257.5241912037037
 30
0.0
 10
284.5045180555555
 20
257.0738115740741
 30
0.0
 10
284.5045180555555
 20
256.6234319444444
 30
0.0
 10
284.5045180555555
 20
256.6234319444444
 30
0.0
 10
281.8798513888889
 20
256.6199041666666
 30
0.0
 10
281.0049625
 20
256.6199041666666
 30
0.0
 10
280.8285736111111
 20
256.6199041666666
 30
0.0
 10
280.2217958333333
 20
256.7186819444444
 30
0.0
 10
279.2551847222222
 20
256.7186819444444
 30
0.0
 10
278.2885736111111
 20
256.7151541666666
 30
0.0
 10
277.5054069444444
 20
256.6728208333333
 30
0.0
 10
277.5054069444444
 20
256.6163763888889
 30
0.0
 10
277.5054069444444
 20
254.6161263888889
 30
0.0
 10
276.1860180555555
 20
252.7852097222222
 30
0.0
 10
281.7528513888889
 20
248.1990986111111
 30
0.0
 10
287.3196847222222
 20
243.6094597222222
 30
0.0
 10
285.7639347222222
 20
249.8606819444444
 30
0.0
 10
290.7275180555555
 20
254.2174875
 30
0.0
 10
294.7809347222222
 20
257.7734874999999
 30
0.0
 10
295.1478236111111
 20
257.2831263888888
 30
0.0
 10
292.0116291666666
 20
260.1935430555555
 30
0.0
 10
286.9845458333333
 20
264.8572652777777
 30
0.0
 10
287.5242958333333
 20
266.8010708333333
 30
0.0
 10
291.8493513888889
 20
270.7909875
 30
0.0
 10
294.5304625
 20
273.2639597222222
 30
0.0
 10
294.0930180555555
 20
273.1228486111111
 30
0.0
 10
291.7152958333334
 20
275.7792652777778
 30
0.0
 10
289.3552125
 20
278.4145152777778
 30
0.0
 10
284.4480736111111
 20
281.7306263888889
 30
0.0
 10
286.3671847222222
 20
284.2812097222222
 30
0.0
 10
288.5649902777778
 20
287.1951541666666
 30
0.0
 10
294.2835180555555
 20
283.7520430555555
 30
0.0
 10
285.3829347222222
 20
292.1128763888888
 30
0.0
 10
281.9927402777778
 20
295.2949319444444
 30
0.0
 10
277.9499069444444
 20
290.5394875
 30
0.0
 10
273.8859069444444
 20
291.0369041666667
 30
0.0
 10
267.6770180555555
 20
291.7989041666666
 30
0.0
 10
271.7057402777777
 20
288.6133208333333
 30
0.0
 10
274.4856291666667
 20
283.2828486111111
 30
0.0
 10
275.8544069444445
 20
280.6546541666666
 30
0.0
 10
277.5018791666666
 20
277.1974319444444
 30
0.0
 10
277.5054069444444
 20
274.6150986111111
 30
0.0
 10
277.5159902777778
 20
274.5551263888888
 30
0.0
 10
278.2921013888889
 20
274.5127930555555
 30
0.0
 10
279.2551847222222
 20
274.5163208333333
 30
0.0
 10
280.2182680555555
 20
274.5163208333333
 30
0.0
 10
280.8285736111111
 20
274.6186263888889
 30
0.0
 10
281.0014347222222
 20
274.6150986111111
 30
0.0
 10
281.8763236111111
 20
274.6150986111111
 30
0.0
 10
284.5045180555555
 20
274.6221541666666
 30
0.0
 10
284.5045180555555
 20
274.6221541666666
 30
0.0
 10
284.5045180555555
 20
274.171774537037
 30
0.0
 10
284.5045180555555
 20
273.7213949074074
 30
0.0
 10
284.5045180555555
 20
273.2710152777777
 30
0.0
  0
SPLINE
  5
2FB
330
1F
100
AcDbEntity
  8
DEFAULT
 62
     3
100
AcDbSpline
210
0.0
220
0.0
230
1.0
 70
    11
 71
     3
 72
    14
 73
    10
 74
     0
 42
0.000000001
 43
0.0000000001
 40
0.0
 40
0.0
 40
0.0
 40
0.0
 40
1.0
 40
1.0
 40
1.0
 40
2.0
 40
2.0
 40
2.0
 40
3.0
 40
3.0
 40
3.0
 40
3.0
 10
263.3831127777777
 20
251.491115
 30
0.0
 10
263.3231405555555
 20
252.6330566666666
 30
0.0
 10
263.6692155555555
 20
252.95479
 30
0.0
 10
264.4569683333333
 20
253.4832511111111
 30
0.0
 10
265.7509572222222
 20
254.3514372222222
 30
0.0
 10
262.93191
 20
253.8395566666667
 30
0.0
 10
261.9981072222222
 20
253.2811094444444
 30
0.0
 10
261.2107072222222
 20
252.8101511111111
 30
0.0
 10
263.4356766666667
 20
250.4931066666666
 30
0.0
 10
263.3831127777777
 20
251.491115
 30
0.0
  0
SPLINE
  5
2FC
330
1F
100
AcDbEntity
  8
DEFAULT
 62
     3
100
AcDbSpline
210
0.0
220
0.0
230
1.0
 70
    11
 71
     3
 72
    14
 73
    10
 74
     0
 42
0.000000001
 43
0.0000000001
 40
0.0
 40
0.0
 40
0.0
 40
0.0
 40
1.0
 40
1.0
 40
1.0
 40
2.0
 40
2.0
 40
2.0
 40
3.0
 40
3.0
 40
3.0
 40
3.0
 10
263.5427447222222
 20
264.4401761111111
 30
0.0
 10
262.9239725
 20
265.4018483333333
 30
0.0
 10
262.9941752777777
 20
266.0276761111111
 30
0.0
 10
263.5427447222222
 20
266.8013177777777
 30
0.0
 10
264.1280030555556
 20
267.626465
 30
0.0
 10
261.5467280555555
 20
266.9925233333333
 30
0.0
 10
261.5467280555555
 20
265.6205705555556
 30
0.0
 10
261.5467280555555
 20
264.1300844444444
 30
0.0
 10
264.0835530555555
 20
263.5998594444445
 30
0.0
 10
263.5427447222222
 20
264.4401761111111
 30
0.0
  0
SPLINE
  5
2FD
330
1F
100
AcDbEntity
  8
DEFAULT
 62
     3
100
AcDbSpline
210
0.0
220
0.0
230
1.0
 70
    11
 71
     3
 72
    26
 73
    22
 74
     0
 42
0.000000001
 43
0.0000000001
 40
0.0
 40
0.0
 40
0.0
 40
0.0
 40
1.0
 40
1.0
 40
1.0
 40
2.0
 40
2.0
 40
2.0
 40
3.0
 40
3.0
 40
3.0
 40
4.0
 40
4.0
 40
4.0
 40
5.0
 40
5.0
 40
5.0
 40
6.0
 40
6.0
 40
6.0
 40
7.0
 40
7.0
 40
7.0
 40
7.0
 10
261.4871791666666
 20
281.4980047222222
 30
0.0
 10
263.0834986111111
 20
279.3665213888888
 30
0.0
 10
263.1653430555555
 20
279.3813380555555
 30
0.0
 10
262.1690986111111
 20
279.5679575
 30
0.0
 10
261.1732069444444
 20
279.7549297222222
 30
0.0
 10
260.5713680555555
 20
280.3151408333333
 30
0.0
 10
259.2223458333333
 20
283.1165491666666
 30
0.0
 10
257.8736763888888
 20
285.9179574999999
 30
0.0
 10
256.3172208333333
 20
286.9762908333333
 30
0.0
 10
258.1223847222222
 20
286.6651408333333
 30
0.0
 10
259.9279013888889
 20
286.3539908333333
 30
0.0
 10
260.5505541666666
 20
287.2877936111111
 30
0.0
 10
261.2352958333333
 20
287.9725352777778
 30
0.0
 10
261.9200374999999
 20
288.6572769444444
 30
0.0
 10
261.9824791666666
 20
288.7818075
 30
0.0
 10
263.2274319444444
 20
288.1591547222222
 30
0.0
 10
264.4723847222222
 20
287.5368547222222
 30
0.0
 10
260.7371736111111
 20
287.0387325
 30
0.0
 10
260.3635819444444
 20
285.4822769444444
 30
0.0
 10
259.9903430555555
 20
283.9258213888888
 30
0.0
 10
260.3170152777777
 20
283.0608102777777
 30
0.0
 10
261.4871791666666
 20
281.4980047222222
 30
0.0
  0
SPLINE
  5
2FE
330
1F
100
AcDbEntity
  8
DEFAULT
 62
     5
100
AcDbSpline
210
0.0
220
0.0
230
1.0
 70
    11
 71
     3
 72
    20
 73
    16
 74
     0
 42
0.000000001
 43
0.0000000001
 40
0.0
 40
0.0
 40
0.0
 40
0.0
 40
1.0
 40
1.0
 40
1.0
 40
2.0
 40
2.0
 40
2.0
 40
3.0
 40
3.0
 40
3.0
 40
4.0
 40
4.0
 40
4.0
 40
5.0
 40
5.0
 40
5.0
 40
5.0
 10
266.4651911111111
 20
262.8837911111111
 30
0.0
 10
264.4314272222222
 20
264.5901772222222
 30
0.0
 10
264.7013022222222
 20
266.7696383333333
 30
0.0
 10
266.21613
 20
267.9888383333333
 30
0.0
 10
268.0833827777777
 20
269.4913188888889
 30
0.0
 10
267.058916111111
 20
269.9523994444444
 30
0.0
 10
264.365105
 20
269.1572383333333
 30
0.0
 10
261.6709411111111
 20
268.3620772222222
 30
0.0
 10
260.2485411111111
 20
268.67358
 30
0.0
 10
260.2485411111111
 20
265.7476411111111
 30
0.0
 10
260.2485411111111
 20
262.7592605555556
 30
0.0
 10
261.5315938888888
 20
262.63473
 30
0.0
 10
263.749155
 20
262.0120772222222
 30
0.0
 10
265.9667161111111
 20
261.3897772222222
 30
0.0
 10
268.3945327777778
 20
261.2652466666667
 30
0.0
 10
266.4651911111111
 20
262.8837911111111
 30
0.0
  0
SPLINE
  5
2FF
330
1F
100
AcDbEntity
  8
DEFAULT
 62
     5
100
AcDbSpline
210
0.0
220
0.0
230
1.0
 70
    11
 71
     3
 72
    14
 73
    10
 74
     0
 42
0.000000001
 43
0.0000000001
 40
0.0
 40
0.0
 40
0.0
 40
0.0
 40
1.0
 40
1.0
 40
1.0
 40
2.0
 40
2.0
 40
2.0
 40
3.0
 40
3.0
 40
3.0
 40
3.0
 10
262.6671855555555
 20
250.0592958333333
 30
0.0
 10
260.8729577777777
 20
251.9621791666667
 30
0.0
 10
258.8074438888888
 20
253.9814791666667
 30
0.0
 10
261.5464105555555
 20
254.4792486111111
 30
0.0
 10
264.2857299999999
 20
254.9773708333333
 30
0.0
 10
269.5153077777778
 20
255.6367125
 30
0.0
 10
266.6514577777778
 20
253.7945069444444
 30
0.0
 10
263.2019966666666
 20
251.5758875
 30
0.0
 10
264.8836883333333
 20
247.7083847222222
 30
0.0
 10
262.6671855555555
 20
250.0592958333333
 30
0.0
  0
SPLINE
  5
300
330
1F
100
AcDbEntity
  8
DEFAULT
 62
     5
100
AcDbSpline
210
0.0
220
0.0
230
1.0
 70
    11
 71
     3
 72
    20
 73
    16
 74
     0
 42
0.000000001
 43
0.0000000001
 40
0.0
 40
0.0
 40
0.0
 40
0.0
 40
1.0
 40
1.0
 40
1.0
 40
2.0
 40
2.0
 40
2.0
 40
3.0
 40
3.0
 40
3.0
 40
4.0
 40
4.0
 40
4.0
 40
5.0
 40
5.0
 40
5.0
 40
5.0
 10
265.3256836111111
 20
288.6089816666666
 30
0.0
 10
268.2255169444444
 20
285.4452705555556
 30
0.0
 10
258.9319391666666
 20
287.7235094444444
 30
0.0
 10
262.1718502777777
 20
282.8675233333333
 30
0.0
 10
265.4819641666666
 20
277.9067622222222
 30
0.0
 10
269.0587780555555
 20
276.0610288888889
 30
0.0
 10
262.7842725
 20
277.47214
 30
0.0
 10
259.2353280555555
 20
278.2704761111111
 30
0.0
 10
260.4894530555555
 20
277.0646816666666
 30
0.0
 10
258.1847558333333
 20
281.8716316666666
 30
0.0
 10
255.0210447222222
 20
288.4706927777777
 30
0.0
 10
252.5194974999999
 20
289.0309038888889
 30
0.0
 10
257.3133947222222
 20
288.3461622222222
 30
0.0
 10
261.2376947222222
 20
287.7852455555555
 30
0.0
 10
261.2436919444444
 20
293.0628011111111
 30
0.0
 10
265.3256836111111
 20
288.6089816666666
 30
0.0
  0
POLYLINE
  5
301
330
1F
100
AcDbEntity
  8
DEFAULT
 62
   250
100
AcDb2dPolyline
 66
     1
 10
0.0
 20
0.0
 30
0.0
  0
VERTEX
  5
302
330
301
100
AcDbEntity
  8
DEFAULT
 62
   250
100
AcDbVertex
100
AcDb2dVertex
 10
266.3291952777777
 20
272.5628491666666
 30
0.0
  0
VERTEX
  5
303
330
301
100
AcDbEntity
  8
DEFAULT
 62
   250
100
AcDbVertex
100
AcDb2dVertex
 10
266.3291952777777
 20
273.6691602777777
 30
0.0
  0
VERTEX
  5
304
330
301
100
AcDbEntity
  8
DEFAULT
 62
   250
100
AcDbVertex
100
AcDb2dVertex
 10
267.7198452777777
 20
272.5628491666666
 30
0.0
  0
VERTEX
  5
305
330
301
100
AcDbEntity
  8
DEFAULT
 62
   250
100
AcDbVertex
100
AcDb2dVertex
 10
267.7198452777777
 20
273.6811547222222
 30
0.0
  0
SEQEND
  5
306
330
301
100
AcDbEntity
  8
DEFAULT
 62
   250
  0
POLYLINE
  5
307
330
1F
100
AcDbEntity
  8
DEFAULT
 62
   250
100
AcDb2dPolyline
 66
     1
 10
0.0
 20
0.0
 30
0.0
  0
VERTEX
  5
308
330
307
100
AcDbEntity
  8
DEFAULT
 62
   250
100
AcDbVertex
100
AcDb2dVertex
 10
266.3310297222222
 20
257.5644313888889
 30
0.0
  0
VERTEX
  5
309
330
307
100
AcDbEntity
  8
DEFAULT
 62
   250
100
AcDbVertex
100
AcDb2dVertex
 10
266.3310297222222
 20
258.6707425
 30
0.0
  0
VERTEX
  5
30A
330
307
100
AcDbEntity
  8
DEFAULT
 62
   250
100
AcDbVertex
100
AcDb2dVertex
 10
267.7216797222222
 20
257.5644313888889
 30
0.0
  0
VERTEX
  5
30B
330
307
100
AcDbEntity
  8
DEFAULT
 62
   250
100
AcDbVertex
100
AcDb2dVertex
 10
267.7216797222222
 20
258.6827369444444
 30
0.0
  0
SEQEND
  5
30C
330
307
100
AcDbEntity
  8
DEFAULT
 62
   250
  0
SPLINE
  5
30D
330
1F
100
AcDbEntity
  8
DEFAULT
 62
     1
100
AcDbSpline
210
0.0
220
0.0
230
1.0
 70
     8
 71
     3
 72
    35
 73
    31
 74
     0
 42
0.000000001
 43
0.0000000001
 40
0.0
 40
0.0
 40
0.0
 40
0.0
 40
3.82000000000005
 40
3.82000000000005
 40
3.82000000000005
 40
4.82000000000005
 40
4.82000000000005
 40
4.82000000000005
 40
5.82000000000005
 40
5.82000000000005
 40
5.82000000000005
 40
6.82000000000005
 40
6.82000000000005
 40
6.82000000000005
 40
7.82000000000005
 40
7.82000000000005
 40
7.82000000000005
 40
8.82000000000005
 40
8.82000000000005
 40
8.82000000000005
 40
9.82000000000005
 40
9.82000000000005
 40
9.82000000000005
 40
10.82000000000005
 40
10.82000000000005
 40
10.82000000000005
 40
11.82000000000005
 40
11.82000000000005
 40
11.82000000000005
 40
15.63999999999999
 40
15.63999999999999
 40
15.63999999999999
 40
15.63999999999999
 10
264.3224894444444
 20
272.9711894444444
 30
0.0
 10
264.3224894444444
 20
272.5219857407407
 30
0.0
 10
264.3224894444444
 20
272.072782037037
 30
0.0
 10
264.3224894444444
 20
271.6235783333333
 30
0.0
 10
264.3224894444444
 20
271.6235783333333
 30
0.0
 10
261.6978227777777
 20
271.6165227777777
 30
0.0
 10
260.8194061111111
 20
271.6165227777777
 30
0.0
 10
260.6465449999999
 20
271.6165227777777
 30
0.0
 10
260.0362394444444
 20
271.7153005555556
 30
0.0
 10
259.0696283333333
 20
271.7153005555556
 30
0.0
 10
258.1030172222222
 20
271.7153005555556
 30
0.0
 10
257.3198505555555
 20
271.6694394444444
 30
0.0
 10
257.3198505555555
 20
271.6165227777777
 30
0.0
 10
257.3233783333333
 20
269.5633561111111
 30
0.0
 10
258.0007116666666
 20
267.6301338888889
 30
0.0
 10
257.8278505555555
 20
265.0689672222222
 30
0.0
 10
257.7149616666666
 20
263.3968005555556
 30
0.0
 10
257.3727672222222
 20
262.500745
 30
0.0
 10
257.3163227777777
 20
259.6150227777778
 30
0.0
 10
257.3304338888888
 20
259.5621061111111
 30
0.0
 10
258.106545
 20
259.5197727777777
 30
0.0
 10
259.0661005555555
 20
259.5197727777777
 30
0.0
 10
260.0362394444444
 20
259.5197727777777
 30
0.0
 10
260.6430172222222
 20
259.6185505555555
 30
0.0
 10
260.8158783333333
 20
259.6185505555555
 30
0.0
 10
261.6907672222222
 20
259.6220783333333
 30
0.0
 10
264.3154338888888
 20
259.6220783333333
 30
0.0
 10
264.3154338888888
 20
259.6220783333333
 30
0.0
 10
264.3154338888888
 20
259.1728746296296
 30
0.0
 10
264.3154338888888
 20
258.7236709259259
 30
0.0
 10
264.3154338888888
 20
258.2744672222222
 30
0.0
  0
SPLINE
  5
30E
330
1F
100
AcDbEntity
  8
DEFAULT
 62
     1
100
AcDbSpline
210
0.0
220
0.0
230
1.0
 70
     8
 71
     3
 72
    59
 73
    55
 74
     0
 42
0.000000001
 43
0.0000000001
 40
0.0
 40
0.0
 40
0.0
 40
0.0
 40
3.830000000000041
 40
3.830000000000041
 40
3.830000000000041
 40
4.830000000000041
 40
4.830000000000041
 40
4.830000000000041
 40
5.830000000000041
 40
5.830000000000041
 40
5.830000000000041
 40
6.830000000000041
 40
6.830000000000041
 40
6.830000000000041
 40
7.830000000000041
 40
7.830000000000041
 40
7.830000000000041
 40
8.830000000000041
 40
8.830000000000041
 40
8.830000000000041
 40
9.830000000000041
 40
9.830000000000041
 40
9.830000000000041
 40
10.83000000000004
 40
10.83000000000004
 40
10.83000000000004
 40
11.83000000000004
 40
11.83000000000004
 40
11.83000000000004
 40
12.83000000000004
 40
12.83000000000004
 40
12.83000000000004
 40
13.83000000000004
 40
13.83000000000004
 40
13.83000000000004
 40
14.83000000000004
 40
14.83000000000004
 40
14.83000000000004
 40
15.83000000000004
 40
15.83000000000004
 40
15.83000000000004
 40
16.83000000000004
 40
16.83000000000004
 40
16.83000000000004
 40
17.83000000000004
 40
17.83000000000004
 40
17.83000000000004
 40
18.83000000000004
 40
18.83000000000004
 40
18.83000000000004
 40
19.83000000000004
 40
19.83000000000004
 40
19.83000000000004
 40
23.66000000000008
 40
23.66000000000008
 40
23.66000000000008
 40
23.66000000000008
 10
264.3189616666666
 20
257.9745708333333
 30
0.0
 10
264.3189616666666
 20
257.5241912037037
 30
0.0
 10
264.3189616666666
 20
257.0738115740741
 30
0.0
 10
264.3189616666666
 20
256.6234319444444
 30
0.0
 10
264.3189616666666
 20
256.6234319444444
 30
0.0
 10
261.694295
 20
256.6199041666666
 30
0.0
 10
260.8194061111111
 20
256.6199041666666
 30
0.0
 10
260.6430172222222
 20
256.6199041666666
 30
0.0
 10
260.0362394444444
 20
256.7186819444444
 30
0.0
 10
259.0696283333333
 20
256.7186819444444
 30
0.0
 10
258.1030172222222
 20
256.7151541666666
 30
0.0
 10
257.3198505555555
 20
256.6728208333333
 30
0.0
 10
257.3198505555555
 20
256.6163763888889
 30
0.0
 10
257.3198505555555
 20
254.6161263888889
 30
0.0
 10
256.0004616666666
 20
252.7852097222222
 30
0.0
 10
261.567295
 20
248.1990986111111
 30
0.0
 10
267.1341283333333
 20
243.6094597222222
 30
0.0
 10
265.5783783333333
 20
249.8606819444444
 30
0.0
 10
270.5419616666666
 20
254.2174875
 30
0.0
 10
274.5953783333333
 20
257.7734874999999
 30
0.0
 10
274.9622672222222
 20
257.2831263888888
 30
0.0
 10
271.8260727777777
 20
260.1935430555555
 30
0.0
 10
266.7989894444444
 20
264.8572652777777
 30
0.0
 10
267.3387394444444
 20
266.8010708333333
 30
0.0
 10
271.663795
 20
270.7909875
 30
0.0
 10
274.3449061111111
 20
273.2639597222222
 30
0.0
 10
273.9074616666666
 20
273.1228486111111
 30
0.0
 10
271.5297394444444
 20
275.7792652777778
 30
0.0
 10
269.1696561111111
 20
278.4145152777778
 30
0.0
 10
264.2625172222222
 20
281.7306263888889
 30
0.0
 10
266.1816283333333
 20
284.2812097222222
 30
0.0
 10
268.3794338888889
 20
287.1951541666666
 30
0.0
 10
274.0979616666667
 20
283.7520430555555
 30
0.0
 10
265.1973783333333
 20
292.1128763888888
 30
0.0
 10
261.8071838888889
 20
295.2949319444444
 30
0.0
 10
257.7643505555555
 20
290.5394875
 30
0.0
 10
253.7003505555555
 20
291.0369041666667
 30
0.0
 10
247.4914616666666
 20
291.7989041666666
 30
0.0
 10
251.5201838888889
 20
288.6133208333333
 30
0.0
 10
254.3000727777778
 20
283.2828486111111
 30
0.0
 10
255.6688505555555
 20
280.6546541666666
 30
0.0
 10
257.3163227777777
 20
277.1974319444444
 30
0.0
 10
257.3198505555555
 20
274.6150986111111
 30
0.0
 10
257.3304338888889
 20
274.5551263888888
 30
0.0
 10
258.106545
 20
274.5127930555555
 30
0.0
 10
259.0696283333333
 20
274.5163208333333
 30
0.0
 10
260.0327116666666
 20
274.5163208333333
 30
0.0
 10
260.6430172222222
 20
274.6186263888889
 30
0.0
 10
260.8158783333333
 20
274.6150986111111
 30
0.0
 10
261.6907672222222
 20
274.6150986111111
 30
0.0
 10
264.3189616666666
 20
274.6221541666666
 30
0.0
 10
264.3189616666666
 20
274.6221541666666
 30
0.0
 10
264.3189616666666
 20
274.171774537037
 30
0.0
 10
264.3189616666666
 20
273.7213949074074
 30
0.0
 10
264.3189616666666
 20
273.2710152777777
 30
0.0
  0
SPLINE
  5
30F
330
1F
100
AcDbEntity
  8
DEFAULT
 62
     3
100
AcDbSpline
210
0.0
220
0.0
230
1.0
 70
    11
 71
     3
 72
    14
 73
    10
 74
     0
 42
0.000000001
 43
0.0000000001
 40
0.0
 40
0.0
 40
0.0
 40
0.0
 40
1.0
 40
1.0
 40
1.0
 40
2.0
 40
2.0
 40
2.0
 40
3.0
 40
3.0
 40
3.0
 40
3.0
 10
243.1975563888889
 20
251.491115
 30
0.0
 10
243.1375841666667
 20
252.6330566666666
 30
0.0
 10
243.4836591666667
 20
252.95479
 30
0.0
 10
244.2714119444444
 20
253.4832511111111
 30
0.0
 10
245.5654008333333
 20
254.3514372222222
 30
0.0
 10
242.7463536111111
 20
253.8395566666667
 30
0.0
 10
241.8121980555555
 20
253.2811094444444
 30
0.0
 10
241.0251508333333
 20
252.8101511111111
 30
0.0
 10
243.2501202777778
 20
250.4931066666666
 30
0.0
 10
243.1975563888889
 20
251.491115
 30
0.0
  0
SPLINE
  5
310
330
1F
100
AcDbEntity
  8
DEFAULT
 62
     3
100
AcDbSpline
210
0.0
220
0.0
230
1.0
 70
    11
 71
     3
 72
    14
 73
    10
 74
     0
 42
0.000000001
 43
0.0000000001
 40
0.0
 40
0.0
 40
0.0
 40
0.0
 40
1.0
 40
1.0
 40
1.0
 40
2.0
 40
2.0
 40
2.0
 40
3.0
 40
3.0
 40
3.0
 40
3.0
 10
243.3571883333333
 20
264.4401761111111
 30
0.0
 10
242.7384161111111
 20
265.4018483333333
 30
0.0
 10
242.8086188888889
 20
266.0276761111111
 30
0.0
 10
243.3571883333333
 20
266.8013177777777
 30
0.0
 10
243.9424466666667
 20
267.626465
 30
0.0
 10
241.3611716666666
 20
266.9925233333333
 30
0.0
 10
241.3611716666666
 20
265.6205705555556
 30
0.0
 10
241.3611716666666
 20
264.1300844444444
 30
0.0
 10
243.8979966666667
 20
263.5998594444445
 30
0.0
 10
243.3571883333333
 20
264.4401761111111
 30
0.0
  0
SPLINE
  5
311
330
1F
100
AcDbEntity
  8
DEFAULT
 62
     3
100
AcDbSpline
210
0.0
220
0.0
230
1.0
 70
    11
 71
     3
 72
    26
 73
    22
 74
     0
 42
0.000000001
 43
0.0000000001
 40
0.0
 40
0.0
 40
0.0
 40
0.0
 40
1.0
 40
1.0
 40
1.0
 40
2.0
 40
2.0
 40
2.0
 40
3.0
 40
3.0
 40
3.0
 40
4.0
 40
4.0
 40
4.0
 40
5.0
 40
5.0
 40
5.0
 40
6.0
 40
6.0
 40
6.0
 40
7.0
 40
7.0
 40
7.0
 40
7.0
 10
241.3016227777777
 20
281.4980047222222
 30
0.0
 10
242.8979422222222
 20
279.3665213888888
 30
0.0
 10
242.9797866666666
 20
279.3813380555555
 30
0.0
 10
241.9835422222222
 20
279.5679575
 30
0.0
 10
240.9876505555555
 20
279.7549297222222
 30
0.0
 10
240.3858116666666
 20
280.3151408333333
 30
0.0
 10
239.0367894444444
 20
283.1165491666666
 30
0.0
 10
237.6881199999999
 20
285.9179574999999
 30
0.0
 10
236.1316644444444
 20
286.9762908333333
 30
0.0
 10
237.9371811111111
 20
286.6651408333333
 30
0.0
 10
239.742345
 20
286.3539908333333
 30
0.0
 10
240.3649977777777
 20
287.2877936111111
 30
0.0
 10
241.0497394444444
 20
287.9725352777778
 30
0.0
 10
241.7344811111111
 20
288.6572769444444
 30
0.0
 10
241.7969227777778
 20
288.7818075
 30
0.0
 10
243.0418755555555
 20
288.1591547222222
 30
0.0
 10
244.2871811111111
 20
287.5368547222222
 30
0.0
 10
240.5516172222222
 20
287.0387325
 30
0.0
 10
240.1783783333333
 20
285.4822769444444
 30
0.0
 10
239.8047866666666
 20
283.9258213888888
 30
0.0
 10
240.1314588888889
 20
283.0608102777777
 30
0.0
 10
241.3016227777777
 20
281.4980047222222
 30
0.0
  0
SPLINE
  5
312
330
1F
100
AcDbEntity
  8
DEFAULT
 62
     5
100
AcDbSpline
210
0.0
220
0.0
230
1.0
 70
    11
 71
     3
 72
    20
 73
    16
 74
     0
 42
0.000000001
 43
0.0000000001
 40
0.0
 40
0.0
 40
0.0
 40
0.0
 40
1.0
 40
1.0
 40
1.0
 40
2.0
 40
2.0
 40
2.0
 40
3.0
 40
3.0
 40
3.0
 40
4.0
 40
4.0
 40
4.0
 40
5.0
 40
5.0
 40
5.0
 40
5.0
 10
246.2796347222222
 20
262.8837911111111
 30
0.0
 10
244.2458708333333
 20
264.5901772222222
 30
0.0
 10
244.5157458333333
 20
266.7696383333333
 30
0.0
 10
246.0305736111111
 20
267.9888383333333
 30
0.0
 10
247.8978263888889
 20
269.4913188888889
 30
0.0
 10
246.8733597222222
 20
269.9523994444444
 30
0.0
 10
244.1795486111111
 20
269.1572383333333
 30
0.0
 10
241.4857375
 20
268.3620772222222
 30
0.0
 10
240.0629847222222
 20
268.67358
 30
0.0
 10
240.0629847222222
 20
265.7476411111111
 30
0.0
 10
240.0629847222222
 20
262.7592605555556
 30
0.0
 10
241.3460375
 20
262.63473
 30
0.0
 10
243.5635986111111
 20
262.0120772222222
 30
0.0
 10
245.7811597222222
 20
261.3897772222222
 30
0.0
 10
248.2089763888889
 20
261.2652466666667
 30
0.0
 10
246.2796347222222
 20
262.8837911111111
 30
0.0
  0
SPLINE
  5
313
330
1F
100
AcDbEntity
  8
DEFAULT
 62
     5
100
AcDbSpline
210
0.0
220
0.0
230
1.0
 70
    11
 71
     3
 72
    14
 73
    10
 74
     0
 42
0.000000001
 43
0.0000000001
 40
0.0
 40
0.0
 40
0.0
 40
0.0
 40
1.0
 40
1.0
 40
1.0
 40
2.0
 40
2.0
 40
2.0
 40
3.0
 40
3.0
 40
3.0
 40
3.0
 10
242.4816291666667
 20
250.0592958333333
 30
0.0
 10
240.6874013888889
 20
251.9621791666667
 30
0.0
 10
238.6218875
 20
253.9814791666667
 30
0.0
 10
241.3608541666667
 20
254.4792486111111
 30
0.0
 10
244.1001736111111
 20
254.9773708333333
 30
0.0
 10
249.3297513888889
 20
255.6367125
 30
0.0
 10
246.4659013888889
 20
253.7945069444444
 30
0.0
 10
243.0164402777777
 20
251.5758875
 30
0.0
 10
244.6981319444444
 20
247.7083847222222
 30
0.0
 10
242.4816291666667
 20
250.0592958333333
 30
0.0
  0
SPLINE
  5
314
330
1F
100
AcDbEntity
  8
DEFAULT
 62
     5
100
AcDbSpline
210
0.0
220
0.0
230
1.0
 70
    11
 71
     3
 72
    20
 73
    16
 74
     0
 42
0.000000001
 43
0.0000000001
 40
0.0
 40
0.0
 40
0.0
 40
0.0
 40
1.0
 40
1.0
 40
1.0
 40
2.0
 40
2.0
 40
2.0
 40
3.0
 40
3.0
 40
3.0
 40
4.0
 40
4.0
 40
4.0
 40
5.0
 40
5.0
 40
5.0
 40
5.0
 10
245.1401272222222
 20
288.6089816666666
 30
0.0
 10
248.0399605555556
 20
285.4452705555556
 30
0.0
 10
238.7463827777777
 20
287.7235094444444
 30
0.0
 10
241.9862938888888
 20
282.8675233333333
 30
0.0
 10
245.2964077777777
 20
277.9067622222222
 30
0.0
 10
248.8732216666666
 20
276.0610288888889
 30
0.0
 10
242.5987161111111
 20
277.47214
 30
0.0
 10
239.0497716666666
 20
278.2704761111111
 30
0.0
 10
240.3038966666667
 20
277.0646816666666
 30
0.0
 10
237.9991994444444
 20
281.8716316666666
 30
0.0
 10
234.8354883333333
 20
288.4706927777777
 30
0.0
 10
232.3339411111111
 20
289.0309038888889
 30
0.0
 10
237.1278383333333
 20
288.3461622222222
 30
0.0
 10
241.0521383333333
 20
287.7852455555555
 30
0.0
 10
241.0581355555555
 20
293.0628011111111
 30
0.0
 10
245.1401272222222
 20
288.6089816666666
 30
0.0
  0
POLYLINE
  5
315
330
1F
100
AcDbEntity
  8
DEFAULT
 62
   250
100
AcDb2dPolyline
 66
     1
 10
0.0
 20
0.0
 30
0.0
  0
VERTEX
  5
316
330
315
100
AcDbEntity
  8
DEFAULT
 62
   250
100
AcDbVertex
100
AcDb2dVertex
 10
246.1436388888889
 20
272.5628491666666
 30
0.0
  0
VERTEX
  5
317
330
315
100
AcDbEntity
  8
DEFAULT
 62
   250
100
AcDbVertex
100
AcDb2dVertex
 10
246.1436388888889
 20
273.6691602777777
 30
0.0
  0
VERTEX
  5
318
330
315
100
AcDbEntity
  8
DEFAULT
 62
   250
100
AcDbVertex
100
AcDb2dVertex
 10
247.5342888888889
 20
272.5628491666666
 30
0.0
  0
VERTEX
  5
319
330
315
100
AcDbEntity
  8
DEFAULT
 62
   250
100
AcDbVertex
100
AcDb2dVertex
 10
247.5342888888889
 20
273.6811547222222
 30
0.0
  0
SEQEND
  5
31A
330
315
100
AcDbEntity
  8
DEFAULT
 62
   250
  0
POLYLINE
  5
31B
330
1F
100
AcDbEntity
  8
DEFAULT
 62
   250
100
AcDb2dPolyline
 66
     1
 10
0.0
 20
0.0
 30
0.0
  0
VERTEX
  5
31C
330
31B
100
AcDbEntity
  8
DEFAULT
 62
   250
100
AcDbVertex
100
AcDb2dVertex
 10
246.1454733333333
 20
257.5644313888889
 30
0.0
  0
VERTEX
  5
31D
330
31B
100
AcDbEntity
  8
DEFAULT
 62
   250
100
AcDbVertex
100
AcDb2dVertex
 10
246.1454733333333
 20
258.6707425
 30
0.0
  0
VERTEX
  5
31E
330
31B
100
AcDbEntity
  8
DEFAULT
 62
   250
100
AcDbVertex
100
AcDb2dVertex
 10
247.5361233333333
 20
257.5644313888889
 30
0.0
  0
VERTEX
  5
31F
330
31B
100
AcDbEntity
  8
DEFAULT
 62
   250
100
AcDbVertex
100
AcDb2dVertex
 10
247.5361233333333
 20
258.6827369444444
 30
0.0
  0
SEQEND
  5
320
330
31B
100
AcDbEntity
  8
DEFAULT
 62
   250
  0
SPLINE
  5
321
330
1F
100
AcDbEntity
  8
DEFAULT
 62
     1
100
AcDbSpline
210
0.0
220
0.0
230
1.0
 70
     8
 71
     3
 72
    35
 73
    31
 74
     0
 42
0.000000001
 43
0.0000000001
 40
0.0
 40
0.0
 40
0.0
 40
0.0
 40
3.82000000000005
 40
3.82000000000005
 40
3.82000000000005
 40
4.82000000000005
 40
4.82000000000005
 40
4.82000000000005
 40
5.82000000000005
 40
5.82000000000005
 40
5.82000000000005
 40
6.82000000000005
 40
6.82000000000005
 40
6.82000000000005
 40
7.82000000000005
 40
7.82000000000005
 40
7.82000000000005
 40
8.82000000000005
 40
8.82000000000005
 40
8.82000000000005
 40
9.82000000000005
 40
9.82000000000005
 40
9.82000000000005
 40
10.82000000000005
 40
10.82000000000005
 40
10.82000000000005
 40
11.82000000000005
 40
11.82000000000005
 40
11.82000000000005
 40
15.63999999999999
 40
15.63999999999999
 40
15.63999999999999
 40
15.63999999999999
 10
244.1369330555555
 20
272.9711894444444
 30
0.0
 10
244.1369330555555
 20
272.5219857407407
 30
0.0
 10
244.1369330555555
 20
272.072782037037
 30
0.0
 10
244.1369330555555
 20
271.6235783333333
 30
0.0
 10
244.1369330555555
 20
271.6235783333333
 30
0.0
 10
241.5122663888888
 20
271.6165227777777
 30
0.0
 10
240.6338497222222
 20
271.6165227777777
 30
0.0
 10
240.4609886111111
 20
271.6165227777777
 30
0.0
 10
239.8506830555555
 20
271.7153005555556
 30
0.0
 10
238.8840719444444
 20
271.7153005555556
 30
0.0
 10
237.9174608333333
 20
271.7153005555556
 30
0.0
 10
237.1342941666666
 20
271.6694394444444
 30
0.0
 10
237.1342941666666
 20
271.6165227777777
 30
0.0
 10
237.1378219444444
 20
269.5633561111111
 30
0.0
 10
237.8151552777778
 20
267.6301338888889
 30
0.0
 10
237.6422941666667
 20
265.0689672222222
 30
0.0
 10
237.5294052777778
 20
263.3968005555556
 30
0.0
 10
237.1872108333333
 20
262.500745
 30
0.0
 10
237.1307663888889
 20
259.6150227777778
 30
0.0
 10
237.1448775
 20
259.5621061111111
 30
0.0
 10
237.9209886111111
 20
259.5197727777777
 30
0.0
 10
238.8805441666667
 20
259.5197727777777
 30
0.0
 10
239.8506830555555
 20
259.5197727777777
 30
0.0
 10
240.4574608333333
 20
259.6185505555555
 30
0.0
 10
240.6303219444444
 20
259.6185505555555
 30
0.0
 10
241.5052108333333
 20
259.6220783333333
 30
0.0
 10
244.1298775
 20
259.6220783333333
 30
0.0
 10
244.1298775
 20
259.6220783333333
 30
0.0
 10
244.1298775
 20
259.1728746296296
 30
0.0
 10
244.1298775
 20
258.7236709259259
 30
0.0
 10
244.1298775
 20
258.2744672222222
 30
0.0
  0
SPLINE
  5
322
330
1F
100
AcDbEntity
  8
DEFAULT
 62
     1
100
AcDbSpline
210
0.0
220
0.0
230
1.0
 70
     8
 71
     3
 72
    59
 73
    55
 74
     0
 42
0.000000001
 43
0.0000000001
 40
0.0
 40
0.0
 40
0.0
 40
0.0
 40
3.830000000000041
 40
3.830000000000041
 40
3.830000000000041
 40
4.830000000000041
 40
4.830000000000041
 40
4.830000000000041
 40
5.830000000000041
 40
5.830000000000041
 40
5.830000000000041
 40
6.830000000000041
 40
6.830000000000041
 40
6.830000000000041
 40
7.830000000000041
 40
7.830000000000041
 40
7.830000000000041
 40
8.830000000000041
 40
8.830000000000041
 40
8.830000000000041
 40
9.830000000000041
 40
9.830000000000041
 40
9.830000000000041
 40
10.83000000000004
 40
10.83000000000004
 40
10.83000000000004
 40
11.83000000000004
 40
11.83000000000004
 40
11.83000000000004
 40
12.83000000000004
 40
12.83000000000004
 40
12.83000000000004
 40
13.83000000000004
 40
13.83000000000004
 40
13.83000000000004
 40
14.83000000000004
 40
14.83000000000004
 40
14.83000000000004
 40
15.83000000000004
 40
15.83000000000004
 40
15.83000000000004
 40
16.83000000000004
 40
16.83000000000004
 40
16.83000000000004
 40
17.83000000000004
 40
17.83000000000004
 40
17.83000000000004
 40
18.83000000000004
 40
18.83000000000004
 40
18.83000000000004
 40
19.83000000000004
 40
19.83000000000004
 40
19.83000000000004
 40
23.66000000000008
 40
23.66000000000008
 40
23.66000000000008
 40
23.66000000000008
 10
244.1334052777778
 20
257.9745708333333
 30
0.0
 10
244.1334052777778
 20
257.5241912037037
 30
0.0
 10
244.1334052777778
 20
257.0738115740741
 30
0.0
 10
244.1334052777778
 20
256.6234319444444
 30
0.0
 10
244.1334052777778
 20
256.6234319444444
 30
0.0
 10
241.5087386111111
 20
256.6199041666666
 30
0.0
 10
240.6338497222222
 20
256.6199041666666
 30
0.0
 10
240.4574608333333
 20
256.6199041666666
 30
0.0
 10
239.8506830555555
 20
256.7186819444444
 30
0.0
 10
238.8840719444444
 20
256.7186819444444
 30
0.0
 10
237.9174608333333
 20
256.7151541666666
 30
0.0
 10
237.1342941666666
 20
256.6728208333333
 30
0.0
 10
237.1342941666666
 20
256.6163763888889
 30
0.0
 10
237.1342941666666
 20
254.6161263888889
 30
0.0
 10
235.8149052777777
 20
252.7852097222222
 30
0.0
 10
241.3817386111111
 20
248.1990986111111
 30
0.0
 10
246.9485719444444
 20
243.6094597222222
 30
0.0
 10
245.3928219444444
 20
249.8606819444444
 30
0.0
 10
250.3564052777778
 20
254.2174875
 30
0.0
 10
254.4098219444444
 20
257.7734874999999
 30
0.0
 10
254.7767108333333
 20
257.2831263888888
 30
0.0
 10
251.6405163888889
 20
260.1935430555555
 30
0.0
 10
246.6134330555555
 20
264.8572652777777
 30
0.0
 10
247.1531830555555
 20
266.8010708333333
 30
0.0
 10
251.4782386111111
 20
270.7909875
 30
0.0
 10
254.1593497222222
 20
273.2639597222222
 30
0.0
 10
253.7219052777778
 20
273.1228486111111
 30
0.0
 10
251.3441830555556
 20
275.7792652777778
 30
0.0
 10
248.9840997222222
 20
278.4145152777778
 30
0.0
 10
244.0769608333333
 20
281.7306263888889
 30
0.0
 10
245.9960719444444
 20
284.2812097222222
 30
0.0
 10
248.1938775
 20
287.1951541666666
 30
0.0
 10
253.9124052777778
 20
283.7520430555555
 30
0.0
 10
245.0118219444444
 20
292.1128763888888
 30
0.0
 10
241.6216275
 20
295.2949319444444
 30
0.0
 10
237.5787941666666
 20
290.5394875
 30
0.0
 10
233.5147941666666
 20
291.0369041666667
 30
0.0
 10
227.3059052777778
 20
291.7989041666666
 30
0.0
 10
231.3346275
 20
288.6133208333333
 30
0.0
 10
234.1145163888889
 20
283.2828486111111
 30
0.0
 10
235.4832941666666
 20
280.6546541666666
 30
0.0
 10
237.1307663888889
 20
277.1974319444444
 30
0.0
 10
237.1342941666666
 20
274.6150986111111
 30
0.0
 10
237.1448775
 20
274.5551263888888
 30
0.0
 10
237.9209886111111
 20
274.5127930555555
 30
0.0
 10
238.8840719444444
 20
274.5163208333333
 30
0.0
 10
239.8471552777778
 20
274.5163208333333
 30
0.0
 10
240.4574608333333
 20
274.6186263888889
 30
0.0
 10
240.6303219444444
 20
274.6150986111111
 30
0.0
 10
241.5052108333333
 20
274.6150986111111
 30
0.0
 10
244.1334052777778
 20
274.6221541666666
 30
0.0
 10
244.1334052777778
 20
274.6221541666666
 30
0.0
 10
244.1334052777778
 20
274.171774537037
 30
0.0
 10
244.1334052777778
 20
273.7213949074074
 30
0.0
 10
244.1334052777778
 20
273.2710152777777
 30
0.0
  0
SPLINE
  5
323
330
1F
100
AcDbEntity
  8
DEFAULT
 62
     3
100
AcDbSpline
210
0.0
220
0.0
230
1.0
 70
    11
 71
     3
 72
    14
 73
    10
 74
     0
 42
0.000000001
 43
0.0000000001
 40
0.0
 40
0.0
 40
0.0
 40
0.0
 40
1.0
 40
1.0
 40
1.0
 40
2.0
 40
2.0
 40
2.0
 40
3.0
 40
3.0
 40
3.0
 40
3.0
 10
223.012
 20
251.491115
 30
0.0
 10
222.9520277777778
 20
252.6330566666666
 30
0.0
 10
223.2981027777778
 20
252.95479
 30
0.0
 10
224.0858555555555
 20
253.4832511111111
 30
0.0
 10
225.3798444444444
 20
254.3514372222222
 30
0.0
 10
222.5607972222222
 20
253.8395566666667
 30
0.0
 10
221.6269944444444
 20
253.2811094444444
 30
0.0
 10
220.8395944444444
 20
252.8101511111111
 30
0.0
 10
223.0645638888889
 20
250.4931066666666
 30
0.0
 10
223.012
 20
251.491115
 30
0.0
  0
SPLINE
  5
324
330
1F
100
AcDbEntity
  8
DEFAULT
 62
     3
100
AcDbSpline
210
0.0
220
0.0
230
1.0
 70
    11
 71
     3
 72
    14
 73
    10
 74
     0
 42
0.000000001
 43
0.0000000001
 40
0.0
 40
0.0
 40
0.0
 40
0.0
 40
1.0
 40
1.0
 40
1.0
 40
2.0
 40
2.0
 40
2.0
 40
3.0
 40
3.0
 40
3.0
 40
3.0
 10
223.1716319444444
 20
264.4401761111111
 30
0.0
 10
222.5528597222222
 20
265.4018483333333
 30
0.0
 10
222.6230625
 20
266.0276761111111
 30
0.0
 10
223.1716319444444
 20
266.8013177777777
 30
0.0
 10
223.7568902777777
 20
267.626465
 30
0.0
 10
221.1756152777777
 20
266.9925233333333
 30
0.0
 10
221.1756152777777
 20
265.6205705555556
 30
0.0
 10
221.1756152777777
 20
264.1300844444444
 30
0.0
 10
223.7124402777777
 20
263.5998594444445
 30
0.0
 10
223.1716319444444
 20
264.4401761111111
 30
0.0
  0
SPLINE
  5
325
330
1F
100
AcDbEntity
  8
DEFAULT
 62
     3
100
AcDbSpline
210
0.0
220
0.0
230
1.0
 70
    11
 71
     3
 72
    26
 73
    22
 74
     0
 42
0.000000001
 43
0.0000000001
 40
0.0
 40
0.0
 40
0.0
 40
0.0
 40
1.0
 40
1.0
 40
1.0
 40
2.0
 40
2.0
 40
2.0
 40
3.0
 40
3.0
 40
3.0
 40
4.0
 40
4.0
 40
4.0
 40
5.0
 40
5.0
 40
5.0
 40
6.0
 40
6.0
 40
6.0
 40
7.0
 40
7.0
 40
7.0
 40
7.0
 10
221.1160663888889
 20
281.4980047222222
 30
0.0
 10
222.7123858333333
 20
279.3665213888888
 30
0.0
 10
222.7942302777778
 20
279.3813380555555
 30
0.0
 10
221.7979858333333
 20
279.5679575
 30
0.0
 10
220.8020941666666
 20
279.7549297222222
 30
0.0
 10
220.2002552777778
 20
280.3151408333333
 30
0.0
 10
218.8512330555556
 20
283.1165491666666
 30
0.0
 10
217.5025636111111
 20
285.9179574999999
 30
0.0
 10
215.9461080555556
 20
286.9762908333333
 30
0.0
 10
217.7516247222222
 20
286.6651408333333
 30
0.0
 10
219.5567886111111
 20
286.3539908333333
 30
0.0
 10
220.1794413888889
 20
287.2877936111111
 30
0.0
 10
220.8641830555555
 20
287.9725352777778
 30
0.0
 10
221.5489247222222
 20
288.6572769444444
 30
0.0
 10
221.6113663888889
 20
288.7818075
 30
0.0
 10
222.8563191666667
 20
288.1591547222222
 30
0.0
 10
224.1016247222222
 20
287.5368547222222
 30
0.0
 10
220.3660608333333
 20
287.0387325
 30
0.0
 10
219.9924691666667
 20
285.4822769444444
 30
0.0
 10
219.6192302777777
 20
283.9258213888888
 30
0.0
 10
219.9459025
 20
283.0608102777777
 30
0.0
 10
221.1160663888889
 20
281.4980047222222
 30
0.0
  0
SPLINE
  5
326
330
1F
100
AcDbEntity
  8
DEFAULT
 62
     5
100
AcDbSpline
210
0.0
220
0.0
230
1.0
 70
    11
 71
     3
 72
    20
 73
    16
 74
     0
 42
0.000000001
 43
0.0000000001
 40
0.0
 40
0.0
 40
0.0
 40
0.0
 40
1.0
 40
1.0
 40
1.0
 40
2.0
 40
2.0
 40
2.0
 40
3.0
 40
3.0
 40
3.0
 40
4.0
 40
4.0
 40
4.0
 40
5.0
 40
5.0
 40
5.0
 40
5.0
 10
226.0940783333333
 20
262.8837911111111
 30
0.0
 10
224.0603144444444
 20
264.5901772222222
 30
0.0
 10
224.3301894444444
 20
266.7696383333333
 30
0.0
 10
225.8450172222222
 20
267.9888383333333
 30
0.0
 10
227.71227
 20
269.4913188888889
 30
0.0
 10
226.6878033333333
 20
269.9523994444444
 30
0.0
 10
223.9939922222222
 20
269.1572383333333
 30
0.0
 10
221.3001811111111
 20
268.3620772222222
 30
0.0
 10
219.8774283333333
 20
268.67358
 30
0.0
 10
219.8774283333333
 20
265.7476411111111
 30
0.0
 10
219.8774283333333
 20
262.7592605555556
 30
0.0
 10
221.1604811111111
 20
262.63473
 30
0.0
 10
223.3780422222222
 20
262.0120772222222
 30
0.0
 10
225.5956033333333
 20
261.3897772222222
 30
0.0
 10
228.02342
 20
261.2652466666667
 30
0.0
 10
226.0940783333333
 20
262.8837911111111
 30
0.0
  0
SPLINE
  5
327
330
1F
100
AcDbEntity
  8
DEFAULT
 62
     5
100
AcDbSpline
210
0.0
220
0.0
230
1.0
 70
    11
 71
     3
 72
    14
 73
    10
 74
     0
 42
0.000000001
 43
0.0000000001
 40
0.0
 40
0.0
 40
0.0
 40
0.0
 40
1.0
 40
1.0
 40
1.0
 40
2.0
 40
2.0
 40
2.0
 40
3.0
 40
3.0
 40
3.0
 40
3.0
 10
222.2960727777777
 20
250.0592958333333
 30
0.0
 10
220.501845
 20
251.9621791666667
 30
0.0
 10
218.4363311111111
 20
253.9814791666667
 30
0.0
 10
221.1752977777777
 20
254.4792486111111
 30
0.0
 10
223.9146172222222
 20
254.9773708333333
 30
0.0
 10
229.144195
 20
255.6367125
 30
0.0
 10
226.280345
 20
253.7945069444444
 30
0.0
 10
222.8308838888888
 20
251.5758875
 30
0.0
 10
224.5125755555555
 20
247.7083847222222
 30
0.0
 10
222.2960727777777
 20
250.0592958333333
 30
0.0
  0
SPLINE
  5
328
330
1F
100
AcDbEntity
  8
DEFAULT
 62
     5
100
AcDbSpline
210
0.0
220
0.0
230
1.0
 70
    11
 71
     3
 72
    20
 73
    16
 74
     0
 42
0.000000001
 43
0.0000000001
 40
0.0
 40
0.0
 40
0.0
 40
0.0
 40
1.0
 40
1.0
 40
1.0
 40
2.0
 40
2.0
 40
2.0
 40
3.0
 40
3.0
 40
3.0
 40
4.0
 40
4.0
 40
4.0
 40
5.0
 40
5.0
 40
5.0
 40
5.0
 10
224.9545708333333
 20
288.6089816666666
 30
0.0
 10
227.8544041666667
 20
285.4452705555556
 30
0.0
 10
218.5608263888889
 20
287.7235094444444
 30
0.0
 10
221.8007375
 20
282.8675233333333
 30
0.0
 10
225.1108513888889
 20
277.9067622222222
 30
0.0
 10
228.6876652777778
 20
276.0610288888889
 30
0.0
 10
222.4131597222222
 20
277.47214
 30
0.0
 10
218.8642152777778
 20
278.2704761111111
 30
0.0
 10
220.1183402777778
 20
277.0646816666666
 30
0.0
 10
217.8136430555556
 20
281.8716316666666
 30
0.0
 10
214.6499319444444
 20
288.4706927777777
 30
0.0
 10
212.1483847222222
 20
289.0309038888889
 30
0.0
 10
216.9422819444444
 20
288.3461622222222
 30
0.0
 10
220.8665819444444
 20
287.7852455555555
 30
0.0
 10
220.8725791666666
 20
293.0628011111111
 30
0.0
 10
224.9545708333333
 20
288.6089816666666
 30
0.0
  0
POLYLINE
  5
329
330
1F
100
AcDbEntity
  8
DEFAULT
 62
   250
100
AcDb2dPolyline
 66
     1
 10
0.0
 20
0.0
 30
0.0
  0
VERTEX
  5
32A
330
329
100
AcDbEntity
  8
DEFAULT
 62
   250
100
AcDbVertex
100
AcDb2dVertex
 10
225.9580825
 20
272.5628491666666
 30
0.0
  0
VERTEX
  5
32B
330
329
100
AcDbEntity
  8
DEFAULT
 62
   250
100
AcDbVertex
100
AcDb2dVertex
 10
225.9580825
 20
273.6691602777777
 30
0.0
  0
VERTEX
  5
32C
330
329
100
AcDbEntity
  8
DEFAULT
 62
   250
100
AcDbVertex
100
AcDb2dVertex
 10
227.3487325
 20
272.5628491666666
 30
0.0
  0
VERTEX
  5
32D
330
329
100
AcDbEntity
  8
DEFAULT
 62
   250
100
AcDbVertex
100
AcDb2dVertex
 10
227.3487325
 20
273.6811547222222
 30
0.0
  0
SEQEND
  5
32E
330
329
100
AcDbEntity
  8
DEFAULT
 62
   250
  0
POLYLINE
  5
32F
330
1F
100
AcDbEntity
  8
DEFAULT
 62
   250
100
AcDb2dPolyline
 66
     1
 10
0.0
 20
0.0
 30
0.0
  0
VERTEX
  5
330
330
32F
100
AcDbEntity
  8
DEFAULT
 62
   250
100
AcDbVertex
100
AcDb2dVertex
 10
225.9599169444444
 20
257.5644313888889
 30
0.0
  0
VERTEX
  5
331
330
32F
100
AcDbEntity
  8
DEFAULT
 62
   250
100
AcDbVertex
100
AcDb2dVertex
 10
225.9599169444444
 20
258.6707425
 30
0.0
  0
VERTEX
  5
332
330
32F
100
AcDbEntity
  8
DEFAULT
 62
   250
100
AcDbVertex
100
AcDb2dVertex
 10
227.3505669444444
 20
257.5644313888889
 30
0.0
  0
VERTEX
  5
333
330
32F
100
AcDbEntity
  8
DEFAULT
 62
   250
100
AcDbVertex
100
AcDb2dVertex
 10
227.3505669444444
 20
258.6827369444444
 30
0.0
  0
SEQEND
  5
334
330
32F
100
AcDbEntity
  8
DEFAULT
 62
   250
  0
SPLINE
  5
335
330
1F
100
AcDbEntity
  8
DEFAULT
 62
     1
100
AcDbSpline
210
0.0
220
0.0
230
1.0
 70
     8
 71
     3
 72
    35
 73
    31
 74
     0
 42
0.000000001
 43
0.0000000001
 40
0.0
 40
0.0
 40
0.0
 40
0.0
 40
3.82000000000005
 40
3.82000000000005
 40
3.82000000000005
 40
4.82000000000005
 40
4.82000000000005
 40
4.82000000000005
 40
5.82000000000005
 40
5.82000000000005
 40
5.82000000000005
 40
6.82000000000005
 40
6.82000000000005
 40
6.82000000000005
 40
7.82000000000005
 40
7.82000000000005
 40
7.82000000000005
 40
8.82000000000005
 40
8.82000000000005
 40
8.82000000000005
 40
9.82000000000005
 40
9.82000000000005
 40
9.82000000000005
 40
10.82000000000005
 40
10.82000000000005
 40
10.82000000000005
 40
11.82000000000005
 40
11.82000000000005
 40
11.82000000000005
 40
15.63999999999999
 40
15.63999999999999
 40
15.63999999999999
 40
15.63999999999999
 10
223.9513766666666
 20
272.9711894444444
 30
0.0
 10
223.9513766666666
 20
272.5219857407407
 30
0.0
 10
223.9513766666666
 20
272.072782037037
 30
0.0
 10
223.9513766666666
 20
271.6235783333333
 30
0.0
 10
223.9513766666666
 20
271.6235783333333
 30
0.0
 10
221.32671
 20
271.6165227777777
 30
0.0
 10
220.4482933333333
 20
271.6165227777777
 30
0.0
 10
220.2754322222222
 20
271.6165227777777
 30
0.0
 10
219.6651266666667
 20
271.7153005555556
 30
0.0
 10
218.6985155555556
 20
271.7153005555556
 30
0.0
 10
217.7319044444444
 20
271.7153005555556
 30
0.0
 10
216.9487377777778
 20
271.6694394444444
 30
0.0
 10
216.9487377777778
 20
271.6165227777777
 30
0.0
 10
216.9522655555555
 20
269.5633561111111
 30
0.0
 10
217.6295988888889
 20
267.6301338888889
 30
0.0
 10
217.4567377777778
 20
265.0689672222222
 30
0.0
 10
217.3438488888889
 20
263.3968005555556
 30
0.0
 10
217.0016544444444
 20
262.500745
 30
0.0
 10
216.94521
 20
259.6150227777778
 30
0.0
 10
216.9593211111111
 20
259.5621061111111
 30
0.0
 10
217.7354322222222
 20
259.5197727777777
 30
0.0
 10
218.6949877777778
 20
259.5197727777777
 30
0.0
 10
219.6651266666667
 20
259.5197727777777
 30
0.0
 10
220.2719044444445
 20
259.6185505555555
 30
0.0
 10
220.4447655555555
 20
259.6185505555555
 30
0.0
 10
221.3196544444444
 20
259.6220783333333
 30
0.0
 10
223.9443211111111
 20
259.6220783333333
 30
0.0
 10
223.9443211111111
 20
259.6220783333333
 30
0.0
 10
223.9443211111111
 20
259.1728746296296
 30
0.0
 10
223.9443211111111
 20
258.7236709259259
 30
0.0
 10
223.9443211111111
 20
258.2744672222222
 30
0.0
  0
SPLINE
  5
336
330
1F
100
AcDbEntity
  8
DEFAULT
 62
     1
100
AcDbSpline
210
0.0
220
0.0
230
1.0
 70
     8
 71
     3
 72
    59
 73
    55
 74
     0
 42
0.000000001
 43
0.0000000001
 40
0.0
 40
0.0
 40
0.0
 40
0.0
 40
3.830000000000041
 40
3.830000000000041
 40
3.830000000000041
 40
4.830000000000041
 40
4.830000000000041
 40
4.830000000000041
 40
5.830000000000041
 40
5.830000000000041
 40
5.830000000000041
 40
6.830000000000041
 40
6.830000000000041
 40
6.830000000000041
 40
7.830000000000041
 40
7.830000000000041
 40
7.830000000000041
 40
8.830000000000041
 40
8.830000000000041
 40
8.830000000000041
 40
9.830000000000041
 40
9.830000000000041
 40
9.830000000000041
 40
10.83000000000004
 40
10.83000000000004
 40
10.83000000000004
 40
11.83000000000004
 40
11.83000000000004
 40
11.83000000000004
 40
12.83000000000004
 40
12.83000000000004
 40
12.83000000000004
 40
13.83000000000004
 40
13.83000000000004
 40
13.83000000000004
 40
14.83000000000004
 40
14.83000000000004
 40
14.83000000000004
 40
15.83000000000004
 40
15.83000000000004
 40
15.83000000000004
 40
16.83000000000004
 40
16.83000000000004
 40
16.83000000000004
 40
17.83000000000004
 40
17.83000000000004
 40
17.83000000000004
 40
18.83000000000004
 40
18.83000000000004
 40
18.83000000000004
 40
19.83000000000004
 40
19.83000000000004
 40
19.83000000000004
 40
23.66000000000008
 40
23.66000000000008
 40
23.66000000000008
 40
23.66000000000008
 10
223.9478488888889
 20
257.9745708333333
 30
0.0
 10
223.9478488888889
 20
257.5241912037037
 30
0.0
 10
223.9478488888889
 20
257.0738115740741
 30
0.0
 10
223.9478488888889
 20
256.6234319444444
 30
0.0
 10
223.9478488888889
 20
256.6234319444444
 30
0.0
 10
221.3231822222222
 20
256.6199041666666
 30
0.0
 10
220.4482933333333
 20
256.6199041666666
 30
0.0
 10
220.2719044444445
 20
256.6199041666666
 30
0.0
 10
219.6651266666667
 20
256.7186819444444
 30
0.0
 10
218.6985155555556
 20
256.7186819444444
 30
0.0
 10
217.7319044444444
 20
256.7151541666666
 30
0.0
 10
216.9487377777778
 20
256.6728208333333
 30
0.0
 10
216.9487377777778
 20
256.6163763888889
 30
0.0
 10
216.9487377777778
 20
254.6161263888889
 30
0.0
 10
215.6293488888889
 20
252.7852097222222
 30
0.0
 10
221.1961822222222
 20
248.1990986111111
 30
0.0
 10
226.7630155555556
 20
243.6094597222222
 30
0.0
 10
225.2072655555556
 20
249.8606819444444
 30
0.0
 10
230.1708488888889
 20
254.2174875
 30
0.0
 10
234.2242655555555
 20
257.7734874999999
 30
0.0
 10
234.5911544444444
 20
257.2831263888888
 30
0.0
 10
231.45496
 20
260.1935430555555
 30
0.0
 10
226.4278766666667
 20
264.8572652777777
 30
0.0
 10
226.9676266666666
 20
266.8010708333333
 30
0.0
 10
231.2926822222222
 20
270.7909875
 30
0.0
 10
233.9737933333333
 20
273.2639597222222
 30
0.0
 10
233.5363488888889
 20
273.1228486111111
 30
0.0
 10
231.1586266666667
 20
275.7792652777778
 30
0.0
 10
228.7985433333333
 20
278.4145152777778
 30
0.0
 10
223.8914044444444
 20
281.7306263888889
 30
0.0
 10
225.8105155555555
 20
284.2812097222222
 30
0.0
 10
228.0083211111111
 20
287.1951541666666
 30
0.0
 10
233.7268488888889
 20
283.7520430555555
 30
0.0
 10
224.8262655555556
 20
292.1128763888888
 30
0.0
 10
221.4360711111111
 20
295.2949319444444
 30
0.0
 10
217.3932377777778
 20
290.5394875
 30
0.0
 10
213.3292377777778
 20
291.0369041666667
 30
0.0
 10
207.1203488888889
 20
291.7989041666666
 30
0.0
 10
211.1490711111111
 20
288.6133208333333
 30
0.0
 10
213.92896
 20
283.2828486111111
 30
0.0
 10
215.2977377777778
 20
280.6546541666666
 30
0.0
 10
216.94521
 20
277.1974319444444
 30
0.0
 10
216.9487377777778
 20
274.6150986111111
 30
0.0
 10
216.9593211111111
 20
274.5551263888888
 30
0.0
 10
217.7354322222222
 20
274.5127930555555
 30
0.0
 10
218.6985155555556
 20
274.5163208333333
 30
0.0
 10
219.6615988888889
 20
274.5163208333333
 30
0.0
 10
220.2719044444445
 20
274.6186263888889
 30
0.0
 10
220.4447655555556
 20
274.6150986111111
 30
0.0
 10
221.3196544444444
 20
274.6150986111111
 30
0.0
 10
223.9478488888889
 20
274.6221541666666
 30
0.0
 10
223.9478488888889
 20
274.6221541666666
 30
0.0
 10
223.9478488888889
 20
274.171774537037
 30
0.0
 10
223.9478488888889
 20
273.7213949074074
 30
0.0
 10
223.9478488888889
 20
273.2710152777777
 30
0.0
  0
SPLINE
  5
337
330
1F
100
AcDbEntity
  8
DEFAULT
 62
     3
100
AcDbSpline
210
0.0
220
0.0
230
1.0
 70
    11
 71
     3
 72
    14
 73
    10
 74
     0
 42
0.000000001
 43
0.0000000001
 40
0.0
 40
0.0
 40
0.0
 40
0.0
 40
1.0
 40
1.0
 40
1.0
 40
2.0
 40
2.0
 40
2.0
 40
3.0
 40
3.0
 40
3.0
 40
3.0
 10
202.8264436111111
 20
251.491115
 30
0.0
 10
202.7664713888889
 20
252.6330566666666
 30
0.0
 10
203.1125463888889
 20
252.95479
 30
0.0
 10
203.9002991666667
 20
253.4832511111111
 30
0.0
 10
205.1942880555555
 20
254.3514372222222
 30
0.0
 10
202.3752408333333
 20
253.8395566666667
 30
0.0
 10
201.4410852777777
 20
253.2811094444444
 30
0.0
 10
200.6540380555555
 20
252.8101511111111
 30
0.0
 10
202.8790075
 20
250.4931066666666
 30
0.0
 10
202.8264436111111
 20
251.491115
 30
0.0
  0
SPLINE
  5
338
330
1F
100
AcDbEntity
  8
DEFAULT
 62
     3
100
AcDbSpline
210
0.0
220
0.0
230
1.0
 70
    11
 71
     3
 72
    14
 73
    10
 74
     0
 42
0.000000001
 43
0.0000000001
 40
0.0
 40
0.0
 40
0.0
 40
0.0
 40
1.0
 40
1.0
 40
1.0
 40
2.0
 40
2.0
 40
2.0
 40
3.0
 40
3.0
 40
3.0
 40
3.0
 10
202.9860755555555
 20
264.4401761111111
 30
0.0
 10
202.3673033333333
 20
265.4018483333333
 30
0.0
 10
202.4375061111111
 20
266.0276761111111
 30
0.0
 10
202.9860755555555
 20
266.8013177777777
 30
0.0
 10
203.5713338888889
 20
267.626465
 30
0.0
 10
200.9900588888889
 20
266.9925233333333
 30
0.0
 10
200.9900588888889
 20
265.6205705555556
 30
0.0
 10
200.9900588888889
 20
264.1300844444444
 30
0.0
 10
203.5268838888889
 20
263.5998594444445
 30
0.0
 10
202.9860755555555
 20
264.4401761111111
 30
0.0
  0
SPLINE
  5
339
330
1F
100
AcDbEntity
  8
DEFAULT
 62
     3
100
AcDbSpline
210
0.0
220
0.0
230
1.0
 70
    11
 71
     3
 72
    26
 73
    22
 74
     0
 42
0.000000001
 43
0.0000000001
 40
0.0
 40
0.0
 40
0.0
 40
0.0
 40
1.0
 40
1.0
 40
1.0
 40
2.0
 40
2.0
 40
2.0
 40
3.0
 40
3.0
 40
3.0
 40
4.0
 40
4.0
 40
4.0
 40
5.0
 40
5.0
 40
5.0
 40
6.0
 40
6.0
 40
6.0
 40
7.0
 40
7.0
 40
7.0
 40
7.0
 10
200.93051
 20
281.4980047222222
 30
0.0
 10
202.5268294444444
 20
279.3665213888888
 30
0.0
 10
202.6086738888888
 20
279.3813380555555
 30
0.0
 10
201.6124294444444
 20
279.5679575
 30
0.0
 10
200.6165377777778
 20
279.7549297222222
 30
0.0
 10
200.0146988888889
 20
280.3151408333333
 30
0.0
 10
198.6656766666667
 20
283.1165491666666
 30
0.0
 10
197.3170072222222
 20
285.9179574999999
 30
0.0
 10
195.7605516666666
 20
286.9762908333333
 30
0.0
 10
197.5660683333333
 20
286.6651408333333
 30
0.0
 10
199.3712322222222
 20
286.3539908333333
 30
0.0
 10
199.993885
 20
287.2877936111111
 30
0.0
 10
200.6786266666666
 20
287.9725352777778
 30
0.0
 10
201.3633683333333
 20
288.6572769444444
 30
0.0
 10
201.42581
 20
288.7818075
 30
0.0
 10
202.6707627777777
 20
288.1591547222222
 30
0.0
 10
203.9160683333333
 20
287.5368547222222
 30
0.0
 10
200.1805044444444
 20
287.0387325
 30
0.0
 10
199.8072655555555
 20
285.4822769444444
 30
0.0
 10
199.4336738888888
 20
283.9258213888888
 30
0.0
 10
199.7603461111111
 20
283.0608102777777
 30
0.0
 10
200.93051
 20
281.4980047222222
 30
0.0
  0
SPLINE
  5
33A
330
1F
100
AcDbEntity
  8
DEFAULT
 62
     5
100
AcDbSpline
210
0.0
220
0.0
230
1.0
 70
    11
 71
     3
 72
    20
 73
    16
 74
     0
 42
0.000000001
 43
0.0000000001
 40
0.0
 40
0.0
 40
0.0
 40
0.0
 40
1.0
 40
1.0
 40
1.0
 40
2.0
 40
2.0
 40
2.0
 40
3.0
 40
3.0
 40
3.0
 40
4.0
 40
4.0
 40
4.0
 40
5.0
 40
5.0
 40
5.0
 40
5.0
 10
205.9085219444444
 20
262.8837911111111
 30
0.0
 10
203.8747580555555
 20
264.5901772222222
 30
0.0
 10
204.1446330555555
 20
266.7696383333333
 30
0.0
 10
205.6594608333333
 20
267.9888383333333
 30
0.0
 10
207.5267136111111
 20
269.4913188888889
 30
0.0
 10
206.5022469444444
 20
269.9523994444444
 30
0.0
 10
203.8084358333333
 20
269.1572383333333
 30
0.0
 10
201.1146247222222
 20
268.3620772222222
 30
0.0
 10
199.6918719444444
 20
268.67358
 30
0.0
 10
199.6918719444444
 20
265.7476411111111
 30
0.0
 10
199.6918719444444
 20
262.7592605555556
 30
0.0
 10
200.9749247222222
 20
262.63473
 30
0.0
 10
203.1924858333333
 20
262.0120772222222
 30
0.0
 10
205.4100469444444
 20
261.3897772222222
 30
0.0
 10
207.8378636111111
 20
261.2652466666667
 30
0.0
 10
205.9085219444444
 20
262.8837911111111
 30
0.0
  0
SPLINE
  5
33B
330
1F
100
AcDbEntity
  8
DEFAULT
 62
     5
100
AcDbSpline
210
0.0
220
0.0
230
1.0
 70
    11
 71
     3
 72
    14
 73
    10
 74
     0
 42
0.000000001
 43
0.0000000001
 40
0.0
 40
0.0
 40
0.0
 40
0.0
 40
1.0
 40
1.0
 40
1.0
 40
2.0
 40
2.0
 40
2.0
 40
3.0
 40
3.0
 40
3.0
 40
3.0
 10
202.1105163888889
 20
250.0592958333333
 30
0.0
 10
200.3162886111111
 20
251.9621791666667
 30
0.0
 10
198.2507747222222
 20
253.9814791666667
 30
0.0
 10
200.9900941666666
 20
254.4792486111111
 30
0.0
 10
203.7290608333333
 20
254.9773708333333
 30
0.0
 10
208.9586386111111
 20
255.6367125
 30
0.0
 10
206.0947886111111
 20
253.7945069444444
 30
0.0
 10
202.6453275
 20
251.5758875
 30
0.0
 10
204.3270191666666
 20
247.7083847222222
 30
0.0
 10
202.1105163888889
 20
250.0592958333333
 30
0.0
  0
SPLINE
  5
33C
330
1F
100
AcDbEntity
  8
DEFAULT
 62
     5
100
AcDbSpline
210
0.0
220
0.0
230
1.0
 70
    11
 71
     3
 72
    20
 73
    16
 74
     0
 42
0.000000001
 43
0.0000000001
 40
0.0
 40
0.0
 40
0.0
 40
0.0
 40
1.0
 40
1.0
 40
1.0
 40
2.0
 40
2.0
 40
2.0
 40
3.0
 40
3.0
 40
3.0
 40
4.0
 40
4.0
 40
4.0
 40
5.0
 40
5.0
 40
5.0
 40
5.0
 10
204.7690144444444
 20
288.6089816666666
 30
0.0
 10
207.6688477777778
 20
285.4452705555556
 30
0.0
 10
198.37527
 20
287.7235094444444
 30
0.0
 10
201.6151811111111
 20
282.8675233333333
 30
0.0
 10
204.925295
 20
277.9067622222222
 30
0.0
 10
208.5021088888888
 20
276.0610288888889
 30
0.0
 10
202.2276033333333
 20
277.47214
 30
0.0
 10
198.6786588888889
 20
278.2704761111111
 30
0.0
 10
199.9327838888889
 20
277.0646816666666
 30
0.0
 10
197.6280866666667
 20
281.8716316666666
 30
0.0
 10
194.4643755555555
 20
288.4706927777777
 30
0.0
 10
191.9628283333333
 20
289.0309038888889
 30
0.0
 10
196.7567255555555
 20
288.3461622222222
 30
0.0
 10
200.6810255555555
 20
287.7852455555555
 30
0.0
 10
200.6870227777777
 20
293.0628011111111
 30
0.0
 10
204.7690144444444
 20
288.6089816666666
 30
0.0
  0
POLYLINE
  5
33D
330
1F
100
AcDbEntity
  8
DEFAULT
 62
   250
100
AcDb2dPolyline
 66
     1
 10
0.0
 20
0.0
 30
0.0
  0
VERTEX
  5
33E
330
33D
100
AcDbEntity
  8
DEFAULT
 62
   250
100
AcDbVertex
100
AcDb2dVertex
 10
205.7725261111111
 20
272.5628491666666
 30
0.0
  0
VERTEX
  5
33F
330
33D
100
AcDbEntity
  8
DEFAULT
 62
   250
100
AcDbVertex
100
AcDb2dVertex
 10
205.7725261111111
 20
273.6691602777777
 30
0.0
  0
VERTEX
  5
340
330
33D
100
AcDbEntity
  8
DEFAULT
 62
   250
100
AcDbVertex
100
AcDb2dVertex
 10
207.1631761111111
 20
272.5628491666666
 30
0.0
  0
VERTEX
  5
341
330
33D
100
AcDbEntity
  8
DEFAULT
 62
   250
100
AcDbVertex
100
AcDb2dVertex
 10
207.1631761111111
 20
273.6811547222222
 30
0.0
  0
SEQEND
  5
342
330
33D
100
AcDbEntity
  8
DEFAULT
 62
   250
  0
POLYLINE
  5
343
330
1F
100
AcDbEntity
  8
DEFAULT
 62
   250
100
AcDb2dPolyline
 66
     1
 10
0.0
 20
0.0
 30
0.0
  0
VERTEX
  5
344
330
343
100
AcDbEntity
  8
DEFAULT
 62
   250
100
AcDbVertex
100
AcDb2dVertex
 10
205.7743605555555
 20
257.5644313888889
 30
0.0
  0
VERTEX
  5
345
330
343
100
AcDbEntity
  8
DEFAULT
 62
   250
100
AcDbVertex
100
AcDb2dVertex
 10
205.7743605555555
 20
258.6707425
 30
0.0
  0
VERTEX
  5
346
330
343
100
AcDbEntity
  8
DEFAULT
 62
   250
100
AcDbVertex
100
AcDb2dVertex
 10
207.1650105555555
 20
257.5644313888889
 30
0.0
  0
VERTEX
  5
347
330
343
100
AcDbEntity
  8
DEFAULT
 62
   250
100
AcDbVertex
100
AcDb2dVertex
 10
207.1650105555555
 20
258.6827369444444
 30
0.0
  0
SEQEND
  5
348
330
343
100
AcDbEntity
  8
DEFAULT
 62
   250
  0
SPLINE
  5
349
330
1F
100
AcDbEntity
  8
DEFAULT
 62
     1
100
AcDbSpline
210
0.0
220
0.0
230
1.0
 70
     8
 71
     3
 72
    35
 73
    31
 74
     0
 42
0.000000001
 43
0.0000000001
 40
0.0
 40
0.0
 40
0.0
 40
0.0
 40
3.82000000000005
 40
3.82000000000005
 40
3.82000000000005
 40
4.82000000000005
 40
4.82000000000005
 40
4.82000000000005
 40
5.82000000000005
 40
5.82000000000005
 40
5.82000000000005
 40
6.82000000000005
 40
6.82000000000005
 40
6.82000000000005
 40
7.82000000000005
 40
7.82000000000005
 40
7.82000000000005
 40
8.82000000000005
 40
8.82000000000005
 40
8.82000000000005
 40
9.82000000000005
 40
9.82000000000005
 40
9.82000000000005
 40
10.82000000000005
 40
10.82000000000005
 40
10.82000000000005
 40
11.82000000000005
 40
11.82000000000005
 40
11.82000000000005
 40
15.63999999999999
 40
15.63999999999999
 40
15.63999999999999
 40
15.63999999999999
 10
203.7658202777777
 20
272.9711894444444
 30
0.0
 10
203.7658202777777
 20
272.5219857407407
 30
0.0
 10
203.7658202777777
 20
272.072782037037
 30
0.0
 10
203.7658202777777
 20
271.6235783333333
 30
0.0
 10
203.7658202777777
 20
271.6235783333333
 30
0.0
 10
201.1411536111111
 20
271.6165227777777
 30
0.0
 10
200.2627369444444
 20
271.6165227777777
 30
0.0
 10
200.0898758333333
 20
271.6165227777777
 30
0.0
 10
199.4795702777778
 20
271.7153005555556
 30
0.0
 10
198.5129591666666
 20
271.7153005555556
 30
0.0
 10
197.5463480555555
 20
271.7153005555556
 30
0.0
 10
196.7631813888889
 20
271.6694394444444
 30
0.0
 10
196.7631813888889
 20
271.6165227777777
 30
0.0
 10
196.7667091666666
 20
269.5633561111111
 30
0.0
 10
197.4440425
 20
267.6301338888889
 30
0.0
 10
197.2711813888889
 20
265.0689672222222
 30
0.0
 10
197.1582925
 20
263.3968005555556
 30
0.0
 10
196.8160980555555
 20
262.500745
 30
0.0
 10
196.7596536111111
 20
259.6150227777778
 30
0.0
 10
196.7737647222222
 20
259.5621061111111
 30
0.0
 10
197.5498758333333
 20
259.5197727777777
 30
0.0
 10
198.5094313888889
 20
259.5197727777777
 30
0.0
 10
199.4795702777778
 20
259.5197727777777
 30
0.0
 10
200.0863480555555
 20
259.6185505555555
 30
0.0
 10
200.2592091666666
 20
259.6185505555555
 30
0.0
 10
201.1340980555555
 20
259.6220783333333
 30
0.0
 10
203.7587647222222
 20
259.6220783333333
 30
0.0
 10
203.7587647222222
 20
259.6220783333333
 30
0.0
 10
203.7587647222222
 20
259.1728746296296
 30
0.0
 10
203.7587647222222
 20
258.7236709259259
 30
0.0
 10
203.7587647222222
 20
258.2744672222222
 30
0.0
  0
SPLINE
  5
34A
330
1F
100
AcDbEntity
  8
DEFAULT
 62
     1
100
AcDbSpline
210
0.0
220
0.0
230
1.0
 70
     8
 71
     3
 72
    59
 73
    55
 74
     0
 42
0.000000001
 43
0.0000000001
 40
0.0
 40
0.0
 40
0.0
 40
0.0
 40
3.830000000000041
 40
3.830000000000041
 40
3.830000000000041
 40
4.830000000000041
 40
4.830000000000041
 40
4.830000000000041
 40
5.830000000000041
 40
5.830000000000041
 40
5.830000000000041
 40
6.830000000000041
 40
6.830000000000041
 40
6.830000000000041
 40
7.830000000000041
 40
7.830000000000041
 40
7.830000000000041
 40
8.830000000000041
 40
8.830000000000041
 40
8.830000000000041
 40
9.830000000000041
 40
9.830000000000041
 40
9.830000000000041
 40
10.83000000000004
 40
10.83000000000004
 40
10.83000000000004
 40
11.83000000000004
 40
11.83000000000004
 40
11.83000000000004
 40
12.83000000000004
 40
12.83000000000004
 40
12.83000000000004
 40
13.83000000000004
 40
13.83000000000004
 40
13.83000000000004
 40
14.83000000000004
 40
14.83000000000004
 40
14.83000000000004
 40
15.83000000000004
 40
15.83000000000004
 40
15.83000000000004
 40
16.83000000000004
 40
16.83000000000004
 40
16.83000000000004
 40
17.83000000000004
 40
17.83000000000004
 40
17.83000000000004
 40
18.83000000000004
 40
18.83000000000004
 40
18.83000000000004
 40
19.83000000000004
 40
19.83000000000004
 40
19.83000000000004
 40
23.66000000000008
 40
23.66000000000008
 40
23.66000000000008
 40
23.66000000000008
 10
203.7622925
 20
257.9745708333333
 30
0.0
 10
203.7622925
 20
257.5241912037037
 30
0.0
 10
203.7622925
 20
257.0738115740741
 30
0.0
 10
203.7622925
 20
256.6234319444444
 30
0.0
 10
203.7622925
 20
256.6234319444444
 30
0.0
 10
201.1376258333333
 20
256.6199041666666
 30
0.0
 10
200.2627369444444
 20
256.6199041666666
 30
0.0
 10
200.0863480555555
 20
256.6199041666666
 30
0.0
 10
199.4795702777778
 20
256.7186819444444
 30
0.0
 10
198.5129591666666
 20
256.7186819444444
 30
0.0
 10
197.5463480555555
 20
256.7151541666666
 30
0.0
 10
196.7631813888889
 20
256.6728208333333
 30
0.0
 10
196.7631813888889
 20
256.6163763888889
 30
0.0
 10
196.7631813888889
 20
254.6161263888889
 30
0.0
 10
195.4437924999999
 20
252.7852097222222
 30
0.0
 10
201.0106258333333
 20
248.1990986111111
 30
0.0
 10
206.5774591666666
 20
243.6094597222222
 30
0.0
 10
205.0217091666667
 20
249.8606819444444
 30
0.0
 10
209.9852925
 20
254.2174875
 30
0.0
 10
214.0387091666666
 20
257.7734874999999
 30
0.0
 10
214.4055980555555
 20
257.2831263888888
 30
0.0
 10
211.2694036111111
 20
260.1935430555555
 30
0.0
 10
206.2423202777777
 20
264.8572652777777
 30
0.0
 10
206.7820702777777
 20
266.8010708333333
 30
0.0
 10
211.1071258333333
 20
270.7909875
 30
0.0
 10
213.7882369444444
 20
273.2639597222222
 30
0.0
 10
213.3507925
 20
273.1228486111111
 30
0.0
 10
210.9730702777778
 20
275.7792652777778
 30
0.0
 10
208.6129869444444
 20
278.4145152777778
 30
0.0
 10
203.7058480555555
 20
281.7306263888889
 30
0.0
 10
205.6249591666666
 20
284.2812097222222
 30
0.0
 10
207.8227647222222
 20
287.1951541666666
 30
0.0
 10
213.5412925
 20
283.7520430555555
 30
0.0
 10
204.6407091666666
 20
292.1128763888888
 30
0.0
 10
201.2505147222222
 20
295.2949319444444
 30
0.0
 10
197.2076813888888
 20
290.5394875
 30
0.0
 10
193.1436813888888
 20
291.0369041666667
 30
0.0
 10
186.9347925
 20
291.7989041666666
 30
0.0
 10
190.9635147222222
 20
288.6133208333333
 30
0.0
 10
193.7434036111111
 20
283.2828486111111
 30
0.0
 10
195.1121813888889
 20
280.6546541666666
 30
0.0
 10
196.7596536111111
 20
277.1974319444444
 30
0.0
 10
196.7631813888889
 20
274.6150986111111
 30
0.0
 10
196.7737647222222
 20
274.5551263888888
 30
0.0
 10
197.5498758333333
 20
274.5127930555555
 30
0.0
 10
198.5129591666666
 20
274.5163208333333
 30
0.0
 10
199.4760425
 20
274.5163208333333
 30
0.0
 10
200.0863480555555
 20
274.6186263888889
 30
0.0
 10
200.2592091666667
 20
274.6150986111111
 30
0.0
 10
201.1340980555555
 20
274.6150986111111
 30
0.0
 10
203.7622925
 20
274.6221541666666
 30
0.0
 10
203.7622925
 20
274.6221541666666
 30
0.0
 10
203.7622925
 20
274.171774537037
 30
0.0
 10
203.7622925
 20
273.7213949074074
 30
0.0
 10
203.7622925
 20
273.2710152777777
 30
0.0
  0
SPLINE
  5
34B
330
1F
100
AcDbEntity
  8
DEFAULT
 62
     3
100
AcDbSpline
210
0.0
220
0.0
230
1.0
 70
    11
 71
     3
 72
    14
 73
    10
 74
     0
 42
0.000000001
 43
0.0000000001
 40
0.0
 40
0.0
 40
0.0
 40
0.0
 40
1.0
 40
1.0
 40
1.0
 40
2.0
 40
2.0
 40
2.0
 40
3.0
 40
3.0
 40
3.0
 40
3.0
 10
182.6408872222222
 20
251.491115
 30
0.0
 10
182.580915
 20
252.6330566666666
 30
0.0
 10
182.92699
 20
252.95479
 30
0.0
 10
183.7147427777778
 20
253.4832511111111
 30
0.0
 10
185.0087316666666
 20
254.3514372222222
 30
0.0
 10
182.1896844444445
 20
253.8395566666667
 30
0.0
 10
181.2555288888889
 20
253.2811094444444
 30
0.0
 10
180.4684816666667
 20
252.8101511111111
 30
0.0
 10
182.6934511111111
 20
250.4931066666666
 30
0.0
 10
182.6408872222222
 20
251.491115
 30
0.0
  0
SPLINE
  5
34C
330
1F
100
AcDbEntity
  8
DEFAULT
 62
     3
100
AcDbSpline
210
0.0
220
0.0
230
1.0
 70
    11
 71
     3
 72
    14
 73
    10
 74
     0
 42
0.000000001
 43
0.0000000001
 40
0.0
 40
0.0
 40
0.0
 40
0.0
 40
1.0
 40
1.0
 40
1.0
 40
2.0
 40
2.0
 40
2.0
 40
3.0
 40
3.0
 40
3.0
 40
3.0
 10
182.8005191666667
 20
264.4401761111111
 30
0.0
 10
182.1817469444444
 20
265.4018483333333
 30
0.0
 10
182.2519497222222
 20
266.0276761111111
 30
0.0
 10
182.8005191666667
 20
266.8013177777777
 30
0.0
 10
183.3857775
 20
267.626465
 30
0.0
 10
180.8045025
 20
266.9925233333333
 30
0.0
 10
180.8045025
 20
265.6205705555556
 30
0.0
 10
180.8045025
 20
264.1300844444444
 30
0.0
 10
183.3413275
 20
263.5998594444445
 30
0.0
 10
182.8005191666667
 20
264.4401761111111
 30
0.0
  0
SPLINE
  5
34D
330
1F
100
AcDbEntity
  8
DEFAULT
 62
     3
100
AcDbSpline
210
0.0
220
0.0
230
1.0
 70
    11
 71
     3
 72
    26
 73
    22
 74
     0
 42
0.000000001
 43
0.0000000001
 40
0.0
 40
0.0
 40
0.0
 40
0.0
 40
1.0
 40
1.0
 40
1.0
 40
2.0
 40
2.0
 40
2.0
 40
3.0
 40
3.0
 40
3.0
 40
4.0
 40
4.0
 40
4.0
 40
5.0
 40
5.0
 40
5.0
 40
6.0
 40
6.0
 40
6.0
 40
7.0
 40
7.0
 40
7.0
 40
7.0
 10
180.7449536111111
 20
281.4980047222222
 30
0.0
 10
182.3412730555555
 20
279.3665213888888
 30
0.0
 10
182.4231175
 20
279.3813380555555
 30
0.0
 10
181.4268730555555
 20
279.5679575
 30
0.0
 10
180.4309813888889
 20
279.7549297222222
 30
0.0
 10
179.8291425
 20
280.3151408333333
 30
0.0
 10
178.4801202777778
 20
283.1165491666666
 30
0.0
 10
177.1314508333333
 20
285.9179574999999
 30
0.0
 10
175.5749952777778
 20
286.9762908333333
 30
0.0
 10
177.3801591666666
 20
286.6651408333333
 30
0.0
 10
179.1856758333333
 20
286.3539908333333
 30
0.0
 10
179.8083286111111
 20
287.2877936111111
 30
0.0
 10
180.4930702777777
 20
287.9725352777778
 30
0.0
 10
181.1778119444444
 20
288.6572769444444
 30
0.0
 10
181.2402536111111
 20
288.7818075
 30
0.0
 10
182.4852063888889
 20
288.1591547222222
 30
0.0
 10
183.7305119444444
 20
287.5368547222222
 30
0.0
 10
179.9949480555555
 20
287.0387325
 30
0.0
 10
179.6213563888889
 20
285.4822769444444
 30
0.0
 10
179.2481175
 20
283.9258213888888
 30
0.0
 10
179.5747897222222
 20
283.0608102777777
 30
0.0
 10
180.7449536111111
 20
281.4980047222222
 30
0.0
  0
SPLINE
  5
34E
330
1F
100
AcDbEntity
  8
DEFAULT
 62
     5
100
AcDbSpline
210
0.0
220
0.0
230
1.0
 70
    11
 71
     3
 72
    20
 73
    16
 74
     0
 42
0.000000001
 43
0.0000000001
 40
0.0
 40
0.0
 40
0.0
 40
0.0
 40
1.0
 40
1.0
 40
1.0
 40
2.0
 40
2.0
 40
2.0
 40
3.0
 40
3.0
 40
3.0
 40
4.0
 40
4.0
 40
4.0
 40
5.0
 40
5.0
 40
5.0
 40
5.0
 10
185.7229655555555
 20
262.8837911111111
 30
0.0
 10
183.6892016666667
 20
264.5901772222222
 30
0.0
 10
183.9590766666666
 20
266.7696383333333
 30
0.0
 10
185.4739044444444
 20
267.9888383333333
 30
0.0
 10
187.3411572222222
 20
269.4913188888889
 30
0.0
 10
186.3166905555555
 20
269.9523994444444
 30
0.0
 10
183.6228794444444
 20
269.1572383333333
 30
0.0
 10
180.9290683333333
 20
268.3620772222222
 30
0.0
 10
179.5063155555555
 20
268.67358
 30
0.0
 10
179.5063155555555
 20
265.7476411111111
 30
0.0
 10
179.5063155555555
 20
262.7592605555556
 30
0.0
 10
180.7893683333333
 20
262.63473
 30
0.0
 10
183.0069294444444
 20
262.0120772222222
 30
0.0
 10
185.2244905555555
 20
261.3897772222222
 30
0.0
 10
187.6523072222222
 20
261.2652466666667
 30
0.0
 10
185.7229655555555
 20
262.8837911111111
 30
0.0
  0
SPLINE
  5
34F
330
1F
100
AcDbEntity
  8
DEFAULT
 62
     5
100
AcDbSpline
210
0.0
220
0.0
230
1.0
 70
    11
 71
     3
 72
    14
 73
    10
 74
     0
 42
0.000000001
 43
0.0000000001
 40
0.0
 40
0.0
 40
0.0
 40
0.0
 40
1.0
 40
1.0
 40
1.0
 40
2.0
 40
2.0
 40
2.0
 40
3.0
 40
3.0
 40
3.0
 40
3.0
 10
181.92496
 20
250.0592958333333
 30
0.0
 10
180.1307322222222
 20
251.9621791666667
 30
0.0
 10
178.0652183333333
 20
253.9814791666667
 30
0.0
 10
180.804185
 20
254.4792486111111
 30
0.0
 10
183.5435044444444
 20
254.9773708333333
 30
0.0
 10
188.7730822222222
 20
255.6367125
 30
0.0
 10
185.9092322222222
 20
253.7945069444444
 30
0.0
 10
182.4597711111111
 20
251.5758875
 30
0.0
 10
184.1414627777778
 20
247.7083847222222
 30
0.0
 10
181.92496
 20
250.0592958333333
 30
0.0
  0
SPLINE
  5
350
330
1F
100
AcDbEntity
  8
DEFAULT
 62
     5
100
AcDbSpline
210
0.0
220
0.0
230
1.0
 70
    11
 71
     3
 72
    20
 73
    16
 74
     0
 42
0.000000001
 43
0.0000000001
 40
0.0
 40
0.0
 40
0.0
 40
0.0
 40
1.0
 40
1.0
 40
1.0
 40
2.0
 40
2.0
 40
2.0
 40
3.0
 40
3.0
 40
3.0
 40
4.0
 40
4.0
 40
4.0
 40
5.0
 40
5.0
 40
5.0
 40
5.0
 10
184.5834580555556
 20
288.6089816666666
 30
0.0
 10
187.4832913888889
 20
285.4452705555556
 30
0.0
 10
178.1897136111111
 20
287.7235094444444
 30
0.0
 10
181.4296247222222
 20
282.8675233333333
 30
0.0
 10
184.7397386111111
 20
277.9067622222222
 30
0.0
 10
188.3165525
 20
276.0610288888889
 30
0.0
 10
182.0420469444445
 20
277.47214
 30
0.0
 10
178.4931025
 20
278.2704761111111
 30
0.0
 10
179.7472275
 20
277.0646816666666
 30
0.0
 10
177.4425302777778
 20
281.8716316666666
 30
0.0
 10
174.2788191666667
 20
288.4706927777777
 30
0.0
 10
171.7772719444444
 20
289.0309038888889
 30
0.0
 10
176.5711691666667
 20
288.3461622222222
 30
0.0
 10
180.4954691666667
 20
287.7852455555555
 30
0.0
 10
180.5014663888889
 20
293.0628011111111
 30
0.0
 10
184.5834580555556
 20
288.6089816666666
 30
0.0
  0
POLYLINE
  5
351
330
1F
100
AcDbEntity
  8
DEFAULT
 62
   250
100
AcDb2dPolyline
 66
     1
 10
0.0
 20
0.0
 30
0.0
  0
VERTEX
  5
352
330
351
100
AcDbEntity
  8
DEFAULT
 62
   250
100
AcDbVertex
100
AcDb2dVertex
 10
185.5869697222222
 20
272.5628491666666
 30
0.0
  0
VERTEX
  5
353
330
351
100
AcDbEntity
  8
DEFAULT
 62
   250
100
AcDbVertex
100
AcDb2dVertex
 10
185.5869697222222
 20
273.6691602777777
 30
0.0
  0
VERTEX
  5
354
330
351
100
AcDbEntity
  8
DEFAULT
 62
   250
100
AcDbVertex
100
AcDb2dVertex
 10
186.9776197222222
 20
272.5628491666666
 30
0.0
  0
VERTEX
  5
355
330
351
100
AcDbEntity
  8
DEFAULT
 62
   250
100
AcDbVertex
100
AcDb2dVertex
 10
186.9776197222222
 20
273.6811547222222
 30
0.0
  0
SEQEND
  5
356
330
351
100
AcDbEntity
  8
DEFAULT
 62
   250
  0
POLYLINE
  5
357
330
1F
100
AcDbEntity
  8
DEFAULT
 62
   250
100
AcDb2dPolyline
 66
     1
 10
0.0
 20
0.0
 30
0.0
  0
VERTEX
  5
358
330
357
100
AcDbEntity
  8
DEFAULT
 62
   250
100
AcDbVertex
100
AcDb2dVertex
 10
185.5888041666666
 20
257.5644313888889
 30
0.0
  0
VERTEX
  5
359
330
357
100
AcDbEntity
  8
DEFAULT
 62
   250
100
AcDbVertex
100
AcDb2dVertex
 10
185.5888041666666
 20
258.6707425
 30
0.0
  0
VERTEX
  5
35A
330
357
100
AcDbEntity
  8
DEFAULT
 62
   250
100
AcDbVertex
100
AcDb2dVertex
 10
186.9794541666666
 20
257.5644313888889
 30
0.0
  0
VERTEX
  5
35B
330
357
100
AcDbEntity
  8
DEFAULT
 62
   250
100
AcDbVertex
100
AcDb2dVertex
 10
186.9794541666666
 20
258.6827369444444
 30
0.0
  0
SEQEND
  5
35C
330
357
100
AcDbEntity
  8
DEFAULT
 62
   250
  0
SPLINE
  5
35D
330
1F
100
AcDbEntity
  8
DEFAULT
 62
     1
100
AcDbSpline
210
0.0
220
0.0
230
1.0
 70
     8
 71
     3
 72
    35
 73
    31
 74
     0
 42
0.000000001
 43
0.0000000001
 40
0.0
 40
0.0
 40
0.0
 40
0.0
 40
3.82000000000005
 40
3.82000000000005
 40
3.82000000000005
 40
4.82000000000005
 40
4.82000000000005
 40
4.82000000000005
 40
5.82000000000005
 40
5.82000000000005
 40
5.82000000000005
 40
6.82000000000005
 40
6.82000000000005
 40
6.82000000000005
 40
7.82000000000005
 40
7.82000000000005
 40
7.82000000000005
 40
8.82000000000005
 40
8.82000000000005
 40
8.82000000000005
 40
9.82000000000005
 40
9.82000000000005
 40
9.82000000000005
 40
10.82000000000005
 40
10.82000000000005
 40
10.82000000000005
 40
11.82000000000005
 40
11.82000000000005
 40
11.82000000000005
 40
15.63999999999999
 40
15.63999999999999
 40
15.63999999999999
 40
15.63999999999999
 10
183.5802638888889
 20
272.9711894444444
 30
0.0
 10
183.5802638888889
 20
272.5219857407407
 30
0.0
 10
183.5802638888889
 20
272.072782037037
 30
0.0
 10
183.5802638888889
 20
271.6235783333333
 30
0.0
 10
183.5802638888889
 20
271.6235783333333
 30
0.0
 10
180.9555972222222
 20
271.6165227777777
 30
0.0
 10
180.0771805555555
 20
271.6165227777777
 30
0.0
 10
179.9043194444444
 20
271.6165227777777
 30
0.0
 10
179.2940138888889
 20
271.7153005555556
 30
0.0
 10
178.3274027777778
 20
271.7153005555556
 30
0.0
 10
177.3607916666666
 20
271.7153005555556
 30
0.0
 10
176.577625
 20
271.6694394444444
 30
0.0
 10
176.577625
 20
271.6165227777777
 30
0.0
 10
176.5811527777778
 20
269.5633561111111
 30
0.0
 10
177.2584861111111
 20
267.6301338888889
 30
0.0
 10
177.085625
 20
265.0689672222222
 30
0.0
 10
176.9727361111111
 20
263.3968005555556
 30
0.0
 10
176.6305416666667
 20
262.500745
 30
0.0
 10
176.5740972222222
 20
259.6150227777778
 30
0.0
 10
176.5882083333333
 20
259.5621061111111
 30
0.0
 10
177.3643194444444
 20
259.5197727777777
 30
0.0
 10
178.323875
 20
259.5197727777777
 30
0.0
 10
179.2940138888889
 20
259.5197727777777
 30
0.0
 10
179.9007916666666
 20
259.6185505555555
 30
0.0
 10
180.0736527777778
 20
259.6185505555555
 30
0.0
 10
180.9485416666666
 20
259.6220783333333
 30
0.0
 10
183.5732083333333
 20
259.6220783333333
 30
0.0
 10
183.5732083333333
 20
259.6220783333333
 30
0.0
 10
183.5732083333333
 20
259.1728746296296
 30
0.0
 10
183.5732083333333
 20
258.7236709259259
 30
0.0
 10
183.5732083333333
 20
258.2744672222222
 30
0.0
  0
SPLINE
  5
35E
330
1F
100
AcDbEntity
  8
DEFAULT
 62
     1
100
AcDbSpline
210
0.0
220
0.0
230
1.0
 70
     8
 71
     3
 72
    59
 73
    55
 74
     0
 42
0.000000001
 43
0.0000000001
 40
0.0
 40
0.0
 40
0.0
 40
0.0
 40
3.830000000000041
 40
3.830000000000041
 40
3.830000000000041
 40
4.830000000000041
 40
4.830000000000041
 40
4.830000000000041
 40
5.830000000000041
 40
5.830000000000041
 40
5.830000000000041
 40
6.830000000000041
 40
6.830000000000041
 40
6.830000000000041
 40
7.830000000000041
 40
7.830000000000041
 40
7.830000000000041
 40
8.830000000000041
 40
8.830000000000041
 40
8.830000000000041
 40
9.830000000000041
 40
9.830000000000041
 40
9.830000000000041
 40
10.83000000000004
 40
10.83000000000004
 40
10.83000000000004
 40
11.83000000000004
 40
11.83000000000004
 40
11.83000000000004
 40
12.83000000000004
 40
12.83000000000004
 40
12.83000000000004
 40
13.83000000000004
 40
13.83000000000004
 40
13.83000000000004
 40
14.83000000000004
 40
14.83000000000004
 40
14.83000000000004
 40
15.83000000000004
 40
15.83000000000004
 40
15.83000000000004
 40
16.83000000000004
 40
16.83000000000004
 40
16.83000000000004
 40
17.83000000000004
 40
17.83000000000004
 40
17.83000000000004
 40
18.83000000000004
 40
18.83000000000004
 40
18.83000000000004
 40
19.83000000000004
 40
19.83000000000004
 40
19.83000000000004
 40
23.66000000000008
 40
23.66000000000008
 40
23.66000000000008
 40
23.66000000000008
 10
183.5767361111111
 20
257.9745708333333
 30
0.0
 10
183.5767361111111
 20
257.5241912037037
 30
0.0
 10
183.5767361111111
 20
257.0738115740741
 30
0.0
 10
183.5767361111111
 20
256.6234319444444
 30
0.0
 10
183.5767361111111
 20
256.6234319444444
 30
0.0
 10
180.9520694444444
 20
256.6199041666666
 30
0.0
 10
180.0771805555555
 20
256.6199041666666
 30
0.0
 10
179.9007916666666
 20
256.6199041666666
 30
0.0
 10
179.2940138888889
 20
256.7186819444444
 30
0.0
 10
178.3274027777778
 20
256.7186819444444
 30
0.0
 10
177.3607916666666
 20
256.7151541666666
 30
0.0
 10
176.577625
 20
256.6728208333333
 30
0.0
 10
176.577625
 20
256.6163763888889
 30
0.0
 10
176.577625
 20
254.6161263888889
 30
0.0
 10
175.2582361111111
 20
252.7852097222222
 30
0.0
 10
180.8250694444444
 20
248.1990986111111
 30
0.0
 10
186.3919027777778
 20
243.6094597222222
 30
0.0
 10
184.8361527777778
 20
249.8606819444444
 30
0.0
 10
189.7997361111111
 20
254.2174875
 30
0.0
 10
193.8531527777778
 20
257.7734874999999
 30
0.0
 10
194.2200416666666
 20
257.2831263888888
 30
0.0
 10
191.0838472222222
 20
260.1935430555555
 30
0.0
 10
186.0567638888889
 20
264.8572652777777
 30
0.0
 10
186.5965138888889
 20
266.8010708333333
 30
0.0
 10
190.9215694444445
 20
270.7909875
 30
0.0
 10
193.6026805555555
 20
273.2639597222222
 30
0.0
 10
193.1652361111111
 20
273.1228486111111
 30
0.0
 10
190.7875138888889
 20
275.7792652777778
 30
0.0
 10
188.4274305555555
 20
278.4145152777778
 30
0.0
 10
183.5202916666667
 20
281.7306263888889
 30
0.0
 10
185.4394027777778
 20
284.2812097222222
 30
0.0
 10
187.6372083333333
 20
287.1951541666666
 30
0.0
 10
193.3557361111111
 20
283.7520430555555
 30
0.0
 10
184.4551527777778
 20
292.1128763888888
 30
0.0
 10
181.0649583333333
 20
295.2949319444444
 30
0.0
 10
177.022125
 20
290.5394875
 30
0.0
 10
172.958125
 20
291.0369041666667
 30
0.0
 10
166.7492361111111
 20
291.7989041666666
 30
0.0
 10
170.7779583333333
 20
288.6133208333333
 30
0.0
 10
173.5578472222222
 20
283.2828486111111
 30
0.0
 10
174.926625
 20
280.6546541666666
 30
0.0
 10
176.5740972222222
 20
277.1974319444444
 30
0.0
 10
176.577625
 20
274.6150986111111
 30
0.0
 10
176.5882083333333
 20
274.5551263888888
 30
0.0
 10
177.3643194444444
 20
274.5127930555555
 30
0.0
 10
178.3274027777778
 20
274.5163208333333
 30
0.0
 10
179.2904861111111
 20
274.5163208333333
 30
0.0
 10
179.9007916666666
 20
274.6186263888889
 30
0.0
 10
180.0736527777778
 20
274.6150986111111
 30
0.0
 10
180.9485416666666
 20
274.6150986111111
 30
0.0
 10
183.5767361111111
 20
274.6221541666666
 30
0.0
 10
183.5767361111111
 20
274.6221541666666
 30
0.0
 10
183.5767361111111
 20
274.171774537037
 30
0.0
 10
183.5767361111111
 20
273.7213949074074
 30
0.0
 10
183.5767361111111
 20
273.2710152777777
 30
0.0
  0
POLYLINE
  5
35F
330
1F
100
AcDbEntity
  8
DEFAULT
 62
   250
100
AcDb2dPolyline
 66
     1
 10
0.0
 20
0.0
 30
0.0
  0
VERTEX
  5
360
330
35F
100
AcDbEntity
  8
DEFAULT
 62
   250
100
AcDbVertex
100
AcDb2dVertex
 10
12.28594472222222
 20
223.4343808333333
 30
0.0
  0
VERTEX
  5
361
330
35F
100
AcDbEntity
  8
DEFAULT
 62
   250
100
AcDbVertex
100
AcDb2dVertex
 10
12.28594472222222
 20
224.5406919444444
 30
0.0
  0
VERTEX
  5
362
330
35F
100
AcDbEntity
  8
DEFAULT
 62
   250
100
AcDbVertex
100
AcDb2dVertex
 10
13.67659472222222
 20
223.4343808333333
 30
0.0
  0
VERTEX
  5
363
330
35F
100
AcDbEntity
  8
DEFAULT
 62
   250
100
AcDbVertex
100
AcDb2dVertex
 10
13.67659472222222
 20
224.5526863888888
 30
0.0
  0
SEQEND
  5
364
330
35F
100
AcDbEntity
  8
DEFAULT
 62
   250
  0
POLYLINE
  5
365
330
1F
100
AcDbEntity
  8
DEFAULT
 62
   250
100
AcDb2dPolyline
 66
     1
 10
0.0
 20
0.0
 30
0.0
  0
VERTEX
  5
366
330
365
100
AcDbEntity
  8
DEFAULT
 62
   250
100
AcDbVertex
100
AcDb2dVertex
 10
12.28777916666666
 20
208.4359277777777
 30
0.0
  0
VERTEX
  5
367
330
365
100
AcDbEntity
  8
DEFAULT
 62
   250
100
AcDbVertex
100
AcDb2dVertex
 10
12.28777916666666
 20
209.5422388888888
 30
0.0
  0
VERTEX
  5
368
330
365
100
AcDbEntity
  8
DEFAULT
 62
   250
100
AcDbVertex
100
AcDb2dVertex
 10
13.67842916666667
 20
208.4359277777777
 30
0.0
  0
VERTEX
  5
369
330
365
100
AcDbEntity
  8
DEFAULT
 62
   250
100
AcDbVertex
100
AcDb2dVertex
 10
13.67842916666667
 20
209.5542333333333
 30
0.0
  0
SEQEND
  5
36A
330
365
100
AcDbEntity
  8
DEFAULT
 62
   250
  0
SPLINE
  5
36B
330
1F
100
AcDbEntity
  8
DEFAULT
 62
     3
100
AcDbSpline
210
0.0
220
0.0
230
1.0
 70
    11
 71
     3
 72
    14
 73
    10
 74
     0
 42
0.000000001
 43
0.0000000001
 40
0.0
 40
0.0
 40
0.0
 40
0.0
 40
1.0
 40
1.0
 40
1.0
 40
2.0
 40
2.0
 40
2.0
 40
3.0
 40
3.0
 40
3.0
 40
3.0
 10
16.62546416666666
 20
202.3625761111111
 30
0.0
 10
16.68543638888889
 20
203.5045177777777
 30
0.0
 10
16.33936138888889
 20
203.8262511111111
 30
0.0
 10
15.55160861111111
 20
204.3547122222222
 30
0.0
 10
14.25761972222222
 20
205.2228983333333
 30
0.0
 10
17.07666694444444
 20
204.7110177777778
 30
0.0
 10
18.01046972222222
 20
204.1525705555555
 30
0.0
 10
18.79786972222222
 20
203.6816122222222
 30
0.0
 10
16.57290027777778
 20
201.3645677777778
 30
0.0
 10
16.62546416666666
 20
202.3625761111111
 30
0.0
  0
SPLINE
  5
36C
330
1F
100
AcDbEntity
  8
DEFAULT
 62
     3
100
AcDbSpline
210
0.0
220
0.0
230
1.0
 70
    11
 71
     3
 72
    14
 73
    10
 74
     0
 42
0.000000001
 43
0.0000000001
 40
0.0
 40
0.0
 40
0.0
 40
0.0
 40
1.0
 40
1.0
 40
1.0
 40
2.0
 40
2.0
 40
2.0
 40
3.0
 40
3.0
 40
3.0
 40
3.0
 10
16.46583222222222
 20
215.3116019444444
 30
0.0
 10
17.08460444444444
 20
216.2732741666666
 30
0.0
 10
17.01440166666666
 20
216.8991019444444
 30
0.0
 10
16.46583222222222
 20
217.6727436111111
 30
0.0
 10
15.88057388888889
 20
218.4978908333333
 30
0.0
 10
18.46184888888889
 20
217.8639491666666
 30
0.0
 10
18.46184888888889
 20
216.4923491666666
 30
0.0
 10
18.46184888888889
 20
215.0015102777778
 30
0.0
 10
15.92502388888889
 20
214.4712852777778
 30
0.0
 10
16.46583222222222
 20
215.3116019444444
 30
0.0
  0
SPLINE
  5
36D
330
1F
100
AcDbEntity
  8
DEFAULT
 62
     3
100
AcDbSpline
210
0.0
220
0.0
230
1.0
 70
    11
 71
     3
 72
    26
 73
    22
 74
     0
 42
0.000000001
 43
0.0000000001
 40
0.0
 40
0.0
 40
0.0
 40
0.0
 40
1.0
 40
1.0
 40
1.0
 40
2.0
 40
2.0
 40
2.0
 40
3.0
 40
3.0
 40
3.0
 40
4.0
 40
4.0
 40
4.0
 40
5.0
 40
5.0
 40
5.0
 40
6.0
 40
6.0
 40
6.0
 40
7.0
 40
7.0
 40
7.0
 40
7.0
 10
18.52139777777778
 20
232.3694658333333
 30
0.0
 10
16.92507833333334
 20
230.2379825
 30
0.0
 10
16.84323388888889
 20
230.2527991666666
 30
0.0
 10
17.83947833333333
 20
230.4394186111111
 30
0.0
 10
18.83537
 20
230.6263908333333
 30
0.0
 10
19.43720888888889
 20
231.1866019444444
 30
0.0
 10
20.78623111111111
 20
233.9880102777778
 30
0.0
 10
22.13490055555556
 20
236.7894186111111
 30
0.0
 10
23.69135611111111
 20
237.8477519444444
 30
0.0
 10
21.88619222222222
 20
237.5366019444444
 30
0.0
 10
20.08067555555555
 20
237.2254519444444
 30
0.0
 10
19.45802277777778
 20
238.1592547222222
 30
0.0
 10
18.77328111111111
 20
238.8439963888889
 30
0.0
 10
18.08853944444445
 20
239.5287380555556
 30
0.0
 10
18.02609777777777
 20
239.6532686111111
 30
0.0
 10
16.781145
 20
239.0306158333333
 30
0.0
 10
15.53619222222222
 20
238.4083158333333
 30
0.0
 10
19.27140333333333
 20
237.9101936111111
 30
0.0
 10
19.64464222222222
 20
236.3537380555555
 30
0.0
 10
20.01823388888889
 20
234.7972825
 30
0.0
 10
19.69156166666667
 20
233.9322713888889
 30
0.0
 10
18.52139777777778
 20
232.3694658333333
 30
0.0
  0
SPLINE
  5
36E
330
1F
100
AcDbEntity
  8
DEFAULT
 62
     5
100
AcDbSpline
210
0.0
220
0.0
230
1.0
 70
    11
 71
     3
 72
    20
 73
    16
 74
     0
 42
0.000000001
 43
0.0000000001
 40
0.0
 40
0.0
 40
0.0
 40
0.0
 40
1.0
 40
1.0
 40
1.0
 40
2.0
 40
2.0
 40
2.0
 40
3.0
 40
3.0
 40
3.0
 40
4.0
 40
4.0
 40
4.0
 40
5.0
 40
5.0
 40
5.0
 40
5.0
 10
13.54338583333333
 20
213.7552169444444
 30
0.0
 10
15.57714972222222
 20
215.4616030555555
 30
0.0
 10
15.30727472222222
 20
217.6410641666666
 30
0.0
 10
13.79244694444444
 20
218.8602641666666
 30
0.0
 10
11.92519416666667
 20
220.3627447222222
 30
0.0
 10
12.94966083333333
 20
220.8238252777778
 30
0.0
 10
15.64347194444444
 20
220.0286641666667
 30
0.0
 10
18.33763583333333
 20
219.2335030555555
 30
0.0
 10
19.76003583333333
 20
219.5450058333333
 30
0.0
 10
19.76003583333333
 20
216.6190669444445
 30
0.0
 10
19.76003583333333
 20
213.6306863888889
 30
0.0
 10
18.47698305555555
 20
213.5061558333333
 30
0.0
 10
16.25942194444444
 20
212.8835030555555
 30
0.0
 10
14.04186083333333
 20
212.2612030555555
 30
0.0
 10
11.61404416666667
 20
212.1366725
 30
0.0
 10
13.54338583333333
 20
213.7552169444444
 30
0.0
  0
SPLINE
  5
36F
330
1F
100
AcDbEntity
  8
DEFAULT
 62
     5
100
AcDbSpline
210
0.0
220
0.0
230
1.0
 70
    11
 71
     3
 72
    14
 73
    10
 74
     0
 42
0.000000001
 43
0.0000000001
 40
0.0
 40
0.0
 40
0.0
 40
0.0
 40
1.0
 40
1.0
 40
1.0
 40
2.0
 40
2.0
 40
2.0
 40
3.0
 40
3.0
 40
3.0
 40
3.0
 10
17.34139138888889
 20
200.9307216666666
 30
0.0
 10
19.13561916666666
 20
202.833605
 30
0.0
 10
21.20113305555556
 20
204.852905
 30
0.0
 10
18.46181361111111
 20
205.3506744444444
 30
0.0
 10
15.72284694444444
 20
205.8487966666667
 30
0.0
 10
10.49326916666667
 20
206.5081383333333
 30
0.0
 10
13.35711916666667
 20
204.6659327777778
 30
0.0
 10
16.80658027777778
 20
202.4473133333333
 30
0.0
 10
15.12488861111111
 20
198.5798105555556
 30
0.0
 10
17.34139138888889
 20
200.9307216666666
 30
0.0
  0
SPLINE
  5
370
330
1F
100
AcDbEntity
  8
DEFAULT
 62
     5
100
AcDbSpline
210
0.0
220
0.0
230
1.0
 70
    11
 71
     3
 72
    20
 73
    16
 74
     0
 42
0.000000001
 43
0.0000000001
 40
0.0
 40
0.0
 40
0.0
 40
0.0
 40
1.0
 40
1.0
 40
1.0
 40
2.0
 40
2.0
 40
2.0
 40
3.0
 40
3.0
 40
3.0
 40
4.0
 40
4.0
 40
4.0
 40
5.0
 40
5.0
 40
5.0
 40
5.0
 10
14.68289333333333
 20
239.4804427777778
 30
0.0
 10
11.78306
 20
236.3167316666667
 30
0.0
 10
21.07663777777778
 20
238.5949705555556
 30
0.0
 10
17.83672666666666
 20
233.7389844444444
 30
0.0
 10
14.52661277777778
 20
228.7782233333333
 30
0.0
 10
10.94979888888889
 20
226.93249
 30
0.0
 10
17.22430444444445
 20
228.3436011111111
 30
0.0
 10
20.77324888888889
 20
229.1419372222222
 30
0.0
 10
19.51912388888889
 20
227.9361427777777
 30
0.0
 10
21.82382111111111
 20
232.7430927777778
 30
0.0
 10
24.98753222222222
 20
239.3421538888889
 30
0.0
 10
27.48907944444444
 20
239.902365
 30
0.0
 10
22.69518222222222
 20
239.2176233333333
 30
0.0
 10
18.77088222222222
 20
238.6567066666667
 30
0.0
 10
18.764885
 20
243.9342622222222
 30
0.0
 10
14.68289333333333
 20
239.4804427777778
 30
0.0
  0
SPLINE
  5
371
330
1F
100
AcDbEntity
  8
DEFAULT
 62
     1
100
AcDbSpline
210
0.0
220
0.0
230
1.0
 70
     8
 71
     3
 72
    59
 73
    55
 74
     0
 42
0.000000001
 43
0.0000000001
 40
0.0
 40
0.0
 40
0.0
 40
0.0
 40
3.830000000000041
 40
3.830000000000041
 40
3.830000000000041
 40
4.830000000000041
 40
4.830000000000041
 40
4.830000000000041
 40
5.830000000000041
 40
5.830000000000041
 40
5.830000000000041
 40
6.830000000000041
 40
6.830000000000041
 40
6.830000000000041
 40
7.830000000000041
 40
7.830000000000041
 40
7.830000000000041
 40
8.830000000000041
 40
8.830000000000041
 40
8.830000000000041
 40
9.830000000000041
 40
9.830000000000041
 40
9.830000000000041
 40
10.83000000000004
 40
10.83000000000004
 40
10.83000000000004
 40
11.83000000000004
 40
11.83000000000004
 40
11.83000000000004
 40
12.83000000000004
 40
12.83000000000004
 40
12.83000000000004
 40
13.83000000000004
 40
13.83000000000004
 40
13.83000000000004
 40
14.83000000000004
 40
14.83000000000004
 40
14.83000000000004
 40
15.83000000000004
 40
15.83000000000004
 40
15.83000000000004
 40
16.83000000000004
 40
16.83000000000004
 40
16.83000000000004
 40
17.83000000000004
 40
17.83000000000004
 40
17.83000000000004
 40
18.83000000000004
 40
18.83000000000004
 40
18.83000000000004
 40
19.83000000000004
 40
19.83000000000004
 40
19.83000000000004
 40
23.65999999999997
 40
23.65999999999997
 40
23.65999999999997
 40
23.65999999999997
 10
15.69032083333333
 20
208.8461377777778
 30
0.0
 10
15.69032083333333
 20
208.3957581481482
 30
0.0
 10
15.69032083333333
 20
207.9453785185185
 30
0.0
 10
15.69032083333333
 20
207.4949988888889
 30
0.0
 10
15.69032083333333
 20
207.4949988888889
 30
0.0
 10
18.31145972222222
 20
207.4914711111111
 30
0.0
 10
19.18634861111111
 20
207.4914711111111
 30
0.0
 10
19.3627375
 20
207.4914711111111
 30
0.0
 10
19.97304305555555
 20
207.5902488888889
 30
0.0
 10
20.93612638888889
 20
207.5902488888889
 30
0.0
 10
21.90626527777778
 20
207.5867211111111
 30
0.0
 10
22.68590416666666
 20
207.5443877777778
 30
0.0
 10
22.68943194444444
 20
207.4879433333333
 30
0.0
 10
22.68590416666666
 20
205.4876933333333
 30
0.0
 10
24.00882083333333
 20
203.6567766666666
 30
0.0
 10
18.43845972222222
 20
199.0706655555555
 30
0.0
 10
12.87515416666666
 20
194.4810266666667
 30
0.0
 10
14.43090416666667
 20
200.7322488888889
 30
0.0
 10
9.463793055555556
 20
205.0890544444445
 30
0.0
 10
5.413904166666667
 20
208.6450544444444
 30
0.0
 10
5.047015277777777
 20
208.1546933333333
 30
0.0
 10
8.183209722222221
 20
211.06511
 30
0.0
 10
13.21029305555555
 20
215.7288322222222
 30
0.0
 10
12.66701527777778
 20
217.6726377777778
 30
0.0
 10
8.341959722222223
 20
221.6625544444445
 30
0.0
 10
5.660848611111112
 20
224.1355266666667
 30
0.0
 10
6.098293055555555
 20
223.9944155555555
 30
0.0
 10
8.479543055555554
 20
226.6508322222222
 30
0.0
 10
10.83962638888889
 20
229.2860822222222
 30
0.0
 10
15.7432375
 20
232.6021933333333
 30
0.0
 10
13.82412638888889
 20
235.1527766666667
 30
0.0
 10
11.62632083333333
 20
238.0667211111111
 30
0.0
 10
5.907793055555556
 20
234.62361
 30
0.0
 10
14.80837638888889
 20
242.9844433333333
 30
0.0
 10
18.19857083333333
 20
246.1664988888889
 30
0.0
 10
22.24493194444444
 20
241.4110544444445
 30
0.0
 10
26.30540416666667
 20
241.9084711111111
 30
0.0
 10
32.51782083333333
 20
242.6704711111111
 30
0.0
 10
28.48557083333333
 20
239.4848877777778
 30
0.0
 10
25.70568194444444
 20
234.1544155555555
 30
0.0
 10
24.34043194444444
 20
231.5262211111111
 30
0.0
 10
22.68943194444444
 20
228.0689988888889
 30
0.0
 10
22.68943194444444
 20
225.4866655555555
 30
0.0
 10
22.67532083333333
 20
225.4266933333333
 30
0.0
 10
21.89920972222222
 20
225.38436
 30
0.0
 10
20.93965416666667
 20
225.3878877777778
 30
0.0
 10
19.97304305555555
 20
225.3878877777778
 30
0.0
 10
19.3627375
 20
225.4901933333333
 30
0.0
 10
19.18987638888889
 20
225.4866655555555
 30
0.0
 10
18.3149875
 20
225.4866655555555
 30
0.0
 10
15.69032083333333
 20
225.4937211111111
 30
0.0
 10
15.69032083333333
 20
225.4937211111111
 30
0.0
 10
15.69032083333333
 20
225.0433414814815
 30
0.0
 10
15.69032083333333
 20
224.5929618518518
 30
0.0
 10
15.69032083333333
 20
224.1425822222222
 30
0.0
  0
SPLINE
  5
372
330
1F
100
AcDbEntity
  8
DEFAULT
 62
     1
100
AcDbSpline
210
0.0
220
0.0
230
1.0
 70
     8
 71
     3
 72
    35
 73
    31
 74
     0
 42
0.000000001
 43
0.0000000001
 40
0.0
 40
0.0
 40
0.0
 40
0.0
 40
3.82000000000005
 40
3.82000000000005
 40
3.82000000000005
 40
4.82000000000005
 40
4.82000000000005
 40
4.82000000000005
 40
5.82000000000005
 40
5.82000000000005
 40
5.82000000000005
 40
6.82000000000005
 40
6.82000000000005
 40
6.82000000000005
 40
7.82000000000005
 40
7.82000000000005
 40
7.82000000000005
 40
8.82000000000005
 40
8.82000000000005
 40
8.82000000000005
 40
9.82000000000005
 40
9.82000000000005
 40
9.82000000000005
 40
10.82000000000005
 40
10.82000000000005
 40
10.82000000000005
 40
11.82000000000005
 40
11.82000000000005
 40
11.82000000000005
 40
15.63999999999999
 40
15.63999999999999
 40
15.63999999999999
 40
15.63999999999999
 10
15.68679305555555
 20
223.8427211111111
 30
0.0
 10
15.68679305555555
 20
223.3935174074074
 30
0.0
 10
15.68679305555555
 20
222.9443137037037
 30
0.0
 10
15.68679305555555
 20
222.49511
 30
0.0
 10
15.68679305555555
 20
222.49511
 30
0.0
 10
18.31145972222222
 20
222.4880544444444
 30
0.0
 10
19.18987638888889
 20
222.4880544444444
 30
0.0
 10
19.3627375
 20
222.4880544444444
 30
0.0
 10
19.96951527777778
 20
222.5868322222222
 30
0.0
 10
20.93965416666667
 20
222.5868322222222
 30
0.0
 10
21.89920972222222
 20
222.5868322222222
 30
0.0
 10
22.68590416666666
 20
222.5409711111111
 30
0.0
 10
22.68590416666666
 20
222.4880544444444
 30
0.0
 10
22.68237638888889
 20
220.4348877777778
 30
0.0
 10
22.00504305555556
 20
218.5016655555555
 30
0.0
 10
22.17790416666666
 20
215.9404988888889
 30
0.0
 10
22.29079305555555
 20
214.2683322222222
 30
0.0
 10
22.6329875
 20
213.3722766666667
 30
0.0
 10
22.68943194444444
 20
210.4865544444444
 30
0.0
 10
22.67884861111111
 20
210.4336377777778
 30
0.0
 10
21.9027375
 20
210.3913044444444
 30
0.0
 10
20.93965416666667
 20
210.3913044444444
 30
0.0
 10
19.97304305555555
 20
210.3913044444444
 30
0.0
 10
19.36626527777778
 20
210.4900822222222
 30
0.0
 10
19.19340416666666
 20
210.4900822222222
 30
0.0
 10
18.31851527777778
 20
210.49361
 30
0.0
 10
15.69032083333333
 20
210.49361
 30
0.0
 10
15.69032083333333
 20
210.49361
 30
0.0
 10
15.69032083333333
 20
210.0444062962963
 30
0.0
 10
15.69032083333333
 20
209.5952025925926
 30
0.0
 10
15.69032083333333
 20
209.1459988888889
 30
0.0
  0
POLYLINE
  5
373
330
1F
100
AcDbEntity
  8
DEFAULT
 62
   250
100
AcDb2dPolyline
 66
     1
 10
0.0
 20
0.0
 30
0.0
  0
VERTEX
  5
374
330
373
100
AcDbEntity
  8
DEFAULT
 62
   250
100
AcDbVertex
100
AcDb2dVertex
 10
32.47319444444444
 20
223.4343808333333
 30
0.0
  0
VERTEX
  5
375
330
373
100
AcDbEntity
  8
DEFAULT
 62
   250
100
AcDbVertex
100
AcDb2dVertex
 10
32.47319444444444
 20
224.5406919444444
 30
0.0
  0
VERTEX
  5
376
330
373
100
AcDbEntity
  8
DEFAULT
 62
   250
100
AcDbVertex
100
AcDb2dVertex
 10
33.86384444444444
 20
223.4343808333333
 30
0.0
  0
VERTEX
  5
377
330
373
100
AcDbEntity
  8
DEFAULT
 62
   250
100
AcDbVertex
100
AcDb2dVertex
 10
33.86384444444444
 20
224.5526863888888
 30
0.0
  0
SEQEND
  5
378
330
373
100
AcDbEntity
  8
DEFAULT
 62
   250
  0
POLYLINE
  5
379
330
1F
100
AcDbEntity
  8
DEFAULT
 62
   250
100
AcDb2dPolyline
 66
     1
 10
0.0
 20
0.0
 30
0.0
  0
VERTEX
  5
37A
330
379
100
AcDbEntity
  8
DEFAULT
 62
   250
100
AcDbVertex
100
AcDb2dVertex
 10
32.47502888888889
 20
208.4359277777777
 30
0.0
  0
VERTEX
  5
37B
330
379
100
AcDbEntity
  8
DEFAULT
 62
   250
100
AcDbVertex
100
AcDb2dVertex
 10
32.47502888888889
 20
209.5422388888888
 30
0.0
  0
VERTEX
  5
37C
330
379
100
AcDbEntity
  8
DEFAULT
 62
   250
100
AcDbVertex
100
AcDb2dVertex
 10
33.86567888888888
 20
208.4359277777777
 30
0.0
  0
VERTEX
  5
37D
330
379
100
AcDbEntity
  8
DEFAULT
 62
   250
100
AcDbVertex
100
AcDb2dVertex
 10
33.86567888888888
 20
209.5542333333333
 30
0.0
  0
SEQEND
  5
37E
330
379
100
AcDbEntity
  8
DEFAULT
 62
   250
  0
SPLINE
  5
37F
330
1F
100
AcDbEntity
  8
DEFAULT
 62
     3
100
AcDbSpline
210
0.0
220
0.0
230
1.0
 70
    11
 71
     3
 72
    14
 73
    10
 74
     0
 42
0.000000001
 43
0.0000000001
 40
0.0
 40
0.0
 40
0.0
 40
0.0
 40
1.0
 40
1.0
 40
1.0
 40
2.0
 40
2.0
 40
2.0
 40
3.0
 40
3.0
 40
3.0
 40
3.0
 10
36.81271388888889
 20
202.3625761111111
 30
0.0
 10
36.87268611111111
 20
203.5045177777777
 30
0.0
 10
36.5266111111111
 20
203.8262511111111
 30
0.0
 10
35.73885833333333
 20
204.3547122222222
 30
0.0
 10
34.44486944444444
 20
205.2228983333333
 30
0.0
 10
37.26391666666666
 20
204.7110177777778
 30
0.0
 10
38.19771944444444
 20
204.1525705555555
 30
0.0
 10
38.98511944444444
 20
203.6816122222222
 30
0.0
 10
36.76015
 20
201.3645677777778
 30
0.0
 10
36.81271388888889
 20
202.3625761111111
 30
0.0
  0
SPLINE
  5
380
330
1F
100
AcDbEntity
  8
DEFAULT
 62
     3
100
AcDbSpline
210
0.0
220
0.0
230
1.0
 70
    11
 71
     3
 72
    14
 73
    10
 74
     0
 42
0.000000001
 43
0.0000000001
 40
0.0
 40
0.0
 40
0.0
 40
0.0
 40
1.0
 40
1.0
 40
1.0
 40
2.0
 40
2.0
 40
2.0
 40
3.0
 40
3.0
 40
3.0
 40
3.0
 10
36.65308194444444
 20
215.3116019444444
 30
0.0
 10
37.27185416666666
 20
216.2732741666666
 30
0.0
 10
37.20165138888889
 20
216.8991019444444
 30
0.0
 10
36.65308194444444
 20
217.6727436111111
 30
0.0
 10
36.0678236111111
 20
218.4978908333333
 30
0.0
 10
38.64909861111111
 20
217.8639491666666
 30
0.0
 10
38.64909861111111
 20
216.4923491666666
 30
0.0
 10
38.64909861111111
 20
215.0015102777778
 30
0.0
 10
36.11227361111111
 20
214.4712852777778
 30
0.0
 10
36.65308194444444
 20
215.3116019444444
 30
0.0
  0
SPLINE
  5
381
330
1F
100
AcDbEntity
  8
DEFAULT
 62
     3
100
AcDbSpline
210
0.0
220
0.0
230
1.0
 70
    11
 71
     3
 72
    26
 73
    22
 74
     0
 42
0.000000001
 43
0.0000000001
 40
0.0
 40
0.0
 40
0.0
 40
0.0
 40
1.0
 40
1.0
 40
1.0
 40
2.0
 40
2.0
 40
2.0
 40
3.0
 40
3.0
 40
3.0
 40
4.0
 40
4.0
 40
4.0
 40
5.0
 40
5.0
 40
5.0
 40
6.0
 40
6.0
 40
6.0
 40
7.0
 40
7.0
 40
7.0
 40
7.0
 10
38.7086475
 20
232.3694658333333
 30
0.0
 10
37.11232805555555
 20
230.2379825
 30
0.0
 10
37.03048361111111
 20
230.2527991666666
 30
0.0
 10
38.02672805555555
 20
230.4394186111111
 30
0.0
 10
39.02261972222222
 20
230.6263908333333
 30
0.0
 10
39.62445861111111
 20
231.1866019444444
 30
0.0
 10
40.97348083333333
 20
233.9880102777778
 30
0.0
 10
42.32215027777777
 20
236.7894186111111
 30
0.0
 10
43.87860583333333
 20
237.8477519444444
 30
0.0
 10
42.07308916666667
 20
237.5366019444444
 30
0.0
 10
40.26792527777778
 20
237.2254519444444
 30
0.0
 10
39.6452725
 20
238.1592547222222
 30
0.0
 10
38.96053083333333
 20
238.8439963888889
 30
0.0
 10
38.27578916666666
 20
239.5287380555556
 30
0.0
 10
38.2133475
 20
239.6532686111111
 30
0.0
 10
36.96839472222222
 20
239.0306158333333
 30
0.0
 10
35.72308916666667
 20
238.4083158333333
 30
0.0
 10
39.45865305555556
 20
237.9101936111111
 30
0.0
 10
39.83189194444444
 20
236.3537380555555
 30
0.0
 10
40.20548361111111
 20
234.7972825
 30
0.0
 10
39.87881138888889
 20
233.9322713888889
 30
0.0
 10
38.7086475
 20
232.3694658333333
 30
0.0
  0
SPLINE
  5
382
330
1F
100
AcDbEntity
  8
DEFAULT
 62
     5
100
AcDbSpline
210
0.0
220
0.0
230
1.0
 70
    11
 71
     3
 72
    20
 73
    16
 74
     0
 42
0.000000001
 43
0.0000000001
 40
0.0
 40
0.0
 40
0.0
 40
0.0
 40
1.0
 40
1.0
 40
1.0
 40
2.0
 40
2.0
 40
2.0
 40
3.0
 40
3.0
 40
3.0
 40
4.0
 40
4.0
 40
4.0
 40
5.0
 40
5.0
 40
5.0
 40
5.0
 10
33.73063555555555
 20
213.7552169444444
 30
0.0
 10
35.76439944444444
 20
215.4616030555555
 30
0.0
 10
35.49452444444444
 20
217.6410641666666
 30
0.0
 10
33.97969666666667
 20
218.8602641666666
 30
0.0
 10
32.11244388888888
 20
220.3627447222222
 30
0.0
 10
33.13691055555555
 20
220.8238252777778
 30
0.0
 10
35.83072166666667
 20
220.0286641666667
 30
0.0
 10
38.52453277777777
 20
219.2335030555555
 30
0.0
 10
39.94728555555555
 20
219.5450058333333
 30
0.0
 10
39.94728555555555
 20
216.6190669444445
 30
0.0
 10
39.94728555555555
 20
213.6306863888889
 30
0.0
 10
38.66423277777778
 20
213.5061558333333
 30
0.0
 10
36.44667166666667
 20
212.8835030555555
 30
0.0
 10
34.22911055555555
 20
212.2612030555555
 30
0.0
 10
31.80129388888889
 20
212.1366725
 30
0.0
 10
33.73063555555555
 20
213.7552169444444
 30
0.0
  0
SPLINE
  5
383
330
1F
100
AcDbEntity
  8
DEFAULT
 62
     5
100
AcDbSpline
210
0.0
220
0.0
230
1.0
 70
    11
 71
     3
 72
    14
 73
    10
 74
     0
 42
0.000000001
 43
0.0000000001
 40
0.0
 40
0.0
 40
0.0
 40
0.0
 40
1.0
 40
1.0
 40
1.0
 40
2.0
 40
2.0
 40
2.0
 40
3.0
 40
3.0
 40
3.0
 40
3.0
 10
37.52864111111111
 20
200.9307216666666
 30
0.0
 10
39.32286888888888
 20
202.833605
 30
0.0
 10
41.38838277777777
 20
204.852905
 30
0.0
 10
38.64906333333333
 20
205.3506744444444
 30
0.0
 10
35.91009666666666
 20
205.8487966666667
 30
0.0
 10
30.68051888888889
 20
206.5081383333333
 30
0.0
 10
33.54436888888888
 20
204.6659327777778
 30
0.0
 10
36.99383
 20
202.4473133333333
 30
0.0
 10
35.31213833333333
 20
198.5798105555556
 30
0.0
 10
37.52864111111111
 20
200.9307216666666
 30
0.0
  0
SPLINE
  5
384
330
1F
100
AcDbEntity
  8
DEFAULT
 62
     5
100
AcDbSpline
210
0.0
220
0.0
230
1.0
 70
    11
 71
     3
 72
    20
 73
    16
 74
     0
 42
0.000000001
 43
0.0000000001
 40
0.0
 40
0.0
 40
0.0
 40
0.0
 40
1.0
 40
1.0
 40
1.0
 40
2.0
 40
2.0
 40
2.0
 40
3.0
 40
3.0
 40
3.0
 40
4.0
 40
4.0
 40
4.0
 40
5.0
 40
5.0
 40
5.0
 40
5.0
 10
34.87014305555555
 20
239.4804427777778
 30
0.0
 10
31.97030972222222
 20
236.3167316666667
 30
0.0
 10
41.2638875
 20
238.5949705555556
 30
0.0
 10
38.02397638888888
 20
233.7389844444444
 30
0.0
 10
34.7138625
 20
228.7782233333333
 30
0.0
 10
31.1370486111111
 20
226.93249
 30
0.0
 10
37.41155416666666
 20
228.3436011111111
 30
0.0
 10
40.96049861111111
 20
229.1419372222222
 30
0.0
 10
39.7063736111111
 20
227.9361427777777
 30
0.0
 10
42.01107083333333
 20
232.7430927777778
 30
0.0
 10
45.17478194444444
 20
239.3421538888889
 30
0.0
 10
47.67632916666666
 20
239.902365
 30
0.0
 10
42.88243194444444
 20
239.2176233333333
 30
0.0
 10
38.95813194444444
 20
238.6567066666667
 30
0.0
 10
38.95213472222222
 20
243.9342622222222
 30
0.0
 10
34.87014305555555
 20
239.4804427777778
 30
0.0
  0
SPLINE
  5
385
330
1F
100
AcDbEntity
  8
DEFAULT
 62
     1
100
AcDbSpline
210
0.0
220
0.0
230
1.0
 70
     8
 71
     3
 72
    59
 73
    55
 74
     0
 42
0.000000001
 43
0.0000000001
 40
0.0
 40
0.0
 40
0.0
 40
0.0
 40
3.830000000000041
 40
3.830000000000041
 40
3.830000000000041
 40
4.830000000000041
 40
4.830000000000041
 40
4.830000000000041
 40
5.830000000000041
 40
5.830000000000041
 40
5.830000000000041
 40
6.830000000000041
 40
6.830000000000041
 40
6.830000000000041
 40
7.830000000000041
 40
7.830000000000041
 40
7.830000000000041
 40
8.830000000000041
 40
8.830000000000041
 40
8.830000000000041
 40
9.830000000000041
 40
9.830000000000041
 40
9.830000000000041
 40
10.83000000000004
 40
10.83000000000004
 40
10.83000000000004
 40
11.83000000000004
 40
11.83000000000004
 40
11.83000000000004
 40
12.83000000000004
 40
12.83000000000004
 40
12.83000000000004
 40
13.83000000000004
 40
13.83000000000004
 40
13.83000000000004
 40
14.83000000000004
 40
14.83000000000004
 40
14.83000000000004
 40
15.83000000000004
 40
15.83000000000004
 40
15.83000000000004
 40
16.83000000000004
 40
16.83000000000004
 40
16.83000000000004
 40
17.83000000000004
 40
17.83000000000004
 40
17.83000000000004
 40
18.83000000000004
 40
18.83000000000004
 40
18.83000000000004
 40
19.83000000000004
 40
19.83000000000004
 40
19.83000000000004
 40
23.65999999999997
 40
23.65999999999997
 40
23.65999999999997
 40
23.65999999999997
 10
35.87757055555555
 20
208.8461377777778
 30
0.0
 10
35.87757055555555
 20
208.3957581481482
 30
0.0
 10
35.87757055555555
 20
207.9453785185185
 30
0.0
 10
35.87757055555555
 20
207.4949988888889
 30
0.0
 10
35.87757055555555
 20
207.4949988888889
 30
0.0
 10
38.49870944444444
 20
207.4914711111111
 30
0.0
 10
39.37359833333333
 20
207.4914711111111
 30
0.0
 10
39.54998722222221
 20
207.4914711111111
 30
0.0
 10
40.16029277777777
 20
207.5902488888889
 30
0.0
 10
41.12337611111111
 20
207.5902488888889
 30
0.0
 10
42.093515
 20
207.5867211111111
 30
0.0
 10
42.87315388888888
 20
207.5443877777778
 30
0.0
 10
42.87668166666666
 20
207.4879433333333
 30
0.0
 10
42.87315388888888
 20
205.4876933333333
 30
0.0
 10
44.19607055555555
 20
203.6567766666666
 30
0.0
 10
38.62570944444444
 20
199.0706655555555
 30
0.0
 10
33.06240388888888
 20
194.4810266666667
 30
0.0
 10
34.61815388888888
 20
200.7322488888889
 30
0.0
 10
29.65104277777777
 20
205.0890544444445
 30
0.0
 10
25.60115388888889
 20
208.6450544444444
 30
0.0
 10
25.234265
 20
208.1546933333333
 30
0.0
 10
28.37045944444444
 20
211.06511
 30
0.0
 10
33.39754277777777
 20
215.7288322222222
 30
0.0
 10
32.854265
 20
217.6726377777778
 30
0.0
 10
28.52920944444444
 20
221.6625544444445
 30
0.0
 10
25.84809833333333
 20
224.1355266666667
 30
0.0
 10
26.28554277777777
 20
223.9944155555555
 30
0.0
 10
28.66679277777778
 20
226.6508322222222
 30
0.0
 10
31.02687611111111
 20
229.2860822222222
 30
0.0
 10
35.93048722222222
 20
232.6021933333333
 30
0.0
 10
34.0113761111111
 20
235.1527766666667
 30
0.0
 10
31.81357055555555
 20
238.0667211111111
 30
0.0
 10
26.09504277777777
 20
234.62361
 30
0.0
 10
34.99562611111111
 20
242.9844433333333
 30
0.0
 10
38.38582055555555
 20
246.1664988888889
 30
0.0
 10
42.43218166666666
 20
241.4110544444445
 30
0.0
 10
46.49265388888888
 20
241.9084711111111
 30
0.0
 10
52.70507055555554
 20
242.6704711111111
 30
0.0
 10
48.67282055555555
 20
239.4848877777778
 30
0.0
 10
45.89293166666666
 20
234.1544155555555
 30
0.0
 10
44.52768166666666
 20
231.5262211111111
 30
0.0
 10
42.87668166666666
 20
228.0689988888889
 30
0.0
 10
42.87668166666666
 20
225.4866655555555
 30
0.0
 10
42.86257055555555
 20
225.4266933333333
 30
0.0
 10
42.08645944444444
 20
225.38436
 30
0.0
 10
41.12690388888888
 20
225.3878877777778
 30
0.0
 10
40.16029277777777
 20
225.3878877777778
 30
0.0
 10
39.54998722222221
 20
225.4901933333333
 30
0.0
 10
39.3771261111111
 20
225.4866655555555
 30
0.0
 10
38.50223722222221
 20
225.4866655555555
 30
0.0
 10
35.87757055555555
 20
225.4937211111111
 30
0.0
 10
35.87757055555555
 20
225.4937211111111
 30
0.0
 10
35.87757055555555
 20
225.0433414814815
 30
0.0
 10
35.87757055555555
 20
224.5929618518518
 30
0.0
 10
35.87757055555555
 20
224.1425822222222
 30
0.0
  0
SPLINE
  5
386
330
1F
100
AcDbEntity
  8
DEFAULT
 62
     1
100
AcDbSpline
210
0.0
220
0.0
230
1.0
 70
     8
 71
     3
 72
    35
 73
    31
 74
     0
 42
0.000000001
 43
0.0000000001
 40
0.0
 40
0.0
 40
0.0
 40
0.0
 40
3.82000000000005
 40
3.82000000000005
 40
3.82000000000005
 40
4.82000000000005
 40
4.82000000000005
 40
4.82000000000005
 40
5.82000000000005
 40
5.82000000000005
 40
5.82000000000005
 40
6.82000000000005
 40
6.82000000000005
 40
6.82000000000005
 40
7.82000000000005
 40
7.82000000000005
 40
7.82000000000005
 40
8.82000000000005
 40
8.82000000000005
 40
8.82000000000005
 40
9.82000000000005
 40
9.82000000000005
 40
9.82000000000005
 40
10.82000000000005
 40
10.82000000000005
 40
10.82000000000005
 40
11.82000000000005
 40
11.82000000000005
 40
11.82000000000005
 40
15.63999999999999
 40
15.63999999999999
 40
15.63999999999999
 40
15.63999999999999
 10
35.87404277777777
 20
223.8427211111111
 30
0.0
 10
35.87404277777777
 20
223.3935174074074
 30
0.0
 10
35.87404277777777
 20
222.9443137037037
 30
0.0
 10
35.87404277777777
 20
222.49511
 30
0.0
 10
35.87404277777777
 20
222.49511
 30
0.0
 10
38.49870944444444
 20
222.4880544444444
 30
0.0
 10
39.37712611111111
 20
222.4880544444444
 30
0.0
 10
39.54998722222222
 20
222.4880544444444
 30
0.0
 10
40.156765
 20
222.5868322222222
 30
0.0
 10
41.12690388888889
 20
222.5868322222222
 30
0.0
 10
42.08645944444444
 20
222.5868322222222
 30
0.0
 10
42.87315388888889
 20
222.5409711111111
 30
0.0
 10
42.87315388888889
 20
222.4880544444444
 30
0.0
 10
42.86962611111111
 20
220.4348877777778
 30
0.0
 10
42.19229277777777
 20
218.5016655555555
 30
0.0
 10
42.36515388888889
 20
215.9404988888889
 30
0.0
 10
42.47804277777777
 20
214.2683322222222
 30
0.0
 10
42.82023722222222
 20
213.3722766666667
 30
0.0
 10
42.87668166666666
 20
210.4865544444444
 30
0.0
 10
42.86609833333333
 20
210.4336377777778
 30
0.0
 10
42.08998722222222
 20
210.3913044444444
 30
0.0
 10
41.12690388888889
 20
210.3913044444444
 30
0.0
 10
40.16029277777778
 20
210.3913044444444
 30
0.0
 10
39.553515
 20
210.4900822222222
 30
0.0
 10
39.38065388888889
 20
210.4900822222222
 30
0.0
 10
38.505765
 20
210.49361
 30
0.0
 10
35.87757055555556
 20
210.49361
 30
0.0
 10
35.87757055555556
 20
210.49361
 30
0.0
 10
35.87757055555556
 20
210.0444062962963
 30
0.0
 10
35.87757055555556
 20
209.5952025925926
 30
0.0
 10
35.87757055555556
 20
209.1459988888889
 30
0.0
  0
POLYLINE
  5
387
330
1F
100
AcDbEntity
  8
DEFAULT
 62
   250
100
AcDb2dPolyline
 66
     1
 10
0.0
 20
0.0
 30
0.0
  0
VERTEX
  5
388
330
387
100
AcDbEntity
  8
DEFAULT
 62
   250
100
AcDbVertex
100
AcDb2dVertex
 10
52.66044416666666
 20
223.4343808333333
 30
0.0
  0
VERTEX
  5
389
330
387
100
AcDbEntity
  8
DEFAULT
 62
   250
100
AcDbVertex
100
AcDb2dVertex
 10
52.66044416666666
 20
224.5406919444444
 30
0.0
  0
VERTEX
  5
38A
330
387
100
AcDbEntity
  8
DEFAULT
 62
   250
100
AcDbVertex
100
AcDb2dVertex
 10
54.05109416666666
 20
223.4343808333333
 30
0.0
  0
VERTEX
  5
38B
330
387
100
AcDbEntity
  8
DEFAULT
 62
   250
100
AcDbVertex
100
AcDb2dVertex
 10
54.05109416666666
 20
224.5526863888888
 30
0.0
  0
SEQEND
  5
38C
330
387
100
AcDbEntity
  8
DEFAULT
 62
   250
  0
POLYLINE
  5
38D
330
1F
100
AcDbEntity
  8
DEFAULT
 62
   250
100
AcDb2dPolyline
 66
     1
 10
0.0
 20
0.0
 30
0.0
  0
VERTEX
  5
38E
330
38D
100
AcDbEntity
  8
DEFAULT
 62
   250
100
AcDbVertex
100
AcDb2dVertex
 10
52.66227861111111
 20
208.4359277777777
 30
0.0
  0
VERTEX
  5
38F
330
38D
100
AcDbEntity
  8
DEFAULT
 62
   250
100
AcDbVertex
100
AcDb2dVertex
 10
52.66227861111111
 20
209.5422388888888
 30
0.0
  0
VERTEX
  5
390
330
38D
100
AcDbEntity
  8
DEFAULT
 62
   250
100
AcDbVertex
100
AcDb2dVertex
 10
54.05292861111111
 20
208.4359277777777
 30
0.0
  0
VERTEX
  5
391
330
38D
100
AcDbEntity
  8
DEFAULT
 62
   250
100
AcDbVertex
100
AcDb2dVertex
 10
54.05292861111111
 20
209.5542333333333
 30
0.0
  0
SEQEND
  5
392
330
38D
100
AcDbEntity
  8
DEFAULT
 62
   250
  0
SPLINE
  5
393
330
1F
100
AcDbEntity
  8
DEFAULT
 62
     3
100
AcDbSpline
210
0.0
220
0.0
230
1.0
 70
    11
 71
     3
 72
    14
 73
    10
 74
     0
 42
0.000000001
 43
0.0000000001
 40
0.0
 40
0.0
 40
0.0
 40
0.0
 40
1.0
 40
1.0
 40
1.0
 40
2.0
 40
2.0
 40
2.0
 40
3.0
 40
3.0
 40
3.0
 40
3.0
 10
56.99996361111111
 20
202.3625761111111
 30
0.0
 10
57.05993583333333
 20
203.5045177777777
 30
0.0
 10
56.71386083333333
 20
203.8262511111111
 30
0.0
 10
55.92610805555555
 20
204.3547122222222
 30
0.0
 10
54.63211916666667
 20
205.2228983333333
 30
0.0
 10
57.45116638888889
 20
204.7110177777778
 30
0.0
 10
58.38496916666666
 20
204.1525705555555
 30
0.0
 10
59.17236916666666
 20
203.6816122222222
 30
0.0
 10
56.94739972222222
 20
201.3645677777778
 30
0.0
 10
56.99996361111111
 20
202.3625761111111
 30
0.0
  0
SPLINE
  5
394
330
1F
100
AcDbEntity
  8
DEFAULT
 62
     3
100
AcDbSpline
210
0.0
220
0.0
230
1.0
 70
    11
 71
     3
 72
    14
 73
    10
 74
     0
 42
0.000000001
 43
0.0000000001
 40
0.0
 40
0.0
 40
0.0
 40
0.0
 40
1.0
 40
1.0
 40
1.0
 40
2.0
 40
2.0
 40
2.0
 40
3.0
 40
3.0
 40
3.0
 40
3.0
 10
56.84033166666666
 20
215.3116019444444
 30
0.0
 10
57.45910388888888
 20
216.2732741666666
 30
0.0
 10
57.3889011111111
 20
216.8991019444444
 30
0.0
 10
56.84033166666666
 20
217.6727436111111
 30
0.0
 10
56.25507333333333
 20
218.4978908333333
 30
0.0
 10
58.83634833333332
 20
217.8639491666666
 30
0.0
 10
58.83634833333332
 20
216.4923491666666
 30
0.0
 10
58.83634833333332
 20
215.0015102777778
 30
0.0
 10
56.29952333333333
 20
214.4712852777778
 30
0.0
 10
56.84033166666666
 20
215.3116019444444
 30
0.0
  0
SPLINE
  5
395
330
1F
100
AcDbEntity
  8
DEFAULT
 62
     3
100
AcDbSpline
210
0.0
220
0.0
230
1.0
 70
    11
 71
     3
 72
    26
 73
    22
 74
     0
 42
0.000000001
 43
0.0000000001
 40
0.0
 40
0.0
 40
0.0
 40
0.0
 40
1.0
 40
1.0
 40
1.0
 40
2.0
 40
2.0
 40
2.0
 40
3.0
 40
3.0
 40
3.0
 40
4.0
 40
4.0
 40
4.0
 40
5.0
 40
5.0
 40
5.0
 40
6.0
 40
6.0
 40
6.0
 40
7.0
 40
7.0
 40
7.0
 40
7.0
 10
58.89589722222222
 20
232.3694658333333
 30
0.0
 10
57.29957777777778
 20
230.2379825
 30
0.0
 10
57.21773333333333
 20
230.2527991666666
 30
0.0
 10
58.21397777777778
 20
230.4394186111111
 30
0.0
 10
59.20986944444444
 20
230.6263908333333
 30
0.0
 10
59.81170833333334
 20
231.1866019444444
 30
0.0
 10
61.16073055555555
 20
233.9880102777778
 30
0.0
 10
62.5094
 20
236.7894186111111
 30
0.0
 10
64.06585555555556
 20
237.8477519444444
 30
0.0
 10
62.26033888888889
 20
237.5366019444444
 30
0.0
 10
60.455175
 20
237.2254519444444
 30
0.0
 10
59.83252222222222
 20
238.1592547222222
 30
0.0
 10
59.14778055555556
 20
238.8439963888889
 30
0.0
 10
58.46303888888889
 20
239.5287380555556
 30
0.0
 10
58.40059722222222
 20
239.6532686111111
 30
0.0
 10
57.15564444444445
 20
239.0306158333333
 30
0.0
 10
55.91033888888889
 20
238.4083158333333
 30
0.0
 10
59.64590277777778
 20
237.9101936111111
 30
0.0
 10
60.01914166666666
 20
236.3537380555555
 30
0.0
 10
60.39273333333333
 20
234.7972825
 30
0.0
 10
60.06606111111111
 20
233.9322713888889
 30
0.0
 10
58.89589722222222
 20
232.3694658333333
 30
0.0
  0
SPLINE
  5
396
330
1F
100
AcDbEntity
  8
DEFAULT
 62
     5
100
AcDbSpline
210
0.0
220
0.0
230
1.0
 70
    11
 71
     3
 72
    20
 73
    16
 74
     0
 42
0.000000001
 43
0.0000000001
 40
0.0
 40
0.0
 40
0.0
 40
0.0
 40
1.0
 40
1.0
 40
1.0
 40
2.0
 40
2.0
 40
2.0
 40
3.0
 40
3.0
 40
3.0
 40
4.0
 40
4.0
 40
4.0
 40
5.0
 40
5.0
 40
5.0
 40
5.0
 10
53.91788527777777
 20
213.7552169444444
 30
0.0
 10
55.95164916666666
 20
215.4616030555555
 30
0.0
 10
55.68177416666666
 20
217.6410641666666
 30
0.0
 10
54.16694638888888
 20
218.8602641666666
 30
0.0
 10
52.29969361111111
 20
220.3627447222222
 30
0.0
 10
53.32416027777777
 20
220.8238252777778
 30
0.0
 10
56.01797138888888
 20
220.0286641666667
 30
0.0
 10
58.71178249999999
 20
219.2335030555555
 30
0.0
 10
60.13453527777778
 20
219.5450058333333
 30
0.0
 10
60.13453527777778
 20
216.6190669444445
 30
0.0
 10
60.13453527777778
 20
213.6306863888889
 30
0.0
 10
58.8514825
 20
213.5061558333333
 30
0.0
 10
56.63392138888889
 20
212.8835030555555
 30
0.0
 10
54.41636027777778
 20
212.2612030555555
 30
0.0
 10
51.9885436111111
 20
212.1366725
 30
0.0
 10
53.91788527777777
 20
213.7552169444444
 30
0.0
  0
SPLINE
  5
397
330
1F
100
AcDbEntity
  8
DEFAULT
 62
     5
100
AcDbSpline
210
0.0
220
0.0
230
1.0
 70
    11
 71
     3
 72
    14
 73
    10
 74
     0
 42
0.000000001
 43
0.0000000001
 40
0.0
 40
0.0
 40
0.0
 40
0.0
 40
1.0
 40
1.0
 40
1.0
 40
2.0
 40
2.0
 40
2.0
 40
3.0
 40
3.0
 40
3.0
 40
3.0
 10
57.71589083333333
 20
200.9307216666666
 30
0.0
 10
59.5101186111111
 20
202.833605
 30
0.0
 10
61.57563249999999
 20
204.852905
 30
0.0
 10
58.83631305555554
 20
205.3506744444444
 30
0.0
 10
56.09734638888888
 20
205.8487966666667
 30
0.0
 10
50.8677686111111
 20
206.5081383333333
 30
0.0
 10
53.7316186111111
 20
204.6659327777778
 30
0.0
 10
57.18107972222221
 20
202.4473133333333
 30
0.0
 10
55.49938805555555
 20
198.5798105555556
 30
0.0
 10
57.71589083333333
 20
200.9307216666666
 30
0.0
  0
SPLINE
  5
398
330
1F
100
AcDbEntity
  8
DEFAULT
 62
     5
100
AcDbSpline
210
0.0
220
0.0
230
1.0
 70
    11
 71
     3
 72
    20
 73
    16
 74
     0
 42
0.000000001
 43
0.0000000001
 40
0.0
 40
0.0
 40
0.0
 40
0.0
 40
1.0
 40
1.0
 40
1.0
 40
2.0
 40
2.0
 40
2.0
 40
3.0
 40
3.0
 40
3.0
 40
4.0
 40
4.0
 40
4.0
 40
5.0
 40
5.0
 40
5.0
 40
5.0
 10
55.05739277777777
 20
239.4804427777778
 30
0.0
 10
52.15755944444444
 20
236.3167316666667
 30
0.0
 10
61.45113722222221
 20
238.5949705555556
 30
0.0
 10
58.2112261111111
 20
233.7389844444444
 30
0.0
 10
54.90111222222221
 20
228.7782233333333
 30
0.0
 10
51.32429833333332
 20
226.93249
 30
0.0
 10
57.59880388888888
 20
228.3436011111111
 30
0.0
 10
61.14774833333333
 20
229.1419372222222
 30
0.0
 10
59.89362333333332
 20
227.9361427777777
 30
0.0
 10
62.19832055555554
 20
232.7430927777778
 30
0.0
 10
65.36203166666667
 20
239.3421538888889
 30
0.0
 10
67.86357888888888
 20
239.902365
 30
0.0
 10
63.06968166666665
 20
239.2176233333333
 30
0.0
 10
59.14538166666666
 20
238.6567066666667
 30
0.0
 10
59.13938444444444
 20
243.9342622222222
 30
0.0
 10
55.05739277777777
 20
239.4804427777778
 30
0.0
  0
SPLINE
  5
399
330
1F
100
AcDbEntity
  8
DEFAULT
 62
     1
100
AcDbSpline
210
0.0
220
0.0
230
1.0
 70
     8
 71
     3
 72
    59
 73
    55
 74
     0
 42
0.000000001
 43
0.0000000001
 40
0.0
 40
0.0
 40
0.0
 40
0.0
 40
3.830000000000041
 40
3.830000000000041
 40
3.830000000000041
 40
4.830000000000041
 40
4.830000000000041
 40
4.830000000000041
 40
5.830000000000041
 40
5.830000000000041
 40
5.830000000000041
 40
6.830000000000041
 40
6.830000000000041
 40
6.830000000000041
 40
7.830000000000041
 40
7.830000000000041
 40
7.830000000000041
 40
8.830000000000041
 40
8.830000000000041
 40
8.830000000000041
 40
9.830000000000041
 40
9.830000000000041
 40
9.830000000000041
 40
10.83000000000004
 40
10.83000000000004
 40
10.83000000000004
 40
11.83000000000004
 40
11.83000000000004
 40
11.83000000000004
 40
12.83000000000004
 40
12.83000000000004
 40
12.83000000000004
 40
13.83000000000004
 40
13.83000000000004
 40
13.83000000000004
 40
14.83000000000004
 40
14.83000000000004
 40
14.83000000000004
 40
15.83000000000004
 40
15.83000000000004
 40
15.83000000000004
 40
16.83000000000004
 40
16.83000000000004
 40
16.83000000000004
 40
17.83000000000004
 40
17.83000000000004
 40
17.83000000000004
 40
18.83000000000004
 40
18.83000000000004
 40
18.83000000000004
 40
19.83000000000004
 40
19.83000000000004
 40
19.83000000000004
 40
23.65999999999997
 40
23.65999999999997
 40
23.65999999999997
 40
23.65999999999997
 10
56.06482027777778
 20
208.8461377777778
 30
0.0
 10
56.06482027777778
 20
208.3957581481482
 30
0.0
 10
56.06482027777778
 20
207.9453785185185
 30
0.0
 10
56.06482027777778
 20
207.4949988888889
 30
0.0
 10
56.06482027777778
 20
207.4949988888889
 30
0.0
 10
58.68595916666666
 20
207.4914711111111
 30
0.0
 10
59.56084805555555
 20
207.4914711111111
 30
0.0
 10
59.73723694444444
 20
207.4914711111111
 30
0.0
 10
60.34754249999999
 20
207.5902488888889
 30
0.0
 10
61.31062583333333
 20
207.5902488888889
 30
0.0
 10
62.28076472222222
 20
207.5867211111111
 30
0.0
 10
63.0604036111111
 20
207.5443877777778
 30
0.0
 10
63.06393138888888
 20
207.4879433333333
 30
0.0
 10
63.0604036111111
 20
205.4876933333333
 30
0.0
 10
64.38332027777777
 20
203.6567766666666
 30
0.0
 10
58.81295916666666
 20
199.0706655555555
 30
0.0
 10
53.24965361111111
 20
194.4810266666667
 30
0.0
 10
54.80540361111111
 20
200.7322488888889
 30
0.0
 10
49.83829249999999
 20
205.0890544444445
 30
0.0
 10
45.78840361111111
 20
208.6450544444444
 30
0.0
 10
45.42151472222221
 20
208.1546933333333
 30
0.0
 10
48.55770916666666
 20
211.06511
 30
0.0
 10
53.5847925
 20
215.7288322222222
 30
0.0
 10
53.04151472222222
 20
217.6726377777778
 30
0.0
 10
48.71645916666667
 20
221.6625544444445
 30
0.0
 10
46.03534805555555
 20
224.1355266666667
 30
0.0
 10
46.4727925
 20
223.9944155555555
 30
0.0
 10
48.8540425
 20
226.6508322222222
 30
0.0
 10
51.21412583333333
 20
229.2860822222222
 30
0.0
 10
56.11773694444445
 20
232.6021933333333
 30
0.0
 10
54.19862583333333
 20
235.1527766666667
 30
0.0
 10
52.00082027777777
 20
238.0667211111111
 30
0.0
 10
46.2822925
 20
234.62361
 30
0.0
 10
55.18287583333333
 20
242.9844433333333
 30
0.0
 10
58.57307027777778
 20
246.1664988888889
 30
0.0
 10
62.61943138888888
 20
241.4110544444445
 30
0.0
 10
66.6799036111111
 20
241.9084711111111
 30
0.0
 10
72.89232027777777
 20
242.6704711111111
 30
0.0
 10
68.86007027777778
 20
239.4848877777778
 30
0.0
 10
66.08018138888887
 20
234.1544155555555
 30
0.0
 10
64.71493138888889
 20
231.5262211111111
 30
0.0
 10
63.06393138888888
 20
228.0689988888889
 30
0.0
 10
63.06393138888888
 20
225.4866655555555
 30
0.0
 10
63.04982027777778
 20
225.4266933333333
 30
0.0
 10
62.27370916666666
 20
225.38436
 30
0.0
 10
61.3141536111111
 20
225.3878877777778
 30
0.0
 10
60.34754249999999
 20
225.3878877777778
 30
0.0
 10
59.73723694444444
 20
225.4901933333333
 30
0.0
 10
59.56437583333332
 20
225.4866655555555
 30
0.0
 10
58.68948694444444
 20
225.4866655555555
 30
0.0
 10
56.06482027777778
 20
225.4937211111111
 30
0.0
 10
56.06482027777778
 20
225.4937211111111
 30
0.0
 10
56.06482027777778
 20
225.0433414814815
 30
0.0
 10
56.06482027777778
 20
224.5929618518518
 30
0.0
 10
56.06482027777778
 20
224.1425822222222
 30
0.0
  0
SPLINE
  5
39A
330
1F
100
AcDbEntity
  8
DEFAULT
 62
     1
100
AcDbSpline
210
0.0
220
0.0
230
1.0
 70
     8
 71
     3
 72
    35
 73
    31
 74
     0
 42
0.000000001
 43
0.0000000001
 40
0.0
 40
0.0
 40
0.0
 40
0.0
 40
3.82000000000005
 40
3.82000000000005
 40
3.82000000000005
 40
4.82000000000005
 40
4.82000000000005
 40
4.82000000000005
 40
5.82000000000005
 40
5.82000000000005
 40
5.82000000000005
 40
6.82000000000005
 40
6.82000000000005
 40
6.82000000000005
 40
7.82000000000005
 40
7.82000000000005
 40
7.82000000000005
 40
8.82000000000005
 40
8.82000000000005
 40
8.82000000000005
 40
9.82000000000005
 40
9.82000000000005
 40
9.82000000000005
 40
10.82000000000005
 40
10.82000000000005
 40
10.82000000000005
 40
11.82000000000005
 40
11.82000000000005
 40
11.82000000000005
 40
15.63999999999999
 40
15.63999999999999
 40
15.63999999999999
 40
15.63999999999999
 10
56.0612925
 20
223.8427211111111
 30
0.0
 10
56.0612925
 20
223.3935174074074
 30
0.0
 10
56.0612925
 20
222.9443137037037
 30
0.0
 10
56.0612925
 20
222.49511
 30
0.0
 10
56.0612925
 20
222.49511
 30
0.0
 10
58.68595916666666
 20
222.4880544444444
 30
0.0
 10
59.56437583333334
 20
222.4880544444444
 30
0.0
 10
59.73723694444444
 20
222.4880544444444
 30
0.0
 10
60.34401472222222
 20
222.5868322222222
 30
0.0
 10
61.3141536111111
 20
222.5868322222222
 30
0.0
 10
62.27370916666667
 20
222.5868322222222
 30
0.0
 10
63.06040361111111
 20
222.5409711111111
 30
0.0
 10
63.06040361111111
 20
222.4880544444444
 30
0.0
 10
63.05687583333333
 20
220.4348877777778
 30
0.0
 10
62.3795425
 20
218.5016655555555
 30
0.0
 10
62.55240361111111
 20
215.9404988888889
 30
0.0
 10
62.6652925
 20
214.2683322222222
 30
0.0
 10
63.00748694444444
 20
213.3722766666667
 30
0.0
 10
63.06393138888888
 20
210.4865544444444
 30
0.0
 10
63.05334805555555
 20
210.4336377777778
 30
0.0
 10
62.27723694444445
 20
210.3913044444444
 30
0.0
 10
61.3141536111111
 20
210.3913044444444
 30
0.0
 10
60.3475425
 20
210.3913044444444
 30
0.0
 10
59.74076472222222
 20
210.4900822222222
 30
0.0
 10
59.56790361111111
 20
210.4900822222222
 30
0.0
 10
58.69301472222222
 20
210.49361
 30
0.0
 10
56.06482027777778
 20
210.49361
 30
0.0
 10
56.06482027777778
 20
210.49361
 30
0.0
 10
56.06482027777778
 20
210.0444062962963
 30
0.0
 10
56.06482027777778
 20
209.5952025925926
 30
0.0
 10
56.06482027777778
 20
209.1459988888889
 30
0.0
  0
POLYLINE
  5
39B
330
1F
100
AcDbEntity
  8
DEFAULT
 62
   250
100
AcDb2dPolyline
 66
     1
 10
0.0
 20
0.0
 30
0.0
  0
VERTEX
  5
39C
330
39B
100
AcDbEntity
  8
DEFAULT
 62
   250
100
AcDbVertex
100
AcDb2dVertex
 10
72.84769388888888
 20
223.4343808333333
 30
0.0
  0
VERTEX
  5
39D
330
39B
100
AcDbEntity
  8
DEFAULT
 62
   250
100
AcDbVertex
100
AcDb2dVertex
 10
72.84769388888888
 20
224.5406919444444
 30
0.0
  0
VERTEX
  5
39E
330
39B
100
AcDbEntity
  8
DEFAULT
 62
   250
100
AcDbVertex
100
AcDb2dVertex
 10
74.23834388888888
 20
223.4343808333333
 30
0.0
  0
VERTEX
  5
39F
330
39B
100
AcDbEntity
  8
DEFAULT
 62
   250
100
AcDbVertex
100
AcDb2dVertex
 10
74.23834388888888
 20
224.5526863888888
 30
0.0
  0
SEQEND
  5
3A0
330
39B
100
AcDbEntity
  8
DEFAULT
 62
   250
  0
POLYLINE
  5
3A1
330
1F
100
AcDbEntity
  8
DEFAULT
 62
   250
100
AcDb2dPolyline
 66
     1
 10
0.0
 20
0.0
 30
0.0
  0
VERTEX
  5
3A2
330
3A1
100
AcDbEntity
  8
DEFAULT
 62
   250
100
AcDbVertex
100
AcDb2dVertex
 10
72.84952833333332
 20
208.4359277777777
 30
0.0
  0
VERTEX
  5
3A3
330
3A1
100
AcDbEntity
  8
DEFAULT
 62
   250
100
AcDbVertex
100
AcDb2dVertex
 10
72.84952833333332
 20
209.5422388888888
 30
0.0
  0
VERTEX
  5
3A4
330
3A1
100
AcDbEntity
  8
DEFAULT
 62
   250
100
AcDbVertex
100
AcDb2dVertex
 10
74.24017833333333
 20
208.4359277777777
 30
0.0
  0
VERTEX
  5
3A5
330
3A1
100
AcDbEntity
  8
DEFAULT
 62
   250
100
AcDbVertex
100
AcDb2dVertex
 10
74.24017833333333
 20
209.5542333333333
 30
0.0
  0
SEQEND
  5
3A6
330
3A1
100
AcDbEntity
  8
DEFAULT
 62
   250
  0
SPLINE
  5
3A7
330
1F
100
AcDbEntity
  8
DEFAULT
 62
     3
100
AcDbSpline
210
0.0
220
0.0
230
1.0
 70
    11
 71
     3
 72
    14
 73
    10
 74
     0
 42
0.000000001
 43
0.0000000001
 40
0.0
 40
0.0
 40
0.0
 40
0.0
 40
1.0
 40
1.0
 40
1.0
 40
2.0
 40
2.0
 40
2.0
 40
3.0
 40
3.0
 40
3.0
 40
3.0
 10
77.18721333333332
 20
202.3625761111111
 30
0.0
 10
77.24718555555555
 20
203.5045177777777
 30
0.0
 10
76.90111055555555
 20
203.8262511111111
 30
0.0
 10
76.11335777777776
 20
204.3547122222222
 30
0.0
 10
74.81936888888887
 20
205.2228983333333
 30
0.0
 10
77.6384161111111
 20
204.7110177777778
 30
0.0
 10
78.57221888888887
 20
204.1525705555555
 30
0.0
 10
79.35961888888887
 20
203.6816122222222
 30
0.0
 10
77.13464944444443
 20
201.3645677777778
 30
0.0
 10
77.18721333333332
 20
202.3625761111111
 30
0.0
  0
SPLINE
  5
3A8
330
1F
100
AcDbEntity
  8
DEFAULT
 62
     3
100
AcDbSpline
210
0.0
220
0.0
230
1.0
 70
    11
 71
     3
 72
    14
 73
    10
 74
     0
 42
0.000000001
 43
0.0000000001
 40
0.0
 40
0.0
 40
0.0
 40
0.0
 40
1.0
 40
1.0
 40
1.0
 40
2.0
 40
2.0
 40
2.0
 40
3.0
 40
3.0
 40
3.0
 40
3.0
 10
77.02758138888888
 20
215.3116019444444
 30
0.0
 10
77.6463536111111
 20
216.2732741666666
 30
0.0
 10
77.57615083333333
 20
216.8991019444444
 30
0.0
 10
77.02758138888888
 20
217.6727436111111
 30
0.0
 10
76.44232305555555
 20
218.4978908333333
 30
0.0
 10
79.02359805555554
 20
217.8639491666666
 30
0.0
 10
79.02359805555554
 20
216.4923491666666
 30
0.0
 10
79.02359805555554
 20
215.0015102777778
 30
0.0
 10
76.48677305555556
 20
214.4712852777778
 30
0.0
 10
77.02758138888888
 20
215.3116019444444
 30
0.0
  0
SPLINE
  5
3A9
330
1F
100
AcDbEntity
  8
DEFAULT
 62
     3
100
AcDbSpline
210
0.0
220
0.0
230
1.0
 70
    11
 71
     3
 72
    26
 73
    22
 74
     0
 42
0.000000001
 43
0.0000000001
 40
0.0
 40
0.0
 40
0.0
 40
0.0
 40
1.0
 40
1.0
 40
1.0
 40
2.0
 40
2.0
 40
2.0
 40
3.0
 40
3.0
 40
3.0
 40
4.0
 40
4.0
 40
4.0
 40
5.0
 40
5.0
 40
5.0
 40
6.0
 40
6.0
 40
6.0
 40
7.0
 40
7.0
 40
7.0
 40
7.0
 10
79.08314694444444
 20
232.3694658333333
 30
0.0
 10
77.48682749999999
 20
230.2379825
 30
0.0
 10
77.40498305555555
 20
230.2527991666666
 30
0.0
 10
78.40122749999999
 20
230.4394186111111
 30
0.0
 10
79.39711916666666
 20
230.6263908333333
 30
0.0
 10
79.99895805555555
 20
231.1866019444444
 30
0.0
 10
81.34798027777776
 20
233.9880102777778
 30
0.0
 10
82.6966497222222
 20
236.7894186111111
 30
0.0
 10
84.25310527777776
 20
237.8477519444444
 30
0.0
 10
82.44794138888888
 20
237.5366019444444
 30
0.0
 10
80.6424247222222
 20
237.2254519444444
 30
0.0
 10
80.01977194444443
 20
238.1592547222222
 30
0.0
 10
79.33503027777776
 20
238.8439963888889
 30
0.0
 10
78.6502886111111
 20
239.5287380555556
 30
0.0
 10
78.58784694444444
 20
239.6532686111111
 30
0.0
 10
77.34289416666665
 20
239.0306158333333
 30
0.0
 10
76.09794138888888
 20
238.4083158333333
 30
0.0
 10
79.8331525
 20
237.9101936111111
 30
0.0
 10
80.20639138888887
 20
236.3537380555555
 30
0.0
 10
80.57998305555554
 20
234.7972825
 30
0.0
 10
80.25331083333333
 20
233.9322713888889
 30
0.0
 10
79.08314694444444
 20
232.3694658333333
 30
0.0
  0
SPLINE
  5
3AA
330
1F
100
AcDbEntity
  8
DEFAULT
 62
     5
100
AcDbSpline
210
0.0
220
0.0
230
1.0
 70
    11
 71
     3
 72
    20
 73
    16
 74
     0
 42
0.000000001
 43
0.0000000001
 40
0.0
 40
0.0
 40
0.0
 40
0.0
 40
1.0
 40
1.0
 40
1.0
 40
2.0
 40
2.0
 40
2.0
 40
3.0
 40
3.0
 40
3.0
 40
4.0
 40
4.0
 40
4.0
 40
5.0
 40
5.0
 40
5.0
 40
5.0
 10
74.10513499999999
 20
213.7552169444444
 30
0.0
 10
76.13889888888887
 20
215.4616030555555
 30
0.0
 10
75.86902388888889
 20
217.6410641666666
 30
0.0
 10
74.35419611111111
 20
218.8602641666666
 30
0.0
 10
72.48694333333333
 20
220.3627447222222
 30
0.0
 10
73.51141
 20
220.8238252777778
 30
0.0
 10
76.2052211111111
 20
220.0286641666667
 30
0.0
 10
78.899385
 20
219.2335030555555
 30
0.0
 10
80.321785
 20
219.5450058333333
 30
0.0
 10
80.321785
 20
216.6190669444445
 30
0.0
 10
80.321785
 20
213.6306863888889
 30
0.0
 10
79.03873222222222
 20
213.5061558333333
 30
0.0
 10
76.82117111111111
 20
212.8835030555555
 30
0.0
 10
74.60361
 20
212.2612030555555
 30
0.0
 10
72.17579333333333
 20
212.1366725
 30
0.0
 10
74.10513499999999
 20
213.7552169444444
 30
0.0
  0
SPLINE
  5
3AB
330
1F
100
AcDbEntity
  8
DEFAULT
 62
     5
100
AcDbSpline
210
0.0
220
0.0
230
1.0
 70
    11
 71
     3
 72
    14
 73
    10
 74
     0
 42
0.000000001
 43
0.0000000001
 40
0.0
 40
0.0
 40
0.0
 40
0.0
 40
1.0
 40
1.0
 40
1.0
 40
2.0
 40
2.0
 40
2.0
 40
3.0
 40
3.0
 40
3.0
 40
3.0
 10
77.90314055555555
 20
200.9307216666666
 30
0.0
 10
79.69736833333333
 20
202.833605
 30
0.0
 10
81.76288222222222
 20
204.852905
 30
0.0
 10
79.02356277777777
 20
205.3506744444444
 30
0.0
 10
76.2845961111111
 20
205.8487966666667
 30
0.0
 10
71.05501833333332
 20
206.5081383333333
 30
0.0
 10
73.91886833333332
 20
204.6659327777778
 30
0.0
 10
77.36832944444444
 20
202.4473133333333
 30
0.0
 10
75.68663777777778
 20
198.5798105555556
 30
0.0
 10
77.90314055555555
 20
200.9307216666666
 30
0.0
  0
SPLINE
  5
3AC
330
1F
100
AcDbEntity
  8
DEFAULT
 62
     5
100
AcDbSpline
210
0.0
220
0.0
230
1.0
 70
    11
 71
     3
 72
    20
 73
    16
 74
     0
 42
0.000000001
 43
0.0000000001
 40
0.0
 40
0.0
 40
0.0
 40
0.0
 40
1.0
 40
1.0
 40
1.0
 40
2.0
 40
2.0
 40
2.0
 40
3.0
 40
3.0
 40
3.0
 40
4.0
 40
4.0
 40
4.0
 40
5.0
 40
5.0
 40
5.0
 40
5.0
 10
75.2446425
 20
239.4804427777778
 30
0.0
 10
72.34480916666666
 20
236.3167316666667
 30
0.0
 10
81.63838694444443
 20
238.5949705555556
 30
0.0
 10
78.39847583333332
 20
233.7389844444444
 30
0.0
 10
75.08836194444443
 20
228.7782233333333
 30
0.0
 10
71.51154805555555
 20
226.93249
 30
0.0
 10
77.7860536111111
 20
228.3436011111111
 30
0.0
 10
81.33499805555554
 20
229.1419372222222
 30
0.0
 10
80.08087305555554
 20
227.9361427777777
 30
0.0
 10
82.38557027777776
 20
232.7430927777778
 30
0.0
 10
85.54928138888889
 20
239.3421538888889
 30
0.0
 10
88.0508286111111
 20
239.902365
 30
0.0
 10
83.25693138888887
 20
239.2176233333333
 30
0.0
 10
79.33263138888888
 20
238.6567066666667
 30
0.0
 10
79.32663416666666
 20
243.9342622222222
 30
0.0
 10
75.2446425
 20
239.4804427777778
 30
0.0
  0
SPLINE
  5
3AD
330
1F
100
AcDbEntity
  8
DEFAULT
 62
     1
100
AcDbSpline
210
0.0
220
0.0
230
1.0
 70
     8
 71
     3
 72
    59
 73
    55
 74
     0
 42
0.000000001
 43
0.0000000001
 40
0.0
 40
0.0
 40
0.0
 40
0.0
 40
3.830000000000041
 40
3.830000000000041
 40
3.830000000000041
 40
4.830000000000041
 40
4.830000000000041
 40
4.830000000000041
 40
5.830000000000041
 40
5.830000000000041
 40
5.830000000000041
 40
6.830000000000041
 40
6.830000000000041
 40
6.830000000000041
 40
7.830000000000041
 40
7.830000000000041
 40
7.830000000000041
 40
8.830000000000041
 40
8.830000000000041
 40
8.830000000000041
 40
9.830000000000041
 40
9.830000000000041
 40
9.830000000000041
 40
10.83000000000004
 40
10.83000000000004
 40
10.83000000000004
 40
11.83000000000004
 40
11.83000000000004
 40
11.83000000000004
 40
12.83000000000004
 40
12.83000000000004
 40
12.83000000000004
 40
13.83000000000004
 40
13.83000000000004
 40
13.83000000000004
 40
14.83000000000004
 40
14.83000000000004
 40
14.83000000000004
 40
15.83000000000004
 40
15.83000000000004
 40
15.83000000000004
 40
16.83000000000004
 40
16.83000000000004
 40
16.83000000000004
 40
17.83000000000004
 40
17.83000000000004
 40
17.83000000000004
 40
18.83000000000004
 40
18.83000000000004
 40
18.83000000000004
 40
19.83000000000004
 40
19.83000000000004
 40
19.83000000000004
 40
23.65999999999997
 40
23.65999999999997
 40
23.65999999999997
 40
23.65999999999997
 10
76.25207
 20
208.8461377777778
 30
0.0
 10
76.25207
 20
208.3957581481482
 30
0.0
 10
76.25207
 20
207.9453785185185
 30
0.0
 10
76.25207
 20
207.4949988888889
 30
0.0
 10
76.25207
 20
207.4949988888889
 30
0.0
 10
78.87320888888888
 20
207.4914711111111
 30
0.0
 10
79.74809777777777
 20
207.4914711111111
 30
0.0
 10
79.92448666666667
 20
207.4914711111111
 30
0.0
 10
80.53479222222221
 20
207.5902488888889
 30
0.0
 10
81.49787555555555
 20
207.5902488888889
 30
0.0
 10
82.46801444444445
 20
207.5867211111111
 30
0.0
 10
83.24765333333332
 20
207.5443877777778
 30
0.0
 10
83.25118111111111
 20
207.4879433333333
 30
0.0
 10
83.24765333333332
 20
205.4876933333333
 30
0.0
 10
84.57056999999999
 20
203.6567766666666
 30
0.0
 10
79.00020888888888
 20
199.0706655555555
 30
0.0
 10
73.43690333333333
 20
194.4810266666667
 30
0.0
 10
74.99265333333334
 20
200.7322488888889
 30
0.0
 10
70.02554222222221
 20
205.0890544444445
 30
0.0
 10
65.97565333333333
 20
208.6450544444444
 30
0.0
 10
65.60876444444443
 20
208.1546933333333
 30
0.0
 10
68.74495888888889
 20
211.06511
 30
0.0
 10
73.77204222222223
 20
215.7288322222222
 30
0.0
 10
73.22876444444445
 20
217.6726377777778
 30
0.0
 10
68.90370888888889
 20
221.6625544444445
 30
0.0
 10
66.22259777777778
 20
224.1355266666667
 30
0.0
 10
66.66004222222222
 20
223.9944155555555
 30
0.0
 10
69.04129222222222
 20
226.6508322222222
 30
0.0
 10
71.40137555555555
 20
229.2860822222222
 30
0.0
 10
76.30498666666666
 20
232.6021933333333
 30
0.0
 10
74.38587555555556
 20
235.1527766666667
 30
0.0
 10
72.18807
 20
238.0667211111111
 30
0.0
 10
66.46954222222223
 20
234.62361
 30
0.0
 10
75.37012555555555
 20
242.9844433333333
 30
0.0
 10
78.76032000000001
 20
246.1664988888889
 30
0.0
 10
82.8066811111111
 20
241.4110544444445
 30
0.0
 10
86.86715333333333
 20
241.9084711111111
 30
0.0
 10
93.07956999999999
 20
242.6704711111111
 30
0.0
 10
89.04732
 20
239.4848877777778
 30
0.0
 10
86.26743111111111
 20
234.1544155555555
 30
0.0
 10
84.9021811111111
 20
231.5262211111111
 30
0.0
 10
83.25118111111111
 20
228.0689988888889
 30
0.0
 10
83.25118111111111
 20
225.4866655555555
 30
0.0
 10
83.23707
 20
225.4266933333333
 30
0.0
 10
82.46095888888888
 20
225.38436
 30
0.0
 10
81.50140333333333
 20
225.3878877777778
 30
0.0
 10
80.53479222222221
 20
225.3878877777778
 30
0.0
 10
79.92448666666667
 20
225.4901933333333
 30
0.0
 10
79.75162555555555
 20
225.4866655555555
 30
0.0
 10
78.87673666666666
 20
225.4866655555555
 30
0.0
 10
76.25207
 20
225.4937211111111
 30
0.0
 10
76.25207
 20
225.4937211111111
 30
0.0
 10
76.25207
 20
225.0433414814815
 30
0.0
 10
76.25207
 20
224.5929618518518
 30
0.0
 10
76.25207
 20
224.1425822222222
 30
0.0
  0
SPLINE
  5
3AE
330
1F
100
AcDbEntity
  8
DEFAULT
 62
     1
100
AcDbSpline
210
0.0
220
0.0
230
1.0
 70
     8
 71
     3
 72
    35
 73
    31
 74
     0
 42
0.000000001
 43
0.0000000001
 40
0.0
 40
0.0
 40
0.0
 40
0.0
 40
3.82000000000005
 40
3.82000000000005
 40
3.82000000000005
 40
4.82000000000005
 40
4.82000000000005
 40
4.82000000000005
 40
5.82000000000005
 40
5.82000000000005
 40
5.82000000000005
 40
6.82000000000005
 40
6.82000000000005
 40
6.82000000000005
 40
7.82000000000005
 40
7.82000000000005
 40
7.82000000000005
 40
8.82000000000005
 40
8.82000000000005
 40
8.82000000000005
 40
9.82000000000005
 40
9.82000000000005
 40
9.82000000000005
 40
10.82000000000005
 40
10.82000000000005
 40
10.82000000000005
 40
11.82000000000005
 40
11.82000000000005
 40
11.82000000000005
 40
15.63999999999999
 40
15.63999999999999
 40
15.63999999999999
 40
15.63999999999999
 10
76.24854222222221
 20
223.8427211111111
 30
0.0
 10
76.24854222222221
 20
223.3935174074074
 30
0.0
 10
76.24854222222221
 20
222.9443137037037
 30
0.0
 10
76.24854222222221
 20
222.49511
 30
0.0
 10
76.24854222222221
 20
222.49511
 30
0.0
 10
78.87320888888888
 20
222.4880544444444
 30
0.0
 10
79.75162555555555
 20
222.4880544444444
 30
0.0
 10
79.92448666666665
 20
222.4880544444444
 30
0.0
 10
80.53126444444445
 20
222.5868322222222
 30
0.0
 10
81.50140333333333
 20
222.5868322222222
 30
0.0
 10
82.46095888888887
 20
222.5868322222222
 30
0.0
 10
83.24765333333332
 20
222.5409711111111
 30
0.0
 10
83.24765333333332
 20
222.4880544444444
 30
0.0
 10
83.24412555555556
 20
220.4348877777778
 30
0.0
 10
82.5667922222222
 20
218.5016655555555
 30
0.0
 10
82.73965333333332
 20
215.9404988888889
 30
0.0
 10
82.85254222222221
 20
214.2683322222222
 30
0.0
 10
83.19473666666666
 20
213.3722766666667
 30
0.0
 10
83.2511811111111
 20
210.4865544444444
 30
0.0
 10
83.24059777777777
 20
210.4336377777778
 30
0.0
 10
82.46448666666666
 20
210.3913044444444
 30
0.0
 10
81.50140333333333
 20
210.3913044444444
 30
0.0
 10
80.53479222222221
 20
210.3913044444444
 30
0.0
 10
79.92801444444444
 20
210.4900822222222
 30
0.0
 10
79.75515333333333
 20
210.4900822222222
 30
0.0
 10
78.88026444444444
 20
210.49361
 30
0.0
 10
76.25206999999999
 20
210.49361
 30
0.0
 10
76.25206999999999
 20
210.49361
 30
0.0
 10
76.25206999999999
 20
210.0444062962963
 30
0.0
 10
76.25206999999999
 20
209.5952025925926
 30
0.0
 10
76.25206999999999
 20
209.1459988888889
 30
0.0
  0
POLYLINE
  5
3AF
330
1F
100
AcDbEntity
  8
DEFAULT
 62
   250
100
AcDb2dPolyline
 66
     1
 10
0.0
 20
0.0
 30
0.0
  0
VERTEX
  5
3B0
330
3AF
100
AcDbEntity
  8
DEFAULT
 62
   250
100
AcDbVertex
100
AcDb2dVertex
 10
93.03494361111109
 20
223.4343808333333
 30
0.0
  0
VERTEX
  5
3B1
330
3AF
100
AcDbEntity
  8
DEFAULT
 62
   250
100
AcDbVertex
100
AcDb2dVertex
 10
93.03494361111109
 20
224.5406919444444
 30
0.0
  0
VERTEX
  5
3B2
330
3AF
100
AcDbEntity
  8
DEFAULT
 62
   250
100
AcDbVertex
100
AcDb2dVertex
 10
94.4255936111111
 20
223.4343808333333
 30
0.0
  0
VERTEX
  5
3B3
330
3AF
100
AcDbEntity
  8
DEFAULT
 62
   250
100
AcDbVertex
100
AcDb2dVertex
 10
94.4255936111111
 20
224.5526863888888
 30
0.0
  0
SEQEND
  5
3B4
330
3AF
100
AcDbEntity
  8
DEFAULT
 62
   250
  0
POLYLINE
  5
3B5
330
1F
100
AcDbEntity
  8
DEFAULT
 62
   250
100
AcDb2dPolyline
 66
     1
 10
0.0
 20
0.0
 30
0.0
  0
VERTEX
  5
3B6
330
3B5
100
AcDbEntity
  8
DEFAULT
 62
   250
100
AcDbVertex
100
AcDb2dVertex
 10
93.03677805555554
 20
208.4359277777777
 30
0.0
  0
VERTEX
  5
3B7
330
3B5
100
AcDbEntity
  8
DEFAULT
 62
   250
100
AcDbVertex
100
AcDb2dVertex
 10
93.03677805555554
 20
209.5422388888888
 30
0.0
  0
VERTEX
  5
3B8
330
3B5
100
AcDbEntity
  8
DEFAULT
 62
   250
100
AcDbVertex
100
AcDb2dVertex
 10
94.42742805555554
 20
208.4359277777777
 30
0.0
  0
VERTEX
  5
3B9
330
3B5
100
AcDbEntity
  8
DEFAULT
 62
   250
100
AcDbVertex
100
AcDb2dVertex
 10
94.42742805555554
 20
209.5542333333333
 30
0.0
  0
SEQEND
  5
3BA
330
3B5
100
AcDbEntity
  8
DEFAULT
 62
   250
  0
SPLINE
  5
3BB
330
1F
100
AcDbEntity
  8
DEFAULT
 62
     3
100
AcDbSpline
210
0.0
220
0.0
230
1.0
 70
    11
 71
     3
 72
    14
 73
    10
 74
     0
 42
0.000000001
 43
0.0000000001
 40
0.0
 40
0.0
 40
0.0
 40
0.0
 40
1.0
 40
1.0
 40
1.0
 40
2.0
 40
2.0
 40
2.0
 40
3.0
 40
3.0
 40
3.0
 40
3.0
 10
97.37446305555555
 20
202.3625761111111
 30
0.0
 10
97.43443527777778
 20
203.5045177777777
 30
0.0
 10
97.08836027777778
 20
203.8262511111111
 30
0.0
 10
96.30060750000001
 20
204.3547122222222
 30
0.0
 10
95.00661861111111
 20
205.2228983333333
 30
0.0
 10
97.82566583333333
 20
204.7110177777778
 30
0.0
 10
98.7598213888889
 20
204.1525705555555
 30
0.0
 10
99.54686861111112
 20
203.6816122222222
 30
0.0
 10
97.32189916666667
 20
201.3645677777778
 30
0.0
 10
97.37446305555555
 20
202.3625761111111
 30
0.0
  0
SPLINE
  5
3BC
330
1F
100
AcDbEntity
  8
DEFAULT
 62
     3
100
AcDbSpline
210
0.0
220
0.0
230
1.0
 70
    11
 71
     3
 72
    14
 73
    10
 74
     0
 42
0.000000001
 43
0.0000000001
 40
0.0
 40
0.0
 40
0.0
 40
0.0
 40
1.0
 40
1.0
 40
1.0
 40
2.0
 40
2.0
 40
2.0
 40
3.0
 40
3.0
 40
3.0
 40
3.0
 10
97.2148311111111
 20
215.3116019444444
 30
0.0
 10
97.83360333333333
 20
216.2732741666666
 30
0.0
 10
97.76340055555555
 20
216.8991019444444
 30
0.0
 10
97.2148311111111
 20
217.6727436111111
 30
0.0
 10
96.62957277777777
 20
218.4978908333333
 30
0.0
 10
99.21084777777777
 20
217.8639491666666
 30
0.0
 10
99.21084777777777
 20
216.4923491666666
 30
0.0
 10
99.21084777777777
 20
215.0015102777778
 30
0.0
 10
96.67402277777775
 20
214.4712852777778
 30
0.0
 10
97.2148311111111
 20
215.3116019444444
 30
0.0
  0
SPLINE
  5
3BD
330
1F
100
AcDbEntity
  8
DEFAULT
 62
     3
100
AcDbSpline
210
0.0
220
0.0
230
1.0
 70
    11
 71
     3
 72
    26
 73
    22
 74
     0
 42
0.000000001
 43
0.0000000001
 40
0.0
 40
0.0
 40
0.0
 40
0.0
 40
1.0
 40
1.0
 40
1.0
 40
2.0
 40
2.0
 40
2.0
 40
3.0
 40
3.0
 40
3.0
 40
4.0
 40
4.0
 40
4.0
 40
5.0
 40
5.0
 40
5.0
 40
6.0
 40
6.0
 40
6.0
 40
7.0
 40
7.0
 40
7.0
 40
7.0
 10
99.27039666666667
 20
232.3694658333333
 30
0.0
 10
97.67407722222224
 20
230.2379825
 30
0.0
 10
97.59223277777778
 20
230.2527991666666
 30
0.0
 10
98.58847722222222
 20
230.4394186111111
 30
0.0
 10
99.58436888888889
 20
230.6263908333333
 30
0.0
 10
100.1862077777778
 20
231.1866019444444
 30
0.0
 10
101.53523
 20
233.9880102777778
 30
0.0
 10
102.8838994444444
 20
236.7894186111111
 30
0.0
 10
104.440355
 20
237.8477519444444
 30
0.0
 10
102.6351911111111
 20
237.5366019444444
 30
0.0
 10
100.8296744444444
 20
237.2254519444444
 30
0.0
 10
100.2070216666667
 20
238.1592547222222
 30
0.0
 10
99.52228
 20
238.8439963888889
 30
0.0
 10
98.83753833333334
 20
239.5287380555556
 30
0.0
 10
98.77509666666667
 20
239.6532686111111
 30
0.0
 10
97.53014388888889
 20
239.0306158333333
 30
0.0
 10
96.28519111111112
 20
238.4083158333333
 30
0.0
 10
100.0204022222222
 20
237.9101936111111
 30
0.0
 10
100.3939938888889
 20
236.3537380555555
 30
0.0
 10
100.7672327777778
 20
234.7972825
 30
0.0
 10
100.4405605555556
 20
233.9322713888889
 30
0.0
 10
99.27039666666667
 20
232.3694658333333
 30
0.0
  0
SPLINE
  5
3BE
330
1F
100
AcDbEntity
  8
DEFAULT
 62
     5
100
AcDbSpline
210
0.0
220
0.0
230
1.0
 70
    11
 71
     3
 72
    20
 73
    16
 74
     0
 42
0.000000001
 43
0.0000000001
 40
0.0
 40
0.0
 40
0.0
 40
0.0
 40
1.0
 40
1.0
 40
1.0
 40
2.0
 40
2.0
 40
2.0
 40
3.0
 40
3.0
 40
3.0
 40
4.0
 40
4.0
 40
4.0
 40
5.0
 40
5.0
 40
5.0
 40
5.0
 10
94.29238472222222
 20
213.7552169444444
 30
0.0
 10
96.32614861111111
 20
215.4616030555555
 30
0.0
 10
96.05627361111111
 20
217.6410641666666
 30
0.0
 10
94.54144583333334
 20
218.8602641666666
 30
0.0
 10
92.67419305555556
 20
220.3627447222222
 30
0.0
 10
93.69865972222222
 20
220.8238252777778
 30
0.0
 10
96.39247083333332
 20
220.0286641666667
 30
0.0
 10
99.08663472222221
 20
219.2335030555555
 30
0.0
 10
100.5090347222222
 20
219.5450058333333
 30
0.0
 10
100.5090347222222
 20
216.6190669444445
 30
0.0
 10
100.5090347222222
 20
213.6306863888889
 30
0.0
 10
99.22598194444444
 20
213.5061558333333
 30
0.0
 10
97.00842083333333
 20
212.8835030555555
 30
0.0
 10
94.79085972222222
 20
212.2612030555555
 30
0.0
 10
92.36304305555555
 20
212.1366725
 30
0.0
 10
94.29238472222222
 20
213.7552169444444
 30
0.0
  0
SPLINE
  5
3BF
330
1F
100
AcDbEntity
  8
DEFAULT
 62
     5
100
AcDbSpline
210
0.0
220
0.0
230
1.0
 70
    11
 71
     3
 72
    14
 73
    10
 74
     0
 42
0.000000001
 43
0.0000000001
 40
0.0
 40
0.0
 40
0.0
 40
0.0
 40
1.0
 40
1.0
 40
1.0
 40
2.0
 40
2.0
 40
2.0
 40
3.0
 40
3.0
 40
3.0
 40
3.0
 10
98.09039027777776
 20
200.9307216666666
 30
0.0
 10
99.88461805555555
 20
202.833605
 30
0.0
 10
101.9501319444444
 20
204.852905
 30
0.0
 10
99.21081249999997
 20
205.3506744444444
 30
0.0
 10
96.4718458333333
 20
205.8487966666667
 30
0.0
 10
91.24226805555554
 20
206.5081383333333
 30
0.0
 10
94.10611805555554
 20
204.6659327777778
 30
0.0
 10
97.55557916666665
 20
202.4473133333333
 30
0.0
 10
95.87388749999998
 20
198.5798105555556
 30
0.0
 10
98.09039027777776
 20
200.9307216666666
 30
0.0
  0
SPLINE
  5
3C0
330
1F
100
AcDbEntity
  8
DEFAULT
 62
     5
100
AcDbSpline
210
0.0
220
0.0
230
1.0
 70
    11
 71
     3
 72
    20
 73
    16
 74
     0
 42
0.000000001
 43
0.0000000001
 40
0.0
 40
0.0
 40
0.0
 40
0.0
 40
1.0
 40
1.0
 40
1.0
 40
2.0
 40
2.0
 40
2.0
 40
3.0
 40
3.0
 40
3.0
 40
4.0
 40
4.0
 40
4.0
 40
5.0
 40
5.0
 40
5.0
 40
5.0
 10
95.43189222222222
 20
239.4804427777778
 30
0.0
 10
92.53205888888887
 20
236.3167316666667
 30
0.0
 10
101.8256366666667
 20
238.5949705555556
 30
0.0
 10
98.58572555555554
 20
233.7389844444444
 30
0.0
 10
95.27561166666666
 20
228.7782233333333
 30
0.0
 10
91.69879777777777
 20
226.93249
 30
0.0
 10
97.97330333333333
 20
228.3436011111111
 30
0.0
 10
101.5222477777778
 20
229.1419372222222
 30
0.0
 10
100.2681227777778
 20
227.9361427777777
 30
0.0
 10
102.57282
 20
232.7430927777778
 30
0.0
 10
105.7365311111111
 20
239.3421538888889
 30
0.0
 10
108.2380783333333
 20
239.902365
 30
0.0
 10
103.4441811111111
 20
239.2176233333333
 30
0.0
 10
99.51988111111112
 20
238.6567066666667
 30
0.0
 10
99.5138838888889
 20
243.9342622222222
 30
0.0
 10
95.43189222222222
 20
239.4804427777778
 30
0.0
  0
SPLINE
  5
3C1
330
1F
100
AcDbEntity
  8
DEFAULT
 62
     1
100
AcDbSpline
210
0.0
220
0.0
230
1.0
 70
     8
 71
     3
 72
    59
 73
    55
 74
     0
 42
0.000000001
 43
0.0000000001
 40
0.0
 40
0.0
 40
0.0
 40
0.0
 40
3.830000000000041
 40
3.830000000000041
 40
3.830000000000041
 40
4.830000000000041
 40
4.830000000000041
 40
4.830000000000041
 40
5.830000000000041
 40
5.830000000000041
 40
5.830000000000041
 40
6.830000000000041
 40
6.830000000000041
 40
6.830000000000041
 40
7.830000000000041
 40
7.830000000000041
 40
7.830000000000041
 40
8.830000000000041
 40
8.830000000000041
 40
8.830000000000041
 40
9.830000000000041
 40
9.830000000000041
 40
9.830000000000041
 40
10.83000000000004
 40
10.83000000000004
 40
10.83000000000004
 40
11.83000000000004
 40
11.83000000000004
 40
11.83000000000004
 40
12.83000000000004
 40
12.83000000000004
 40
12.83000000000004
 40
13.83000000000004
 40
13.83000000000004
 40
13.83000000000004
 40
14.83000000000004
 40
14.83000000000004
 40
14.83000000000004
 40
15.83000000000004
 40
15.83000000000004
 40
15.83000000000004
 40
16.83000000000004
 40
16.83000000000004
 40
16.83000000000004
 40
17.83000000000004
 40
17.83000000000004
 40
17.83000000000004
 40
18.83000000000004
 40
18.83000000000004
 40
18.83000000000004
 40
19.83000000000004
 40
19.83000000000004
 40
19.83000000000004
 40
23.65999999999997
 40
23.65999999999997
 40
23.65999999999997
 40
23.65999999999997
 10
96.43931972222222
 20
208.8461377777778
 30
0.0
 10
96.43931972222224
 20
208.3957581481482
 30
0.0
 10
96.43931972222224
 20
207.9453785185185
 30
0.0
 10
96.43931972222222
 20
207.4949988888889
 30
0.0
 10
96.43931972222222
 20
207.4949988888889
 30
0.0
 10
99.06045861111112
 20
207.4914711111111
 30
0.0
 10
99.9353475
 20
207.4914711111111
 30
0.0
 10
100.1117363888889
 20
207.4914711111111
 30
0.0
 10
100.7220419444444
 20
207.5902488888889
 30
0.0
 10
101.6851252777778
 20
207.5902488888889
 30
0.0
 10
102.6552641666667
 20
207.5867211111111
 30
0.0
 10
103.4349030555556
 20
207.5443877777778
 30
0.0
 10
103.4384308333333
 20
207.4879433333333
 30
0.0
 10
103.4349030555556
 20
205.4876933333333
 30
0.0
 10
104.7578197222222
 20
203.6567766666666
 30
0.0
 10
99.18745861111111
 20
199.0706655555555
 30
0.0
 10
93.62415305555555
 20
194.4810266666667
 30
0.0
 10
95.17990305555556
 20
200.7322488888889
 30
0.0
 10
90.21279194444445
 20
205.0890544444445
 30
0.0
 10
86.16290305555556
 20
208.6450544444444
 30
0.0
 10
85.79601416666667
 20
208.1546933333333
 30
0.0
 10
88.93220861111111
 20
211.06511
 30
0.0
 10
93.95929194444446
 20
215.7288322222222
 30
0.0
 10
93.41601416666667
 20
217.6726377777778
 30
0.0
 10
89.09095861111112
 20
221.6625544444445
 30
0.0
 10
86.4098475
 20
224.1355266666667
 30
0.0
 10
86.84729194444445
 20
223.9944155555555
 30
0.0
 10
89.22854194444444
 20
226.6508322222222
 30
0.0
 10
91.58862527777778
 20
229.2860822222222
 30
0.0
 10
96.49223638888888
 20
232.6021933333333
 30
0.0
 10
94.57312527777776
 20
235.1527766666667
 30
0.0
 10
92.37531972222223
 20
238.0667211111111
 30
0.0
 10
86.65679194444445
 20
234.62361
 30
0.0
 10
95.55737527777778
 20
242.9844433333333
 30
0.0
 10
98.94756972222223
 20
246.1664988888889
 30
0.0
 10
102.9939308333333
 20
241.4110544444445
 30
0.0
 10
107.0544030555555
 20
241.9084711111111
 30
0.0
 10
113.2668197222222
 20
242.6704711111111
 30
0.0
 10
109.2345697222222
 20
239.4848877777778
 30
0.0
 10
106.4546808333333
 20
234.1544155555555
 30
0.0
 10
105.0894308333333
 20
231.5262211111111
 30
0.0
 10
103.4384308333333
 20
228.0689988888889
 30
0.0
 10
103.4384308333333
 20
225.4866655555555
 30
0.0
 10
103.4243197222222
 20
225.4266933333333
 30
0.0
 10
102.6482086111111
 20
225.38436
 30
0.0
 10
101.6886530555555
 20
225.3878877777778
 30
0.0
 10
100.7220419444444
 20
225.3878877777778
 30
0.0
 10
100.1117363888889
 20
225.4901933333333
 30
0.0
 10
99.93887527777778
 20
225.4866655555555
 30
0.0
 10
99.06398638888889
 20
225.4866655555555
 30
0.0
 10
96.43931972222222
 20
225.4937211111111
 30
0.0
 10
96.43931972222222
 20
225.4937211111111
 30
0.0
 10
96.43931972222224
 20
225.0433414814815
 30
0.0
 10
96.43931972222224
 20
224.5929618518518
 30
0.0
 10
96.43931972222222
 20
224.1425822222222
 30
0.0
  0
SPLINE
  5
3C2
330
1F
100
AcDbEntity
  8
DEFAULT
 62
     1
100
AcDbSpline
210
0.0
220
0.0
230
1.0
 70
     8
 71
     3
 72
    35
 73
    31
 74
     0
 42
0.000000001
 43
0.0000000001
 40
0.0
 40
0.0
 40
0.0
 40
0.0
 40
3.82000000000005
 40
3.82000000000005
 40
3.82000000000005
 40
4.82000000000005
 40
4.82000000000005
 40
4.82000000000005
 40
5.82000000000005
 40
5.82000000000005
 40
5.82000000000005
 40
6.82000000000005
 40
6.82000000000005
 40
6.82000000000005
 40
7.82000000000005
 40
7.82000000000005
 40
7.82000000000005
 40
8.82000000000005
 40
8.82000000000005
 40
8.82000000000005
 40
9.82000000000005
 40
9.82000000000005
 40
9.82000000000005
 40
10.82000000000005
 40
10.82000000000005
 40
10.82000000000005
 40
11.82000000000005
 40
11.82000000000005
 40
11.82000000000005
 40
15.63999999999999
 40
15.63999999999999
 40
15.63999999999999
 40
15.63999999999999
 10
96.43579194444445
 20
223.8427211111111
 30
0.0
 10
96.43579194444446
 20
223.3935174074074
 30
0.0
 10
96.43579194444446
 20
222.9443137037037
 30
0.0
 10
96.43579194444445
 20
222.49511
 30
0.0
 10
96.43579194444445
 20
222.49511
 30
0.0
 10
99.06045861111112
 20
222.4880544444444
 30
0.0
 10
99.93887527777778
 20
222.4880544444444
 30
0.0
 10
100.1117363888889
 20
222.4880544444444
 30
0.0
 10
100.7185141666667
 20
222.5868322222222
 30
0.0
 10
101.6886530555555
 20
222.5868322222222
 30
0.0
 10
102.6482086111111
 20
222.5868322222222
 30
0.0
 10
103.4349030555556
 20
222.5409711111111
 30
0.0
 10
103.4349030555556
 20
222.4880544444444
 30
0.0
 10
103.4313752777778
 20
220.4348877777778
 30
0.0
 10
102.7540419444445
 20
218.5016655555555
 30
0.0
 10
102.9269030555555
 20
215.9404988888889
 30
0.0
 10
103.0397919444445
 20
214.2683322222222
 30
0.0
 10
103.3819863888889
 20
213.3722766666667
 30
0.0
 10
103.4384308333333
 20
210.4865544444444
 30
0.0
 10
103.4278475
 20
210.4336377777778
 30
0.0
 10
102.6517363888889
 20
210.3913044444444
 30
0.0
 10
101.6886530555555
 20
210.3913044444444
 30
0.0
 10
100.7220419444444
 20
210.3913044444444
 30
0.0
 10
100.1152641666667
 20
210.4900822222222
 30
0.0
 10
99.94240305555556
 20
210.4900822222222
 30
0.0
 10
99.06751416666665
 20
210.49361
 30
0.0
 10
96.43931972222222
 20
210.49361
 30
0.0
 10
96.43931972222222
 20
210.49361
 30
0.0
 10
96.43931972222224
 20
210.0444062962963
 30
0.0
 10
96.43931972222224
 20
209.5952025925926
 30
0.0
 10
96.43931972222222
 20
209.1459988888889
 30
0.0
  0
POLYLINE
  5
3C3
330
1F
100
AcDbEntity
  8
DEFAULT
 62
   250
100
AcDb2dPolyline
 66
     1
 10
0.0
 20
0.0
 30
0.0
  0
VERTEX
  5
3C4
330
3C3
100
AcDbEntity
  8
DEFAULT
 62
   250
100
AcDbVertex
100
AcDb2dVertex
 10
113.2221933333333
 20
223.4343808333333
 30
0.0
  0
VERTEX
  5
3C5
330
3C3
100
AcDbEntity
  8
DEFAULT
 62
   250
100
AcDbVertex
100
AcDb2dVertex
 10
113.2221933333333
 20
224.5406919444444
 30
0.0
  0
VERTEX
  5
3C6
330
3C3
100
AcDbEntity
  8
DEFAULT
 62
   250
100
AcDbVertex
100
AcDb2dVertex
 10
114.6128433333333
 20
223.4343808333333
 30
0.0
  0
VERTEX
  5
3C7
330
3C3
100
AcDbEntity
  8
DEFAULT
 62
   250
100
AcDbVertex
100
AcDb2dVertex
 10
114.6128433333333
 20
224.5526863888888
 30
0.0
  0
SEQEND
  5
3C8
330
3C3
100
AcDbEntity
  8
DEFAULT
 62
   250
  0
POLYLINE
  5
3C9
330
1F
100
AcDbEntity
  8
DEFAULT
 62
   250
100
AcDb2dPolyline
 66
     1
 10
0.0
 20
0.0
 30
0.0
  0
VERTEX
  5
3CA
330
3C9
100
AcDbEntity
  8
DEFAULT
 62
   250
100
AcDbVertex
100
AcDb2dVertex
 10
113.2240277777778
 20
208.4359277777777
 30
0.0
  0
VERTEX
  5
3CB
330
3C9
100
AcDbEntity
  8
DEFAULT
 62
   250
100
AcDbVertex
100
AcDb2dVertex
 10
113.2240277777778
 20
209.5422388888888
 30
0.0
  0
VERTEX
  5
3CC
330
3C9
100
AcDbEntity
  8
DEFAULT
 62
   250
100
AcDbVertex
100
AcDb2dVertex
 10
114.6146777777778
 20
208.4359277777777
 30
0.0
  0
VERTEX
  5
3CD
330
3C9
100
AcDbEntity
  8
DEFAULT
 62
   250
100
AcDbVertex
100
AcDb2dVertex
 10
114.6146777777778
 20
209.5542333333333
 30
0.0
  0
SEQEND
  5
3CE
330
3C9
100
AcDbEntity
  8
DEFAULT
 62
   250
  0
SPLINE
  5
3CF
330
1F
100
AcDbEntity
  8
DEFAULT
 62
     3
100
AcDbSpline
210
0.0
220
0.0
230
1.0
 70
    11
 71
     3
 72
    14
 73
    10
 74
     0
 42
0.000000001
 43
0.0000000001
 40
0.0
 40
0.0
 40
0.0
 40
0.0
 40
1.0
 40
1.0
 40
1.0
 40
2.0
 40
2.0
 40
2.0
 40
3.0
 40
3.0
 40
3.0
 40
3.0
 10
117.5617127777778
 20
202.3625761111111
 30
0.0
 10
117.621685
 20
203.5045177777777
 30
0.0
 10
117.27561
 20
203.8262511111111
 30
0.0
 10
116.4878572222222
 20
204.3547122222222
 30
0.0
 10
115.1938683333333
 20
205.2228983333333
 30
0.0
 10
118.0129155555555
 20
204.7110177777778
 30
0.0
 10
118.9470711111111
 20
204.1525705555555
 30
0.0
 10
119.7341183333333
 20
203.6816122222222
 30
0.0
 10
117.5091488888889
 20
201.3645677777778
 30
0.0
 10
117.5617127777778
 20
202.3625761111111
 30
0.0
  0
SPLINE
  5
3D0
330
1F
100
AcDbEntity
  8
DEFAULT
 62
     3
100
AcDbSpline
210
0.0
220
0.0
230
1.0
 70
    11
 71
     3
 72
    14
 73
    10
 74
     0
 42
0.000000001
 43
0.0000000001
 40
0.0
 40
0.0
 40
0.0
 40
0.0
 40
1.0
 40
1.0
 40
1.0
 40
2.0
 40
2.0
 40
2.0
 40
3.0
 40
3.0
 40
3.0
 40
3.0
 10
117.4020808333333
 20
215.3116019444444
 30
0.0
 10
118.0208530555555
 20
216.2732741666666
 30
0.0
 10
117.9506502777778
 20
216.8991019444444
 30
0.0
 10
117.4020808333333
 20
217.6727436111111
 30
0.0
 10
116.8168225
 20
218.4978908333333
 30
0.0
 10
119.3980975
 20
217.8639491666666
 30
0.0
 10
119.3980975
 20
216.4923491666666
 30
0.0
 10
119.3980975
 20
215.0015102777778
 30
0.0
 10
116.8612725
 20
214.4712852777778
 30
0.0
 10
117.4020808333333
 20
215.3116019444444
 30
0.0
  0
SPLINE
  5
3D1
330
1F
100
AcDbEntity
  8
DEFAULT
 62
     3
100
AcDbSpline
210
0.0
220
0.0
230
1.0
 70
    11
 71
     3
 72
    26
 73
    22
 74
     0
 42
0.000000001
 43
0.0000000001
 40
0.0
 40
0.0
 40
0.0
 40
0.0
 40
1.0
 40
1.0
 40
1.0
 40
2.0
 40
2.0
 40
2.0
 40
3.0
 40
3.0
 40
3.0
 40
4.0
 40
4.0
 40
4.0
 40
5.0
 40
5.0
 40
5.0
 40
6.0
 40
6.0
 40
6.0
 40
7.0
 40
7.0
 40
7.0
 40
7.0
 10
119.4576463888889
 20
232.3694658333333
 30
0.0
 10
117.8613269444444
 20
230.2379825
 30
0.0
 10
117.7794825
 20
230.2527991666666
 30
0.0
 10
118.7757269444444
 20
230.4394186111111
 30
0.0
 10
119.7716186111111
 20
230.6263908333333
 30
0.0
 10
120.3734575
 20
231.1866019444444
 30
0.0
 10
121.7224797222222
 20
233.9880102777778
 30
0.0
 10
123.0711491666666
 20
236.7894186111111
 30
0.0
 10
124.6276047222222
 20
237.8477519444444
 30
0.0
 10
122.8224408333333
 20
237.5366019444444
 30
0.0
 10
121.0169241666667
 20
237.2254519444444
 30
0.0
 10
120.3942713888889
 20
238.1592547222222
 30
0.0
 10
119.7095297222222
 20
238.8439963888889
 30
0.0
 10
119.0247880555555
 20
239.5287380555556
 30
0.0
 10
118.9623463888889
 20
239.6532686111111
 30
0.0
 10
117.7173936111111
 20
239.0306158333333
 30
0.0
 10
116.4724408333333
 20
238.4083158333333
 30
0.0
 10
120.2076519444444
 20
237.9101936111111
 30
0.0
 10
120.5812436111111
 20
236.3537380555555
 30
0.0
 10
120.9544825
 20
234.7972825
 30
0.0
 10
120.6278102777778
 20
233.9322713888889
 30
0.0
 10
119.4576463888889
 20
232.3694658333333
 30
0.0
  0
SPLINE
  5
3D2
330
1F
100
AcDbEntity
  8
DEFAULT
 62
     5
100
AcDbSpline
210
0.0
220
0.0
230
1.0
 70
    11
 71
     3
 72
    20
 73
    16
 74
     0
 42
0.000000001
 43
0.0000000001
 40
0.0
 40
0.0
 40
0.0
 40
0.0
 40
1.0
 40
1.0
 40
1.0
 40
2.0
 40
2.0
 40
2.0
 40
3.0
 40
3.0
 40
3.0
 40
4.0
 40
4.0
 40
4.0
 40
5.0
 40
5.0
 40
5.0
 40
5.0
 10
114.4796344444444
 20
213.7552169444444
 30
0.0
 10
116.5133983333333
 20
215.4616030555555
 30
0.0
 10
116.2435233333333
 20
217.6410641666666
 30
0.0
 10
114.7286955555556
 20
218.8602641666666
 30
0.0
 10
112.8614427777778
 20
220.3627447222222
 30
0.0
 10
113.8859094444445
 20
220.8238252777778
 30
0.0
 10
116.5797205555555
 20
220.0286641666667
 30
0.0
 10
119.2738844444444
 20
219.2335030555555
 30
0.0
 10
120.6962844444444
 20
219.5450058333333
 30
0.0
 10
120.6962844444444
 20
216.6190669444445
 30
0.0
 10
120.6962844444444
 20
213.6306863888889
 30
0.0
 10
119.4132316666667
 20
213.5061558333333
 30
0.0
 10
117.1956705555556
 20
212.8835030555555
 30
0.0
 10
114.9781094444444
 20
212.2612030555555
 30
0.0
 10
112.5502927777778
 20
212.1366725
 30
0.0
 10
114.4796344444444
 20
213.7552169444444
 30
0.0
  0
SPLINE
  5
3D3
330
1F
100
AcDbEntity
  8
DEFAULT
 62
     5
100
AcDbSpline
210
0.0
220
0.0
230
1.0
 70
    11
 71
     3
 72
    14
 73
    10
 74
     0
 42
0.000000001
 43
0.0000000001
 40
0.0
 40
0.0
 40
0.0
 40
0.0
 40
1.0
 40
1.0
 40
1.0
 40
2.0
 40
2.0
 40
2.0
 40
3.0
 40
3.0
 40
3.0
 40
3.0
 10
118.27764
 20
200.9307216666666
 30
0.0
 10
120.0718677777778
 20
202.833605
 30
0.0
 10
122.1373816666666
 20
204.852905
 30
0.0
 10
119.3980622222222
 20
205.3506744444444
 30
0.0
 10
116.6590955555555
 20
205.8487966666667
 30
0.0
 10
111.4295177777778
 20
206.5081383333333
 30
0.0
 10
114.2933677777778
 20
204.6659327777778
 30
0.0
 10
117.7428288888889
 20
202.4473133333333
 30
0.0
 10
116.0611372222222
 20
198.5798105555556
 30
0.0
 10
118.27764
 20
200.9307216666666
 30
0.0
  0
SPLINE
  5
3D4
330
1F
100
AcDbEntity
  8
DEFAULT
 62
     5
100
AcDbSpline
210
0.0
220
0.0
230
1.0
 70
    11
 71
     3
 72
    20
 73
    16
 74
     0
 42
0.000000001
 43
0.0000000001
 40
0.0
 40
0.0
 40
0.0
 40
0.0
 40
1.0
 40
1.0
 40
1.0
 40
2.0
 40
2.0
 40
2.0
 40
3.0
 40
3.0
 40
3.0
 40
4.0
 40
4.0
 40
4.0
 40
5.0
 40
5.0
 40
5.0
 40
5.0
 10
115.6191419444444
 20
239.4804427777778
 30
0.0
 10
112.7193086111111
 20
236.3167316666667
 30
0.0
 10
122.0128863888889
 20
238.5949705555556
 30
0.0
 10
118.7729752777778
 20
233.7389844444444
 30
0.0
 10
115.4628613888889
 20
228.7782233333333
 30
0.0
 10
111.8860475
 20
226.93249
 30
0.0
 10
118.1605530555556
 20
228.3436011111111
 30
0.0
 10
121.7094975
 20
229.1419372222222
 30
0.0
 10
120.4553725
 20
227.9361427777777
 30
0.0
 10
122.7600697222222
 20
232.7430927777778
 30
0.0
 10
125.9237808333333
 20
239.3421538888889
 30
0.0
 10
128.4253280555556
 20
239.902365
 30
0.0
 10
123.6314308333333
 20
239.2176233333333
 30
0.0
 10
119.7071308333333
 20
238.6567066666667
 30
0.0
 10
119.7011336111111
 20
243.9342622222222
 30
0.0
 10
115.6191419444444
 20
239.4804427777778
 30
0.0
  0
SPLINE
  5
3D5
330
1F
100
AcDbEntity
  8
DEFAULT
 62
     1
100
AcDbSpline
210
0.0
220
0.0
230
1.0
 70
     8
 71
     3
 72
    59
 73
    55
 74
     0
 42
0.000000001
 43
0.0000000001
 40
0.0
 40
0.0
 40
0.0
 40
0.0
 40
3.830000000000041
 40
3.830000000000041
 40
3.830000000000041
 40
4.830000000000041
 40
4.830000000000041
 40
4.830000000000041
 40
5.830000000000041
 40
5.830000000000041
 40
5.830000000000041
 40
6.830000000000041
 40
6.830000000000041
 40
6.830000000000041
 40
7.830000000000041
 40
7.830000000000041
 40
7.830000000000041
 40
8.830000000000041
 40
8.830000000000041
 40
8.830000000000041
 40
9.830000000000041
 40
9.830000000000041
 40
9.830000000000041
 40
10.83000000000004
 40
10.83000000000004
 40
10.83000000000004
 40
11.83000000000004
 40
11.83000000000004
 40
11.83000000000004
 40
12.83000000000004
 40
12.83000000000004
 40
12.83000000000004
 40
13.83000000000004
 40
13.83000000000004
 40
13.83000000000004
 40
14.83000000000004
 40
14.83000000000004
 40
14.83000000000004
 40
15.83000000000004
 40
15.83000000000004
 40
15.83000000000004
 40
16.83000000000004
 40
16.83000000000004
 40
16.83000000000004
 40
17.83000000000004
 40
17.83000000000004
 40
17.83000000000004
 40
18.83000000000004
 40
18.83000000000004
 40
18.83000000000004
 40
19.83000000000004
 40
19.83000000000004
 40
19.83000000000004
 40
23.65999999999997
 40
23.65999999999997
 40
23.65999999999997
 40
23.65999999999997
 10
116.6265694444444
 20
208.8461377777778
 30
0.0
 10
116.6265694444444
 20
208.3957581481482
 30
0.0
 10
116.6265694444444
 20
207.9453785185185
 30
0.0
 10
116.6265694444444
 20
207.4949988888889
 30
0.0
 10
116.6265694444444
 20
207.4949988888889
 30
0.0
 10
119.2477083333333
 20
207.4914711111111
 30
0.0
 10
120.1225972222222
 20
207.4914711111111
 30
0.0
 10
120.2989861111111
 20
207.4914711111111
 30
0.0
 10
120.9092916666667
 20
207.5902488888889
 30
0.0
 10
121.872375
 20
207.5902488888889
 30
0.0
 10
122.8425138888889
 20
207.5867211111111
 30
0.0
 10
123.6221527777778
 20
207.5443877777778
 30
0.0
 10
123.6256805555555
 20
207.4879433333333
 30
0.0
 10
123.6221527777778
 20
205.4876933333333
 30
0.0
 10
124.9450694444444
 20
203.6567766666666
 30
0.0
 10
119.3747083333333
 20
199.0706655555555
 30
0.0
 10
113.8114027777778
 20
194.4810266666667
 30
0.0
 10
115.3671527777778
 20
200.7322488888889
 30
0.0
 10
110.4000416666667
 20
205.0890544444445
 30
0.0
 10
106.3501527777778
 20
208.6450544444444
 30
0.0
 10
105.9832638888889
 20
208.1546933333333
 30
0.0
 10
109.1194583333333
 20
211.06511
 30
0.0
 10
114.1465416666667
 20
215.7288322222222
 30
0.0
 10
113.6032638888889
 20
217.6726377777778
 30
0.0
 10
109.2782083333333
 20
221.6625544444445
 30
0.0
 10
106.5970972222222
 20
224.1355266666667
 30
0.0
 10
107.0345416666667
 20
223.9944155555555
 30
0.0
 10
109.4157916666667
 20
226.6508322222222
 30
0.0
 10
111.775875
 20
229.2860822222222
 30
0.0
 10
116.6794861111111
 20
232.6021933333333
 30
0.0
 10
114.760375
 20
235.1527766666667
 30
0.0
 10
112.5625694444444
 20
238.0667211111111
 30
0.0
 10
106.8440416666667
 20
234.62361
 30
0.0
 10
115.744625
 20
242.9844433333333
 30
0.0
 10
119.1348194444444
 20
246.1664988888889
 30
0.0
 10
123.1811805555555
 20
241.4110544444445
 30
0.0
 10
127.2416527777778
 20
241.9084711111111
 30
0.0
 10
133.4540694444444
 20
242.6704711111111
 30
0.0
 10
129.4218194444444
 20
239.4848877777778
 30
0.0
 10
126.6419305555555
 20
234.1544155555555
 30
0.0
 10
125.2766805555555
 20
231.5262211111111
 30
0.0
 10
123.6256805555555
 20
228.0689988888889
 30
0.0
 10
123.6256805555555
 20
225.4866655555555
 30
0.0
 10
123.6115694444444
 20
225.4266933333333
 30
0.0
 10
122.8354583333333
 20
225.38436
 30
0.0
 10
121.8759027777778
 20
225.3878877777778
 30
0.0
 10
120.9092916666667
 20
225.3878877777778
 30
0.0
 10
120.2989861111111
 20
225.4901933333333
 30
0.0
 10
120.126125
 20
225.4866655555555
 30
0.0
 10
119.2512361111111
 20
225.4866655555555
 30
0.0
 10
116.6265694444444
 20
225.4937211111111
 30
0.0
 10
116.6265694444444
 20
225.4937211111111
 30
0.0
 10
116.6265694444444
 20
225.0433414814815
 30
0.0
 10
116.6265694444444
 20
224.5929618518518
 30
0.0
 10
116.6265694444444
 20
224.1425822222222
 30
0.0
  0
SPLINE
  5
3D6
330
1F
100
AcDbEntity
  8
DEFAULT
 62
     1
100
AcDbSpline
210
0.0
220
0.0
230
1.0
 70
     8
 71
     3
 72
    35
 73
    31
 74
     0
 42
0.000000001
 43
0.0000000001
 40
0.0
 40
0.0
 40
0.0
 40
0.0
 40
3.82000000000005
 40
3.82000000000005
 40
3.82000000000005
 40
4.82000000000005
 40
4.82000000000005
 40
4.82000000000005
 40
5.82000000000005
 40
5.82000000000005
 40
5.82000000000005
 40
6.82000000000005
 40
6.82000000000005
 40
6.82000000000005
 40
7.82000000000005
 40
7.82000000000005
 40
7.82000000000005
 40
8.82000000000005
 40
8.82000000000005
 40
8.82000000000005
 40
9.82000000000005
 40
9.82000000000005
 40
9.82000000000005
 40
10.82000000000005
 40
10.82000000000005
 40
10.82000000000005
 40
11.82000000000005
 40
11.82000000000005
 40
11.82000000000005
 40
15.63999999999999
 40
15.63999999999999
 40
15.63999999999999
 40
15.63999999999999
 10
116.6230416666667
 20
223.8427211111111
 30
0.0
 10
116.6230416666667
 20
223.3935174074074
 30
0.0
 10
116.6230416666667
 20
222.9443137037037
 30
0.0
 10
116.6230416666667
 20
222.49511
 30
0.0
 10
116.6230416666667
 20
222.49511
 30
0.0
 10
119.2477083333333
 20
222.4880544444444
 30
0.0
 10
120.126125
 20
222.4880544444444
 30
0.0
 10
120.2989861111111
 20
222.4880544444444
 30
0.0
 10
120.9057638888889
 20
222.5868322222222
 30
0.0
 10
121.8759027777778
 20
222.5868322222222
 30
0.0
 10
122.8354583333333
 20
222.5868322222222
 30
0.0
 10
123.6221527777778
 20
222.5409711111111
 30
0.0
 10
123.6221527777778
 20
222.4880544444444
 30
0.0
 10
123.618625
 20
220.4348877777778
 30
0.0
 10
122.9412916666667
 20
218.5016655555555
 30
0.0
 10
123.1141527777777
 20
215.9404988888889
 30
0.0
 10
123.2270416666666
 20
214.2683322222222
 30
0.0
 10
123.5692361111111
 20
213.3722766666667
 30
0.0
 10
123.6256805555555
 20
210.4865544444444
 30
0.0
 10
123.6150972222222
 20
210.4336377777778
 30
0.0
 10
122.8389861111111
 20
210.3913044444444
 30
0.0
 10
121.8759027777778
 20
210.3913044444444
 30
0.0
 10
120.9092916666666
 20
210.3913044444444
 30
0.0
 10
120.3025138888889
 20
210.4900822222222
 30
0.0
 10
120.1296527777778
 20
210.4900822222222
 30
0.0
 10
119.2547638888889
 20
210.49361
 30
0.0
 10
116.6265694444444
 20
210.49361
 30
0.0
 10
116.6265694444444
 20
210.49361
 30
0.0
 10
116.6265694444444
 20
210.0444062962963
 30
0.0
 10
116.6265694444444
 20
209.5952025925926
 30
0.0
 10
116.6265694444444
 20
209.1459988888889
 30
0.0
  0
POLYLINE
  5
3D7
330
1F
100
AcDbEntity
  8
DEFAULT
 62
   250
100
AcDb2dPolyline
 66
     1
 10
0.0
 20
0.0
 30
0.0
  0
VERTEX
  5
3D8
330
3D7
100
AcDbEntity
  8
DEFAULT
 62
   250
100
AcDbVertex
100
AcDb2dVertex
 10
12.28594472222222
 20
272.5628491666666
 30
0.0
  0
VERTEX
  5
3D9
330
3D7
100
AcDbEntity
  8
DEFAULT
 62
   250
100
AcDbVertex
100
AcDb2dVertex
 10
12.28594472222222
 20
273.6691602777777
 30
0.0
  0
VERTEX
  5
3DA
330
3D7
100
AcDbEntity
  8
DEFAULT
 62
   250
100
AcDbVertex
100
AcDb2dVertex
 10
13.67659472222222
 20
272.5628491666666
 30
0.0
  0
VERTEX
  5
3DB
330
3D7
100
AcDbEntity
  8
DEFAULT
 62
   250
100
AcDbVertex
100
AcDb2dVertex
 10
13.67659472222222
 20
273.6811547222222
 30
0.0
  0
SEQEND
  5
3DC
330
3D7
100
AcDbEntity
  8
DEFAULT
 62
   250
  0
POLYLINE
  5
3DD
330
1F
100
AcDbEntity
  8
DEFAULT
 62
   250
100
AcDb2dPolyline
 66
     1
 10
0.0
 20
0.0
 30
0.0
  0
VERTEX
  5
3DE
330
3DD
100
AcDbEntity
  8
DEFAULT
 62
   250
100
AcDbVertex
100
AcDb2dVertex
 10
12.28777916666666
 20
257.5644313888889
 30
0.0
  0
VERTEX
  5
3DF
330
3DD
100
AcDbEntity
  8
DEFAULT
 62
   250
100
AcDbVertex
100
AcDb2dVertex
 10
12.28777916666666
 20
258.6707425
 30
0.0
  0
VERTEX
  5
3E0
330
3DD
100
AcDbEntity
  8
DEFAULT
 62
   250
100
AcDbVertex
100
AcDb2dVertex
 10
13.67842916666667
 20
257.5644313888889
 30
0.0
  0
VERTEX
  5
3E1
330
3DD
100
AcDbEntity
  8
DEFAULT
 62
   250
100
AcDbVertex
100
AcDb2dVertex
 10
13.67842916666667
 20
258.6827369444444
 30
0.0
  0
SEQEND
  5
3E2
330
3DD
100
AcDbEntity
  8
DEFAULT
 62
   250
  0
SPLINE
  5
3E3
330
1F
100
AcDbEntity
  8
DEFAULT
 62
     3
100
AcDbSpline
210
0.0
220
0.0
230
1.0
 70
    11
 71
     3
 72
    14
 73
    10
 74
     0
 42
0.000000001
 43
0.0000000001
 40
0.0
 40
0.0
 40
0.0
 40
0.0
 40
1.0
 40
1.0
 40
1.0
 40
2.0
 40
2.0
 40
2.0
 40
3.0
 40
3.0
 40
3.0
 40
3.0
 10
16.62546416666666
 20
251.4910797222222
 30
0.0
 10
16.68543638888889
 20
252.6330213888889
 30
0.0
 10
16.33936138888889
 20
252.9547547222222
 30
0.0
 10
15.55160861111111
 20
253.4832158333333
 30
0.0
 10
14.25761972222222
 20
254.3514019444444
 30
0.0
 10
17.07666694444444
 20
253.8395213888889
 30
0.0
 10
18.01046972222222
 20
253.2810741666666
 30
0.0
 10
18.79786972222222
 20
252.8101158333333
 30
0.0
 10
16.57290027777778
 20
250.4930713888889
 30
0.0
 10
16.62546416666666
 20
251.4910797222222
 30
0.0
  0
SPLINE
  5
3E4
330
1F
100
AcDbEntity
  8
DEFAULT
 62
     3
100
AcDbSpline
210
0.0
220
0.0
230
1.0
 70
    11
 71
     3
 72
    14
 73
    10
 74
     0
 42
0.000000001
 43
0.0000000001
 40
0.0
 40
0.0
 40
0.0
 40
0.0
 40
1.0
 40
1.0
 40
1.0
 40
2.0
 40
2.0
 40
2.0
 40
3.0
 40
3.0
 40
3.0
 40
3.0
 10
16.46583222222222
 20
264.4401055555555
 30
0.0
 10
17.08460444444444
 20
265.4017777777778
 30
0.0
 10
17.01440166666666
 20
266.0276055555556
 30
0.0
 10
16.46583222222222
 20
266.8012472222222
 30
0.0
 10
15.88057388888889
 20
267.6263944444444
 30
0.0
 10
18.46184888888889
 20
266.9924527777778
 30
0.0
 10
18.46184888888889
 20
265.6208527777778
 30
0.0
 10
18.46184888888889
 20
264.1300138888889
 30
0.0
 10
15.92502388888889
 20
263.5997888888889
 30
0.0
 10
16.46583222222222
 20
264.4401055555555
 30
0.0
  0
SPLINE
  5
3E5
330
1F
100
AcDbEntity
  8
DEFAULT
 62
     3
100
AcDbSpline
210
0.0
220
0.0
230
1.0
 70
    11
 71
     3
 72
    26
 73
    22
 74
     0
 42
0.000000001
 43
0.0000000001
 40
0.0
 40
0.0
 40
0.0
 40
0.0
 40
1.0
 40
1.0
 40
1.0
 40
2.0
 40
2.0
 40
2.0
 40
3.0
 40
3.0
 40
3.0
 40
4.0
 40
4.0
 40
4.0
 40
5.0
 40
5.0
 40
5.0
 40
6.0
 40
6.0
 40
6.0
 40
7.0
 40
7.0
 40
7.0
 40
7.0
 10
18.52139777777778
 20
281.4979694444444
 30
0.0
 10
16.92507833333334
 20
279.3664861111111
 30
0.0
 10
16.84323388888889
 20
279.3813027777778
 30
0.0
 10
17.83947833333333
 20
279.5679222222222
 30
0.0
 10
18.83537
 20
279.7548944444444
 30
0.0
 10
19.43720888888889
 20
280.3151055555555
 30
0.0
 10
20.78623111111111
 20
283.1165138888888
 30
0.0
 10
22.13490055555556
 20
285.9179222222222
 30
0.0
 10
23.69135611111111
 20
286.9762555555556
 30
0.0
 10
21.88619222222222
 20
286.6651055555556
 30
0.0
 10
20.08067555555555
 20
286.3539555555555
 30
0.0
 10
19.45802277777778
 20
287.2877583333333
 30
0.0
 10
18.77328111111111
 20
287.9725
 30
0.0
 10
18.08853944444445
 20
288.6572416666666
 30
0.0
 10
18.02609777777777
 20
288.7817722222222
 30
0.0
 10
16.781145
 20
288.1591194444444
 30
0.0
 10
15.53619222222222
 20
287.5368194444445
 30
0.0
 10
19.27140333333333
 20
287.0386972222222
 30
0.0
 10
19.64464222222222
 20
285.4822416666667
 30
0.0
 10
20.01823388888889
 20
283.9257861111111
 30
0.0
 10
19.69156166666667
 20
283.060775
 30
0.0
 10
18.52139777777778
 20
281.4979694444444
 30
0.0
  0
SPLINE
  5
3E6
330
1F
100
AcDbEntity
  8
DEFAULT
 62
     5
100
AcDbSpline
210
0.0
220
0.0
230
1.0
 70
    11
 71
     3
 72
    20
 73
    16
 74
     0
 42
0.000000001
 43
0.0000000001
 40
0.0
 40
0.0
 40
0.0
 40
0.0
 40
1.0
 40
1.0
 40
1.0
 40
2.0
 40
2.0
 40
2.0
 40
3.0
 40
3.0
 40
3.0
 40
4.0
 40
4.0
 40
4.0
 40
5.0
 40
5.0
 40
5.0
 40
5.0
 10
13.54338583333333
 20
262.8837558333333
 30
0.0
 10
15.57714972222222
 20
264.5901419444444
 30
0.0
 10
15.30727472222222
 20
266.7696030555555
 30
0.0
 10
13.79244694444444
 20
267.9888030555555
 30
0.0
 10
11.92519416666667
 20
269.4912836111111
 30
0.0
 10
12.94966083333333
 20
269.9523641666667
 30
0.0
 10
15.64347194444444
 20
269.1572030555556
 30
0.0
 10
18.33763583333333
 20
268.3620419444445
 30
0.0
 10
19.76003583333333
 20
268.6735447222222
 30
0.0
 10
19.76003583333333
 20
265.7476058333334
 30
0.0
 10
19.76003583333333
 20
262.7592252777778
 30
0.0
 10
18.47698305555555
 20
262.6346947222222
 30
0.0
 10
16.25942194444444
 20
262.0120419444444
 30
0.0
 10
14.04186083333333
 20
261.3897419444444
 30
0.0
 10
11.61404416666667
 20
261.2652113888889
 30
0.0
 10
13.54338583333333
 20
262.8837558333333
 30
0.0
  0
SPLINE
  5
3E7
330
1F
100
AcDbEntity
  8
DEFAULT
 62
     5
100
AcDbSpline
210
0.0
220
0.0
230
1.0
 70
    11
 71
     3
 72
    14
 73
    10
 74
     0
 42
0.000000001
 43
0.0000000001
 40
0.0
 40
0.0
 40
0.0
 40
0.0
 40
1.0
 40
1.0
 40
1.0
 40
2.0
 40
2.0
 40
2.0
 40
3.0
 40
3.0
 40
3.0
 40
3.0
 10
17.34139138888889
 20
250.0592252777778
 30
0.0
 10
19.13561916666666
 20
251.9621086111111
 30
0.0
 10
21.20113305555556
 20
253.9814086111111
 30
0.0
 10
18.46181361111111
 20
254.4791780555555
 30
0.0
 10
15.72284694444444
 20
254.9773002777778
 30
0.0
 10
10.49326916666667
 20
255.6366419444444
 30
0.0
 10
13.35711916666667
 20
253.7944363888888
 30
0.0
 10
16.80658027777778
 20
251.5758169444444
 30
0.0
 10
15.12488861111111
 20
247.7083141666666
 30
0.0
 10
17.34139138888889
 20
250.0592252777778
 30
0.0
  0
SPLINE
  5
3E8
330
1F
100
AcDbEntity
  8
DEFAULT
 62
     5
100
AcDbSpline
210
0.0
220
0.0
230
1.0
 70
    11
 71
     3
 72
    20
 73
    16
 74
     0
 42
0.000000001
 43
0.0000000001
 40
0.0
 40
0.0
 40
0.0
 40
0.0
 40
1.0
 40
1.0
 40
1.0
 40
2.0
 40
2.0
 40
2.0
 40
3.0
 40
3.0
 40
3.0
 40
4.0
 40
4.0
 40
4.0
 40
5.0
 40
5.0
 40
5.0
 40
5.0
 10
14.68289333333333
 20
288.6089463888889
 30
0.0
 10
11.78306
 20
285.4452352777778
 30
0.0
 10
21.07663777777778
 20
287.7234741666667
 30
0.0
 10
17.83672666666666
 20
282.8674880555556
 30
0.0
 10
14.52661277777778
 20
277.9067269444444
 30
0.0
 10
10.94979888888889
 20
276.0609936111111
 30
0.0
 10
17.22430444444445
 20
277.4721047222222
 30
0.0
 10
20.77324888888889
 20
278.2704408333333
 30
0.0
 10
19.51912388888889
 20
277.0646463888888
 30
0.0
 10
21.82382111111111
 20
281.8715963888889
 30
0.0
 10
24.98753222222222
 20
288.4706575
 30
0.0
 10
27.48907944444444
 20
289.0308686111111
 30
0.0
 10
22.69518222222222
 20
288.3461269444444
 30
0.0
 10
18.77088222222222
 20
287.7852102777778
 30
0.0
 10
18.764885
 20
293.0627658333333
 30
0.0
 10
14.68289333333333
 20
288.6089463888889
 30
0.0
  0
SPLINE
  5
3E9
330
1F
100
AcDbEntity
  8
DEFAULT
 62
     1
100
AcDbSpline
210
0.0
220
0.0
230
1.0
 70
     8
 71
     3
 72
    59
 73
    55
 74
     0
 42
0.000000001
 43
0.0000000001
 40
0.0
 40
0.0
 40
0.0
 40
0.0
 40
3.830000000000041
 40
3.830000000000041
 40
3.830000000000041
 40
4.830000000000041
 40
4.830000000000041
 40
4.830000000000041
 40
5.830000000000041
 40
5.830000000000041
 40
5.830000000000041
 40
6.830000000000041
 40
6.830000000000041
 40
6.830000000000041
 40
7.830000000000041
 40
7.830000000000041
 40
7.830000000000041
 40
8.830000000000041
 40
8.830000000000041
 40
8.830000000000041
 40
9.830000000000041
 40
9.830000000000041
 40
9.830000000000041
 40
10.83000000000004
 40
10.83000000000004
 40
10.83000000000004
 40
11.83000000000004
 40
11.83000000000004
 40
11.83000000000004
 40
12.83000000000004
 40
12.83000000000004
 40
12.83000000000004
 40
13.83000000000004
 40
13.83000000000004
 40
13.83000000000004
 40
14.83000000000004
 40
14.83000000000004
 40
14.83000000000004
 40
15.83000000000004
 40
15.83000000000004
 40
15.83000000000004
 40
16.83000000000004
 40
16.83000000000004
 40
16.83000000000004
 40
17.83000000000004
 40
17.83000000000004
 40
17.83000000000004
 40
18.83000000000004
 40
18.83000000000004
 40
18.83000000000004
 40
19.83000000000004
 40
19.83000000000004
 40
19.83000000000004
 40
23.66000000000008
 40
23.66000000000008
 40
23.66000000000008
 40
23.66000000000008
 10
15.69032083333333
 20
257.9745708333333
 30
0.0
 10
15.69032083333333
 20
257.5241912037037
 30
0.0
 10
15.69032083333333
 20
257.0738115740741
 30
0.0
 10
15.69032083333333
 20
256.6234319444444
 30
0.0
 10
15.69032083333333
 20
256.6234319444444
 30
0.0
 10
18.31145972222222
 20
256.6199041666666
 30
0.0
 10
19.18634861111111
 20
256.6199041666666
 30
0.0
 10
19.3627375
 20
256.6199041666666
 30
0.0
 10
19.97304305555555
 20
256.7186819444444
 30
0.0
 10
20.93612638888889
 20
256.7186819444444
 30
0.0
 10
21.90626527777778
 20
256.7151541666666
 30
0.0
 10
22.68590416666666
 20
256.6728208333333
 30
0.0
 10
22.68943194444444
 20
256.6163763888889
 30
0.0
 10
22.68590416666666
 20
254.6161263888889
 30
0.0
 10
24.00882083333333
 20
252.7852097222222
 30
0.0
 10
18.43845972222222
 20
248.1990986111111
 30
0.0
 10
12.87515416666666
 20
243.6094597222222
 30
0.0
 10
14.43090416666667
 20
249.8606819444444
 30
0.0
 10
9.463793055555556
 20
254.2174875
 30
0.0
 10
5.413904166666667
 20
257.7734874999999
 30
0.0
 10
5.047015277777777
 20
257.2831263888888
 30
0.0
 10
8.183209722222221
 20
260.1935430555555
 30
0.0
 10
13.21029305555555
 20
264.8572652777777
 30
0.0
 10
12.66701527777778
 20
266.8010708333333
 30
0.0
 10
8.341959722222223
 20
270.7909875
 30
0.0
 10
5.660848611111112
 20
273.2639597222222
 30
0.0
 10
6.098293055555555
 20
273.1228486111111
 30
0.0
 10
8.479543055555554
 20
275.7792652777778
 30
0.0
 10
10.83962638888889
 20
278.4145152777778
 30
0.0
 10
15.7432375
 20
281.7306263888889
 30
0.0
 10
13.82412638888889
 20
284.2812097222222
 30
0.0
 10
11.62632083333333
 20
287.1951541666666
 30
0.0
 10
5.907793055555556
 20
283.7520430555555
 30
0.0
 10
14.80837638888889
 20
292.1128763888888
 30
0.0
 10
18.19857083333333
 20
295.2949319444444
 30
0.0
 10
22.24493194444444
 20
290.5394875
 30
0.0
 10
26.30540416666667
 20
291.0369041666667
 30
0.0
 10
32.51782083333333
 20
291.7989041666666
 30
0.0
 10
28.48557083333333
 20
288.6133208333333
 30
0.0
 10
25.70568194444444
 20
283.2828486111111
 30
0.0
 10
24.34043194444444
 20
280.6546541666666
 30
0.0
 10
22.68943194444444
 20
277.1974319444444
 30
0.0
 10
22.68943194444444
 20
274.6150986111111
 30
0.0
 10
22.67532083333333
 20
274.5551263888888
 30
0.0
 10
21.89920972222222
 20
274.5127930555555
 30
0.0
 10
20.93965416666667
 20
274.5163208333333
 30
0.0
 10
19.97304305555555
 20
274.5163208333333
 30
0.0
 10
19.3627375
 20
274.6186263888889
 30
0.0
 10
19.18987638888889
 20
274.6150986111111
 30
0.0
 10
18.3149875
 20
274.6150986111111
 30
0.0
 10
15.69032083333333
 20
274.6221541666666
 30
0.0
 10
15.69032083333333
 20
274.6221541666666
 30
0.0
 10
15.69032083333333
 20
274.171774537037
 30
0.0
 10
15.69032083333333
 20
273.7213949074074
 30
0.0
 10
15.69032083333333
 20
273.2710152777777
 30
0.0
  0
SPLINE
  5
3EA
330
1F
100
AcDbEntity
  8
DEFAULT
 62
     1
100
AcDbSpline
210
0.0
220
0.0
230
1.0
 70
     8
 71
     3
 72
    35
 73
    31
 74
     0
 42
0.000000001
 43
0.0000000001
 40
0.0
 40
0.0
 40
0.0
 40
0.0
 40
3.82000000000005
 40
3.82000000000005
 40
3.82000000000005
 40
4.82000000000005
 40
4.82000000000005
 40
4.82000000000005
 40
5.82000000000005
 40
5.82000000000005
 40
5.82000000000005
 40
6.82000000000005
 40
6.82000000000005
 40
6.82000000000005
 40
7.82000000000005
 40
7.82000000000005
 40
7.82000000000005
 40
8.82000000000005
 40
8.82000000000005
 40
8.82000000000005
 40
9.82000000000005
 40
9.82000000000005
 40
9.82000000000005
 40
10.82000000000005
 40
10.82000000000005
 40
10.82000000000005
 40
11.82000000000005
 40
11.82000000000005
 40
11.82000000000005
 40
15.63999999999999
 40
15.63999999999999
 40
15.63999999999999
 40
15.63999999999999
 10
15.68679305555555
 20
272.9711894444444
 30
0.0
 10
15.68679305555555
 20
272.5219857407407
 30
0.0
 10
15.68679305555555
 20
272.072782037037
 30
0.0
 10
15.68679305555555
 20
271.6235783333333
 30
0.0
 10
15.68679305555555
 20
271.6235783333333
 30
0.0
 10
18.31145972222222
 20
271.6165227777777
 30
0.0
 10
19.18987638888889
 20
271.6165227777777
 30
0.0
 10
19.3627375
 20
271.6165227777777
 30
0.0
 10
19.96951527777778
 20
271.7153005555556
 30
0.0
 10
20.93965416666667
 20
271.7153005555556
 30
0.0
 10
21.89920972222222
 20
271.7153005555556
 30
0.0
 10
22.68590416666666
 20
271.6694394444444
 30
0.0
 10
22.68590416666666
 20
271.6165227777777
 30
0.0
 10
22.68237638888889
 20
269.5633561111111
 30
0.0
 10
22.00504305555556
 20
267.6301338888889
 30
0.0
 10
22.17790416666666
 20
265.0689672222222
 30
0.0
 10
22.29079305555555
 20
263.3968005555556
 30
0.0
 10
22.6329875
 20
262.500745
 30
0.0
 10
22.68943194444444
 20
259.6150227777778
 30
0.0
 10
22.67884861111111
 20
259.5621061111111
 30
0.0
 10
21.9027375
 20
259.5197727777777
 30
0.0
 10
20.93965416666667
 20
259.5197727777777
 30
0.0
 10
19.97304305555555
 20
259.5197727777777
 30
0.0
 10
19.36626527777778
 20
259.6185505555555
 30
0.0
 10
19.19340416666666
 20
259.6185505555555
 30
0.0
 10
18.31851527777778
 20
259.6220783333333
 30
0.0
 10
15.69032083333333
 20
259.6220783333333
 30
0.0
 10
15.69032083333333
 20
259.6220783333333
 30
0.0
 10
15.69032083333333
 20
259.1728746296296
 30
0.0
 10
15.69032083333333
 20
258.7236709259259
 30
0.0
 10
15.69032083333333
 20
258.2744672222222
 30
0.0
  0
POLYLINE
  5
3EB
330
1F
100
AcDbEntity
  8
DEFAULT
 62
   250
100
AcDb2dPolyline
 66
     1
 10
0.0
 20
0.0
 30
0.0
  0
VERTEX
  5
3EC
330
3EB
100
AcDbEntity
  8
DEFAULT
 62
   250
100
AcDbVertex
100
AcDb2dVertex
 10
32.47319444444444
 20
272.5628491666666
 30
0.0
  0
VERTEX
  5
3ED
330
3EB
100
AcDbEntity
  8
DEFAULT
 62
   250
100
AcDbVertex
100
AcDb2dVertex
 10
32.47319444444444
 20
273.6691602777777
 30
0.0
  0
VERTEX
  5
3EE
330
3EB
100
AcDbEntity
  8
DEFAULT
 62
   250
100
AcDbVertex
100
AcDb2dVertex
 10
33.86384444444444
 20
272.5628491666666
 30
0.0
  0
VERTEX
  5
3EF
330
3EB
100
AcDbEntity
  8
DEFAULT
 62
   250
100
AcDbVertex
100
AcDb2dVertex
 10
33.86384444444444
 20
273.6811547222222
 30
0.0
  0
SEQEND
  5
3F0
330
3EB
100
AcDbEntity
  8
DEFAULT
 62
   250
  0
POLYLINE
  5
3F1
330
1F
100
AcDbEntity
  8
DEFAULT
 62
   250
100
AcDb2dPolyline
 66
     1
 10
0.0
 20
0.0
 30
0.0
  0
VERTEX
  5
3F2
330
3F1
100
AcDbEntity
  8
DEFAULT
 62
   250
100
AcDbVertex
100
AcDb2dVertex
 10
32.47502888888889
 20
257.5644313888889
 30
0.0
  0
VERTEX
  5
3F3
330
3F1
100
AcDbEntity
  8
DEFAULT
 62
   250
100
AcDbVertex
100
AcDb2dVertex
 10
32.47502888888889
 20
258.6707425
 30
0.0
  0
VERTEX
  5
3F4
330
3F1
100
AcDbEntity
  8
DEFAULT
 62
   250
100
AcDbVertex
100
AcDb2dVertex
 10
33.86567888888888
 20
257.5644313888889
 30
0.0
  0
VERTEX
  5
3F5
330
3F1
100
AcDbEntity
  8
DEFAULT
 62
   250
100
AcDbVertex
100
AcDb2dVertex
 10
33.86567888888888
 20
258.6827369444444
 30
0.0
  0
SEQEND
  5
3F6
330
3F1
100
AcDbEntity
  8
DEFAULT
 62
   250
  0
SPLINE
  5
3F7
330
1F
100
AcDbEntity
  8
DEFAULT
 62
     3
100
AcDbSpline
210
0.0
220
0.0
230
1.0
 70
    11
 71
     3
 72
    14
 73
    10
 74
     0
 42
0.000000001
 43
0.0000000001
 40
0.0
 40
0.0
 40
0.0
 40
0.0
 40
1.0
 40
1.0
 40
1.0
 40
2.0
 40
2.0
 40
2.0
 40
3.0
 40
3.0
 40
3.0
 40
3.0
 10
36.81271388888889
 20
251.4910797222222
 30
0.0
 10
36.87268611111111
 20
252.6330213888889
 30
0.0
 10
36.5266111111111
 20
252.9547547222222
 30
0.0
 10
35.73885833333333
 20
253.4832158333333
 30
0.0
 10
34.44486944444444
 20
254.3514019444444
 30
0.0
 10
37.26391666666666
 20
253.8395213888889
 30
0.0
 10
38.19771944444444
 20
253.2810741666666
 30
0.0
 10
38.98511944444444
 20
252.8101158333333
 30
0.0
 10
36.76015
 20
250.4930713888889
 30
0.0
 10
36.81271388888889
 20
251.4910797222222
 30
0.0
  0
SPLINE
  5
3F8
330
1F
100
AcDbEntity
  8
DEFAULT
 62
     3
100
AcDbSpline
210
0.0
220
0.0
230
1.0
 70
    11
 71
     3
 72
    14
 73
    10
 74
     0
 42
0.000000001
 43
0.0000000001
 40
0.0
 40
0.0
 40
0.0
 40
0.0
 40
1.0
 40
1.0
 40
1.0
 40
2.0
 40
2.0
 40
2.0
 40
3.0
 40
3.0
 40
3.0
 40
3.0
 10
36.65308194444444
 20
264.4401055555555
 30
0.0
 10
37.27185416666666
 20
265.4017777777778
 30
0.0
 10
37.20165138888889
 20
266.0276055555556
 30
0.0
 10
36.65308194444444
 20
266.8012472222222
 30
0.0
 10
36.0678236111111
 20
267.6263944444444
 30
0.0
 10
38.64909861111111
 20
266.9924527777778
 30
0.0
 10
38.64909861111111
 20
265.6208527777778
 30
0.0
 10
38.64909861111111
 20
264.1300138888889
 30
0.0
 10
36.11227361111111
 20
263.5997888888889
 30
0.0
 10
36.65308194444444
 20
264.4401055555555
 30
0.0
  0
SPLINE
  5
3F9
330
1F
100
AcDbEntity
  8
DEFAULT
 62
     3
100
AcDbSpline
210
0.0
220
0.0
230
1.0
 70
    11
 71
     3
 72
    26
 73
    22
 74
     0
 42
0.000000001
 43
0.0000000001
 40
0.0
 40
0.0
 40
0.0
 40
0.0
 40
1.0
 40
1.0
 40
1.0
 40
2.0
 40
2.0
 40
2.0
 40
3.0
 40
3.0
 40
3.0
 40
4.0
 40
4.0
 40
4.0
 40
5.0
 40
5.0
 40
5.0
 40
6.0
 40
6.0
 40
6.0
 40
7.0
 40
7.0
 40
7.0
 40
7.0
 10
38.7086475
 20
281.4979694444444
 30
0.0
 10
37.11232805555555
 20
279.3664861111111
 30
0.0
 10
37.03048361111111
 20
279.3813027777778
 30
0.0
 10
38.02672805555555
 20
279.5679222222222
 30
0.0
 10
39.02261972222222
 20
279.7548944444444
 30
0.0
 10
39.62445861111111
 20
280.3151055555555
 30
0.0
 10
40.97348083333333
 20
283.1165138888888
 30
0.0
 10
42.32215027777777
 20
285.9179222222222
 30
0.0
 10
43.87860583333333
 20
286.9762555555556
 30
0.0
 10
42.07308916666667
 20
286.6651055555556
 30
0.0
 10
40.26792527777778
 20
286.3539555555555
 30
0.0
 10
39.6452725
 20
287.2877583333333
 30
0.0
 10
38.96053083333333
 20
287.9725
 30
0.0
 10
38.27578916666666
 20
288.6572416666666
 30
0.0
 10
38.2133475
 20
288.7817722222222
 30
0.0
 10
36.96839472222222
 20
288.1591194444444
 30
0.0
 10
35.72308916666667
 20
287.5368194444445
 30
0.0
 10
39.45865305555556
 20
287.0386972222222
 30
0.0
 10
39.83189194444444
 20
285.4822416666667
 30
0.0
 10
40.20548361111111
 20
283.9257861111111
 30
0.0
 10
39.87881138888889
 20
283.060775
 30
0.0
 10
38.7086475
 20
281.4979694444444
 30
0.0
  0
SPLINE
  5
3FA
330
1F
100
AcDbEntity
  8
DEFAULT
 62
     5
100
AcDbSpline
210
0.0
220
0.0
230
1.0
 70
    11
 71
     3
 72
    20
 73
    16
 74
     0
 42
0.000000001
 43
0.0000000001
 40
0.0
 40
0.0
 40
0.0
 40
0.0
 40
1.0
 40
1.0
 40
1.0
 40
2.0
 40
2.0
 40
2.0
 40
3.0
 40
3.0
 40
3.0
 40
4.0
 40
4.0
 40
4.0
 40
5.0
 40
5.0
 40
5.0
 40
5.0
 10
33.73063555555555
 20
262.8837558333333
 30
0.0
 10
35.76439944444444
 20
264.5901419444444
 30
0.0
 10
35.49452444444444
 20
266.7696030555555
 30
0.0
 10
33.97969666666667
 20
267.9888030555555
 30
0.0
 10
32.11244388888888
 20
269.4912836111111
 30
0.0
 10
33.13691055555555
 20
269.9523641666667
 30
0.0
 10
35.83072166666667
 20
269.1572030555556
 30
0.0
 10
38.52453277777777
 20
268.3620419444445
 30
0.0
 10
39.94728555555555
 20
268.6735447222222
 30
0.0
 10
39.94728555555555
 20
265.7476058333334
 30
0.0
 10
39.94728555555555
 20
262.7592252777778
 30
0.0
 10
38.66423277777778
 20
262.6346947222222
 30
0.0
 10
36.44667166666667
 20
262.0120419444444
 30
0.0
 10
34.22911055555555
 20
261.3897419444444
 30
0.0
 10
31.80129388888889
 20
261.2652113888889
 30
0.0
 10
33.73063555555555
 20
262.8837558333333
 30
0.0
  0
SPLINE
  5
3FB
330
1F
100
AcDbEntity
  8
DEFAULT
 62
     5
100
AcDbSpline
210
0.0
220
0.0
230
1.0
 70
    11
 71
     3
 72
    14
 73
    10
 74
     0
 42
0.000000001
 43
0.0000000001
 40
0.0
 40
0.0
 40
0.0
 40
0.0
 40
1.0
 40
1.0
 40
1.0
 40
2.0
 40
2.0
 40
2.0
 40
3.0
 40
3.0
 40
3.0
 40
3.0
 10
37.52864111111111
 20
250.0592252777778
 30
0.0
 10
39.32286888888888
 20
251.9621086111111
 30
0.0
 10
41.38838277777777
 20
253.9814086111111
 30
0.0
 10
38.64906333333333
 20
254.4791780555555
 30
0.0
 10
35.91009666666666
 20
254.9773002777778
 30
0.0
 10
30.68051888888889
 20
255.6366419444444
 30
0.0
 10
33.54436888888888
 20
253.7944363888888
 30
0.0
 10
36.99383
 20
251.5758169444444
 30
0.0
 10
35.31213833333333
 20
247.7083141666666
 30
0.0
 10
37.52864111111111
 20
250.0592252777778
 30
0.0
  0
SPLINE
  5
3FC
330
1F
100
AcDbEntity
  8
DEFAULT
 62
     5
100
AcDbSpline
210
0.0
220
0.0
230
1.0
 70
    11
 71
     3
 72
    20
 73
    16
 74
     0
 42
0.000000001
 43
0.0000000001
 40
0.0
 40
0.0
 40
0.0
 40
0.0
 40
1.0
 40
1.0
 40
1.0
 40
2.0
 40
2.0
 40
2.0
 40
3.0
 40
3.0
 40
3.0
 40
4.0
 40
4.0
 40
4.0
 40
5.0
 40
5.0
 40
5.0
 40
5.0
 10
34.87014305555555
 20
288.6089463888889
 30
0.0
 10
31.97030972222222
 20
285.4452352777778
 30
0.0
 10
41.2638875
 20
287.7234741666667
 30
0.0
 10
38.02397638888888
 20
282.8674880555556
 30
0.0
 10
34.7138625
 20
277.9067269444444
 30
0.0
 10
31.1370486111111
 20
276.0609936111111
 30
0.0
 10
37.41155416666666
 20
277.4721047222222
 30
0.0
 10
40.96049861111111
 20
278.2704408333333
 30
0.0
 10
39.7063736111111
 20
277.0646463888888
 30
0.0
 10
42.01107083333333
 20
281.8715963888889
 30
0.0
 10
45.17478194444444
 20
288.4706575
 30
0.0
 10
47.67632916666666
 20
289.0308686111111
 30
0.0
 10
42.88243194444444
 20
288.3461269444444
 30
0.0
 10
38.95813194444444
 20
287.7852102777778
 30
0.0
 10
38.95213472222222
 20
293.0627658333333
 30
0.0
 10
34.87014305555555
 20
288.6089463888889
 30
0.0
  0
SPLINE
  5
3FD
330
1F
100
AcDbEntity
  8
DEFAULT
 62
     1
100
AcDbSpline
210
0.0
220
0.0
230
1.0
 70
     8
 71
     3
 72
    59
 73
    55
 74
     0
 42
0.000000001
 43
0.0000000001
 40
0.0
 40
0.0
 40
0.0
 40
0.0
 40
3.830000000000041
 40
3.830000000000041
 40
3.830000000000041
 40
4.830000000000041
 40
4.830000000000041
 40
4.830000000000041
 40
5.830000000000041
 40
5.830000000000041
 40
5.830000000000041
 40
6.830000000000041
 40
6.830000000000041
 40
6.830000000000041
 40
7.830000000000041
 40
7.830000000000041
 40
7.830000000000041
 40
8.830000000000041
 40
8.830000000000041
 40
8.830000000000041
 40
9.830000000000041
 40
9.830000000000041
 40
9.830000000000041
 40
10.83000000000004
 40
10.83000000000004
 40
10.83000000000004
 40
11.83000000000004
 40
11.83000000000004
 40
11.83000000000004
 40
12.83000000000004
 40
12.83000000000004
 40
12.83000000000004
 40
13.83000000000004
 40
13.83000000000004
 40
13.83000000000004
 40
14.83000000000004
 40
14.83000000000004
 40
14.83000000000004
 40
15.83000000000004
 40
15.83000000000004
 40
15.83000000000004
 40
16.83000000000004
 40
16.83000000000004
 40
16.83000000000004
 40
17.83000000000004
 40
17.83000000000004
 40
17.83000000000004
 40
18.83000000000004
 40
18.83000000000004
 40
18.83000000000004
 40
19.83000000000004
 40
19.83000000000004
 40
19.83000000000004
 40
23.66000000000008
 40
23.66000000000008
 40
23.66000000000008
 40
23.66000000000008
 10
35.87757055555555
 20
257.9745708333333
 30
0.0
 10
35.87757055555555
 20
257.5241912037037
 30
0.0
 10
35.87757055555555
 20
257.0738115740741
 30
0.0
 10
35.87757055555555
 20
256.6234319444444
 30
0.0
 10
35.87757055555555
 20
256.6234319444444
 30
0.0
 10
38.49870944444444
 20
256.6199041666666
 30
0.0
 10
39.37359833333333
 20
256.6199041666666
 30
0.0
 10
39.54998722222221
 20
256.6199041666666
 30
0.0
 10
40.16029277777777
 20
256.7186819444444
 30
0.0
 10
41.12337611111111
 20
256.7186819444444
 30
0.0
 10
42.093515
 20
256.7151541666666
 30
0.0
 10
42.87315388888888
 20
256.6728208333333
 30
0.0
 10
42.87668166666666
 20
256.6163763888889
 30
0.0
 10
42.87315388888888
 20
254.6161263888889
 30
0.0
 10
44.19607055555555
 20
252.7852097222222
 30
0.0
 10
38.62570944444444
 20
248.1990986111111
 30
0.0
 10
33.06240388888888
 20
243.6094597222222
 30
0.0
 10
34.61815388888888
 20
249.8606819444444
 30
0.0
 10
29.65104277777777
 20
254.2174875
 30
0.0
 10
25.60115388888889
 20
257.7734874999999
 30
0.0
 10
25.234265
 20
257.2831263888888
 30
0.0
 10
28.37045944444444
 20
260.1935430555555
 30
0.0
 10
33.39754277777777
 20
264.8572652777777
 30
0.0
 10
32.854265
 20
266.8010708333333
 30
0.0
 10
28.52920944444444
 20
270.7909875
 30
0.0
 10
25.84809833333333
 20
273.2639597222222
 30
0.0
 10
26.28554277777777
 20
273.1228486111111
 30
0.0
 10
28.66679277777778
 20
275.7792652777778
 30
0.0
 10
31.02687611111111
 20
278.4145152777778
 30
0.0
 10
35.93048722222222
 20
281.7306263888889
 30
0.0
 10
34.0113761111111
 20
284.2812097222222
 30
0.0
 10
31.81357055555555
 20
287.1951541666666
 30
0.0
 10
26.09504277777777
 20
283.7520430555555
 30
0.0
 10
34.99562611111111
 20
292.1128763888888
 30
0.0
 10
38.38582055555555
 20
295.2949319444444
 30
0.0
 10
42.43218166666666
 20
290.5394875
 30
0.0
 10
46.49265388888888
 20
291.0369041666667
 30
0.0
 10
52.70507055555554
 20
291.7989041666666
 30
0.0
 10
48.67282055555555
 20
288.6133208333333
 30
0.0
 10
45.89293166666666
 20
283.2828486111111
 30
0.0
 10
44.52768166666666
 20
280.6546541666666
 30
0.0
 10
42.87668166666666
 20
277.1974319444444
 30
0.0
 10
42.87668166666666
 20
274.6150986111111
 30
0.0
 10
42.86257055555555
 20
274.5551263888888
 30
0.0
 10
42.08645944444444
 20
274.5127930555555
 30
0.0
 10
41.12690388888888
 20
274.5163208333333
 30
0.0
 10
40.16029277777777
 20
274.5163208333333
 30
0.0
 10
39.54998722222221
 20
274.6186263888889
 30
0.0
 10
39.3771261111111
 20
274.6150986111111
 30
0.0
 10
38.50223722222221
 20
274.6150986111111
 30
0.0
 10
35.87757055555555
 20
274.6221541666666
 30
0.0
 10
35.87757055555555
 20
274.6221541666666
 30
0.0
 10
35.87757055555555
 20
274.171774537037
 30
0.0
 10
35.87757055555555
 20
273.7213949074074
 30
0.0
 10
35.87757055555555
 20
273.2710152777777
 30
0.0
  0
SPLINE
  5
3FE
330
1F
100
AcDbEntity
  8
DEFAULT
 62
     1
100
AcDbSpline
210
0.0
220
0.0
230
1.0
 70
     8
 71
     3
 72
    35
 73
    31
 74
     0
 42
0.000000001
 43
0.0000000001
 40
0.0
 40
0.0
 40
0.0
 40
0.0
 40
3.82000000000005
 40
3.82000000000005
 40
3.82000000000005
 40
4.82000000000005
 40
4.82000000000005
 40
4.82000000000005
 40
5.82000000000005
 40
5.82000000000005
 40
5.82000000000005
 40
6.82000000000005
 40
6.82000000000005
 40
6.82000000000005
 40
7.82000000000005
 40
7.82000000000005
 40
7.82000000000005
 40
8.82000000000005
 40
8.82000000000005
 40
8.82000000000005
 40
9.82000000000005
 40
9.82000000000005
 40
9.82000000000005
 40
10.82000000000005
 40
10.82000000000005
 40
10.82000000000005
 40
11.82000000000005
 40
11.82000000000005
 40
11.82000000000005
 40
15.63999999999999
 40
15.63999999999999
 40
15.63999999999999
 40
15.63999999999999
 10
35.87404277777777
 20
272.9711894444444
 30
0.0
 10
35.87404277777777
 20
272.5219857407407
 30
0.0
 10
35.87404277777777
 20
272.072782037037
 30
0.0
 10
35.87404277777777
 20
271.6235783333333
 30
0.0
 10
35.87404277777777
 20
271.6235783333333
 30
0.0
 10
38.49870944444444
 20
271.6165227777777
 30
0.0
 10
39.37712611111111
 20
271.6165227777777
 30
0.0
 10
39.54998722222222
 20
271.6165227777777
 30
0.0
 10
40.156765
 20
271.7153005555556
 30
0.0
 10
41.12690388888889
 20
271.7153005555556
 30
0.0
 10
42.08645944444444
 20
271.7153005555556
 30
0.0
 10
42.87315388888889
 20
271.6694394444444
 30
0.0
 10
42.87315388888889
 20
271.6165227777777
 30
0.0
 10
42.86962611111111
 20
269.5633561111111
 30
0.0
 10
42.19229277777777
 20
267.6301338888889
 30
0.0
 10
42.36515388888889
 20
265.0689672222222
 30
0.0
 10
42.47804277777777
 20
263.3968005555556
 30
0.0
 10
42.82023722222222
 20
262.500745
 30
0.0
 10
42.87668166666666
 20
259.6150227777778
 30
0.0
 10
42.86609833333333
 20
259.5621061111111
 30
0.0
 10
42.08998722222222
 20
259.5197727777777
 30
0.0
 10
41.12690388888889
 20
259.5197727777777
 30
0.0
 10
40.16029277777778
 20
259.5197727777777
 30
0.0
 10
39.553515
 20
259.6185505555555
 30
0.0
 10
39.38065388888889
 20
259.6185505555555
 30
0.0
 10
38.505765
 20
259.6220783333333
 30
0.0
 10
35.87757055555556
 20
259.6220783333333
 30
0.0
 10
35.87757055555556
 20
259.6220783333333
 30
0.0
 10
35.87757055555556
 20
259.1728746296296
 30
0.0
 10
35.87757055555556
 20
258.7236709259259
 30
0.0
 10
35.87757055555556
 20
258.2744672222222
 30
0.0
  0
POLYLINE
  5
3FF
330
1F
100
AcDbEntity
  8
DEFAULT
 62
   250
100
AcDb2dPolyline
 66
     1
 10
0.0
 20
0.0
 30
0.0
  0
VERTEX
  5
400
330
3FF
100
AcDbEntity
  8
DEFAULT
 62
   250
100
AcDbVertex
100
AcDb2dVertex
 10
52.66044416666666
 20
272.5628491666666
 30
0.0
  0
VERTEX
  5
401
330
3FF
100
AcDbEntity
  8
DEFAULT
 62
   250
100
AcDbVertex
100
AcDb2dVertex
 10
52.66044416666666
 20
273.6691602777777
 30
0.0
  0
VERTEX
  5
402
330
3FF
100
AcDbEntity
  8
DEFAULT
 62
   250
100
AcDbVertex
100
AcDb2dVertex
 10
54.05109416666666
 20
272.5628491666666
 30
0.0
  0
VERTEX
  5
403
330
3FF
100
AcDbEntity
  8
DEFAULT
 62
   250
100
AcDbVertex
100
AcDb2dVertex
 10
54.05109416666666
 20
273.6811547222222
 30
0.0
  0
SEQEND
  5
404
330
3FF
100
AcDbEntity
  8
DEFAULT
 62
   250
  0
POLYLINE
  5
405
330
1F
100
AcDbEntity
  8
DEFAULT
 62
   250
100
AcDb2dPolyline
 66
     1
 10
0.0
 20
0.0
 30
0.0
  0
VERTEX
  5
406
330
405
100
AcDbEntity
  8
DEFAULT
 62
   250
100
AcDbVertex
100
AcDb2dVertex
 10
52.66227861111111
 20
257.5644313888889
 30
0.0
  0
VERTEX
  5
407
330
405
100
AcDbEntity
  8
DEFAULT
 62
   250
100
AcDbVertex
100
AcDb2dVertex
 10
52.66227861111111
 20
258.6707425
 30
0.0
  0
VERTEX
  5
408
330
405
100
AcDbEntity
  8
DEFAULT
 62
   250
100
AcDbVertex
100
AcDb2dVertex
 10
54.05292861111111
 20
257.5644313888889
 30
0.0
  0
VERTEX
  5
409
330
405
100
AcDbEntity
  8
DEFAULT
 62
   250
100
AcDbVertex
100
AcDb2dVertex
 10
54.05292861111111
 20
258.6827369444444
 30
0.0
  0
SEQEND
  5
40A
330
405
100
AcDbEntity
  8
DEFAULT
 62
   250
  0
SPLINE
  5
40B
330
1F
100
AcDbEntity
  8
DEFAULT
 62
     3
100
AcDbSpline
210
0.0
220
0.0
230
1.0
 70
    11
 71
     3
 72
    14
 73
    10
 74
     0
 42
0.000000001
 43
0.0000000001
 40
0.0
 40
0.0
 40
0.0
 40
0.0
 40
1.0
 40
1.0
 40
1.0
 40
2.0
 40
2.0
 40
2.0
 40
3.0
 40
3.0
 40
3.0
 40
3.0
 10
56.99996361111111
 20
251.4910797222222
 30
0.0
 10
57.05993583333333
 20
252.6330213888889
 30
0.0
 10
56.71386083333333
 20
252.9547547222222
 30
0.0
 10
55.92610805555555
 20
253.4832158333333
 30
0.0
 10
54.63211916666667
 20
254.3514019444444
 30
0.0
 10
57.45116638888889
 20
253.8395213888889
 30
0.0
 10
58.38496916666666
 20
253.2810741666666
 30
0.0
 10
59.17236916666666
 20
252.8101158333333
 30
0.0
 10
56.94739972222222
 20
250.4930713888889
 30
0.0
 10
56.99996361111111
 20
251.4910797222222
 30
0.0
  0
SPLINE
  5
40C
330
1F
100
AcDbEntity
  8
DEFAULT
 62
     3
100
AcDbSpline
210
0.0
220
0.0
230
1.0
 70
    11
 71
     3
 72
    14
 73
    10
 74
     0
 42
0.000000001
 43
0.0000000001
 40
0.0
 40
0.0
 40
0.0
 40
0.0
 40
1.0
 40
1.0
 40
1.0
 40
2.0
 40
2.0
 40
2.0
 40
3.0
 40
3.0
 40
3.0
 40
3.0
 10
56.84033166666666
 20
264.4401055555555
 30
0.0
 10
57.45910388888888
 20
265.4017777777778
 30
0.0
 10
57.3889011111111
 20
266.0276055555556
 30
0.0
 10
56.84033166666666
 20
266.8012472222222
 30
0.0
 10
56.25507333333333
 20
267.6263944444444
 30
0.0
 10
58.83634833333332
 20
266.9924527777778
 30
0.0
 10
58.83634833333332
 20
265.6208527777778
 30
0.0
 10
58.83634833333332
 20
264.1300138888889
 30
0.0
 10
56.29952333333333
 20
263.5997888888889
 30
0.0
 10
56.84033166666666
 20
264.4401055555555
 30
0.0
  0
SPLINE
  5
40D
330
1F
100
AcDbEntity
  8
DEFAULT
 62
     3
100
AcDbSpline
210
0.0
220
0.0
230
1.0
 70
    11
 71
     3
 72
    26
 73
    22
 74
     0
 42
0.000000001
 43
0.0000000001
 40
0.0
 40
0.0
 40
0.0
 40
0.0
 40
1.0
 40
1.0
 40
1.0
 40
2.0
 40
2.0
 40
2.0
 40
3.0
 40
3.0
 40
3.0
 40
4.0
 40
4.0
 40
4.0
 40
5.0
 40
5.0
 40
5.0
 40
6.0
 40
6.0
 40
6.0
 40
7.0
 40
7.0
 40
7.0
 40
7.0
 10
58.89589722222222
 20
281.4979694444444
 30
0.0
 10
57.29957777777778
 20
279.3664861111111
 30
0.0
 10
57.21773333333333
 20
279.3813027777778
 30
0.0
 10
58.21397777777778
 20
279.5679222222222
 30
0.0
 10
59.20986944444444
 20
279.7548944444444
 30
0.0
 10
59.81170833333334
 20
280.3151055555555
 30
0.0
 10
61.16073055555555
 20
283.1165138888888
 30
0.0
 10
62.5094
 20
285.9179222222222
 30
0.0
 10
64.06585555555556
 20
286.9762555555556
 30
0.0
 10
62.26033888888889
 20
286.6651055555556
 30
0.0
 10
60.455175
 20
286.3539555555555
 30
0.0
 10
59.83252222222222
 20
287.2877583333333
 30
0.0
 10
59.14778055555556
 20
287.9725
 30
0.0
 10
58.46303888888889
 20
288.6572416666666
 30
0.0
 10
58.40059722222222
 20
288.7817722222222
 30
0.0
 10
57.15564444444445
 20
288.1591194444444
 30
0.0
 10
55.91033888888889
 20
287.5368194444445
 30
0.0
 10
59.64590277777778
 20
287.0386972222222
 30
0.0
 10
60.01914166666666
 20
285.4822416666667
 30
0.0
 10
60.39273333333333
 20
283.9257861111111
 30
0.0
 10
60.06606111111111
 20
283.060775
 30
0.0
 10
58.89589722222222
 20
281.4979694444444
 30
0.0
  0
SPLINE
  5
40E
330
1F
100
AcDbEntity
  8
DEFAULT
 62
     5
100
AcDbSpline
210
0.0
220
0.0
230
1.0
 70
    11
 71
     3
 72
    20
 73
    16
 74
     0
 42
0.000000001
 43
0.0000000001
 40
0.0
 40
0.0
 40
0.0
 40
0.0
 40
1.0
 40
1.0
 40
1.0
 40
2.0
 40
2.0
 40
2.0
 40
3.0
 40
3.0
 40
3.0
 40
4.0
 40
4.0
 40
4.0
 40
5.0
 40
5.0
 40
5.0
 40
5.0
 10
53.91788527777777
 20
262.8837558333333
 30
0.0
 10
55.95164916666666
 20
264.5901419444444
 30
0.0
 10
55.68177416666666
 20
266.7696030555555
 30
0.0
 10
54.16694638888888
 20
267.9888030555555
 30
0.0
 10
52.29969361111111
 20
269.4912836111111
 30
0.0
 10
53.32416027777777
 20
269.9523641666667
 30
0.0
 10
56.01797138888888
 20
269.1572030555556
 30
0.0
 10
58.71178249999999
 20
268.3620419444445
 30
0.0
 10
60.13453527777778
 20
268.6735447222222
 30
0.0
 10
60.13453527777778
 20
265.7476058333334
 30
0.0
 10
60.13453527777778
 20
262.7592252777778
 30
0.0
 10
58.8514825
 20
262.6346947222222
 30
0.0
 10
56.63392138888889
 20
262.0120419444444
 30
0.0
 10
54.41636027777778
 20
261.3897419444444
 30
0.0
 10
51.9885436111111
 20
261.2652113888889
 30
0.0
 10
53.91788527777777
 20
262.8837558333333
 30
0.0
  0
SPLINE
  5
40F
330
1F
100
AcDbEntity
  8
DEFAULT
 62
     5
100
AcDbSpline
210
0.0
220
0.0
230
1.0
 70
    11
 71
     3
 72
    14
 73
    10
 74
     0
 42
0.000000001
 43
0.0000000001
 40
0.0
 40
0.0
 40
0.0
 40
0.0
 40
1.0
 40
1.0
 40
1.0
 40
2.0
 40
2.0
 40
2.0
 40
3.0
 40
3.0
 40
3.0
 40
3.0
 10
57.71589083333333
 20
250.0592252777778
 30
0.0
 10
59.5101186111111
 20
251.9621086111111
 30
0.0
 10
61.57563249999999
 20
253.9814086111111
 30
0.0
 10
58.83631305555554
 20
254.4791780555555
 30
0.0
 10
56.09734638888888
 20
254.9773002777778
 30
0.0
 10
50.8677686111111
 20
255.6366419444444
 30
0.0
 10
53.7316186111111
 20
253.7944363888888
 30
0.0
 10
57.18107972222221
 20
251.5758169444444
 30
0.0
 10
55.49938805555555
 20
247.7083141666666
 30
0.0
 10
57.71589083333333
 20
250.0592252777778
 30
0.0
  0
SPLINE
  5
410
330
1F
100
AcDbEntity
  8
DEFAULT
 62
     5
100
AcDbSpline
210
0.0
220
0.0
230
1.0
 70
    11
 71
     3
 72
    20
 73
    16
 74
     0
 42
0.000000001
 43
0.0000000001
 40
0.0
 40
0.0
 40
0.0
 40
0.0
 40
1.0
 40
1.0
 40
1.0
 40
2.0
 40
2.0
 40
2.0
 40
3.0
 40
3.0
 40
3.0
 40
4.0
 40
4.0
 40
4.0
 40
5.0
 40
5.0
 40
5.0
 40
5.0
 10
55.05739277777777
 20
288.6089463888889
 30
0.0
 10
52.15755944444444
 20
285.4452352777778
 30
0.0
 10
61.45113722222221
 20
287.7234741666667
 30
0.0
 10
58.2112261111111
 20
282.8674880555556
 30
0.0
 10
54.90111222222221
 20
277.9067269444444
 30
0.0
 10
51.32429833333332
 20
276.0609936111111
 30
0.0
 10
57.59880388888888
 20
277.4721047222222
 30
0.0
 10
61.14774833333333
 20
278.2704408333333
 30
0.0
 10
59.89362333333332
 20
277.0646463888888
 30
0.0
 10
62.19832055555554
 20
281.8715963888889
 30
0.0
 10
65.36203166666667
 20
288.4706575
 30
0.0
 10
67.86357888888888
 20
289.0308686111111
 30
0.0
 10
63.06968166666665
 20
288.3461269444444
 30
0.0
 10
59.14538166666666
 20
287.7852102777778
 30
0.0
 10
59.13938444444444
 20
293.0627658333333
 30
0.0
 10
55.05739277777777
 20
288.6089463888889
 30
0.0
  0
SPLINE
  5
411
330
1F
100
AcDbEntity
  8
DEFAULT
 62
     1
100
AcDbSpline
210
0.0
220
0.0
230
1.0
 70
     8
 71
     3
 72
    59
 73
    55
 74
     0
 42
0.000000001
 43
0.0000000001
 40
0.0
 40
0.0
 40
0.0
 40
0.0
 40
3.830000000000041
 40
3.830000000000041
 40
3.830000000000041
 40
4.830000000000041
 40
4.830000000000041
 40
4.830000000000041
 40
5.830000000000041
 40
5.830000000000041
 40
5.830000000000041
 40
6.830000000000041
 40
6.830000000000041
 40
6.830000000000041
 40
7.830000000000041
 40
7.830000000000041
 40
7.830000000000041
 40
8.830000000000041
 40
8.830000000000041
 40
8.830000000000041
 40
9.830000000000041
 40
9.830000000000041
 40
9.830000000000041
 40
10.83000000000004
 40
10.83000000000004
 40
10.83000000000004
 40
11.83000000000004
 40
11.83000000000004
 40
11.83000000000004
 40
12.83000000000004
 40
12.83000000000004
 40
12.83000000000004
 40
13.83000000000004
 40
13.83000000000004
 40
13.83000000000004
 40
14.83000000000004
 40
14.83000000000004
 40
14.83000000000004
 40
15.83000000000004
 40
15.83000000000004
 40
15.83000000000004
 40
16.83000000000004
 40
16.83000000000004
 40
16.83000000000004
 40
17.83000000000004
 40
17.83000000000004
 40
17.83000000000004
 40
18.83000000000004
 40
18.83000000000004
 40
18.83000000000004
 40
19.83000000000004
 40
19.83000000000004
 40
19.83000000000004
 40
23.66000000000008
 40
23.66000000000008
 40
23.66000000000008
 40
23.66000000000008
 10
56.06482027777778
 20
257.9745708333333
 30
0.0
 10
56.06482027777778
 20
257.5241912037037
 30
0.0
 10
56.06482027777778
 20
257.0738115740741
 30
0.0
 10
56.06482027777778
 20
256.6234319444444
 30
0.0
 10
56.06482027777778
 20
256.6234319444444
 30
0.0
 10
58.68595916666666
 20
256.6199041666666
 30
0.0
 10
59.56084805555555
 20
256.6199041666666
 30
0.0
 10
59.73723694444444
 20
256.6199041666666
 30
0.0
 10
60.34754249999999
 20
256.7186819444444
 30
0.0
 10
61.31062583333333
 20
256.7186819444444
 30
0.0
 10
62.28076472222222
 20
256.7151541666666
 30
0.0
 10
63.0604036111111
 20
256.6728208333333
 30
0.0
 10
63.06393138888888
 20
256.6163763888889
 30
0.0
 10
63.0604036111111
 20
254.6161263888889
 30
0.0
 10
64.38332027777777
 20
252.7852097222222
 30
0.0
 10
58.81295916666666
 20
248.1990986111111
 30
0.0
 10
53.24965361111111
 20
243.6094597222222
 30
0.0
 10
54.80540361111111
 20
249.8606819444444
 30
0.0
 10
49.83829249999999
 20
254.2174875
 30
0.0
 10
45.78840361111111
 20
257.7734874999999
 30
0.0
 10
45.42151472222221
 20
257.2831263888888
 30
0.0
 10
48.55770916666666
 20
260.1935430555555
 30
0.0
 10
53.5847925
 20
264.8572652777777
 30
0.0
 10
53.04151472222222
 20
266.8010708333333
 30
0.0
 10
48.71645916666667
 20
270.7909875
 30
0.0
 10
46.03534805555555
 20
273.2639597222222
 30
0.0
 10
46.4727925
 20
273.1228486111111
 30
0.0
 10
48.8540425
 20
275.7792652777778
 30
0.0
 10
51.21412583333333
 20
278.4145152777778
 30
0.0
 10
56.11773694444445
 20
281.7306263888889
 30
0.0
 10
54.19862583333333
 20
284.2812097222222
 30
0.0
 10
52.00082027777777
 20
287.1951541666666
 30
0.0
 10
46.2822925
 20
283.7520430555555
 30
0.0
 10
55.18287583333333
 20
292.1128763888888
 30
0.0
 10
58.57307027777778
 20
295.2949319444444
 30
0.0
 10
62.61943138888888
 20
290.5394875
 30
0.0
 10
66.6799036111111
 20
291.0369041666667
 30
0.0
 10
72.89232027777777
 20
291.7989041666666
 30
0.0
 10
68.86007027777778
 20
288.6133208333333
 30
0.0
 10
66.08018138888887
 20
283.2828486111111
 30
0.0
 10
64.71493138888889
 20
280.6546541666666
 30
0.0
 10
63.06393138888888
 20
277.1974319444444
 30
0.0
 10
63.06393138888888
 20
274.6150986111111
 30
0.0
 10
63.04982027777778
 20
274.5551263888888
 30
0.0
 10
62.27370916666666
 20
274.5127930555555
 30
0.0
 10
61.3141536111111
 20
274.5163208333333
 30
0.0
 10
60.34754249999999
 20
274.5163208333333
 30
0.0
 10
59.73723694444444
 20
274.6186263888889
 30
0.0
 10
59.56437583333332
 20
274.6150986111111
 30
0.0
 10
58.68948694444444
 20
274.6150986111111
 30
0.0
 10
56.06482027777778
 20
274.6221541666666
 30
0.0
 10
56.06482027777778
 20
274.6221541666666
 30
0.0
 10
56.06482027777778
 20
274.171774537037
 30
0.0
 10
56.06482027777778
 20
273.7213949074074
 30
0.0
 10
56.06482027777778
 20
273.2710152777777
 30
0.0
  0
SPLINE
  5
412
330
1F
100
AcDbEntity
  8
DEFAULT
 62
     1
100
AcDbSpline
210
0.0
220
0.0
230
1.0
 70
     8
 71
     3
 72
    35
 73
    31
 74
     0
 42
0.000000001
 43
0.0000000001
 40
0.0
 40
0.0
 40
0.0
 40
0.0
 40
3.82000000000005
 40
3.82000000000005
 40
3.82000000000005
 40
4.82000000000005
 40
4.82000000000005
 40
4.82000000000005
 40
5.82000000000005
 40
5.82000000000005
 40
5.82000000000005
 40
6.82000000000005
 40
6.82000000000005
 40
6.82000000000005
 40
7.82000000000005
 40
7.82000000000005
 40
7.82000000000005
 40
8.82000000000005
 40
8.82000000000005
 40
8.82000000000005
 40
9.82000000000005
 40
9.82000000000005
 40
9.82000000000005
 40
10.82000000000005
 40
10.82000000000005
 40
10.82000000000005
 40
11.82000000000005
 40
11.82000000000005
 40
11.82000000000005
 40
15.63999999999999
 40
15.63999999999999
 40
15.63999999999999
 40
15.63999999999999
 10
56.0612925
 20
272.9711894444444
 30
0.0
 10
56.0612925
 20
272.5219857407407
 30
0.0
 10
56.0612925
 20
272.072782037037
 30
0.0
 10
56.0612925
 20
271.6235783333333
 30
0.0
 10
56.0612925
 20
271.6235783333333
 30
0.0
 10
58.68595916666666
 20
271.6165227777777
 30
0.0
 10
59.56437583333334
 20
271.6165227777777
 30
0.0
 10
59.73723694444444
 20
271.6165227777777
 30
0.0
 10
60.34401472222222
 20
271.7153005555556
 30
0.0
 10
61.3141536111111
 20
271.7153005555556
 30
0.0
 10
62.27370916666667
 20
271.7153005555556
 30
0.0
 10
63.06040361111111
 20
271.6694394444444
 30
0.0
 10
63.06040361111111
 20
271.6165227777777
 30
0.0
 10
63.05687583333333
 20
269.5633561111111
 30
0.0
 10
62.3795425
 20
267.6301338888889
 30
0.0
 10
62.55240361111111
 20
265.0689672222222
 30
0.0
 10
62.6652925
 20
263.3968005555556
 30
0.0
 10
63.00748694444444
 20
262.500745
 30
0.0
 10
63.06393138888888
 20
259.6150227777778
 30
0.0
 10
63.05334805555555
 20
259.5621061111111
 30
0.0
 10
62.27723694444445
 20
259.5197727777777
 30
0.0
 10
61.3141536111111
 20
259.5197727777777
 30
0.0
 10
60.3475425
 20
259.5197727777777
 30
0.0
 10
59.74076472222222
 20
259.6185505555555
 30
0.0
 10
59.56790361111111
 20
259.6185505555555
 30
0.0
 10
58.69301472222222
 20
259.6220783333333
 30
0.0
 10
56.06482027777778
 20
259.6220783333333
 30
0.0
 10
56.06482027777778
 20
259.6220783333333
 30
0.0
 10
56.06482027777778
 20
259.1728746296296
 30
0.0
 10
56.06482027777778
 20
258.7236709259259
 30
0.0
 10
56.06482027777778
 20
258.2744672222222
 30
0.0
  0
POLYLINE
  5
413
330
1F
100
AcDbEntity
  8
DEFAULT
 62
   250
100
AcDb2dPolyline
 66
     1
 10
0.0
 20
0.0
 30
0.0
  0
VERTEX
  5
414
330
413
100
AcDbEntity
  8
DEFAULT
 62
   250
100
AcDbVertex
100
AcDb2dVertex
 10
72.84769388888888
 20
272.5628491666666
 30
0.0
  0
VERTEX
  5
415
330
413
100
AcDbEntity
  8
DEFAULT
 62
   250
100
AcDbVertex
100
AcDb2dVertex
 10
72.84769388888888
 20
273.6691602777777
 30
0.0
  0
VERTEX
  5
416
330
413
100
AcDbEntity
  8
DEFAULT
 62
   250
100
AcDbVertex
100
AcDb2dVertex
 10
74.23834388888888
 20
272.5628491666666
 30
0.0
  0
VERTEX
  5
417
330
413
100
AcDbEntity
  8
DEFAULT
 62
   250
100
AcDbVertex
100
AcDb2dVertex
 10
74.23834388888888
 20
273.6811547222222
 30
0.0
  0
SEQEND
  5
418
330
413
100
AcDbEntity
  8
DEFAULT
 62
   250
  0
POLYLINE
  5
419
330
1F
100
AcDbEntity
  8
DEFAULT
 62
   250
100
AcDb2dPolyline
 66
     1
 10
0.0
 20
0.0
 30
0.0
  0
VERTEX
  5
41A
330
419
100
AcDbEntity
  8
DEFAULT
 62
   250
100
AcDbVertex
100
AcDb2dVertex
 10
72.84952833333332
 20
257.5644313888889
 30
0.0
  0
VERTEX
  5
41B
330
419
100
AcDbEntity
  8
DEFAULT
 62
   250
100
AcDbVertex
100
AcDb2dVertex
 10
72.84952833333332
 20
258.6707425
 30
0.0
  0
VERTEX
  5
41C
330
419
100
AcDbEntity
  8
DEFAULT
 62
   250
100
AcDbVertex
100
AcDb2dVertex
 10
74.24017833333333
 20
257.5644313888889
 30
0.0
  0
VERTEX
  5
41D
330
419
100
AcDbEntity
  8
DEFAULT
 62
   250
100
AcDbVertex
100
AcDb2dVertex
 10
74.24017833333333
 20
258.6827369444444
 30
0.0
  0
SEQEND
  5
41E
330
419
100
AcDbEntity
  8
DEFAULT
 62
   250
  0
SPLINE
  5
41F
330
1F
100
AcDbEntity
  8
DEFAULT
 62
     3
100
AcDbSpline
210
0.0
220
0.0
230
1.0
 70
    11
 71
     3
 72
    14
 73
    10
 74
     0
 42
0.000000001
 43
0.0000000001
 40
0.0
 40
0.0
 40
0.0
 40
0.0
 40
1.0
 40
1.0
 40
1.0
 40
2.0
 40
2.0
 40
2.0
 40
3.0
 40
3.0
 40
3.0
 40
3.0
 10
77.18721333333332
 20
251.4910797222222
 30
0.0
 10
77.24718555555555
 20
252.6330213888889
 30
0.0
 10
76.90111055555555
 20
252.9547547222222
 30
0.0
 10
76.11335777777776
 20
253.4832158333333
 30
0.0
 10
74.81936888888887
 20
254.3514019444444
 30
0.0
 10
77.6384161111111
 20
253.8395213888889
 30
0.0
 10
78.57221888888887
 20
253.2810741666666
 30
0.0
 10
79.35961888888887
 20
252.8101158333333
 30
0.0
 10
77.13464944444443
 20
250.4930713888889
 30
0.0
 10
77.18721333333332
 20
251.4910797222222
 30
0.0
  0
SPLINE
  5
420
330
1F
100
AcDbEntity
  8
DEFAULT
 62
     3
100
AcDbSpline
210
0.0
220
0.0
230
1.0
 70
    11
 71
     3
 72
    14
 73
    10
 74
     0
 42
0.000000001
 43
0.0000000001
 40
0.0
 40
0.0
 40
0.0
 40
0.0
 40
1.0
 40
1.0
 40
1.0
 40
2.0
 40
2.0
 40
2.0
 40
3.0
 40
3.0
 40
3.0
 40
3.0
 10
77.02758138888888
 20
264.4401055555555
 30
0.0
 10
77.6463536111111
 20
265.4017777777778
 30
0.0
 10
77.57615083333333
 20
266.0276055555556
 30
0.0
 10
77.02758138888888
 20
266.8012472222222
 30
0.0
 10
76.44232305555555
 20
267.6263944444444
 30
0.0
 10
79.02359805555554
 20
266.9924527777778
 30
0.0
 10
79.02359805555554
 20
265.6208527777778
 30
0.0
 10
79.02359805555554
 20
264.1300138888889
 30
0.0
 10
76.48677305555556
 20
263.5997888888889
 30
0.0
 10
77.02758138888888
 20
264.4401055555555
 30
0.0
  0
SPLINE
  5
421
330
1F
100
AcDbEntity
  8
DEFAULT
 62
     3
100
AcDbSpline
210
0.0
220
0.0
230
1.0
 70
    11
 71
     3
 72
    26
 73
    22
 74
     0
 42
0.000000001
 43
0.0000000001
 40
0.0
 40
0.0
 40
0.0
 40
0.0
 40
1.0
 40
1.0
 40
1.0
 40
2.0
 40
2.0
 40
2.0
 40
3.0
 40
3.0
 40
3.0
 40
4.0
 40
4.0
 40
4.0
 40
5.0
 40
5.0
 40
5.0
 40
6.0
 40
6.0
 40
6.0
 40
7.0
 40
7.0
 40
7.0
 40
7.0
 10
79.08314694444444
 20
281.4979694444444
 30
0.0
 10
77.48682749999999
 20
279.3664861111111
 30
0.0
 10
77.40498305555555
 20
279.3813027777778
 30
0.0
 10
78.40122749999999
 20
279.5679222222222
 30
0.0
 10
79.39711916666666
 20
279.7548944444444
 30
0.0
 10
79.99895805555555
 20
280.3151055555555
 30
0.0
 10
81.34798027777776
 20
283.1165138888888
 30
0.0
 10
82.6966497222222
 20
285.9179222222222
 30
0.0
 10
84.25310527777776
 20
286.9762555555556
 30
0.0
 10
82.44794138888888
 20
286.6651055555556
 30
0.0
 10
80.6424247222222
 20
286.3539555555555
 30
0.0
 10
80.01977194444443
 20
287.2877583333333
 30
0.0
 10
79.33503027777776
 20
287.9725
 30
0.0
 10
78.6502886111111
 20
288.6572416666666
 30
0.0
 10
78.58784694444444
 20
288.7817722222222
 30
0.0
 10
77.34289416666665
 20
288.1591194444444
 30
0.0
 10
76.09794138888888
 20
287.5368194444445
 30
0.0
 10
79.8331525
 20
287.0386972222222
 30
0.0
 10
80.20639138888887
 20
285.4822416666667
 30
0.0
 10
80.57998305555554
 20
283.9257861111111
 30
0.0
 10
80.25331083333333
 20
283.060775
 30
0.0
 10
79.08314694444444
 20
281.4979694444444
 30
0.0
  0
SPLINE
  5
422
330
1F
100
AcDbEntity
  8
DEFAULT
 62
     5
100
AcDbSpline
210
0.0
220
0.0
230
1.0
 70
    11
 71
     3
 72
    20
 73
    16
 74
     0
 42
0.000000001
 43
0.0000000001
 40
0.0
 40
0.0
 40
0.0
 40
0.0
 40
1.0
 40
1.0
 40
1.0
 40
2.0
 40
2.0
 40
2.0
 40
3.0
 40
3.0
 40
3.0
 40
4.0
 40
4.0
 40
4.0
 40
5.0
 40
5.0
 40
5.0
 40
5.0
 10
74.10513499999999
 20
262.8837558333333
 30
0.0
 10
76.13889888888887
 20
264.5901419444444
 30
0.0
 10
75.86902388888889
 20
266.7696030555555
 30
0.0
 10
74.35419611111111
 20
267.9888030555555
 30
0.0
 10
72.48694333333333
 20
269.4912836111111
 30
0.0
 10
73.51141
 20
269.9523641666667
 30
0.0
 10
76.2052211111111
 20
269.1572030555556
 30
0.0
 10
78.899385
 20
268.3620419444445
 30
0.0
 10
80.321785
 20
268.6735447222222
 30
0.0
 10
80.321785
 20
265.7476058333334
 30
0.0
 10
80.321785
 20
262.7592252777778
 30
0.0
 10
79.03873222222222
 20
262.6346947222222
 30
0.0
 10
76.82117111111111
 20
262.0120419444444
 30
0.0
 10
74.60361
 20
261.3897419444444
 30
0.0
 10
72.17579333333333
 20
261.2652113888889
 30
0.0
 10
74.10513499999999
 20
262.8837558333333
 30
0.0
  0
SPLINE
  5
423
330
1F
100
AcDbEntity
  8
DEFAULT
 62
     5
100
AcDbSpline
210
0.0
220
0.0
230
1.0
 70
    11
 71
     3
 72
    14
 73
    10
 74
     0
 42
0.000000001
 43
0.0000000001
 40
0.0
 40
0.0
 40
0.0
 40
0.0
 40
1.0
 40
1.0
 40
1.0
 40
2.0
 40
2.0
 40
2.0
 40
3.0
 40
3.0
 40
3.0
 40
3.0
 10
77.90314055555555
 20
250.0592252777778
 30
0.0
 10
79.69736833333333
 20
251.9621086111111
 30
0.0
 10
81.76288222222222
 20
253.9814086111111
 30
0.0
 10
79.02356277777777
 20
254.4791780555555
 30
0.0
 10
76.2845961111111
 20
254.9773002777778
 30
0.0
 10
71.05501833333332
 20
255.6366419444444
 30
0.0
 10
73.91886833333332
 20
253.7944363888888
 30
0.0
 10
77.36832944444444
 20
251.5758169444444
 30
0.0
 10
75.68663777777778
 20
247.7083141666666
 30
0.0
 10
77.90314055555555
 20
250.0592252777778
 30
0.0
  0
SPLINE
  5
424
330
1F
100
AcDbEntity
  8
DEFAULT
 62
     5
100
AcDbSpline
210
0.0
220
0.0
230
1.0
 70
    11
 71
     3
 72
    20
 73
    16
 74
     0
 42
0.000000001
 43
0.0000000001
 40
0.0
 40
0.0
 40
0.0
 40
0.0
 40
1.0
 40
1.0
 40
1.0
 40
2.0
 40
2.0
 40
2.0
 40
3.0
 40
3.0
 40
3.0
 40
4.0
 40
4.0
 40
4.0
 40
5.0
 40
5.0
 40
5.0
 40
5.0
 10
75.2446425
 20
288.6089463888889
 30
0.0
 10
72.34480916666666
 20
285.4452352777778
 30
0.0
 10
81.63838694444443
 20
287.7234741666667
 30
0.0
 10
78.39847583333332
 20
282.8674880555556
 30
0.0
 10
75.08836194444443
 20
277.9067269444444
 30
0.0
 10
71.51154805555555
 20
276.0609936111111
 30
0.0
 10
77.7860536111111
 20
277.4721047222222
 30
0.0
 10
81.33499805555554
 20
278.2704408333333
 30
0.0
 10
80.08087305555554
 20
277.0646463888888
 30
0.0
 10
82.38557027777776
 20
281.8715963888889
 30
0.0
 10
85.54928138888889
 20
288.4706575
 30
0.0
 10
88.0508286111111
 20
289.0308686111111
 30
0.0
 10
83.25693138888887
 20
288.3461269444444
 30
0.0
 10
79.33263138888888
 20
287.7852102777778
 30
0.0
 10
79.32663416666666
 20
293.0627658333333
 30
0.0
 10
75.2446425
 20
288.6089463888889
 30
0.0
  0
SPLINE
  5
425
330
1F
100
AcDbEntity
  8
DEFAULT
 62
     1
100
AcDbSpline
210
0.0
220
0.0
230
1.0
 70
     8
 71
     3
 72
    59
 73
    55
 74
     0
 42
0.000000001
 43
0.0000000001
 40
0.0
 40
0.0
 40
0.0
 40
0.0
 40
3.830000000000041
 40
3.830000000000041
 40
3.830000000000041
 40
4.830000000000041
 40
4.830000000000041
 40
4.830000000000041
 40
5.830000000000041
 40
5.830000000000041
 40
5.830000000000041
 40
6.830000000000041
 40
6.830000000000041
 40
6.830000000000041
 40
7.830000000000041
 40
7.830000000000041
 40
7.830000000000041
 40
8.830000000000041
 40
8.830000000000041
 40
8.830000000000041
 40
9.830000000000041
 40
9.830000000000041
 40
9.830000000000041
 40
10.83000000000004
 40
10.83000000000004
 40
10.83000000000004
 40
11.83000000000004
 40
11.83000000000004
 40
11.83000000000004
 40
12.83000000000004
 40
12.83000000000004
 40
12.83000000000004
 40
13.83000000000004
 40
13.83000000000004
 40
13.83000000000004
 40
14.83000000000004
 40
14.83000000000004
 40
14.83000000000004
 40
15.83000000000004
 40
15.83000000000004
 40
15.83000000000004
 40
16.83000000000004
 40
16.83000000000004
 40
16.83000000000004
 40
17.83000000000004
 40
17.83000000000004
 40
17.83000000000004
 40
18.83000000000004
 40
18.83000000000004
 40
18.83000000000004
 40
19.83000000000004
 40
19.83000000000004
 40
19.83000000000004
 40
23.66000000000008
 40
23.66000000000008
 40
23.66000000000008
 40
23.66000000000008
 10
76.25207
 20
257.9745708333333
 30
0.0
 10
76.25207
 20
257.5241912037037
 30
0.0
 10
76.25207
 20
257.0738115740741
 30
0.0
 10
76.25207
 20
256.6234319444444
 30
0.0
 10
76.25207
 20
256.6234319444444
 30
0.0
 10
78.87320888888888
 20
256.6199041666666
 30
0.0
 10
79.74809777777777
 20
256.6199041666666
 30
0.0
 10
79.92448666666667
 20
256.6199041666666
 30
0.0
 10
80.53479222222221
 20
256.7186819444444
 30
0.0
 10
81.49787555555555
 20
256.7186819444444
 30
0.0
 10
82.46801444444445
 20
256.7151541666666
 30
0.0
 10
83.24765333333332
 20
256.6728208333333
 30
0.0
 10
83.25118111111111
 20
256.6163763888889
 30
0.0
 10
83.24765333333332
 20
254.6161263888889
 30
0.0
 10
84.57056999999999
 20
252.7852097222222
 30
0.0
 10
79.00020888888888
 20
248.1990986111111
 30
0.0
 10
73.43690333333333
 20
243.6094597222222
 30
0.0
 10
74.99265333333334
 20
249.8606819444444
 30
0.0
 10
70.02554222222221
 20
254.2174875
 30
0.0
 10
65.97565333333333
 20
257.7734874999999
 30
0.0
 10
65.60876444444443
 20
257.2831263888888
 30
0.0
 10
68.74495888888889
 20
260.1935430555555
 30
0.0
 10
73.77204222222223
 20
264.8572652777777
 30
0.0
 10
73.22876444444445
 20
266.8010708333333
 30
0.0
 10
68.90370888888889
 20
270.7909875
 30
0.0
 10
66.22259777777778
 20
273.2639597222222
 30
0.0
 10
66.66004222222222
 20
273.1228486111111
 30
0.0
 10
69.04129222222222
 20
275.7792652777778
 30
0.0
 10
71.40137555555555
 20
278.4145152777778
 30
0.0
 10
76.30498666666666
 20
281.7306263888889
 30
0.0
 10
74.38587555555556
 20
284.2812097222222
 30
0.0
 10
72.18807
 20
287.1951541666666
 30
0.0
 10
66.46954222222223
 20
283.7520430555555
 30
0.0
 10
75.37012555555555
 20
292.1128763888888
 30
0.0
 10
78.76032000000001
 20
295.2949319444444
 30
0.0
 10
82.8066811111111
 20
290.5394875
 30
0.0
 10
86.86715333333333
 20
291.0369041666667
 30
0.0
 10
93.07956999999999
 20
291.7989041666666
 30
0.0
 10
89.04732
 20
288.6133208333333
 30
0.0
 10
86.26743111111111
 20
283.2828486111111
 30
0.0
 10
84.9021811111111
 20
280.6546541666666
 30
0.0
 10
83.25118111111111
 20
277.1974319444444
 30
0.0
 10
83.25118111111111
 20
274.6150986111111
 30
0.0
 10
83.23707
 20
274.5551263888888
 30
0.0
 10
82.46095888888888
 20
274.5127930555555
 30
0.0
 10
81.50140333333333
 20
274.5163208333333
 30
0.0
 10
80.53479222222221
 20
274.5163208333333
 30
0.0
 10
79.92448666666667
 20
274.6186263888889
 30
0.0
 10
79.75162555555555
 20
274.6150986111111
 30
0.0
 10
78.87673666666666
 20
274.6150986111111
 30
0.0
 10
76.25207
 20
274.6221541666666
 30
0.0
 10
76.25207
 20
274.6221541666666
 30
0.0
 10
76.25207
 20
274.171774537037
 30
0.0
 10
76.25207
 20
273.7213949074074
 30
0.0
 10
76.25207
 20
273.2710152777777
 30
0.0
  0
SPLINE
  5
426
330
1F
100
AcDbEntity
  8
DEFAULT
 62
     1
100
AcDbSpline
210
0.0
220
0.0
230
1.0
 70
     8
 71
     3
 72
    35
 73
    31
 74
     0
 42
0.000000001
 43
0.0000000001
 40
0.0
 40
0.0
 40
0.0
 40
0.0
 40
3.82000000000005
 40
3.82000000000005
 40
3.82000000000005
 40
4.82000000000005
 40
4.82000000000005
 40
4.82000000000005
 40
5.82000000000005
 40
5.82000000000005
 40
5.82000000000005
 40
6.82000000000005
 40
6.82000000000005
 40
6.82000000000005
 40
7.82000000000005
 40
7.82000000000005
 40
7.82000000000005
 40
8.82000000000005
 40
8.82000000000005
 40
8.82000000000005
 40
9.82000000000005
 40
9.82000000000005
 40
9.82000000000005
 40
10.82000000000005
 40
10.82000000000005
 40
10.82000000000005
 40
11.82000000000005
 40
11.82000000000005
 40
11.82000000000005
 40
15.63999999999999
 40
15.63999999999999
 40
15.63999999999999
 40
15.63999999999999
 10
76.24854222222221
 20
272.9711894444444
 30
0.0
 10
76.24854222222221
 20
272.5219857407407
 30
0.0
 10
76.24854222222221
 20
272.072782037037
 30
0.0
 10
76.24854222222221
 20
271.6235783333333
 30
0.0
 10
76.24854222222221
 20
271.6235783333333
 30
0.0
 10
78.87320888888888
 20
271.6165227777777
 30
0.0
 10
79.75162555555555
 20
271.6165227777777
 30
0.0
 10
79.92448666666665
 20
271.6165227777777
 30
0.0
 10
80.53126444444445
 20
271.7153005555556
 30
0.0
 10
81.50140333333333
 20
271.7153005555556
 30
0.0
 10
82.46095888888887
 20
271.7153005555556
 30
0.0
 10
83.24765333333332
 20
271.6694394444444
 30
0.0
 10
83.24765333333332
 20
271.6165227777777
 30
0.0
 10
83.24412555555556
 20
269.5633561111111
 30
0.0
 10
82.5667922222222
 20
267.6301338888889
 30
0.0
 10
82.73965333333332
 20
265.0689672222222
 30
0.0
 10
82.85254222222221
 20
263.3968005555556
 30
0.0
 10
83.19473666666666
 20
262.500745
 30
0.0
 10
83.2511811111111
 20
259.6150227777778
 30
0.0
 10
83.24059777777777
 20
259.5621061111111
 30
0.0
 10
82.46448666666666
 20
259.5197727777777
 30
0.0
 10
81.50140333333333
 20
259.5197727777777
 30
0.0
 10
80.53479222222221
 20
259.5197727777777
 30
0.0
 10
79.92801444444444
 20
259.6185505555555
 30
0.0
 10
79.75515333333333
 20
259.6185505555555
 30
0.0
 10
78.88026444444444
 20
259.6220783333333
 30
0.0
 10
76.25206999999999
 20
259.6220783333333
 30
0.0
 10
76.25206999999999
 20
259.6220783333333
 30
0.0
 10
76.25206999999999
 20
259.1728746296296
 30
0.0
 10
76.25206999999999
 20
258.7236709259259
 30
0.0
 10
76.25206999999999
 20
258.2744672222222
 30
0.0
  0
POLYLINE
  5
427
330
1F
100
AcDbEntity
  8
DEFAULT
 62
   250
100
AcDb2dPolyline
 66
     1
 10
0.0
 20
0.0
 30
0.0
  0
VERTEX
  5
428
330
427
100
AcDbEntity
  8
DEFAULT
 62
   250
100
AcDbVertex
100
AcDb2dVertex
 10
93.03494361111109
 20
272.5628491666666
 30
0.0
  0
VERTEX
  5
429
330
427
100
AcDbEntity
  8
DEFAULT
 62
   250
100
AcDbVertex
100
AcDb2dVertex
 10
93.03494361111109
 20
273.6691602777777
 30
0.0
  0
VERTEX
  5
42A
330
427
100
AcDbEntity
  8
DEFAULT
 62
   250
100
AcDbVertex
100
AcDb2dVertex
 10
94.4255936111111
 20
272.5628491666666
 30
0.0
  0
VERTEX
  5
42B
330
427
100
AcDbEntity
  8
DEFAULT
 62
   250
100
AcDbVertex
100
AcDb2dVertex
 10
94.4255936111111
 20
273.6811547222222
 30
0.0
  0
SEQEND
  5
42C
330
427
100
AcDbEntity
  8
DEFAULT
 62
   250
  0
POLYLINE
  5
42D
330
1F
100
AcDbEntity
  8
DEFAULT
 62
   250
100
AcDb2dPolyline
 66
     1
 10
0.0
 20
0.0
 30
0.0
  0
VERTEX
  5
42E
330
42D
100
AcDbEntity
  8
DEFAULT
 62
   250
100
AcDbVertex
100
AcDb2dVertex
 10
93.03677805555554
 20
257.5644313888889
 30
0.0
  0
VERTEX
  5
42F
330
42D
100
AcDbEntity
  8
DEFAULT
 62
   250
100
AcDbVertex
100
AcDb2dVertex
 10
93.03677805555554
 20
258.6707425
 30
0.0
  0
VERTEX
  5
430
330
42D
100
AcDbEntity
  8
DEFAULT
 62
   250
100
AcDbVertex
100
AcDb2dVertex
 10
94.42742805555554
 20
257.5644313888889
 30
0.0
  0
VERTEX
  5
431
330
42D
100
AcDbEntity
  8
DEFAULT
 62
   250
100
AcDbVertex
100
AcDb2dVertex
 10
94.42742805555554
 20
258.6827369444444
 30
0.0
  0
SEQEND
  5
432
330
42D
100
AcDbEntity
  8
DEFAULT
 62
   250
  0
SPLINE
  5
433
330
1F
100
AcDbEntity
  8
DEFAULT
 62
     3
100
AcDbSpline
210
0.0
220
0.0
230
1.0
 70
    11
 71
     3
 72
    14
 73
    10
 74
     0
 42
0.000000001
 43
0.0000000001
 40
0.0
 40
0.0
 40
0.0
 40
0.0
 40
1.0
 40
1.0
 40
1.0
 40
2.0
 40
2.0
 40
2.0
 40
3.0
 40
3.0
 40
3.0
 40
3.0
 10
97.37446305555555
 20
251.4910797222222
 30
0.0
 10
97.43443527777778
 20
252.6330213888889
 30
0.0
 10
97.08836027777778
 20
252.9547547222222
 30
0.0
 10
96.30060750000001
 20
253.4832158333333
 30
0.0
 10
95.00661861111111
 20
254.3514019444444
 30
0.0
 10
97.82566583333333
 20
253.8395213888889
 30
0.0
 10
98.7598213888889
 20
253.2810741666666
 30
0.0
 10
99.54686861111112
 20
252.8101158333333
 30
0.0
 10
97.32189916666667
 20
250.4930713888889
 30
0.0
 10
97.37446305555555
 20
251.4910797222222
 30
0.0
  0
SPLINE
  5
434
330
1F
100
AcDbEntity
  8
DEFAULT
 62
     3
100
AcDbSpline
210
0.0
220
0.0
230
1.0
 70
    11
 71
     3
 72
    14
 73
    10
 74
     0
 42
0.000000001
 43
0.0000000001
 40
0.0
 40
0.0
 40
0.0
 40
0.0
 40
1.0
 40
1.0
 40
1.0
 40
2.0
 40
2.0
 40
2.0
 40
3.0
 40
3.0
 40
3.0
 40
3.0
 10
97.2148311111111
 20
264.4401055555555
 30
0.0
 10
97.83360333333333
 20
265.4017777777778
 30
0.0
 10
97.76340055555555
 20
266.0276055555556
 30
0.0
 10
97.2148311111111
 20
266.8012472222222
 30
0.0
 10
96.62957277777777
 20
267.6263944444444
 30
0.0
 10
99.21084777777777
 20
266.9924527777778
 30
0.0
 10
99.21084777777777
 20
265.6208527777778
 30
0.0
 10
99.21084777777777
 20
264.1300138888889
 30
0.0
 10
96.67402277777775
 20
263.5997888888889
 30
0.0
 10
97.2148311111111
 20
264.4401055555555
 30
0.0
  0
SPLINE
  5
435
330
1F
100
AcDbEntity
  8
DEFAULT
 62
     3
100
AcDbSpline
210
0.0
220
0.0
230
1.0
 70
    11
 71
     3
 72
    26
 73
    22
 74
     0
 42
0.000000001
 43
0.0000000001
 40
0.0
 40
0.0
 40
0.0
 40
0.0
 40
1.0
 40
1.0
 40
1.0
 40
2.0
 40
2.0
 40
2.0
 40
3.0
 40
3.0
 40
3.0
 40
4.0
 40
4.0
 40
4.0
 40
5.0
 40
5.0
 40
5.0
 40
6.0
 40
6.0
 40
6.0
 40
7.0
 40
7.0
 40
7.0
 40
7.0
 10
99.27039666666667
 20
281.4979694444444
 30
0.0
 10
97.67407722222224
 20
279.3664861111111
 30
0.0
 10
97.59223277777778
 20
279.3813027777778
 30
0.0
 10
98.58847722222222
 20
279.5679222222222
 30
0.0
 10
99.58436888888889
 20
279.7548944444444
 30
0.0
 10
100.1862077777778
 20
280.3151055555555
 30
0.0
 10
101.53523
 20
283.1165138888888
 30
0.0
 10
102.8838994444444
 20
285.9179222222222
 30
0.0
 10
104.440355
 20
286.9762555555556
 30
0.0
 10
102.6351911111111
 20
286.6651055555556
 30
0.0
 10
100.8296744444444
 20
286.3539555555555
 30
0.0
 10
100.2070216666667
 20
287.2877583333333
 30
0.0
 10
99.52228
 20
287.9725
 30
0.0
 10
98.83753833333334
 20
288.6572416666666
 30
0.0
 10
98.77509666666667
 20
288.7817722222222
 30
0.0
 10
97.53014388888889
 20
288.1591194444444
 30
0.0
 10
96.28519111111112
 20
287.5368194444445
 30
0.0
 10
100.0204022222222
 20
287.0386972222222
 30
0.0
 10
100.3939938888889
 20
285.4822416666667
 30
0.0
 10
100.7672327777778
 20
283.9257861111111
 30
0.0
 10
100.4405605555556
 20
283.060775
 30
0.0
 10
99.27039666666667
 20
281.4979694444444
 30
0.0
  0
SPLINE
  5
436
330
1F
100
AcDbEntity
  8
DEFAULT
 62
     5
100
AcDbSpline
210
0.0
220
0.0
230
1.0
 70
    11
 71
     3
 72
    20
 73
    16
 74
     0
 42
0.000000001
 43
0.0000000001
 40
0.0
 40
0.0
 40
0.0
 40
0.0
 40
1.0
 40
1.0
 40
1.0
 40
2.0
 40
2.0
 40
2.0
 40
3.0
 40
3.0
 40
3.0
 40
4.0
 40
4.0
 40
4.0
 40
5.0
 40
5.0
 40
5.0
 40
5.0
 10
94.29238472222222
 20
262.8837558333333
 30
0.0
 10
96.32614861111111
 20
264.5901419444444
 30
0.0
 10
96.05627361111111
 20
266.7696030555555
 30
0.0
 10
94.54144583333334
 20
267.9888030555555
 30
0.0
 10
92.67419305555556
 20
269.4912836111111
 30
0.0
 10
93.69865972222222
 20
269.9523641666667
 30
0.0
 10
96.39247083333332
 20
269.1572030555556
 30
0.0
 10
99.08663472222221
 20
268.3620419444445
 30
0.0
 10
100.5090347222222
 20
268.6735447222222
 30
0.0
 10
100.5090347222222
 20
265.7476058333334
 30
0.0
 10
100.5090347222222
 20
262.7592252777778
 30
0.0
 10
99.22598194444444
 20
262.6346947222222
 30
0.0
 10
97.00842083333333
 20
262.0120419444444
 30
0.0
 10
94.79085972222222
 20
261.3897419444444
 30
0.0
 10
92.36304305555555
 20
261.2652113888889
 30
0.0
 10
94.29238472222222
 20
262.8837558333333
 30
0.0
  0
SPLINE
  5
437
330
1F
100
AcDbEntity
  8
DEFAULT
 62
     5
100
AcDbSpline
210
0.0
220
0.0
230
1.0
 70
    11
 71
     3
 72
    14
 73
    10
 74
     0
 42
0.000000001
 43
0.0000000001
 40
0.0
 40
0.0
 40
0.0
 40
0.0
 40
1.0
 40
1.0
 40
1.0
 40
2.0
 40
2.0
 40
2.0
 40
3.0
 40
3.0
 40
3.0
 40
3.0
 10
98.09039027777776
 20
250.0592252777778
 30
0.0
 10
99.88461805555555
 20
251.9621086111111
 30
0.0
 10
101.9501319444444
 20
253.9814086111111
 30
0.0
 10
99.21081249999997
 20
254.4791780555555
 30
0.0
 10
96.4718458333333
 20
254.9773002777778
 30
0.0
 10
91.24226805555554
 20
255.6366419444444
 30
0.0
 10
94.10611805555554
 20
253.7944363888888
 30
0.0
 10
97.55557916666665
 20
251.5758169444444
 30
0.0
 10
95.87388749999998
 20
247.7083141666666
 30
0.0
 10
98.09039027777776
 20
250.0592252777778
 30
0.0
  0
SPLINE
  5
438
330
1F
100
AcDbEntity
  8
DEFAULT
 62
     5
100
AcDbSpline
210
0.0
220
0.0
230
1.0
 70
    11
 71
     3
 72
    20
 73
    16
 74
     0
 42
0.000000001
 43
0.0000000001
 40
0.0
 40
0.0
 40
0.0
 40
0.0
 40
1.0
 40
1.0
 40
1.0
 40
2.0
 40
2.0
 40
2.0
 40
3.0
 40
3.0
 40
3.0
 40
4.0
 40
4.0
 40
4.0
 40
5.0
 40
5.0
 40
5.0
 40
5.0
 10
95.43189222222222
 20
288.6089463888889
 30
0.0
 10
92.53205888888887
 20
285.4452352777778
 30
0.0
 10
101.8256366666667
 20
287.7234741666667
 30
0.0
 10
98.58572555555554
 20
282.8674880555556
 30
0.0
 10
95.27561166666666
 20
277.9067269444444
 30
0.0
 10
91.69879777777777
 20
276.0609936111111
 30
0.0
 10
97.97330333333333
 20
277.4721047222222
 30
0.0
 10
101.5222477777778
 20
278.2704408333333
 30
0.0
 10
100.2681227777778
 20
277.0646463888888
 30
0.0
 10
102.57282
 20
281.8715963888889
 30
0.0
 10
105.7365311111111
 20
288.4706575
 30
0.0
 10
108.2380783333333
 20
289.0308686111111
 30
0.0
 10
103.4441811111111
 20
288.3461269444444
 30
0.0
 10
99.51988111111112
 20
287.7852102777778
 30
0.0
 10
99.5138838888889
 20
293.0627658333333
 30
0.0
 10
95.43189222222222
 20
288.6089463888889
 30
0.0
  0
SPLINE
  5
439
330
1F
100
AcDbEntity
  8
DEFAULT
 62
     1
100
AcDbSpline
210
0.0
220
0.0
230
1.0
 70
     8
 71
     3
 72
    59
 73
    55
 74
     0
 42
0.000000001
 43
0.0000000001
 40
0.0
 40
0.0
 40
0.0
 40
0.0
 40
3.830000000000041
 40
3.830000000000041
 40
3.830000000000041
 40
4.830000000000041
 40
4.830000000000041
 40
4.830000000000041
 40
5.830000000000041
 40
5.830000000000041
 40
5.830000000000041
 40
6.830000000000041
 40
6.830000000000041
 40
6.830000000000041
 40
7.830000000000041
 40
7.830000000000041
 40
7.830000000000041
 40
8.830000000000041
 40
8.830000000000041
 40
8.830000000000041
 40
9.830000000000041
 40
9.830000000000041
 40
9.830000000000041
 40
10.83000000000004
 40
10.83000000000004
 40
10.83000000000004
 40
11.83000000000004
 40
11.83000000000004
 40
11.83000000000004
 40
12.83000000000004
 40
12.83000000000004
 40
12.83000000000004
 40
13.83000000000004
 40
13.83000000000004
 40
13.83000000000004
 40
14.83000000000004
 40
14.83000000000004
 40
14.83000000000004
 40
15.83000000000004
 40
15.83000000000004
 40
15.83000000000004
 40
16.83000000000004
 40
16.83000000000004
 40
16.83000000000004
 40
17.83000000000004
 40
17.83000000000004
 40
17.83000000000004
 40
18.83000000000004
 40
18.83000000000004
 40
18.83000000000004
 40
19.83000000000004
 40
19.83000000000004
 40
19.83000000000004
 40
23.66000000000008
 40
23.66000000000008
 40
23.66000000000008
 40
23.66000000000008
 10
96.43931972222222
 20
257.9745708333333
 30
0.0
 10
96.43931972222224
 20
257.5241912037037
 30
0.0
 10
96.43931972222224
 20
257.0738115740741
 30
0.0
 10
96.43931972222222
 20
256.6234319444444
 30
0.0
 10
96.43931972222222
 20
256.6234319444444
 30
0.0
 10
99.06045861111112
 20
256.6199041666666
 30
0.0
 10
99.9353475
 20
256.6199041666666
 30
0.0
 10
100.1117363888889
 20
256.6199041666666
 30
0.0
 10
100.7220419444444
 20
256.7186819444444
 30
0.0
 10
101.6851252777778
 20
256.7186819444444
 30
0.0
 10
102.6552641666667
 20
256.7151541666666
 30
0.0
 10
103.4349030555556
 20
256.6728208333333
 30
0.0
 10
103.4384308333333
 20
256.6163763888889
 30
0.0
 10
103.4349030555556
 20
254.6161263888889
 30
0.0
 10
104.7578197222222
 20
252.7852097222222
 30
0.0
 10
99.18745861111111
 20
248.1990986111111
 30
0.0
 10
93.62415305555555
 20
243.6094597222222
 30
0.0
 10
95.17990305555556
 20
249.8606819444444
 30
0.0
 10
90.21279194444445
 20
254.2174875
 30
0.0
 10
86.16290305555556
 20
257.7734874999999
 30
0.0
 10
85.79601416666667
 20
257.2831263888888
 30
0.0
 10
88.93220861111111
 20
260.1935430555555
 30
0.0
 10
93.95929194444446
 20
264.8572652777777
 30
0.0
 10
93.41601416666667
 20
266.8010708333333
 30
0.0
 10
89.09095861111112
 20
270.7909875
 30
0.0
 10
86.4098475
 20
273.2639597222222
 30
0.0
 10
86.84729194444445
 20
273.1228486111111
 30
0.0
 10
89.22854194444444
 20
275.7792652777778
 30
0.0
 10
91.58862527777778
 20
278.4145152777778
 30
0.0
 10
96.49223638888888
 20
281.7306263888889
 30
0.0
 10
94.57312527777776
 20
284.2812097222222
 30
0.0
 10
92.37531972222223
 20
287.1951541666666
 30
0.0
 10
86.65679194444445
 20
283.7520430555555
 30
0.0
 10
95.55737527777778
 20
292.1128763888888
 30
0.0
 10
98.94756972222223
 20
295.2949319444444
 30
0.0
 10
102.9939308333333
 20
290.5394875
 30
0.0
 10
107.0544030555555
 20
291.0369041666667
 30
0.0
 10
113.2668197222222
 20
291.7989041666666
 30
0.0
 10
109.2345697222222
 20
288.6133208333333
 30
0.0
 10
106.4546808333333
 20
283.2828486111111
 30
0.0
 10
105.0894308333333
 20
280.6546541666666
 30
0.0
 10
103.4384308333333
 20
277.1974319444444
 30
0.0
 10
103.4384308333333
 20
274.6150986111111
 30
0.0
 10
103.4243197222222
 20
274.5551263888888
 30
0.0
 10
102.6482086111111
 20
274.5127930555555
 30
0.0
 10
101.6886530555555
 20
274.5163208333333
 30
0.0
 10
100.7220419444444
 20
274.5163208333333
 30
0.0
 10
100.1117363888889
 20
274.6186263888889
 30
0.0
 10
99.93887527777778
 20
274.6150986111111
 30
0.0
 10
99.06398638888889
 20
274.6150986111111
 30
0.0
 10
96.43931972222222
 20
274.6221541666666
 30
0.0
 10
96.43931972222222
 20
274.6221541666666
 30
0.0
 10
96.43931972222224
 20
274.171774537037
 30
0.0
 10
96.43931972222224
 20
273.7213949074074
 30
0.0
 10
96.43931972222222
 20
273.2710152777777
 30
0.0
  0
SPLINE
  5
43A
330
1F
100
AcDbEntity
  8
DEFAULT
 62
     1
100
AcDbSpline
210
0.0
220
0.0
230
1.0
 70
     8
 71
     3
 72
    35
 73
    31
 74
     0
 42
0.000000001
 43
0.0000000001
 40
0.0
 40
0.0
 40
0.0
 40
0.0
 40
3.82000000000005
 40
3.82000000000005
 40
3.82000000000005
 40
4.82000000000005
 40
4.82000000000005
 40
4.82000000000005
 40
5.82000000000005
 40
5.82000000000005
 40
5.82000000000005
 40
6.82000000000005
 40
6.82000000000005
 40
6.82000000000005
 40
7.82000000000005
 40
7.82000000000005
 40
7.82000000000005
 40
8.82000000000005
 40
8.82000000000005
 40
8.82000000000005
 40
9.82000000000005
 40
9.82000000000005
 40
9.82000000000005
 40
10.82000000000005
 40
10.82000000000005
 40
10.82000000000005
 40
11.82000000000005
 40
11.82000000000005
 40
11.82000000000005
 40
15.63999999999999
 40
15.63999999999999
 40
15.63999999999999
 40
15.63999999999999
 10
96.43579194444445
 20
272.9711894444444
 30
0.0
 10
96.43579194444446
 20
272.5219857407407
 30
0.0
 10
96.43579194444446
 20
272.072782037037
 30
0.0
 10
96.43579194444445
 20
271.6235783333333
 30
0.0
 10
96.43579194444445
 20
271.6235783333333
 30
0.0
 10
99.06045861111112
 20
271.6165227777777
 30
0.0
 10
99.93887527777778
 20
271.6165227777777
 30
0.0
 10
100.1117363888889
 20
271.6165227777777
 30
0.0
 10
100.7185141666667
 20
271.7153005555556
 30
0.0
 10
101.6886530555555
 20
271.7153005555556
 30
0.0
 10
102.6482086111111
 20
271.7153005555556
 30
0.0
 10
103.4349030555556
 20
271.6694394444444
 30
0.0
 10
103.4349030555556
 20
271.6165227777777
 30
0.0
 10
103.4313752777778
 20
269.5633561111111
 30
0.0
 10
102.7540419444445
 20
267.6301338888889
 30
0.0
 10
102.9269030555555
 20
265.0689672222222
 30
0.0
 10
103.0397919444445
 20
263.3968005555556
 30
0.0
 10
103.3819863888889
 20
262.500745
 30
0.0
 10
103.4384308333333
 20
259.6150227777778
 30
0.0
 10
103.4278475
 20
259.5621061111111
 30
0.0
 10
102.6517363888889
 20
259.5197727777777
 30
0.0
 10
101.6886530555555
 20
259.5197727777777
 30
0.0
 10
100.7220419444444
 20
259.5197727777777
 30
0.0
 10
100.1152641666667
 20
259.6185505555555
 30
0.0
 10
99.94240305555556
 20
259.6185505555555
 30
0.0
 10
99.06751416666665
 20
259.6220783333333
 30
0.0
 10
96.43931972222222
 20
259.6220783333333
 30
0.0
 10
96.43931972222222
 20
259.6220783333333
 30
0.0
 10
96.43931972222224
 20
259.1728746296296
 30
0.0
 10
96.43931972222224
 20
258.7236709259259
 30
0.0
 10
96.43931972222222
 20
258.2744672222222
 30
0.0
  0
POLYLINE
  5
43B
330
1F
100
AcDbEntity
  8
DEFAULT
 62
   250
100
AcDb2dPolyline
 66
     1
 10
0.0
 20
0.0
 30
0.0
  0
VERTEX
  5
43C
330
43B
100
AcDbEntity
  8
DEFAULT
 62
   250
100
AcDbVertex
100
AcDb2dVertex
 10
113.2221933333333
 20
272.5628491666666
 30
0.0
  0
VERTEX
  5
43D
330
43B
100
AcDbEntity
  8
DEFAULT
 62
   250
100
AcDbVertex
100
AcDb2dVertex
 10
113.2221933333333
 20
273.6691602777777
 30
0.0
  0
VERTEX
  5
43E
330
43B
100
AcDbEntity
  8
DEFAULT
 62
   250
100
AcDbVertex
100
AcDb2dVertex
 10
114.6128433333333
 20
272.5628491666666
 30
0.0
  0
VERTEX
  5
43F
330
43B
100
AcDbEntity
  8
DEFAULT
 62
   250
100
AcDbVertex
100
AcDb2dVertex
 10
114.6128433333333
 20
273.6811547222222
 30
0.0
  0
SEQEND
  5
440
330
43B
100
AcDbEntity
  8
DEFAULT
 62
   250
  0
POLYLINE
  5
441
330
1F
100
AcDbEntity
  8
DEFAULT
 62
   250
100
AcDb2dPolyline
 66
     1
 10
0.0
 20
0.0
 30
0.0
  0
VERTEX
  5
442
330
441
100
AcDbEntity
  8
DEFAULT
 62
   250
100
AcDbVertex
100
AcDb2dVertex
 10
113.2240277777778
 20
257.5644313888889
 30
0.0
  0
VERTEX
  5
443
330
441
100
AcDbEntity
  8
DEFAULT
 62
   250
100
AcDbVertex
100
AcDb2dVertex
 10
113.2240277777778
 20
258.6707425
 30
0.0
  0
VERTEX
  5
444
330
441
100
AcDbEntity
  8
DEFAULT
 62
   250
100
AcDbVertex
100
AcDb2dVertex
 10
114.6146777777778
 20
257.5644313888889
 30
0.0
  0
VERTEX
  5
445
330
441
100
AcDbEntity
  8
DEFAULT
 62
   250
100
AcDbVertex
100
AcDb2dVertex
 10
114.6146777777778
 20
258.6827369444444
 30
0.0
  0
SEQEND
  5
446
330
441
100
AcDbEntity
  8
DEFAULT
 62
   250
  0
SPLINE
  5
447
330
1F
100
AcDbEntity
  8
DEFAULT
 62
     3
100
AcDbSpline
210
0.0
220
0.0
230
1.0
 70
    11
 71
     3
 72
    14
 73
    10
 74
     0
 42
0.000000001
 43
0.0000000001
 40
0.0
 40
0.0
 40
0.0
 40
0.0
 40
1.0
 40
1.0
 40
1.0
 40
2.0
 40
2.0
 40
2.0
 40
3.0
 40
3.0
 40
3.0
 40
3.0
 10
117.5617127777778
 20
251.4910797222222
 30
0.0
 10
117.621685
 20
252.6330213888889
 30
0.0
 10
117.27561
 20
252.9547547222222
 30
0.0
 10
116.4878572222222
 20
253.4832158333333
 30
0.0
 10
115.1938683333333
 20
254.3514019444444
 30
0.0
 10
118.0129155555555
 20
253.8395213888889
 30
0.0
 10
118.9470711111111
 20
253.2810741666666
 30
0.0
 10
119.7341183333333
 20
252.8101158333333
 30
0.0
 10
117.5091488888889
 20
250.4930713888889
 30
0.0
 10
117.5617127777778
 20
251.4910797222222
 30
0.0
  0
SPLINE
  5
448
330
1F
100
AcDbEntity
  8
DEFAULT
 62
     3
100
AcDbSpline
210
0.0
220
0.0
230
1.0
 70
    11
 71
     3
 72
    14
 73
    10
 74
     0
 42
0.000000001
 43
0.0000000001
 40
0.0
 40
0.0
 40
0.0
 40
0.0
 40
1.0
 40
1.0
 40
1.0
 40
2.0
 40
2.0
 40
2.0
 40
3.0
 40
3.0
 40
3.0
 40
3.0
 10
117.4020808333333
 20
264.4401055555555
 30
0.0
 10
118.0208530555555
 20
265.4017777777778
 30
0.0
 10
117.9506502777778
 20
266.0276055555556
 30
0.0
 10
117.4020808333333
 20
266.8012472222222
 30
0.0
 10
116.8168225
 20
267.6263944444444
 30
0.0
 10
119.3980975
 20
266.9924527777778
 30
0.0
 10
119.3980975
 20
265.6208527777778
 30
0.0
 10
119.3980975
 20
264.1300138888889
 30
0.0
 10
116.8612725
 20
263.5997888888889
 30
0.0
 10
117.4020808333333
 20
264.4401055555555
 30
0.0
  0
SPLINE
  5
449
330
1F
100
AcDbEntity
  8
DEFAULT
 62
     3
100
AcDbSpline
210
0.0
220
0.0
230
1.0
 70
    11
 71
     3
 72
    26
 73
    22
 74
     0
 42
0.000000001
 43
0.0000000001
 40
0.0
 40
0.0
 40
0.0
 40
0.0
 40
1.0
 40
1.0
 40
1.0
 40
2.0
 40
2.0
 40
2.0
 40
3.0
 40
3.0
 40
3.0
 40
4.0
 40
4.0
 40
4.0
 40
5.0
 40
5.0
 40
5.0
 40
6.0
 40
6.0
 40
6.0
 40
7.0
 40
7.0
 40
7.0
 40
7.0
 10
119.4576463888889
 20
281.4979694444444
 30
0.0
 10
117.8613269444444
 20
279.3664861111111
 30
0.0
 10
117.7794825
 20
279.3813027777778
 30
0.0
 10
118.7757269444444
 20
279.5679222222222
 30
0.0
 10
119.7716186111111
 20
279.7548944444444
 30
0.0
 10
120.3734575
 20
280.3151055555555
 30
0.0
 10
121.7224797222222
 20
283.1165138888888
 30
0.0
 10
123.0711491666666
 20
285.9179222222222
 30
0.0
 10
124.6276047222222
 20
286.9762555555556
 30
0.0
 10
122.8224408333333
 20
286.6651055555556
 30
0.0
 10
121.0169241666667
 20
286.3539555555555
 30
0.0
 10
120.3942713888889
 20
287.2877583333333
 30
0.0
 10
119.7095297222222
 20
287.9725
 30
0.0
 10
119.0247880555555
 20
288.6572416666666
 30
0.0
 10
118.9623463888889
 20
288.7817722222222
 30
0.0
 10
117.7173936111111
 20
288.1591194444444
 30
0.0
 10
116.4724408333333
 20
287.5368194444445
 30
0.0
 10
120.2076519444444
 20
287.0386972222222
 30
0.0
 10
120.5812436111111
 20
285.4822416666667
 30
0.0
 10
120.9544825
 20
283.9257861111111
 30
0.0
 10
120.6278102777778
 20
283.060775
 30
0.0
 10
119.4576463888889
 20
281.4979694444444
 30
0.0
  0
SPLINE
  5
44A
330
1F
100
AcDbEntity
  8
DEFAULT
 62
     5
100
AcDbSpline
210
0.0
220
0.0
230
1.0
 70
    11
 71
     3
 72
    20
 73
    16
 74
     0
 42
0.000000001
 43
0.0000000001
 40
0.0
 40
0.0
 40
0.0
 40
0.0
 40
1.0
 40
1.0
 40
1.0
 40
2.0
 40
2.0
 40
2.0
 40
3.0
 40
3.0
 40
3.0
 40
4.0
 40
4.0
 40
4.0
 40
5.0
 40
5.0
 40
5.0
 40
5.0
 10
114.4796344444444
 20
262.8837558333333
 30
0.0
 10
116.5133983333333
 20
264.5901419444444
 30
0.0
 10
116.2435233333333
 20
266.7696030555555
 30
0.0
 10
114.7286955555556
 20
267.9888030555555
 30
0.0
 10
112.8614427777778
 20
269.4912836111111
 30
0.0
 10
113.8859094444445
 20
269.9523641666667
 30
0.0
 10
116.5797205555555
 20
269.1572030555556
 30
0.0
 10
119.2738844444444
 20
268.3620419444445
 30
0.0
 10
120.6962844444444
 20
268.6735447222222
 30
0.0
 10
120.6962844444444
 20
265.7476058333334
 30
0.0
 10
120.6962844444444
 20
262.7592252777778
 30
0.0
 10
119.4132316666667
 20
262.6346947222222
 30
0.0
 10
117.1956705555556
 20
262.0120419444444
 30
0.0
 10
114.9781094444444
 20
261.3897419444444
 30
0.0
 10
112.5502927777778
 20
261.2652113888889
 30
0.0
 10
114.4796344444444
 20
262.8837558333333
 30
0.0
  0
SPLINE
  5
44B
330
1F
100
AcDbEntity
  8
DEFAULT
 62
     5
100
AcDbSpline
210
0.0
220
0.0
230
1.0
 70
    11
 71
     3
 72
    14
 73
    10
 74
     0
 42
0.000000001
 43
0.0000000001
 40
0.0
 40
0.0
 40
0.0
 40
0.0
 40
1.0
 40
1.0
 40
1.0
 40
2.0
 40
2.0
 40
2.0
 40
3.0
 40
3.0
 40
3.0
 40
3.0
 10
118.27764
 20
250.0592252777778
 30
0.0
 10
120.0718677777778
 20
251.9621086111111
 30
0.0
 10
122.1373816666666
 20
253.9814086111111
 30
0.0
 10
119.3980622222222
 20
254.4791780555555
 30
0.0
 10
116.6590955555555
 20
254.9773002777778
 30
0.0
 10
111.4295177777778
 20
255.6366419444444
 30
0.0
 10
114.2933677777778
 20
253.7944363888888
 30
0.0
 10
117.7428288888889
 20
251.5758169444444
 30
0.0
 10
116.0611372222222
 20
247.7083141666666
 30
0.0
 10
118.27764
 20
250.0592252777778
 30
0.0
  0
SPLINE
  5
44C
330
1F
100
AcDbEntity
  8
DEFAULT
 62
     5
100
AcDbSpline
210
0.0
220
0.0
230
1.0
 70
    11
 71
     3
 72
    20
 73
    16
 74
     0
 42
0.000000001
 43
0.0000000001
 40
0.0
 40
0.0
 40
0.0
 40
0.0
 40
1.0
 40
1.0
 40
1.0
 40
2.0
 40
2.0
 40
2.0
 40
3.0
 40
3.0
 40
3.0
 40
4.0
 40
4.0
 40
4.0
 40
5.0
 40
5.0
 40
5.0
 40
5.0
 10
115.6191419444444
 20
288.6089463888889
 30
0.0
 10
112.7193086111111
 20
285.4452352777778
 30
0.0
 10
122.0128863888889
 20
287.7234741666667
 30
0.0
 10
118.7729752777778
 20
282.8674880555556
 30
0.0
 10
115.4628613888889
 20
277.9067269444444
 30
0.0
 10
111.8860475
 20
276.0609936111111
 30
0.0
 10
118.1605530555556
 20
277.4721047222222
 30
0.0
 10
121.7094975
 20
278.2704408333333
 30
0.0
 10
120.4553725
 20
277.0646463888888
 30
0.0
 10
122.7600697222222
 20
281.8715963888889
 30
0.0
 10
125.9237808333333
 20
288.4706575
 30
0.0
 10
128.4253280555556
 20
289.0308686111111
 30
0.0
 10
123.6314308333333
 20
288.3461269444444
 30
0.0
 10
119.7071308333333
 20
287.7852102777778
 30
0.0
 10
119.7011336111111
 20
293.0627658333333
 30
0.0
 10
115.6191419444444
 20
288.6089463888889
 30
0.0
  0
SPLINE
  5
44D
330
1F
100
AcDbEntity
  8
DEFAULT
 62
     1
100
AcDbSpline
210
0.0
220
0.0
230
1.0
 70
     8
 71
     3
 72
    59
 73
    55
 74
     0
 42
0.000000001
 43
0.0000000001
 40
0.0
 40
0.0
 40
0.0
 40
0.0
 40
3.830000000000041
 40
3.830000000000041
 40
3.830000000000041
 40
4.830000000000041
 40
4.830000000000041
 40
4.830000000000041
 40
5.830000000000041
 40
5.830000000000041
 40
5.830000000000041
 40
6.830000000000041
 40
6.830000000000041
 40
6.830000000000041
 40
7.830000000000041
 40
7.830000000000041
 40
7.830000000000041
 40
8.830000000000041
 40
8.830000000000041
 40
8.830000000000041
 40
9.830000000000041
 40
9.830000000000041
 40
9.830000000000041
 40
10.83000000000004
 40
10.83000000000004
 40
10.83000000000004
 40
11.83000000000004
 40
11.83000000000004
 40
11.83000000000004
 40
12.83000000000004
 40
12.83000000000004
 40
12.83000000000004
 40
13.83000000000004
 40
13.83000000000004
 40
13.83000000000004
 40
14.83000000000004
 40
14.83000000000004
 40
14.83000000000004
 40
15.83000000000004
 40
15.83000000000004
 40
15.83000000000004
 40
16.83000000000004
 40
16.83000000000004
 40
16.83000000000004
 40
17.83000000000004
 40
17.83000000000004
 40
17.83000000000004
 40
18.83000000000004
 40
18.83000000000004
 40
18.83000000000004
 40
19.83000000000004
 40
19.83000000000004
 40
19.83000000000004
 40
23.66000000000008
 40
23.66000000000008
 40
23.66000000000008
 40
23.66000000000008
 10
116.6265694444444
 20
257.9745708333333
 30
0.0
 10
116.6265694444444
 20
257.5241912037037
 30
0.0
 10
116.6265694444444
 20
257.0738115740741
 30
0.0
 10
116.6265694444444
 20
256.6234319444444
 30
0.0
 10
116.6265694444444
 20
256.6234319444444
 30
0.0
 10
119.2477083333333
 20
256.6199041666666
 30
0.0
 10
120.1225972222222
 20
256.6199041666666
 30
0.0
 10
120.2989861111111
 20
256.6199041666666
 30
0.0
 10
120.9092916666667
 20
256.7186819444444
 30
0.0
 10
121.872375
 20
256.7186819444444
 30
0.0
 10
122.8425138888889
 20
256.7151541666666
 30
0.0
 10
123.6221527777778
 20
256.6728208333333
 30
0.0
 10
123.6256805555555
 20
256.6163763888889
 30
0.0
 10
123.6221527777778
 20
254.6161263888889
 30
0.0
 10
124.9450694444444
 20
252.7852097222222
 30
0.0
 10
119.3747083333333
 20
248.1990986111111
 30
0.0
 10
113.8114027777778
 20
243.6094597222222
 30
0.0
 10
115.3671527777778
 20
249.8606819444444
 30
0.0
 10
110.4000416666667
 20
254.2174875
 30
0.0
 10
106.3501527777778
 20
257.7734874999999
 30
0.0
 10
105.9832638888889
 20
257.2831263888888
 30
0.0
 10
109.1194583333333
 20
260.1935430555555
 30
0.0
 10
114.1465416666667
 20
264.8572652777777
 30
0.0
 10
113.6032638888889
 20
266.8010708333333
 30
0.0
 10
109.2782083333333
 20
270.7909875
 30
0.0
 10
106.5970972222222
 20
273.2639597222222
 30
0.0
 10
107.0345416666667
 20
273.1228486111111
 30
0.0
 10
109.4157916666667
 20
275.7792652777778
 30
0.0
 10
111.775875
 20
278.4145152777778
 30
0.0
 10
116.6794861111111
 20
281.7306263888889
 30
0.0
 10
114.760375
 20
284.2812097222222
 30
0.0
 10
112.5625694444444
 20
287.1951541666666
 30
0.0
 10
106.8440416666667
 20
283.7520430555555
 30
0.0
 10
115.744625
 20
292.1128763888888
 30
0.0
 10
119.1348194444444
 20
295.2949319444444
 30
0.0
 10
123.1811805555555
 20
290.5394875
 30
0.0
 10
127.2416527777778
 20
291.0369041666667
 30
0.0
 10
133.4540694444444
 20
291.7989041666666
 30
0.0
 10
129.4218194444444
 20
288.6133208333333
 30
0.0
 10
126.6419305555555
 20
283.2828486111111
 30
0.0
 10
125.2766805555555
 20
280.6546541666666
 30
0.0
 10
123.6256805555555
 20
277.1974319444444
 30
0.0
 10
123.6256805555555
 20
274.6150986111111
 30
0.0
 10
123.6115694444444
 20
274.5551263888888
 30
0.0
 10
122.8354583333333
 20
274.5127930555555
 30
0.0
 10
121.8759027777778
 20
274.5163208333333
 30
0.0
 10
120.9092916666667
 20
274.5163208333333
 30
0.0
 10
120.2989861111111
 20
274.6186263888889
 30
0.0
 10
120.126125
 20
274.6150986111111
 30
0.0
 10
119.2512361111111
 20
274.6150986111111
 30
0.0
 10
116.6265694444444
 20
274.6221541666666
 30
0.0
 10
116.6265694444444
 20
274.6221541666666
 30
0.0
 10
116.6265694444444
 20
274.171774537037
 30
0.0
 10
116.6265694444444
 20
273.7213949074074
 30
0.0
 10
116.6265694444444
 20
273.2710152777777
 30
0.0
  0
SPLINE
  5
44E
330
1F
100
AcDbEntity
  8
DEFAULT
 62
     1
100
AcDbSpline
210
0.0
220
0.0
230
1.0
 70
     8
 71
     3
 72
    35
 73
    31
 74
     0
 42
0.000000001
 43
0.0000000001
 40
0.0
 40
0.0
 40
0.0
 40
0.0
 40
3.82000000000005
 40
3.82000000000005
 40
3.82000000000005
 40
4.82000000000005
 40
4.82000000000005
 40
4.82000000000005
 40
5.82000000000005
 40
5.82000000000005
 40
5.82000000000005
 40
6.82000000000005
 40
6.82000000000005
 40
6.82000000000005
 40
7.82000000000005
 40
7.82000000000005
 40
7.82000000000005
 40
8.82000000000005
 40
8.82000000000005
 40
8.82000000000005
 40
9.82000000000005
 40
9.82000000000005
 40
9.82000000000005
 40
10.82000000000005
 40
10.82000000000005
 40
10.82000000000005
 40
11.82000000000005
 40
11.82000000000005
 40
11.82000000000005
 40
15.63999999999999
 40
15.63999999999999
 40
15.63999999999999
 40
15.63999999999999
 10
116.6230416666667
 20
272.9711894444444
 30
0.0
 10
116.6230416666667
 20
272.5219857407407
 30
0.0
 10
116.6230416666667
 20
272.072782037037
 30
0.0
 10
116.6230416666667
 20
271.6235783333333
 30
0.0
 10
116.6230416666667
 20
271.6235783333333
 30
0.0
 10
119.2477083333333
 20
271.6165227777777
 30
0.0
 10
120.126125
 20
271.6165227777777
 30
0.0
 10
120.2989861111111
 20
271.6165227777777
 30
0.0
 10
120.9057638888889
 20
271.7153005555556
 30
0.0
 10
121.8759027777778
 20
271.7153005555556
 30
0.0
 10
122.8354583333333
 20
271.7153005555556
 30
0.0
 10
123.6221527777778
 20
271.6694394444444
 30
0.0
 10
123.6221527777778
 20
271.6165227777777
 30
0.0
 10
123.618625
 20
269.5633561111111
 30
0.0
 10
122.9412916666667
 20
267.6301338888889
 30
0.0
 10
123.1141527777777
 20
265.0689672222222
 30
0.0
 10
123.2270416666666
 20
263.3968005555556
 30
0.0
 10
123.5692361111111
 20
262.500745
 30
0.0
 10
123.6256805555555
 20
259.6150227777778
 30
0.0
 10
123.6150972222222
 20
259.5621061111111
 30
0.0
 10
122.8389861111111
 20
259.5197727777777
 30
0.0
 10
121.8759027777778
 20
259.5197727777777
 30
0.0
 10
120.9092916666666
 20
259.5197727777777
 30
0.0
 10
120.3025138888889
 20
259.6185505555555
 30
0.0
 10
120.1296527777778
 20
259.6185505555555
 30
0.0
 10
119.2547638888889
 20
259.6220783333333
 30
0.0
 10
116.6265694444444
 20
259.6220783333333
 30
0.0
 10
116.6265694444444
 20
259.6220783333333
 30
0.0
 10
116.6265694444444
 20
259.1728746296296
 30
0.0
 10
116.6265694444444
 20
258.7236709259259
 30
0.0
 10
116.6265694444444
 20
258.2744672222222
 30
0.0
  0
SPLINE
  5
44F
330
1F
100
AcDbEntity
  8
DEFAULT
 62
   250
100
AcDbSpline
210
0.0
220
0.0
230
1.0
 70
     8
 71
     3
 72
    11
 73
     7
 74
     0
 42
0.000000001
 43
0.0000000001
 40
0.0
 40
0.0
 40
0.0
 40
0.0
 40
1.0
 40
1.0
 40
1.0
 40
2.0
 40
2.0
 40
2.0
 40
2.0
 10
243.054505
 20
33.12138833333333
 30
0.0
 10
242.9059855555555
 20
33.26355777777778
 30
0.0
 10
242.8615355555555
 20
33.45970222222222
 30
0.0
 10
242.9363244444444
 20
33.61986333333333
 30
0.0
 10
242.9490244444444
 20
33.64702722222222
 30
0.0
 10
242.9606661111111
 20
33.66501888888889
 30
0.0
 10
242.9761883333333
 20
33.68406888888889
 30
0.0
  0
SPLINE
  5
450
330
1F
100
AcDbEntity
  8
DEFAULT
 62
   250
100
AcDbSpline
210
0.0
220
0.0
230
1.0
 70
     8
 71
     3
 72
    11
 73
     7
 74
     0
 42
0.000000001
 43
0.0000000001
 40
0.0
 40
0.0
 40
0.0
 40
0.0
 40
2.830130915699771
 40
2.830130915699771
 40
2.830130915699771
 40
3.830130915699771
 40
3.830130915699771
 40
3.830130915699771
 40
3.830130915699771
 10
244.1116388888888
 20
32.6285225
 30
0.0
 10
243.8100138888888
 20
32.76916324074074
 30
0.0
 10
243.5083888888888
 20
32.90980398148148
 30
0.0
 10
243.2067638888888
 20
33.05044472222222
 30
0.0
 10
243.0518944444444
 20
33.12276416666666
 30
0.0
 10
242.9174861111111
 20
33.18203083333334
 30
0.0
 10
242.7911916666666
 20
33.23071416666667
 30
0.0
  0
SPLINE
  5
451
330
1F
100
AcDbEntity
  8
DEFAULT
 62
   250
100
AcDbSpline
210
0.0
220
0.0
230
1.0
 70
     8
 71
     3
 72
    11
 73
     7
 74
     0
 42
0.000000001
 43
0.0000000001
 40
0.0
 40
0.0
 40
0.0
 40
0.0
 40
1.0
 40
1.0
 40
1.0
 40
2.0
 40
2.0
 40
2.0
 40
2.0
 10
192.799335
 20
33.54599166666666
 30
0.0
 10
193.0035933333333
 20
33.56856944444444
 30
0.0
 10
193.1824516666667
 20
33.47649444444444
 30
0.0
 10
193.2572405555555
 20
33.31598055555555
 30
0.0
 10
193.2699405555555
 20
33.28881666666666
 30
0.0
 10
193.2759377777778
 20
33.26870833333333
 30
0.0
 10
193.2808766666666
 20
33.24436666666666
 30
0.0
  0
SPLINE
  5
452
330
1F
100
AcDbEntity
  8
DEFAULT
 62
   250
100
AcDbSpline
210
0.0
220
0.0
230
1.0
 70
     8
 71
     3
 72
    11
 73
     7
 74
     0
 42
0.000000001
 43
0.0000000001
 40
0.0
 40
0.0
 40
0.0
 40
0.0
 40
2.830130915699862
 40
2.830130915699862
 40
2.830130915699862
 40
3.830130915699862
 40
3.830130915699862
 40
3.830130915699862
 40
3.830130915699862
 10
191.7422363888888
 20
33.05312583333333
 30
0.0
 10
192.0438613888888
 20
33.19376657407407
 30
0.0
 10
192.3454863888888
 20
33.3344073148148
 30
0.0
 10
192.6471113888888
 20
33.47504805555554
 30
0.0
 10
192.8019808333333
 20
33.54736749999999
 30
0.0
 10
192.9339197222222
 20
33.61227861111111
 30
0.0
 10
193.0524530555556
 20
33.67718972222222
 30
0.0
  0
POLYLINE
  5
453
330
1F
100
AcDbEntity
  8
DEFAULT
 62
   250
100
AcDb2dPolyline
 66
     1
 10
0.0
 20
0.0
 30
0.0
  0
VERTEX
  5
454
330
453
100
AcDbEntity
  8
DEFAULT
 62
   250
100
AcDbVertex
100
AcDb2dVertex
 10
217.7161
 20
66.5226
 30
0.0
  0
VERTEX
  5
455
330
453
100
AcDbEntity
  8
DEFAULT
 62
   250
100
AcDbVertex
100
AcDb2dVertex
 10
217.7161
 20
66.20086666666666
 30
0.0
  0
SEQEND
  5
456
330
453
100
AcDbEntity
  8
DEFAULT
 62
   250
  0
SPLINE
  5
457
330
1F
100
AcDbEntity
  8
DEFAULT
 62
   250
100
AcDbSpline
210
0.0
220
0.0
230
1.0
 70
     8
 71
     3
 72
    14
 73
    10
 74
     0
 42
0.000000001
 43
0.0000000001
 40
0.0
 40
0.0
 40
0.0
 40
0.0
 40
3.580000000000013
 40
3.580000000000013
 40
3.580000000000013
 40
4.580000000000013
 40
4.580000000000013
 40
4.580000000000013
 40
5.580000000000013
 40
5.580000000000013
 40
5.580000000000013
 40
5.580000000000013
 10
217.7161
 20
66.99084194444444
 30
0.0
 10
217.7161
 20
67.41182342592592
 30
0.0
 10
217.7161
 20
67.8328049074074
 30
0.0
 10
217.7161
 20
68.25378638888888
 30
0.0
 10
217.7161
 20
68.50708083333332
 30
0.0
 10
217.7609027777777
 20
68.6711225
 30
0.0
 10
217.8900194444444
 20
68.78965583333333
 30
0.0
 10
218.0071416666667
 20
68.8947836111111
 30
0.0
 10
218.1962305555555
 20
68.9378225
 30
0.0
 10
218.3398111111111
 20
68.89231416666665
 30
0.0
  0
POLYLINE
  5
458
330
1F
100
AcDbEntity
  8
DEFAULT
 62
   250
100
AcDb2dPolyline
 66
     1
 10
0.0
 20
0.0
 30
0.0
  0
VERTEX
  5
459
330
458
100
AcDbEntity
  8
DEFAULT
 62
   250
100
AcDbVertex
100
AcDb2dVertex
 10
208.0161222222222
 20
66.52588083333333
 30
0.0
  0
VERTEX
  5
45A
330
458
100
AcDbEntity
  8
DEFAULT
 62
   250
100
AcDbVertex
100
AcDb2dVertex
 10
208.0161222222222
 20
66.20414749999999
 30
0.0
  0
SEQEND
  5
45B
330
458
100
AcDbEntity
  8
DEFAULT
 62
   250
  0
POLYLINE
  5
45C
330
1F
100
AcDbEntity
  8
DEFAULT
 62
   250
100
AcDb2dPolyline
 66
     1
 10
0.0
 20
0.0
 30
0.0
  0
VERTEX
  5
45D
330
45C
100
AcDbEntity
  8
DEFAULT
 62
   250
100
AcDbVertex
100
AcDb2dVertex
 10
208.0161222222222
 20
68.44209916666665
 30
0.0
  0
VERTEX
  5
45E
330
45C
100
AcDbEntity
  8
DEFAULT
 62
   250
100
AcDbVertex
100
AcDb2dVertex
 10
208.0161222222222
 20
66.99077138888887
 30
0.0
  0
SEQEND
  5
45F
330
45C
100
AcDbEntity
  8
DEFAULT
 62
   250
  0
POLYLINE
  5
460
330
1F
100
AcDbEntity
  8
DEFAULT
 62
   250
100
AcDb2dPolyline
 66
     1
 10
0.0
 20
0.0
 30
0.0
  0
VERTEX
  5
461
330
460
100
AcDbEntity
  8
DEFAULT
 62
   250
100
AcDbVertex
100
AcDb2dVertex
 10
228.0327333333333
 20
66.52242361111111
 30
0.0
  0
VERTEX
  5
462
330
460
100
AcDbEntity
  8
DEFAULT
 62
   250
100
AcDbVertex
100
AcDb2dVertex
 10
228.0327333333333
 20
66.20069027777777
 30
0.0
  0
SEQEND
  5
463
330
460
100
AcDbEntity
  8
DEFAULT
 62
   250
  0
POLYLINE
  5
464
330
1F
100
AcDbEntity
  8
DEFAULT
 62
   250
100
AcDb2dPolyline
 66
     1
 10
0.0
 20
0.0
 30
0.0
  0
VERTEX
  5
465
330
464
100
AcDbEntity
  8
DEFAULT
 62
   250
100
AcDbVertex
100
AcDb2dVertex
 10
228.0327333333333
 20
68.43864194444444
 30
0.0
  0
VERTEX
  5
466
330
464
100
AcDbEntity
  8
DEFAULT
 62
   250
100
AcDbVertex
100
AcDb2dVertex
 10
228.0327333333333
 20
66.98731416666666
 30
0.0
  0
SEQEND
  5
467
330
464
100
AcDbEntity
  8
DEFAULT
 62
   250
  0
SPLINE
  5
468
330
1F
100
AcDbEntity
  8
DEFAULT
 62
   250
100
AcDbSpline
210
0.0
220
0.0
230
1.0
 70
     8
 71
     3
 72
    11
 73
     7
 74
     0
 42
0.000000001
 43
0.0000000001
 40
0.0
 40
0.0
 40
0.0
 40
0.0
 40
1.019999999999996
 40
1.019999999999996
 40
1.019999999999996
 40
2.019999999999996
 40
2.019999999999996
 40
2.019999999999996
 40
2.019999999999996
 10
237.9714005555556
 20
44.17571527777777
 30
0.0
 10
237.9714005555556
 20
44.17571527777777
 30
0.0
 10
239.6047616666667
 20
44.7341625
 30
0.0
 10
239.8601727777778
 20
44.80471805555555
 30
0.0
 10
239.6079366666667
 20
44.87104027777777
 30
0.0
 10
237.9714005555556
 20
45.4753486111111
 30
0.0
 10
237.9714005555556
 20
45.4753486111111
 30
0.0
  0
SPLINE
  5
469
330
1F
100
AcDbEntity
  8
DEFAULT
 62
   250
100
AcDbSpline
210
0.0
220
0.0
230
1.0
 70
     8
 71
     3
 72
    11
 73
     7
 74
     0
 42
0.000000001
 43
0.0000000001
 40
0.0
 40
0.0
 40
0.0
 40
0.0
 40
1.019999999999996
 40
1.019999999999996
 40
1.019999999999996
 40
2.019999999999996
 40
2.019999999999996
 40
2.019999999999996
 40
2.019999999999996
 10
198.0788308333333
 20
45.47527805555555
 30
0.0
 10
198.0788308333333
 20
45.47527805555555
 30
0.0
 10
196.4454697222222
 20
44.91683083333333
 30
0.0
 10
196.1904113888889
 20
44.84627527777777
 30
0.0
 10
196.4422947222222
 20
44.77995305555554
 30
0.0
 10
198.0788308333333
 20
44.17564472222222
 30
0.0
 10
198.0788308333333
 20
44.17564472222222
 30
0.0
  0
POLYLINE
  5
46A
330
1F
100
AcDbEntity
  8
DEFAULT
 62
   250
100
AcDb2dPolyline
 66
     1
 10
0.0
 20
0.0
 30
0.0
  0
VERTEX
  5
46B
330
46A
100
AcDbEntity
  8
DEFAULT
 62
   250
100
AcDbVertex
100
AcDb2dVertex
 10
224.2720869444444
 20
25.03088861111111
 30
0.0
  0
VERTEX
  5
46C
330
46A
100
AcDbEntity
  8
DEFAULT
 62
   250
100
AcDbVertex
100
AcDb2dVertex
 10
225.7682175
 20
25.03088861111111
 30
0.0
  0
SEQEND
  5
46D
330
46A
100
AcDbEntity
  8
DEFAULT
 62
   250
  0
POLYLINE
  5
46E
330
1F
100
AcDbEntity
  8
DEFAULT
 62
   250
100
AcDb2dPolyline
 66
     1
 10
0.0
 20
0.0
 30
0.0
  0
VERTEX
  5
46F
330
46E
100
AcDbEntity
  8
DEFAULT
 62
   250
100
AcDbVertex
100
AcDb2dVertex
 10
225.0200816666667
 20
25.03088861111111
 30
0.0
  0
VERTEX
  5
470
330
46E
100
AcDbEntity
  8
DEFAULT
 62
   250
100
AcDbVertex
100
AcDb2dVertex
 10
225.0200816666667
 20
23.00982472222222
 30
0.0
  0
SEQEND
  5
471
330
46E
100
AcDbEntity
  8
DEFAULT
 62
   250
  0
POLYLINE
  5
472
330
1F
100
AcDbEntity
  8
DEFAULT
 62
   250
100
AcDb2dPolyline
 66
     1
 10
0.0
 20
0.0
 30
0.0
  0
VERTEX
  5
473
330
472
100
AcDbEntity
  8
DEFAULT
 62
   250
100
AcDbVertex
100
AcDb2dVertex
 10
210.2738647222222
 20
25.03088861111111
 30
0.0
  0
VERTEX
  5
474
330
472
100
AcDbEntity
  8
DEFAULT
 62
   250
100
AcDbVertex
100
AcDb2dVertex
 10
211.7699952777778
 20
25.03088861111111
 30
0.0
  0
SEQEND
  5
475
330
472
100
AcDbEntity
  8
DEFAULT
 62
   250
  0
POLYLINE
  5
476
330
1F
100
AcDbEntity
  8
DEFAULT
 62
   250
100
AcDb2dPolyline
 66
     1
 10
0.0
 20
0.0
 30
0.0
  0
VERTEX
  5
477
330
476
100
AcDbEntity
  8
DEFAULT
 62
   250
100
AcDbVertex
100
AcDb2dVertex
 10
211.0218594444444
 20
25.03088861111111
 30
0.0
  0
VERTEX
  5
478
330
476
100
AcDbEntity
  8
DEFAULT
 62
   250
100
AcDbVertex
100
AcDb2dVertex
 10
211.0218594444444
 20
23.00982472222222
 30
0.0
  0
SEQEND
  5
479
330
476
100
AcDbEntity
  8
DEFAULT
 62
   250
  0
SPLINE
  5
47A
330
1F
100
AcDbEntity
  8
DEFAULT
 62
   250
100
AcDbSpline
210
0.0
220
0.0
230
1.0
 70
     8
 71
     3
 72
    26
 73
    22
 74
     0
 42
0.000000001
 43
0.0000000001
 40
0.0
 40
0.0
 40
0.0
 40
0.0
 40
1.0
 40
1.0
 40
1.0
 40
2.0
 40
2.0
 40
2.0
 40
3.0
 40
3.0
 40
3.0
 40
4.0
 40
4.0
 40
4.0
 40
5.0
 40
5.0
 40
5.0
 40
6.0
 40
6.0
 40
6.0
 40
7.0
 40
7.0
 40
7.0
 40
7.0
 10
257.0691313888889
 20
19.01387555555555
 30
0.0
 10
256.7964341666666
 20
19.08584222222222
 30
0.0
 10
256.4394230555556
 20
19.79245611111111
 30
0.0
 10
256.2055313888889
 20
19.87324222222222
 30
0.0
 10
256.1635508333333
 20
19.88841166666666
 30
0.0
 10
256.2115286111111
 20
19.27775333333333
 30
0.0
 10
256.1723702777777
 20
19.27775333333333
 30
0.0
 10
255.6929452777778
 20
19.295745
 30
0.0
 10
255.2823119444444
 20
19.64958111111111
 30
0.0
 10
255.2823119444444
 20
20.30010333333333
 30
0.0
 10
255.2823119444444
 20
20.94780333333333
 30
0.0
 10
255.6777758333333
 20
21.36443388888889
 30
0.0
 10
256.2235230555555
 20
21.36443388888889
 30
0.0
 10
256.7724452777778
 20
21.36443388888889
 30
0.0
 10
257.1291036111111
 20
20.93863111111111
 30
0.0
 10
257.1291036111111
 20
20.34208388888889
 30
0.0
 10
257.1291036111111
 20
19.82314777777777
 30
0.0
 10
256.8147786111111
 20
19.45237833333333
 30
0.0
 10
256.5865313888888
 20
19.36877
 30
0.0
 10
256.3579313888889
 20
19.28516166666666
 30
0.0
 10
256.2055313888889
 20
19.27422555555555
 30
0.0
 10
256.2055313888889
 20
19.27422555555555
 30
0.0
  0
SPLINE
  5
47B
330
1F
100
AcDbEntity
  8
DEFAULT
 62
   250
100
AcDbSpline
210
0.0
220
0.0
230
1.0
 70
     8
 71
     3
 72
    26
 73
    22
 74
     0
 42
0.000000001
 43
0.0000000001
 40
0.0
 40
0.0
 40
0.0
 40
0.0
 40
1.0
 40
1.0
 40
1.0
 40
2.0
 40
2.0
 40
2.0
 40
3.0
 40
3.0
 40
3.0
 40
4.0
 40
4.0
 40
4.0
 40
5.0
 40
5.0
 40
5.0
 40
6.0
 40
6.0
 40
6.0
 40
7.0
 40
7.0
 40
7.0
 40
7.0
 10
180.7033258333333
 20
19.01747388888889
 30
0.0
 10
180.4306286111111
 20
19.08944055555556
 30
0.0
 10
180.0736175
 20
19.79605444444444
 30
0.0
 10
179.8397258333333
 20
19.87684055555555
 30
0.0
 10
179.7977452777778
 20
19.89201
 30
0.0
 10
179.8457230555556
 20
19.28135166666667
 30
0.0
 10
179.8065647222222
 20
19.28135166666667
 30
0.0
 10
179.3271397222222
 20
19.29934333333333
 30
0.0
 10
178.9165063888889
 20
19.65317944444444
 30
0.0
 10
178.9165063888889
 20
20.30370166666667
 30
0.0
 10
178.9165063888889
 20
20.95140166666667
 30
0.0
 10
179.3119702777778
 20
21.36803222222222
 30
0.0
 10
179.8577175
 20
21.36803222222222
 30
0.0
 10
180.4066397222222
 20
21.36803222222222
 30
0.0
 10
180.7632980555555
 20
20.94222944444444
 30
0.0
 10
180.7632980555555
 20
20.34568222222222
 30
0.0
 10
180.7632980555555
 20
19.82674611111111
 30
0.0
 10
180.4489730555555
 20
19.45597666666666
 30
0.0
 10
180.2207258333333
 20
19.37236833333333
 30
0.0
 10
179.9921258333333
 20
19.28840722222222
 30
0.0
 10
179.8397258333333
 20
19.27782388888889
 30
0.0
 10
179.8397258333333
 20
19.27782388888889
 30
0.0
  0
POLYLINE
  5
47C
330
1F
100
AcDbEntity
  8
DEFAULT
 62
   250
100
AcDb2dPolyline
 66
     1
 10
0.0
 20
0.0
 30
0.0
  0
VERTEX
  5
47D
330
47C
100
AcDbEntity
  8
DEFAULT
 62
   250
100
AcDbVertex
100
AcDb2dVertex
 10
202.7505258333333
 20
28.75897361111112
 30
0.0
  0
VERTEX
  5
47E
330
47C
100
AcDbEntity
  8
DEFAULT
 62
   250
100
AcDbVertex
100
AcDb2dVertex
 10
201.9567758333333
 20
29.55519305555558
 30
0.0
  0
VERTEX
  5
47F
330
47C
100
AcDbEntity
  8
DEFAULT
 62
   250
100
AcDbVertex
100
AcDb2dVertex
 10
203.3879952777778
 20
30.98182638888889
 30
0.0
  0
SEQEND
  5
480
330
47C
100
AcDbEntity
  8
DEFAULT
 62
   250
  0
POLYLINE
  5
481
330
1F
100
AcDbEntity
  8
DEFAULT
 62
   250
100
AcDb2dPolyline
 66
     1
 10
0.0
 20
0.0
 30
0.0
  0
VERTEX
  5
482
330
481
100
AcDbEntity
  8
DEFAULT
 62
   250
100
AcDbVertex
100
AcDb2dVertex
 10
233.2986119444444
 20
60.89949861111108
 30
0.0
  0
VERTEX
  5
483
330
481
100
AcDbEntity
  8
DEFAULT
 62
   250
100
AcDbVertex
100
AcDb2dVertex
 10
234.0923619444444
 20
60.10327916666665
 30
0.0
  0
VERTEX
  5
484
330
481
100
AcDbEntity
  8
DEFAULT
 62
   250
100
AcDbVertex
100
AcDb2dVertex
 10
232.6611425
 20
58.67664583333333
 30
0.0
  0
SEQEND
  5
485
330
481
100
AcDbEntity
  8
DEFAULT
 62
   250
  0
POLYLINE
  5
486
330
1F
100
AcDbEntity
  8
DEFAULT
 62
   250
100
AcDb2dPolyline
 66
     1
 10
0.0
 20
0.0
 30
0.0
  0
VERTEX
  5
487
330
486
100
AcDbEntity
  8
DEFAULT
 62
   250
100
AcDbVertex
100
AcDb2dVertex
 10
201.9543063888888
 20
60.10327916666667
 30
0.0
  0
VERTEX
  5
488
330
486
100
AcDbEntity
  8
DEFAULT
 62
   250
100
AcDbVertex
100
AcDb2dVertex
 10
202.7505258333333
 20
60.89702916666669
 30
0.0
  0
VERTEX
  5
489
330
486
100
AcDbEntity
  8
DEFAULT
 62
   250
100
AcDbVertex
100
AcDb2dVertex
 10
204.1771591666667
 20
59.46580972222222
 30
0.0
  0
SEQEND
  5
48A
330
486
100
AcDbEntity
  8
DEFAULT
 62
   250
  0
POLYLINE
  5
48B
330
1F
100
AcDbEntity
  8
DEFAULT
 62
   250
100
AcDb2dPolyline
 66
     1
 10
0.0
 20
0.0
 30
0.0
  0
VERTEX
  5
48C
330
48B
100
AcDbEntity
  8
DEFAULT
 62
   250
100
AcDbVertex
100
AcDb2dVertex
 10
234.0948313888889
 20
29.55519305555553
 30
0.0
  0
VERTEX
  5
48D
330
48B
100
AcDbEntity
  8
DEFAULT
 62
   250
100
AcDbVertex
100
AcDb2dVertex
 10
233.2986119444445
 20
28.76144305555554
 30
0.0
  0
VERTEX
  5
48E
330
48B
100
AcDbEntity
  8
DEFAULT
 62
   250
100
AcDbVertex
100
AcDb2dVertex
 10
231.8719786111111
 20
30.1926625
 30
0.0
  0
SEQEND
  5
48F
330
48B
100
AcDbEntity
  8
DEFAULT
 62
   250
  0
SPLINE
  5
490
330
1F
100
AcDbEntity
  8
DEFAULT
 62
     1
100
AcDbSpline
210
0.0
220
0.0
230
1.0
 70
    11
 71
     3
 72
    17
 73
    13
 74
     0
 42
0.000000001
 43
0.0000000001
 40
1.0
 40
1.0
 40
1.0
 40
1.0
 40
2.0
 40
2.0
 40
2.0
 40
3.0
 40
3.0
 40
3.0
 40
4.0
 40
4.0
 40
4.0
 40
5.0
 40
5.0
 40
5.0
 40
5.0
 10
218.0216055555555
 20
32.49668944444444
 30
0.0
 10
209.1845222222222
 20
32.49668944444444
 30
0.0
 10
195.9588833333333
 20
47.74727277777778
 30
0.0
 10
204.4714111111111
 20
50.10030055555556
 30
0.0
 10
212.8922166666667
 20
52.42157833333333
 30
0.0
 10
209.18805
 20
59.78405055555555
 30
0.0
 10
218.0251333333333
 20
59.78052277777778
 30
0.0
 10
226.8586888888889
 20
59.78052277777778
 30
0.0
 10
223.1545222222222
 20
52.42157833333333
 30
0.0
 10
231.5718
 20
50.09677277777777
 30
0.0
 10
240.0878555555556
 20
47.743745
 30
0.0
 10
226.8551611111111
 20
32.49668944444444
 30
0.0
 10
218.0216055555555
 20
32.49668944444444
 30
0.0
  0
SPLINE
  5
491
330
1F
100
AcDbEntity
  8
DEFAULT
 62
     1
100
AcDbSpline
210
0.0
220
0.0
230
1.0
 70
     8
 71
     3
 72
   209
 73
   205
 74
     0
 42
0.000000001
 43
0.0000000001
 40
0.0
 40
0.0
 40
0.0
 40
0.0
 40
3.819999999999936
 40
3.819999999999936
 40
3.819999999999936
 40
13.74999999999994
 40
13.74999999999994
 40
13.74999999999994
 40
14.74999999999994
 40
14.74999999999994
 40
14.74999999999994
 40
15.74999999999994
 40
15.74999999999994
 40
15.74999999999994
 40
16.74999999999994
 40
16.74999999999994
 40
16.74999999999994
 40
17.74999999999994
 40
17.74999999999994
 40
17.74999999999994
 40
18.74999999999994
 40
18.74999999999994
 40
18.74999999999994
 40
19.74999999999994
 40
19.74999999999994
 40
19.74999999999994
 40
28.24942350986224
 40
28.24942350986224
 40
28.24942350986224
 40
29.24942350986224
 40
29.24942350986224
 40
29.24942350986224
 40
30.24942350986224
 40
30.24942350986224
 40
30.24942350986224
 40
31.24942350986224
 40
31.24942350986224
 40
31.24942350986224
 40
32.24942350986224
 40
32.24942350986224
 40
32.24942350986224
 40
33.24942350986224
 40
33.24942350986224
 40
33.24942350986224
 40
34.24942350986224
 40
34.24942350986224
 40
34.24942350986224
 40
35.24942350986224
 40
35.24942350986224
 40
35.24942350986224
 40
45.16942350986223
 40
45.16942350986223
 40
45.16942350986223
 40
53.67942350986222
 40
53.67942350986222
 40
53.67942350986222
 40
63.59942350986221
 40
63.59942350986221
 40
63.59942350986221
 40
64.5994235098622
 40
64.5994235098622
 40
64.5994235098622
 40
65.5994235098622
 40
65.5994235098622
 40
65.5994235098622
 40
66.5994235098622
 40
66.5994235098622
 40
66.5994235098622
 40
91.96942350986221
 40
91.96942350986221
 40
91.96942350986221
 40
92.96942350986221
 40
92.96942350986221
 40
92.96942350986221
 40
93.96942350986221
 40
93.96942350986221
 40
93.96942350986221
 40
94.96942350986221
 40
94.96942350986221
 40
94.96942350986221
 40
95.96942350986221
 40
95.96942350986221
 40
95.96942350986221
 40
104.4651930453428
 40
104.4651930453428
 40
104.4651930453428
 40
105.4651930453428
 40
105.4651930453428
 40
105.4651930453428
 40
106.4651930453428
 40
106.4651930453428
 40
106.4651930453428
 40
107.4651930453428
 40
107.4651930453428
 40
107.4651930453428
 40
108.4651930453428
 40
108.4651930453428
 40
108.4651930453428
 40
109.4651930453428
 40
109.4651930453428
 40
109.4651930453428
 40
110.4651930453428
 40
110.4651930453428
 40
110.4651930453428
 40
120.3851930453428
 40
120.3851930453428
 40
120.3851930453428
 40
128.8851930453428
 40
128.8851930453428
 40
128.8851930453428
 40
138.8051930453427
 40
138.8051930453427
 40
138.8051930453427
 40
139.8051930453427
 40
139.8051930453427
 40
139.8051930453427
 40
140.8051930453427
 40
140.8051930453427
 40
140.8051930453427
 40
141.8051930453427
 40
141.8051930453427
 40
141.8051930453427
 40
142.8051930453427
 40
142.8051930453427
 40
142.8051930453427
 40
143.8051930453427
 40
143.8051930453427
 40
143.8051930453427
 40
144.8051930453427
 40
144.8051930453427
 40
144.8051930453427
 40
153.304616555205
 40
153.304616555205
 40
153.304616555205
 40
154.304616555205
 40
154.304616555205
 40
154.304616555205
 40
155.304616555205
 40
155.304616555205
 40
155.304616555205
 40
156.304616555205
 40
156.304616555205
 40
156.304616555205
 40
157.304616555205
 40
157.304616555205
 40
157.304616555205
 40
158.304616555205
 40
158.304616555205
 40
158.304616555205
 40
159.304616555205
 40
159.304616555205
 40
159.304616555205
 40
169.224616555205
 40
169.224616555205
 40
169.224616555205
 40
177.7246224375559
 40
177.7246224375559
 40
177.7246224375559
 40
187.6346224375559
 40
187.6346224375559
 40
187.6346224375559
 40
188.6346224375559
 40
188.6346224375559
 40
188.6346224375559
 40
189.6346224375559
 40
189.6346224375559
 40
189.6346224375559
 40
190.6346224375559
 40
190.6346224375559
 40
190.6346224375559
 40
191.6346224375559
 40
191.6346224375559
 40
191.6346224375559
 40
192.6346224375559
 40
192.6346224375559
 40
192.6346224375559
 40
202.5546224375559
 40
202.5546224375559
 40
202.5546224375559
 40
211.0646224375559
 40
211.0646224375559
 40
211.0646224375559
 40
220.9846224375559
 40
220.9846224375559
 40
220.9846224375559
 40
221.9846224375559
 40
221.9846224375559
 40
221.9846224375559
 40
222.9846224375559
 40
222.9846224375559
 40
222.9846224375559
 40
223.9846224375559
 40
223.9846224375559
 40
223.9846224375559
 40
224.9846224375559
 40
224.9846224375559
 40
224.9846224375559
 40
225.9846224375559
 40
225.9846224375559
 40
225.9846224375559
 40
235.8946224375559
 40
235.8946224375559
 40
235.8946224375559
 40
239.7146224375559
 40
239.7146224375559
 40
239.7146224375559
 40
239.7146224375559
 10
210.8711527777778
 20
20.98202277777778
 30
0.0
 10
210.4219490740741
 20
20.98202277777778
 30
0.0
 10
209.9727453703704
 20
20.98202277777778
 30
0.0
 10
209.5235416666667
 20
20.98202277777778
 30
0.0
 10
209.5235416666667
 20
19.81432833333334
 30
0.0
 10
209.5235416666667
 20
18.64663388888889
 30
0.0
 10
209.5235416666667
 20
17.47893944444445
 30
0.0
 10
209.5235416666667
 20
17.30255055555556
 30
0.0
 10
209.6223194444444
 20
16.69577277777778
 30
0.0
 10
209.6223194444444
 20
15.73268944444444
 30
0.0
 10
209.6223194444444
 20
14.76255055555555
 30
0.0
 10
209.5764583333333
 20
13.97938388888889
 30
0.0
 10
209.5235416666667
 20
13.97938388888889
 30
0.0
 10
202.6161527777778
 20
13.98291166666667
 30
0.0
 10
199.1448194444445
 20
19.58855055555555
 30
0.0
 10
197.024625
 20
21.71227277777778
 30
0.0
 10
196.9858194444444
 20
21.75107833333333
 30
0.0
 10
197.5114583333333
 20
22.33316166666667
 30
0.0
 10
198.1958472222222
 20
23.01755055555556
 30
0.0
 10
198.8802361111111
 20
23.70193944444444
 30
0.0
 10
199.3776527777778
 20
24.06177277777778
 30
0.0
 10
199.501125
 20
24.185245
 30
0.0
 10
200.1220138888889
 20
24.80613388888888
 30
0.0
 10
201.977625
 20
26.661745
 30
0.0
 10
201.977625
 20
26.661745
 30
0.0
 10
201.2708935185185
 20
27.36847648148148
 30
0.0
 10
200.5641620370371
 20
28.07520796296296
 30
0.0
 10
199.8574305555556
 20
28.78193944444444
 30
0.0
 10
199.8574305555556
 20
28.78193944444444
 30
0.0
 10
197.9982916666667
 20
26.92632833333333
 30
0.0
 10
197.3809305555556
 20
26.30543944444445
 30
0.0
 10
197.2574583333333
 20
26.18196722222222
 30
0.0
 10
196.897625
 20
25.68102277777778
 30
0.0
 10
196.2132361111111
 20
25.00016166666667
 30
0.0
 10
195.532375
 20
24.31577277777778
 30
0.0
 10
194.9467638888889
 20
23.79366166666667
 30
0.0
 10
194.9079583333334
 20
23.83246722222222
 30
0.0
 10
194.0754027777778
 20
24.66855055555556
 30
0.0
 10
184.3387361111111
 20
19.54268944444445
 30
0.0
 10
184.3387361111111
 20
13.15035611111111
 30
0.0
 10
184.3387361111111
 20
11.49230055555556
 30
0.0
 10
182.9981805555555
 20
10.151745
 30
0.0
 10
181.340125
 20
10.151745
 30
0.0
 10
181.2836805555555
 20
10.151745
 30
0.0
 10
181.2378194444445
 20
10.93491166666667
 30
0.0
 10
181.2378194444445
 20
11.90152277777778
 30
0.0
 10
181.2378194444445
 20
12.8681338888889
 30
0.0
 10
181.340125
 20
13.47491166666667
 30
0.0
 10
181.340125
 20
13.65130055555556
 30
0.0
 10
181.340125
 20
14.81781907407407
 30
0.0
 10
181.340125
 20
15.98433759259259
 30
0.0
 10
181.340125
 20
17.15085611111111
 30
0.0
 10
180.339412037037
 20
17.15085611111111
 30
0.0
 10
179.3386990740741
 20
17.15085611111111
 30
0.0
 10
178.3379861111111
 20
17.15085611111111
 30
0.0
 10
178.3379861111111
 20
15.98433759259259
 30
0.0
 10
178.3379861111111
 20
14.81781907407407
 30
0.0
 10
178.3379861111111
 20
13.65130055555556
 30
0.0
 10
178.3379861111111
 20
13.47491166666667
 30
0.0
 10
178.4402916666667
 20
12.8681338888889
 30
0.0
 10
178.4402916666667
 20
11.90152277777778
 30
0.0
 10
178.4402916666667
 20
10.93491166666667
 30
0.0
 10
178.3944305555556
 20
10.151745
 30
0.0
 10
178.3379861111111
 20
10.151745
 30
0.0
 10
176.6799305555556
 20
10.151745
 30
0.0
 10
175.339375
 20
11.49230055555556
 30
0.0
 10
175.339375
 20
13.15035611111111
 30
0.0
 10
175.339375
 20
16.13368018518518
 30
0.0
 10
175.339375
 20
19.11700425925926
 30
0.0
 10
175.339375
 20
22.10032833333333
 30
0.0
 10
175.339375
 20
24.40043944444445
 30
0.0
 10
184.7550138888889
 20
26.81696722222222
 30
0.0
 10
184.3457916666667
 20
27.69538388888889
 30
0.0
 10
184.3210972222222
 20
27.74477277777778
 30
0.0
 10
185.0160694444444
 20
28.11518944444444
 30
0.0
 10
185.8909583333333
 20
28.52441166666667
 30
0.0
 10
186.769375
 20
28.93363388888889
 30
0.0
 10
187.3620416666667
 20
29.09943944444445
 30
0.0
 10
187.5207916666667
 20
29.17352277777778
 30
0.0
 10
188.3145416666667
 20
29.54393944444444
 30
0.0
 10
190.6922638888889
 20
30.65518944444445
 30
0.0
 10
190.6922638888889
 20
30.65518944444445
 30
0.0
 10
190.2701064814815
 20
31.56065240740741
 30
0.0
 10
189.8479490740741
 20
32.46611537037037
 30
0.0
 10
189.4257916666667
 20
33.37157833333333
 30
0.0
 10
189.4257916666667
 20
33.37157833333333
 30
0.0
 10
187.0445416666667
 20
32.26385611111111
 30
0.0
 10
186.2507916666667
 20
31.89343944444445
 30
0.0
 10
186.0955694444445
 20
31.81935611111111
 30
0.0
 10
185.5840416666667
 20
31.47363388888889
 30
0.0
 10
184.7091527777778
 20
31.06441166666666
 30
0.0
 10
183.8307361111111
 20
30.65518944444445
 30
0.0
 10
183.1040138888889
 20
30.36591166666666
 30
0.0
 10
183.0793194444445
 20
30.41530055555555
 30
0.0
 10
181.8128472222222
 20
33.13168944444444
 30
0.0
 10
187.0939305555555
 20
34.64157833333333
 30
0.0
 10
187.0939305555555
 20
43.32696722222222
 30
0.0
 10
187.0939305555555
 20
43.38341166666667
 30
0.0
 10
187.8770972222222
 20
43.425745
 30
0.0
 10
188.8437083333333
 20
43.425745
 30
0.0
 10
189.8103194444444
 20
43.425745
 30
0.0
 10
190.420625
 20
43.32696722222222
 30
0.0
 10
190.5934861111111
 20
43.32696722222222
 30
0.0
 10
191.7600046296296
 20
43.32696722222223
 30
0.0
 10
192.9265231481481
 20
43.32696722222223
 30
0.0
 10
194.0930416666667
 20
43.32696722222222
 30
0.0
 10
194.0930416666667
 20
44.32650425925925
 30
0.0
 10
194.0930416666667
 20
45.3260412962963
 30
0.0
 10
194.0930416666667
 20
46.32557833333333
 30
0.0
 10
192.9265231481481
 20
46.32557833333332
 30
0.0
 10
191.7600046296296
 20
46.32557833333332
 30
0.0
 10
190.5934861111111
 20
46.32557833333333
 30
0.0
 10
190.420625
 20
46.32557833333333
 30
0.0
 10
189.8103194444444
 20
46.22680055555556
 30
0.0
 10
188.8437083333333
 20
46.22680055555556
 30
0.0
 10
187.8770972222222
 20
46.22680055555556
 30
0.0
 10
187.0939305555555
 20
46.27266166666667
 30
0.0
 10
187.0939305555555
 20
46.32557833333333
 30
0.0
 10
187.0939305555555
 20
58.00957833333333
 30
0.0
 10
187.5172638888889
 20
58.43291166666667
 30
0.0
 10
194.9114861111111
 20
65.82713388888888
 30
0.0
 10
194.9502916666667
 20
65.86593944444444
 30
0.0
 10
195.5359027777778
 20
65.34382833333333
 30
0.0
 10
196.2202916666667
 20
64.65943944444444
 30
0.0
 10
196.9011527777778
 20
63.97505055555555
 30
0.0
 10
197.2609861111111
 20
63.47410611111111
 30
0.0
 10
197.3844583333334
 20
63.35063388888889
 30
0.0
 10
198.0053472222222
 20
62.73327277777778
 30
0.0
 10
199.8609583333333
 20
60.87766166666666
 30
0.0
 10
199.8609583333333
 20
60.87766166666666
 30
0.0
 10
200.5676898148148
 20
61.58439314814814
 30
0.0
 10
201.2744212962963
 20
62.29112462962963
 30
0.0
 10
201.9811527777778
 20
62.99785611111111
 30
0.0
 10
201.9811527777778
 20
62.99785611111111
 30
0.0
 10
200.1255416666667
 20
64.85346722222222
 30
0.0
 10
199.5081805555556
 20
65.4743561111111
 30
0.0
 10
199.3847083333334
 20
65.59782833333334
 30
0.0
 10
198.8837638888889
 20
65.95766166666667
 30
0.0
 10
198.199375
 20
66.63852277777778
 30
0.0
 10
197.5255694444444
 20
67.31232833333333
 30
0.0
 10
197.0105138888889
 20
67.8908838888889
 30
0.0
 10
197.0316805555556
 20
67.94732833333333
 30
0.0
 10
203.7697361111111
 20
74.68538388888888
 30
0.0
 10
201.1062638888889
 20
77.42646722222223
 30
0.0
 10
206.5214027777778
 20
77.42646722222223
 30
0.0
 10
206.5707916666667
 20
77.42293944444444
 30
0.0
 10
206.6166527777778
 20
76.63977277777776
 30
0.0
 10
206.6166527777778
 20
75.67316166666666
 30
0.0
 10
206.6166527777778
 20
74.71007833333333
 30
0.0
 10
206.517875
 20
74.096245
 30
0.0
 10
206.517875
 20
73.92691166666665
 30
0.0
 10
206.517875
 20
72.76039314814814
 30
0.0
 10
206.517875
 20
71.59387462962962
 30
0.0
 10
206.517875
 20
70.42735611111111
 30
0.0
 10
207.517412037037
 20
70.42618018518517
 30
0.0
 10
208.5169490740741
 20
70.42500425925924
 30
0.0
 10
209.5164861111111
 20
70.42382833333332
 30
0.0
 10
209.5164861111111
 20
71.58917092592591
 30
0.0
 10
209.5164861111111
 20
72.75451351851851
 30
0.0
 10
209.5164861111111
 20
73.9198561111111
 30
0.0
 10
209.5129583333334
 20
74.09271722222222
 30
0.0
 10
209.4177083333333
 20
74.70655055555555
 30
0.0
 10
209.4177083333333
 20
75.67316166666666
 30
0.0
 10
209.4212361111111
 20
76.63977277777776
 30
0.0
 10
209.4600416666667
 20
77.42293944444444
 30
0.0
 10
209.5164861111111
 20
77.42293944444444
 30
0.0
 10
211.4990972222222
 20
77.41941166666666
 30
0.0
 10
213.4887638888889
 20
77.42293944444444
 30
0.0
 10
216.5261805555556
 20
77.42293944444444
 30
0.0
 10
216.582625
 20
77.42293944444444
 30
0.0
 10
216.6249583333333
 20
76.63977277777776
 30
0.0
 10
216.6249583333333
 20
75.67316166666666
 30
0.0
 10
216.6249583333333
 20
74.70655055555555
 30
0.0
 10
216.5261805555556
 20
74.096245
 30
0.0
 10
216.5261805555556
 20
73.92338388888889
 30
0.0
 10
216.5261805555556
 20
72.75686537037036
 30
0.0
 10
216.5261805555556
 20
71.59034685185183
 30
0.0
 10
216.5261805555556
 20
70.42382833333332
 30
0.0
 10
217.5268935185185
 20
70.42382833333332
 30
0.0
 10
218.5276064814815
 20
70.42382833333332
 30
0.0
 10
219.5283194444445
 20
70.42382833333332
 30
0.0
 10
219.5283194444445
 20
71.59034685185183
 30
0.0
 10
219.5283194444445
 20
72.75686537037036
 30
0.0
 10
219.5283194444445
 20
73.92338388888889
 30
0.0
 10
219.5283194444445
 20
74.096245
 30
0.0
 10
219.4260138888889
 20
74.70655055555555
 30
0.0
 10
219.4260138888889
 20
75.67316166666666
 30
0.0
 10
219.4260138888889
 20
76.63977277777776
 30
0.0
 10
219.471875
 20
77.42293944444444
 30
0.0
 10
219.5283194444445
 20
77.42293944444444
 30
0.0
 10
222.5692638888889
 20
77.41941166666666
 30
0.0
 10
224.551875
 20
77.41941166666666
 30
0.0
 10
226.5344861111111
 20
77.41941166666666
 30
0.0
 10
226.5874027777778
 20
77.41941166666666
 30
0.0
 10
226.6332638888889
 20
76.636245
 30
0.0
 10
226.6332638888889
 20
75.66963388888888
 30
0.0
 10
226.6332638888889
 20
74.70302277777776
 30
0.0
 10
226.5344861111111
 20
74.09271722222222
 30
0.0
 10
226.5344861111111
 20
73.9198561111111
 30
0.0
 10
226.5344861111111
 20
72.75451351851851
 30
0.0
 10
226.5344861111111
 20
71.58917092592591
 30
0.0
 10
226.5344861111111
 20
70.42382833333332
 30
0.0
 10
226.9836898148148
 20
70.42382833333332
 30
0.0
 10
227.4328935185185
 20
70.42382833333332
 30
0.0
 10
227.8820972222222
 20
70.42382833333332
 30
0.0
  0
SPLINE
  5
492
330
1F
100
AcDbEntity
  8
DEFAULT
 62
     1
100
AcDbSpline
210
0.0
220
0.0
230
1.0
 70
     8
 71
     3
 72
   140
 73
   136
 74
     0
 42
0.000000001
 43
0.0000000001
 40
0.0
 40
0.0
 40
0.0
 40
0.0
 40
3.829999999999998
 40
3.829999999999998
 40
3.829999999999998
 40
13.75000000000007
 40
13.75000000000007
 40
13.75000000000007
 40
14.75000000000007
 40
14.75000000000007
 40
14.75000000000007
 40
15.75000000000007
 40
15.75000000000007
 40
15.75000000000007
 40
16.75000000000007
 40
16.75000000000007
 40
16.75000000000007
 40
17.75000000000007
 40
17.75000000000007
 40
17.75000000000007
 40
18.75000000000007
 40
18.75000000000007
 40
18.75000000000007
 40
19.75000000000007
 40
19.75000000000007
 40
19.75000000000007
 40
28.24576953548063
 40
28.24576953548063
 40
28.24576953548063
 40
29.24576953548063
 40
29.24576953548063
 40
29.24576953548063
 40
30.24576953548063
 40
30.24576953548063
 40
30.24576953548063
 40
31.24576953548063
 40
31.24576953548063
 40
31.24576953548063
 40
32.24576953548063
 40
32.24576953548063
 40
32.24576953548063
 40
57.61576953548063
 40
57.61576953548063
 40
57.61576953548063
 40
58.61576953548063
 40
58.61576953548063
 40
58.61576953548063
 40
59.61576953548063
 40
59.61576953548063
 40
59.61576953548063
 40
60.61576953548063
 40
60.61576953548063
 40
60.61576953548063
 40
70.53576953548065
 40
70.53576953548065
 40
70.53576953548065
 40
79.04576953548064
 40
79.04576953548064
 40
79.04576953548064
 40
88.96576953548066
 40
88.96576953548066
 40
88.96576953548066
 40
89.96576953548066
 40
89.96576953548066
 40
89.96576953548066
 40
90.96576953548066
 40
90.96576953548066
 40
90.96576953548066
 40
91.96576953548066
 40
91.96576953548066
 40
91.96576953548066
 40
92.96576953548066
 40
92.96576953548066
 40
92.96576953548066
 40
93.96576953548066
 40
93.96576953548066
 40
93.96576953548066
 40
94.96576953548066
 40
94.96576953548066
 40
94.96576953548066
 40
95.96576953548066
 40
95.96576953548066
 40
95.96576953548066
 40
104.4793469269185
 40
104.4793469269185
 40
104.4793469269185
 40
105.4793469269185
 40
105.4793469269185
 40
105.4793469269185
 40
106.4793469269185
 40
106.4793469269185
 40
106.4793469269185
 40
107.4793469269185
 40
107.4793469269185
 40
107.4793469269185
 40
108.4793469269185
 40
108.4793469269185
 40
108.4793469269185
 40
109.4793469269185
 40
109.4793469269185
 40
109.4793469269185
 40
110.4793469269185
 40
110.4793469269185
 40
110.4793469269185
 40
120.3993469269185
 40
120.3993469269185
 40
120.3993469269185
 40
128.8993469269184
 40
128.8993469269184
 40
128.8993469269184
 40
138.8193469269184
 40
138.8193469269184
 40
138.8193469269184
 40
139.8193469269184
 40
139.8193469269184
 40
139.8193469269184
 40
140.8193469269184
 40
140.8193469269184
 40
140.8193469269184
 40
141.8193469269184
 40
141.8193469269184
 40
141.8193469269184
 40
142.8193469269184
 40
142.8193469269184
 40
142.8193469269184
 40
143.8193469269184
 40
143.8193469269184
 40
143.8193469269184
 40
144.8193469269184
 40
144.8193469269184
 40
144.8193469269184
 40
154.7393469269184
 40
154.7393469269184
 40
154.7393469269184
 40
158.5693469269185
 40
158.5693469269185
 40
158.5693469269185
 40
158.5693469269185
 10
241.9579305555555
 20
44.67457833333333
 30
0.0
 10
241.9579305555555
 20
44.2241987037037
 30
0.0
 10
241.9579305555555
 20
43.77381907407406
 30
0.0
 10
241.9579305555555
 20
43.32343944444444
 30
0.0
 10
243.1244490740741
 20
43.32343944444444
 30
0.0
 10
244.2909675925926
 20
43.32343944444444
 30
0.0
 10
245.4574861111111
 20
43.32343944444444
 30
0.0
 10
245.633875
 20
43.32343944444444
 30
0.0
 10
246.2406527777778
 20
43.425745
 30
0.0
 10
247.2072638888889
 20
43.425745
 30
0.0
 10
248.1774027777778
 20
43.425745
 30
0.0
 10
248.9605694444444
 20
43.37988388888888
 30
0.0
 10
248.9605694444444
 20
43.32343944444444
 30
0.0
 10
248.9570416666667
 20
34.63805055555555
 30
0.0
 10
254.238125
 20
33.12816166666667
 30
0.0
 10
252.9716527777778
 20
30.41177277777778
 30
0.0
 10
252.9469583333334
 20
30.36238388888889
 30
0.0
 10
252.2202361111111
 20
30.65166166666667
 30
0.0
 10
251.3418194444444
 20
31.06088388888889
 30
0.0
 10
250.4669305555555
 20
31.47010611111111
 30
0.0
 10
249.9554027777778
 20
31.81582833333333
 30
0.0
 10
249.8001805555556
 20
31.88991166666667
 30
0.0
 10
249.0064305555555
 20
32.26032833333333
 30
0.0
 10
246.6251805555555
 20
33.36805055555556
 30
0.0
 10
246.6251805555555
 20
33.36805055555556
 30
0.0
 10
246.2030231481482
 20
32.46258759259259
 30
0.0
 10
245.7808657407408
 20
31.55712462962963
 30
0.0
 10
245.3587083333333
 20
30.65166166666667
 30
0.0
 10
245.3587083333333
 20
30.65166166666667
 30
0.0
 10
247.7364305555555
 20
29.54041166666667
 30
0.0
 10
248.5301805555555
 20
29.169995
 30
0.0
 10
248.6889305555555
 20
29.09591166666667
 30
0.0
 10
249.2815972222222
 20
28.93010611111111
 30
0.0
 10
250.1600138888889
 20
28.52088388888889
 30
0.0
 10
251.031375
 20
28.11166166666666
 30
0.0
 10
251.7228194444444
 20
27.741245
 30
0.0
 10
251.698125
 20
27.69185611111111
 30
0.0
 10
251.2889027777778
 20
26.81343944444444
 30
0.0
 10
260.7045416666667
 20
24.39691166666666
 30
0.0
 10
260.7045416666667
 20
22.09680055555556
 30
0.0
 10
260.7045416666667
 20
19.11347648148148
 30
0.0
 10
260.7045416666667
 20
16.13015240740741
 30
0.0
 10
260.7045416666667
 20
13.14682833333334
 30
0.0
 10
260.7045416666667
 20
11.48877277777778
 30
0.0
 10
259.3639861111111
 20
10.14821722222223
 30
0.0
 10
257.7059305555556
 20
10.14821722222223
 30
0.0
 10
257.6494861111111
 20
10.14821722222223
 30
0.0
 10
257.603625
 20
10.93138388888889
 30
0.0
 10
257.603625
 20
11.89799500000001
 30
0.0
 10
257.603625
 20
12.86460611111111
 30
0.0
 10
257.7059305555556
 20
13.47138388888889
 30
0.0
 10
257.7059305555556
 20
13.64777277777778
 30
0.0
 10
257.7059305555556
 20
14.8142912962963
 30
0.0
 10
257.7059305555556
 20
15.98080981481482
 30
0.0
 10
257.7059305555556
 20
17.14732833333334
 30
0.0
 10
256.7052175925926
 20
17.14732833333334
 30
0.0
 10
255.7045046296297
 20
17.14732833333334
 30
0.0
 10
254.7037916666667
 20
17.14732833333334
 30
0.0
 10
254.7037916666667
 20
15.98080981481482
 30
0.0
 10
254.7037916666667
 20
14.8142912962963
 30
0.0
 10
254.7037916666667
 20
13.64777277777778
 30
0.0
 10
254.7037916666667
 20
13.47138388888889
 30
0.0
 10
254.8060972222222
 20
12.86460611111111
 30
0.0
 10
254.8060972222222
 20
11.89799500000001
 30
0.0
 10
254.8060972222222
 20
10.93138388888889
 30
0.0
 10
254.7602361111111
 20
10.14821722222223
 30
0.0
 10
254.7037916666667
 20
10.14821722222223
 30
0.0
 10
253.0457361111111
 20
10.14821722222223
 30
0.0
 10
251.7051805555556
 20
11.48877277777778
 30
0.0
 10
251.7051805555556
 20
13.14682833333334
 30
0.0
 10
251.7051805555556
 20
19.53916166666667
 30
0.0
 10
241.9685138888889
 20
24.66502277777778
 30
0.0
 10
241.1359583333333
 20
23.82893944444445
 30
0.0
 10
241.0971527777778
 20
23.79013388888889
 30
0.0
 10
240.5115416666667
 20
24.312245
 30
0.0
 10
239.8306805555555
 20
24.99663388888889
 30
0.0
 10
239.1462916666667
 20
25.677495
 30
0.0
 10
238.7864583333333
 20
26.17843944444445
 30
0.0
 10
238.6629861111111
 20
26.30191166666667
 30
0.0
 10
238.045625
 20
26.92280055555556
 30
0.0
 10
236.1935416666667
 20
28.77841166666666
 30
0.0
 10
236.1935416666667
 20
28.77841166666666
 30
0.0
 10
235.4844583333333
 20
28.07168018518519
 30
0.0
 10
234.775375
 20
27.3649487037037
 30
0.0
 10
234.0662916666666
 20
26.65821722222222
 30
0.0
 10
234.0662916666666
 20
26.65821722222222
 30
0.0
 10
235.9219027777778
 20
24.80260611111111
 30
0.0
 10
236.5427916666667
 20
24.18171722222223
 30
0.0
 10
236.6662638888889
 20
24.058245
 30
0.0
 10
237.1636805555556
 20
23.69841166666667
 30
0.0
 10
237.8480694444444
 20
23.01402277777778
 30
0.0
 10
238.5324583333334
 20
22.32963388888889
 30
0.0
 10
239.0580972222222
 20
21.74755055555556
 30
0.0
 10
239.0192916666667
 20
21.708745
 30
0.0
 10
236.8990972222222
 20
19.58502277777778
 30
0.0
 10
233.4277638888889
 20
13.97938388888889
 30
0.0
 10
226.520375
 20
13.97938388888889
 30
0.0
 10
226.4674583333333
 20
13.97938388888889
 30
0.0
 10
226.4215972222222
 20
14.76255055555555
 30
0.0
 10
226.4215972222222
 20
15.72916166666667
 30
0.0
 10
226.4215972222222
 20
16.69577277777778
 30
0.0
 10
226.520375
 20
17.30255055555556
 30
0.0
 10
226.520375
 20
17.47893944444445
 30
0.0
 10
226.520375
 20
18.64545796296296
 30
0.0
 10
226.520375
 20
19.81197648148148
 30
0.0
 10
226.520375
 20
20.978495
 30
0.0
 10
225.5208379629629
 20
20.978495
 30
0.0
 10
224.5213009259259
 20
20.978495
 30
0.0
 10
223.5217638888889
 20
20.978495
 30
0.0
 10
223.5217638888888
 20
19.81197648148148
 30
0.0
 10
223.5217638888888
 20
18.64545796296296
 30
0.0
 10
223.5217638888889
 20
17.47893944444445
 30
0.0
 10
223.5217638888889
 20
17.30255055555556
 30
0.0
 10
223.6205416666667
 20
16.69577277777778
 30
0.0
 10
223.6205416666667
 20
15.72916166666667
 30
0.0
 10
223.6205416666667
 20
14.76255055555555
 30
0.0
 10
223.5746805555556
 20
13.97938388888889
 30
0.0
 10
223.5217638888889
 20
13.97938388888889
 30
0.0
 10
221.1687361111111
 20
13.97938388888889
 30
0.0
 10
221.059375
 20
15.03771722222222
 30
0.0
 10
218.0219583333333
 20
15.03771722222222
 30
0.0
 10
214.9845416666667
 20
15.03771722222222
 30
0.0
 10
214.8751805555555
 20
13.97938388888889
 30
0.0
 10
212.5221527777778
 20
13.97938388888889
 30
0.0
 10
212.4692361111111
 20
13.97938388888889
 30
0.0
 10
212.423375
 20
14.76255055555555
 30
0.0
 10
212.423375
 20
15.72916166666667
 30
0.0
 10
212.423375
 20
16.69577277777778
 30
0.0
 10
212.5221527777778
 20
17.30255055555556
 30
0.0
 10
212.5221527777778
 20
17.47893944444445
 30
0.0
 10
212.5221527777778
 20
18.64545796296296
 30
0.0
 10
212.5221527777778
 20
19.81197648148148
 30
0.0
 10
212.5221527777778
 20
20.978495
 30
0.0
 10
212.0717731481482
 20
20.978495
 30
0.0
 10
211.6213935185185
 20
20.978495
 30
0.0
 10
211.1710138888889
 20
20.978495
 30
0.0
  0
SPLINE
  5
493
330
1F
100
AcDbEntity
  8
DEFAULT
 62
     1
100
AcDbSpline
210
0.0
220
0.0
230
1.0
 70
     8
 71
     3
 72
    56
 73
    52
 74
     0
 42
0.000000001
 43
0.0000000001
 40
0.0
 40
0.0
 40
0.0
 40
0.0
 40
3.830000000000041
 40
3.830000000000041
 40
3.830000000000041
 40
13.75000000000003
 40
13.75000000000003
 40
13.75000000000003
 40
14.75000000000003
 40
14.75000000000003
 40
14.75000000000003
 40
15.75000000000003
 40
15.75000000000003
 40
15.75000000000003
 40
16.75000000000003
 40
16.75000000000003
 40
16.75000000000003
 40
17.75000000000003
 40
17.75000000000003
 40
17.75000000000003
 40
18.75000000000003
 40
18.75000000000003
 40
18.75000000000003
 40
19.75000000000003
 40
19.75000000000003
 40
19.75000000000003
 40
28.24942350986232
 40
28.24942350986232
 40
28.24942350986232
 40
29.24942350986232
 40
29.24942350986232
 40
29.24942350986232
 40
30.24942350986232
 40
30.24942350986232
 40
30.24942350986232
 40
31.24942350986232
 40
31.24942350986232
 40
31.24942350986232
 40
32.24942350986232
 40
32.24942350986232
 40
32.24942350986232
 40
33.24942350986232
 40
33.24942350986232
 40
33.24942350986232
 40
34.24942350986232
 40
34.24942350986232
 40
34.24942350986232
 40
44.16942350986239
 40
44.16942350986239
 40
44.16942350986239
 40
47.99942350986237
 40
47.99942350986237
 40
47.99942350986237
 40
47.99942350986237
 10
228.1819583333333
 20
70.42030055555556
 30
0.0
 10
228.632337962963
 20
70.42030055555556
 30
0.0
 10
229.0827175925926
 20
70.42030055555556
 30
0.0
 10
229.5330972222222
 20
70.42030055555556
 30
0.0
 10
229.5330972222222
 20
71.58681907407407
 30
0.0
 10
229.5330972222222
 20
72.75333759259259
 30
0.0
 10
229.5330972222222
 20
73.9198561111111
 30
0.0
 10
229.5330972222222
 20
74.09271722222222
 30
0.0
 10
229.4343194444444
 20
74.70302277777776
 30
0.0
 10
229.4307916666667
 20
75.66963388888888
 30
0.0
 10
229.4343194444444
 20
76.63977277777776
 30
0.0
 10
229.4766527777778
 20
77.41941166666666
 30
0.0
 10
229.5330972222222
 20
77.42293944444444
 30
0.0
 10
234.9482361111111
 20
77.42293944444444
 30
0.0
 10
232.2847638888889
 20
74.68538388888888
 30
0.0
 10
239.0263472222222
 20
67.94380055555554
 30
0.0
 10
239.0651527777778
 20
67.904995
 30
0.0
 10
238.5430416666667
 20
67.3193838888889
 30
0.0
 10
237.8586527777778
 20
66.634995
 30
0.0
 10
237.1742638888889
 20
65.95413388888889
 30
0.0
 10
236.6733194444445
 20
65.59430055555555
 30
0.0
 10
236.5498472222222
 20
65.47082833333333
 30
0.0
 10
235.9324861111111
 20
64.84993944444444
 30
0.0
 10
234.076875
 20
62.99432833333333
 30
0.0
 10
234.076875
 20
62.99432833333333
 30
0.0
 10
234.7836064814815
 20
62.28759685185184
 30
0.0
 10
235.490337962963
 20
61.58086537037036
 30
0.0
 10
236.1970694444445
 20
60.87413388888888
 30
0.0
 10
236.1970694444445
 20
60.87413388888888
 30
0.0
 10
238.0526805555556
 20
62.72974499999999
 30
0.0
 10
238.6735694444444
 20
63.3471061111111
 30
0.0
 10
238.7970416666667
 20
63.47057833333334
 30
0.0
 10
239.156875
 20
63.97152277777777
 30
0.0
 10
239.8377361111111
 20
64.65591166666667
 30
0.0
 10
240.522125
 20
65.34030055555554
 30
0.0
 10
241.1077361111111
 20
65.86241166666667
 30
0.0
 10
241.1465416666666
 20
65.8236061111111
 30
0.0
 10
248.5407638888889
 20
58.42938388888889
 30
0.0
 10
248.9605694444444
 20
58.00957833333333
 30
0.0
 10
248.9605694444444
 20
46.32557833333333
 30
0.0
 10
248.9605694444444
 20
46.2691338888889
 30
0.0
 10
248.1774027777778
 20
46.22327277777777
 30
0.0
 10
247.2072638888889
 20
46.22327277777777
 30
0.0
 10
246.2406527777778
 20
46.22327277777777
 30
0.0
 10
245.633875
 20
46.32557833333333
 30
0.0
 10
245.4574861111111
 20
46.32557833333333
 30
0.0
 10
244.2909675925926
 20
46.32557833333332
 30
0.0
 10
243.1244490740741
 20
46.32557833333332
 30
0.0
 10
241.9579305555555
 20
46.32557833333333
 30
0.0
 10
241.9579305555555
 20
45.8751987037037
 30
0.0
 10
241.9579305555555
 20
45.42481907407407
 30
0.0
 10
241.9579305555555
 20
44.97443944444444
 30
0.0
  0
SPLINE
  5
494
330
1F
100
AcDbEntity
  8
DEFAULT
 62
   250
100
AcDbSpline
210
0.0
220
0.0
230
1.0
 70
     8
 71
     3
 72
    14
 73
    10
 74
     0
 42
0.000000001
 43
0.0000000001
 40
0.0
 40
0.0
 40
0.0
 40
0.0
 40
3.832518754031079
 40
3.832518754031079
 40
3.832518754031079
 40
4.832518754031079
 40
4.832518754031079
 40
4.832518754031079
 40
5.832518754031079
 40
5.832518754031079
 40
5.832518754031079
 40
5.832518754031079
 10
100.522405
 20
60.89522999999999
 30
0.0
 10
100.2037290740741
 20
60.57655407407407
 30
0.0
 10
99.88505314814815
 20
60.25787814814814
 30
0.0
 10
99.56637722222223
 20
59.93920222222221
 30
0.0
 10
99.18678833333333
 20
59.55961333333332
 30
0.0
 10
98.88375222222223
 20
59.62946333333333
 30
0.0
 10
98.63751333333332
 20
59.87534944444444
 30
0.0
 10
98.56977999999998
 20
59.94343555555555
 30
0.0
 10
98.50204666666667
 20
60.04080222222222
 30
0.0
 10
98.47452999999999
 20
60.10641888888889
 30
0.0
  0
SPLINE
  5
495
330
1F
100
AcDbEntity
  8
DEFAULT
 62
   250
100
AcDbSpline
210
0.0
220
0.0
230
1.0
 70
     8
 71
     3
 72
    14
 73
    10
 74
     0
 42
0.000000001
 43
0.0000000001
 40
0.0
 40
0.0
 40
0.0
 40
0.0
 40
3.832518754031069
 40
3.832518754031069
 40
3.832518754031069
 40
4.832518754031069
 40
4.832518754031069
 40
4.832518754031069
 40
5.832518754031069
 40
5.832518754031069
 40
5.832518754031069
 40
5.832518754031069
 10
64.15687222222222
 20
25.78897277777778
 30
0.0
 10
64.47554814814815
 20
26.1076487037037
 30
0.0
 10
64.79422407407408
 20
26.42632462962962
 30
0.0
 10
65.11290000000001
 20
26.74500055555555
 30
0.0
 10
65.49248888888889
 20
27.12458944444444
 30
0.0
 10
65.795525
 20
27.05473944444444
 30
0.0
 10
66.04176388888888
 20
26.80885333333333
 30
0.0
 10
66.10949722222222
 20
26.74076722222222
 30
0.0
 10
66.17723055555555
 20
26.64340055555555
 30
0.0
 10
66.20474722222221
 20
26.57778388888889
 30
0.0
  0
SPLINE
  5
496
330
1F
100
AcDbEntity
  8
DEFAULT
 62
   250
100
AcDbSpline
210
0.0
220
0.0
230
1.0
 70
     8
 71
     3
 72
    14
 73
    10
 74
     0
 42
0.000000001
 43
0.0000000001
 40
0.0
 40
0.0
 40
0.0
 40
0.0
 40
3.833000000000027
 40
3.833000000000027
 40
3.833000000000027
 40
4.833000000000027
 40
4.833000000000027
 40
4.833000000000027
 40
5.833000000000027
 40
5.833000000000027
 40
5.833000000000027
 40
5.833000000000027
 10
107.6087227777778
 20
42.89686055555555
 30
0.0
 10
107.1579903703704
 20
42.89686055555555
 30
0.0
 10
106.707257962963
 20
42.89686055555555
 30
0.0
 10
106.2565255555555
 20
42.89686055555555
 30
0.0
 10
105.7199505555556
 20
42.89686055555555
 30
0.0
 10
105.5548505555555
 20
43.16073833333333
 30
0.0
 10
105.5548505555555
 20
43.50857722222221
 30
0.0
 10
105.5548505555555
 20
43.60453277777777
 30
0.0
 10
105.5756644444444
 20
43.72130222222221
 30
0.0
 10
105.6028283333333
 20
43.78727166666666
 30
0.0
  0
SPLINE
  5
497
330
1F
100
AcDbEntity
  8
DEFAULT
 62
   250
100
AcDbSpline
210
0.0
220
0.0
230
1.0
 70
     8
 71
     3
 72
    14
 73
    10
 74
     0
 42
0.000000001
 43
0.0000000001
 40
0.0
 40
0.0
 40
0.0
 40
0.0
 40
3.832999999999998
 40
3.832999999999998
 40
3.832999999999998
 40
4.832999999999998
 40
4.832999999999998
 40
4.832999999999998
 40
5.832999999999998
 40
5.832999999999998
 40
5.832999999999998
 40
5.832999999999998
 10
57.07055444444444
 20
43.78734222222222
 30
0.0
 10
57.52128685185185
 20
43.78734222222223
 30
0.0
 10
57.97201925925926
 20
43.78734222222223
 30
0.0
 10
58.42275166666666
 20
43.78734222222222
 30
0.0
 10
58.95967944444443
 20
43.78734222222222
 30
0.0
 10
59.12442666666666
 20
43.52346444444444
 30
0.0
 10
59.12442666666666
 20
43.17562555555556
 30
0.0
 10
59.12442666666666
 20
43.07966999999999
 30
0.0
 10
59.10361277777778
 20
42.96290055555555
 30
0.0
 10
59.07644888888888
 20
42.89693111111111
 30
0.0
  0
SPLINE
  5
498
330
1F
100
AcDbEntity
  8
DEFAULT
 62
   250
100
AcDbSpline
210
0.0
220
0.0
230
1.0
 70
     8
 71
     3
 72
    14
 73
    10
 74
     0
 42
0.000000001
 43
0.0000000001
 40
0.0
 40
0.0
 40
0.0
 40
0.0
 40
3.832518754031069
 40
3.832518754031069
 40
3.832518754031069
 40
4.832518754031069
 40
4.832518754031069
 40
4.832518754031069
 40
5.832518754031069
 40
5.832518754031069
 40
5.832518754031069
 40
5.832518754031069
 10
99.89276722222219
 20
25.15933499999998
 30
0.0
 10
99.57409129629626
 20
25.47801092592591
 30
0.0
 10
99.25541537037033
 20
25.79668685185183
 30
0.0
 10
98.93673944444441
 20
26.11536277777776
 30
0.0
 10
98.55715055555554
 20
26.49495166666667
 30
0.0
 10
98.62700055555554
 20
26.79798777777778
 30
0.0
 10
98.87288666666664
 20
27.04422666666667
 30
0.0
 10
98.94097277777777
 20
27.11196
 30
0.0
 10
99.03833944444442
 20
27.17969333333333
 30
0.0
 10
99.1039561111111
 20
27.20721
 30
0.0
  0
SPLINE
  5
499
330
1F
100
AcDbEntity
  8
DEFAULT
 62
   250
100
AcDbSpline
210
0.0
220
0.0
230
1.0
 70
     8
 71
     3
 72
    14
 73
    10
 74
     0
 42
0.000000001
 43
0.0000000001
 40
0.0
 40
0.0
 40
0.0
 40
0.0
 40
3.832518754031059
 40
3.832518754031059
 40
3.832518754031059
 40
4.832518754031058
 40
4.832518754031058
 40
4.832518754031058
 40
5.832518754031058
 40
5.832518754031058
 40
5.832518754031058
 40
5.832518754031058
 10
64.78651
 20
61.52490305555555
 30
0.0
 10
65.10518592592594
 20
61.20622712962962
 30
0.0
 10
65.42386185185187
 20
60.8875512037037
 30
0.0
 10
65.74253777777778
 20
60.56887527777778
 30
0.0
 10
66.12212666666666
 20
60.18928638888888
 30
0.0
 10
66.05227666666666
 20
59.88625027777777
 30
0.0
 10
65.80639055555555
 20
59.64001138888889
 30
0.0
 10
65.73830444444445
 20
59.57227805555555
 30
0.0
 10
65.64093777777778
 20
59.50454472222221
 30
0.0
 10
65.57532111111111
 20
59.47702805555554
 30
0.0
  0
SPLINE
  5
49A
330
1F
100
AcDbEntity
  8
DEFAULT
 62
   250
100
AcDbSpline
210
0.0
220
0.0
230
1.0
 70
     8
 71
     3
 72
    14
 73
    10
 74
     0
 42
0.000000001
 43
0.0000000001
 40
0.0
 40
0.0
 40
0.0
 40
0.0
 40
3.832999999999998
 40
3.832999999999998
 40
3.832999999999998
 40
4.832999999999998
 40
4.832999999999998
 40
4.832999999999998
 40
5.832999999999998
 40
5.832999999999998
 40
5.832999999999998
 40
5.832999999999998
 10
81.89439777777777
 20
18.07301722222222
 30
0.0
 10
81.89439777777777
 20
18.52374962962963
 30
0.0
 10
81.89439777777777
 20
18.97448203703704
 30
0.0
 10
81.89439777777777
 20
19.42521444444444
 30
0.0
 10
81.89439777777777
 20
19.96178944444444
 30
0.0
 10
82.15827555555555
 20
20.12688944444444
 30
0.0
 10
82.50611444444445
 20
20.12688944444444
 30
0.0
 10
82.60207
 20
20.12688944444444
 30
0.0
 10
82.71883944444444
 20
20.10607555555555
 30
0.0
 10
82.78480888888889
 20
20.07891166666667
 30
0.0
  0
SPLINE
  5
49B
330
1F
100
AcDbEntity
  8
DEFAULT
 62
   250
100
AcDbSpline
210
0.0
220
0.0
230
1.0
 70
     8
 71
     3
 72
    14
 73
    10
 74
     0
 42
0.000000001
 43
0.0000000001
 40
0.0
 40
0.0
 40
0.0
 40
0.0
 40
3.832999999999998
 40
3.832999999999998
 40
3.832999999999998
 40
4.832999999999998
 40
4.832999999999998
 40
4.832999999999998
 40
5.832999999999998
 40
5.832999999999998
 40
5.832999999999998
 40
5.832999999999998
 10
82.78487944444443
 20
68.61122083333332
 30
0.0
 10
82.78487944444443
 20
68.16048842592592
 30
0.0
 10
82.78487944444443
 20
67.70975601851852
 30
0.0
 10
82.78487944444443
 20
67.2590236111111
 30
0.0
 10
82.78487944444443
 20
66.72244861111109
 30
0.0
 10
82.52100166666666
 20
66.5573486111111
 30
0.0
 10
82.17316277777776
 20
66.5573486111111
 30
0.0
 10
82.07720722222221
 20
66.5573486111111
 30
0.0
 10
81.96043777777777
 20
66.57816249999999
 30
0.0
 10
81.89446833333332
 20
66.60532638888887
 30
0.0
  0
POLYLINE
  5
49C
330
1F
100
AcDbEntity
  8
DEFAULT
 62
   250
100
AcDb2dPolyline
 66
     1
 10
0.0
 20
0.0
 30
0.0
  0
VERTEX
  5
49D
330
49C
100
AcDbEntity
  8
DEFAULT
 62
   250
100
AcDbVertex
100
AcDb2dVertex
 10
106.5440747222222
 20
57.64607611111111
 30
0.0
  0
VERTEX
  5
49E
330
49C
100
AcDbEntity
  8
DEFAULT
 62
   250
100
AcDbVertex
100
AcDb2dVertex
 10
105.1149719444444
 20
56.21697333333334
 30
0.0
  0
SEQEND
  5
49F
330
49C
100
AcDbEntity
  8
DEFAULT
 62
   250
  0
POLYLINE
  5
4A0
330
1F
100
AcDbEntity
  8
DEFAULT
 62
   250
100
AcDb2dPolyline
 66
     1
 10
0.0
 20
0.0
 30
0.0
  0
VERTEX
  5
4A1
330
4A0
100
AcDbEntity
  8
DEFAULT
 62
   250
100
AcDbVertex
100
AcDb2dVertex
 10
96.64322527777774
 20
67.54692555555552
 30
0.0
  0
VERTEX
  5
4A2
330
4A0
100
AcDbEntity
  8
DEFAULT
 62
   250
100
AcDbVertex
100
AcDb2dVertex
 10
95.21412249999999
 20
66.11782277777776
 30
0.0
  0
SEQEND
  5
4A3
330
4A0
100
AcDbEntity
  8
DEFAULT
 62
   250
  0
POLYLINE
  5
4A4
330
1F
100
AcDbEntity
  8
DEFAULT
 62
   250
100
AcDb2dPolyline
 66
     1
 10
0.0
 20
0.0
 30
0.0
  0
VERTEX
  5
4A5
330
4A4
100
AcDbEntity
  8
DEFAULT
 62
   250
100
AcDbVertex
100
AcDb2dVertex
 10
58.13442638888888
 20
29.03805611111111
 30
0.0
  0
VERTEX
  5
4A6
330
4A4
100
AcDbEntity
  8
DEFAULT
 62
   250
100
AcDbVertex
100
AcDb2dVertex
 10
59.56352916666665
 20
30.46715888888889
 30
0.0
  0
SEQEND
  5
4A7
330
4A4
100
AcDbEntity
  8
DEFAULT
 62
   250
  0
POLYLINE
  5
4A8
330
1F
100
AcDbEntity
  8
DEFAULT
 62
   250
100
AcDb2dPolyline
 66
     1
 10
0.0
 20
0.0
 30
0.0
  0
VERTEX
  5
4A9
330
4A8
100
AcDbEntity
  8
DEFAULT
 62
   250
100
AcDbVertex
100
AcDb2dVertex
 10
68.03527583333332
 20
19.13720666666667
 30
0.0
  0
VERTEX
  5
4AA
330
4A8
100
AcDbEntity
  8
DEFAULT
 62
   250
100
AcDbVertex
100
AcDb2dVertex
 10
69.4643786111111
 20
20.56630944444445
 30
0.0
  0
SEQEND
  5
4AB
330
4A8
100
AcDbEntity
  8
DEFAULT
 62
   250
  0
POLYLINE
  5
4AC
330
1F
100
AcDbEntity
  8
DEFAULT
 62
   250
100
AcDb2dPolyline
 66
     1
 10
0.0
 20
0.0
 30
0.0
  0
VERTEX
  5
4AD
330
4AC
100
AcDbEntity
  8
DEFAULT
 62
   250
100
AcDbVertex
100
AcDb2dVertex
 10
109.5691088888889
 20
36.34112055555556
 30
0.0
  0
VERTEX
  5
4AE
330
4AC
100
AcDbEntity
  8
DEFAULT
 62
   250
100
AcDbVertex
100
AcDb2dVertex
 10
107.5483977777778
 20
36.34112055555556
 30
0.0
  0
SEQEND
  5
4AF
330
4AC
100
AcDbEntity
  8
DEFAULT
 62
   250
  0
POLYLINE
  5
4B0
330
1F
100
AcDbEntity
  8
DEFAULT
 62
   250
100
AcDb2dPolyline
 66
     1
 10
0.0
 20
0.0
 30
0.0
  0
VERTEX
  5
4B1
330
4B0
100
AcDbEntity
  8
DEFAULT
 62
   250
100
AcDbVertex
100
AcDb2dVertex
 10
109.5691088888889
 20
50.34304694444444
 30
0.0
  0
VERTEX
  5
4B2
330
4B0
100
AcDbEntity
  8
DEFAULT
 62
   250
100
AcDbVertex
100
AcDb2dVertex
 10
107.5483977777778
 20
50.34304694444444
 30
0.0
  0
SEQEND
  5
4B3
330
4B0
100
AcDbEntity
  8
DEFAULT
 62
   250
  0
POLYLINE
  5
4B4
330
1F
100
AcDbEntity
  8
DEFAULT
 62
   250
100
AcDb2dPolyline
 66
     1
 10
0.0
 20
0.0
 30
0.0
  0
VERTEX
  5
4B5
330
4B4
100
AcDbEntity
  8
DEFAULT
 62
   250
100
AcDbVertex
100
AcDb2dVertex
 10
55.10939222222221
 20
50.34301166666666
 30
0.0
  0
VERTEX
  5
4B6
330
4B4
100
AcDbEntity
  8
DEFAULT
 62
   250
100
AcDbVertex
100
AcDb2dVertex
 10
57.13045611111111
 20
50.34301166666666
 30
0.0
  0
SEQEND
  5
4B7
330
4B4
100
AcDbEntity
  8
DEFAULT
 62
   250
  0
POLYLINE
  5
4B8
330
1F
100
AcDbEntity
  8
DEFAULT
 62
   250
100
AcDb2dPolyline
 66
     1
 10
0.0
 20
0.0
 30
0.0
  0
VERTEX
  5
4B9
330
4B8
100
AcDbEntity
  8
DEFAULT
 62
   250
100
AcDbVertex
100
AcDb2dVertex
 10
55.10939222222221
 20
36.34108527777777
 30
0.0
  0
VERTEX
  5
4BA
330
4B8
100
AcDbEntity
  8
DEFAULT
 62
   250
100
AcDbVertex
100
AcDb2dVertex
 10
57.13045611111111
 20
36.34108527777777
 30
0.0
  0
SEQEND
  5
4BB
330
4B8
100
AcDbEntity
  8
DEFAULT
 62
   250
  0
POLYLINE
  5
4BC
330
1F
100
AcDbEntity
  8
DEFAULT
 62
   250
100
AcDb2dPolyline
 66
     1
 10
0.0
 20
0.0
 30
0.0
  0
VERTEX
  5
4BD
330
4BC
100
AcDbEntity
  8
DEFAULT
 62
   250
100
AcDbVertex
100
AcDb2dVertex
 10
96.64326055555556
 20
19.13724194444444
 30
0.0
  0
VERTEX
  5
4BE
330
4BC
100
AcDbEntity
  8
DEFAULT
 62
   250
100
AcDbVertex
100
AcDb2dVertex
 10
95.21415777777779
 20
20.56634472222222
 30
0.0
  0
SEQEND
  5
4BF
330
4BC
100
AcDbEntity
  8
DEFAULT
 62
   250
  0
POLYLINE
  5
4C0
330
1F
100
AcDbEntity
  8
DEFAULT
 62
   250
100
AcDb2dPolyline
 66
     1
 10
0.0
 20
0.0
 30
0.0
  0
VERTEX
  5
4C1
330
4C0
100
AcDbEntity
  8
DEFAULT
 62
   250
100
AcDbVertex
100
AcDb2dVertex
 10
106.54411
 20
29.03809138888889
 30
0.0
  0
VERTEX
  5
4C2
330
4C0
100
AcDbEntity
  8
DEFAULT
 62
   250
100
AcDbVertex
100
AcDb2dVertex
 10
105.1150072222222
 20
30.46719416666668
 30
0.0
  0
SEQEND
  5
4C3
330
4C0
100
AcDbEntity
  8
DEFAULT
 62
   250
  0
POLYLINE
  5
4C4
330
1F
100
AcDbEntity
  8
DEFAULT
 62
   250
100
AcDb2dPolyline
 66
     1
 10
0.0
 20
0.0
 30
0.0
  0
VERTEX
  5
4C5
330
4C4
100
AcDbEntity
  8
DEFAULT
 62
   250
100
AcDbVertex
100
AcDb2dVertex
 10
68.03524055555555
 20
67.54689027777775
 30
0.0
  0
VERTEX
  5
4C6
330
4C4
100
AcDbEntity
  8
DEFAULT
 62
   250
100
AcDbVertex
100
AcDb2dVertex
 10
69.4643433333333
 20
66.11778749999999
 30
0.0
  0
SEQEND
  5
4C7
330
4C4
100
AcDbEntity
  8
DEFAULT
 62
   250
  0
POLYLINE
  5
4C8
330
1F
100
AcDbEntity
  8
DEFAULT
 62
   250
100
AcDb2dPolyline
 66
     1
 10
0.0
 20
0.0
 30
0.0
  0
VERTEX
  5
4C9
330
4C8
100
AcDbEntity
  8
DEFAULT
 62
   250
100
AcDbVertex
100
AcDb2dVertex
 10
58.1343911111111
 20
57.64604083333332
 30
0.0
  0
VERTEX
  5
4CA
330
4C8
100
AcDbEntity
  8
DEFAULT
 62
   250
100
AcDbVertex
100
AcDb2dVertex
 10
59.56349388888887
 20
56.21693805555554
 30
0.0
  0
SEQEND
  5
4CB
330
4C8
100
AcDbEntity
  8
DEFAULT
 62
   250
  0
POLYLINE
  5
4CC
330
1F
100
AcDbEntity
  8
DEFAULT
 62
   250
100
AcDb2dPolyline
 66
     1
 10
0.0
 20
0.0
 30
0.0
  0
VERTEX
  5
4CD
330
4CC
100
AcDbEntity
  8
DEFAULT
 62
   250
100
AcDbVertex
100
AcDb2dVertex
 10
75.33830499999999
 20
16.11220777777778
 30
0.0
  0
VERTEX
  5
4CE
330
4CC
100
AcDbEntity
  8
DEFAULT
 62
   250
100
AcDbVertex
100
AcDb2dVertex
 10
75.33830499999999
 20
18.13327166666667
 30
0.0
  0
SEQEND
  5
4CF
330
4CC
100
AcDbEntity
  8
DEFAULT
 62
   250
  0
POLYLINE
  5
4D0
330
1F
100
AcDbEntity
  8
DEFAULT
 62
   250
100
AcDb2dPolyline
 66
     1
 10
0.0
 20
0.0
 30
0.0
  0
VERTEX
  5
4D1
330
4D0
100
AcDbEntity
  8
DEFAULT
 62
   250
100
AcDbVertex
100
AcDb2dVertex
 10
89.34023138888888
 20
16.11220777777778
 30
0.0
  0
VERTEX
  5
4D2
330
4D0
100
AcDbEntity
  8
DEFAULT
 62
   250
100
AcDbVertex
100
AcDb2dVertex
 10
89.34023138888888
 20
18.13327166666667
 30
0.0
  0
SEQEND
  5
4D3
330
4D0
100
AcDbEntity
  8
DEFAULT
 62
   250
  0
POLYLINE
  5
4D4
330
1F
100
AcDbEntity
  8
DEFAULT
 62
   250
100
AcDb2dPolyline
 66
     1
 10
0.0
 20
0.0
 30
0.0
  0
VERTEX
  5
4D5
330
4D4
100
AcDbEntity
  8
DEFAULT
 62
   250
100
AcDbVertex
100
AcDb2dVertex
 10
89.34019611111111
 20
70.57192444444443
 30
0.0
  0
VERTEX
  5
4D6
330
4D4
100
AcDbEntity
  8
DEFAULT
 62
   250
100
AcDbVertex
100
AcDb2dVertex
 10
89.34019611111111
 20
68.55086055555554
 30
0.0
  0
SEQEND
  5
4D7
330
4D4
100
AcDbEntity
  8
DEFAULT
 62
   250
  0
POLYLINE
  5
4D8
330
1F
100
AcDbEntity
  8
DEFAULT
 62
   250
100
AcDb2dPolyline
 66
     1
 10
0.0
 20
0.0
 30
0.0
  0
VERTEX
  5
4D9
330
4D8
100
AcDbEntity
  8
DEFAULT
 62
   250
100
AcDbVertex
100
AcDb2dVertex
 10
75.33826972222221
 20
70.57192444444443
 30
0.0
  0
VERTEX
  5
4DA
330
4D8
100
AcDbEntity
  8
DEFAULT
 62
   250
100
AcDbVertex
100
AcDb2dVertex
 10
75.33826972222221
 20
68.55086055555554
 30
0.0
  0
SEQEND
  5
4DB
330
4D8
100
AcDbEntity
  8
DEFAULT
 62
   250
  0
SPLINE
  5
4DC
330
1F
100
AcDbEntity
  8
DEFAULT
 62
     1
100
AcDbSpline
210
0.0
220
0.0
230
1.0
 70
    11
 71
     3
 72
   221
 73
   217
 74
     0
 42
0.000000001
 43
0.0000000001
 40
8.5
 40
8.5
 40
8.5
 40
8.5
 40
18.41999999999996
 40
18.41999999999996
 40
18.41999999999996
 40
19.41999999999996
 40
19.41999999999996
 40
19.41999999999996
 40
20.41999999999996
 40
20.41999999999996
 40
20.41999999999996
 40
21.41999999999996
 40
21.41999999999996
 40
21.41999999999996
 40
22.41999999999996
 40
22.41999999999996
 40
22.41999999999996
 40
23.41999999999996
 40
23.41999999999996
 40
23.41999999999996
 40
24.41999999999996
 40
24.41999999999996
 40
24.41999999999996
 40
34.33363707223535
 40
34.33363707223535
 40
34.33363707223535
 40
42.84013458883993
 40
42.84013458883993
 40
42.84013458883993
 40
43.84013458883993
 40
43.84013458883993
 40
43.84013458883993
 40
44.84013458883993
 40
44.84013458883993
 40
44.84013458883993
 40
45.84013458883993
 40
45.84013458883993
 40
45.84013458883993
 40
46.84013458883993
 40
46.84013458883993
 40
46.84013458883993
 40
47.84013458883993
 40
47.84013458883993
 40
47.84013458883993
 40
48.84013458883993
 40
48.84013458883993
 40
48.84013458883993
 40
49.84013458883993
 40
49.84013458883993
 40
49.84013458883993
 40
59.76013458883992
 40
59.76013458883992
 40
59.76013458883992
 40
68.27013458883991
 40
68.27013458883991
 40
68.27013458883991
 40
78.1901345888399
 40
78.1901345888399
 40
78.1901345888399
 40
79.1901345888399
 40
79.1901345888399
 40
79.1901345888399
 40
80.1901345888399
 40
80.1901345888399
 40
80.1901345888399
 40
81.1901345888399
 40
81.1901345888399
 40
81.1901345888399
 40
82.1901345888399
 40
82.1901345888399
 40
82.1901345888399
 40
83.1901345888399
 40
83.1901345888399
 40
83.1901345888399
 40
84.1901345888399
 40
84.1901345888399
 40
84.1901345888399
 40
85.1901345888399
 40
85.1901345888399
 40
85.1901345888399
 40
93.69663210544448
 40
93.69663210544448
 40
93.69663210544448
 40
94.69663210544448
 40
94.69663210544448
 40
94.69663210544448
 40
95.69663210544448
 40
95.69663210544448
 40
95.69663210544448
 40
96.69663210544448
 40
96.69663210544448
 40
96.69663210544448
 40
97.69663210544448
 40
97.69663210544448
 40
97.69663210544448
 40
98.69663210544448
 40
98.69663210544448
 40
98.69663210544448
 40
99.69663210544448
 40
99.69663210544448
 40
99.69663210544448
 40
100.6966321054445
 40
100.6966321054445
 40
100.6966321054445
 40
110.6166321054445
 40
110.6166321054445
 40
110.6166321054445
 40
119.1166321054445
 40
119.1166321054445
 40
119.1166321054445
 40
129.0366321054445
 40
129.0366321054445
 40
129.0366321054445
 40
130.0366321054445
 40
130.0366321054445
 40
130.0366321054445
 40
131.0366321054445
 40
131.0366321054445
 40
131.0366321054445
 40
132.0366321054445
 40
132.0366321054445
 40
132.0366321054445
 40
133.0366321054445
 40
133.0366321054445
 40
133.0366321054445
 40
134.0366321054445
 40
134.0366321054445
 40
134.0366321054445
 40
135.0366321054445
 40
135.0366321054445
 40
135.0366321054445
 40
136.0366321054445
 40
136.0366321054445
 40
136.0366321054445
 40
144.5360556153068
 40
144.5360556153068
 40
144.5360556153068
 40
145.5360556153068
 40
145.5360556153068
 40
145.5360556153068
 40
146.5360556153068
 40
146.5360556153068
 40
146.5360556153068
 40
147.5360556153068
 40
147.5360556153068
 40
147.5360556153068
 40
148.5360556153068
 40
148.5360556153068
 40
148.5360556153068
 40
149.5360556153068
 40
149.5360556153068
 40
149.5360556153068
 40
150.5360556153068
 40
150.5360556153068
 40
150.5360556153068
 40
151.5360556153068
 40
151.5360556153068
 40
151.5360556153068
 40
161.4660556153068
 40
161.4660556153068
 40
161.4660556153068
 40
169.9760556153068
 40
169.9760556153068
 40
169.9760556153068
 40
179.9060556153067
 40
179.9060556153067
 40
179.9060556153067
 40
180.9060556153067
 40
180.9060556153067
 40
180.9060556153067
 40
181.9060556153067
 40
181.9060556153067
 40
181.9060556153067
 40
182.9060556153067
 40
182.9060556153067
 40
182.9060556153067
 40
183.9060556153067
 40
183.9060556153067
 40
183.9060556153067
 40
184.9060556153067
 40
184.9060556153067
 40
184.9060556153067
 40
185.9060556153067
 40
185.9060556153067
 40
185.9060556153067
 40
186.9060556153067
 40
186.9060556153067
 40
186.9060556153067
 40
195.405479125169
 40
195.405479125169
 40
195.405479125169
 40
196.405479125169
 40
196.405479125169
 40
196.405479125169
 40
197.405479125169
 40
197.405479125169
 40
197.405479125169
 40
198.405479125169
 40
198.405479125169
 40
198.405479125169
 40
199.405479125169
 40
199.405479125169
 40
199.405479125169
 40
200.405479125169
 40
200.405479125169
 40
200.405479125169
 40
201.405479125169
 40
201.405479125169
 40
201.405479125169
 40
202.405479125169
 40
202.405479125169
 40
202.405479125169
 40
212.325479125169
 40
212.325479125169
 40
212.325479125169
 40
220.825479125169
 40
220.825479125169
 40
220.825479125169
 40
220.825479125169
 10
103.5388666666666
 20
41.84106722222222
 30
0.0
 10
102.3723481481481
 20
41.84106722222222
 30
0.0
 10
101.2058296296296
 20
41.84106722222222
 30
0.0
 10
100.0393111111111
 20
41.84106722222222
 30
0.0
 10
99.86292222222222
 20
41.84106722222222
 30
0.0
 10
99.25614444444443
 20
41.939845
 30
0.0
 10
98.28953333333332
 20
41.939845
 30
0.0
 10
97.32292222222223
 20
41.939845
 30
0.0
 10
96.53975555555554
 20
41.89751166666667
 30
0.0
 10
96.53975555555554
 20
41.84106722222222
 30
0.0
 10
96.53975555555554
 20
40.24298388888889
 30
0.0
 10
96.0388111111111
 20
38.89537277777777
 30
0.0
 10
95.60136666666668
 20
37.84762277777777
 30
0.0
 10
95.16745
 20
36.796345
 30
0.0
 10
94.57125555555555
 20
35.49106722222222
 30
0.0
 10
93.43883888888888
 20
34.36217833333333
 30
0.0
 10
93.40003333333334
 20
34.32337277777778
 30
0.0
 10
93.92214444444443
 20
33.73776166666666
 30
0.0
 10
94.60653333333332
 20
33.05337277777777
 30
0.0
 10
95.2909222222222
 20
32.36898388888888
 30
0.0
 10
95.79186666666666
 20
32.00915055555555
 30
0.0
 10
95.91533888888888
 20
31.88567833333333
 30
0.0
 10
96.73966296296295
 20
31.06135425925926
 30
0.0
 10
97.56398703703705
 20
30.23703018518519
 30
0.0
 10
98.38831111111111
 20
29.41270611111111
 30
0.0
 10
97.68157962962964
 20
28.7047987037037
 30
0.0
 10
96.97484814814815
 20
27.9968912962963
 30
0.0
 10
96.26811666666667
 20
27.28898388888889
 30
0.0
 10
96.26811666666667
 20
27.28898388888889
 30
0.0
 10
94.41250555555555
 20
29.144595
 30
0.0
 10
93.79514444444445
 20
29.76548388888889
 30
0.0
 10
93.67167222222221
 20
29.88895611111111
 30
0.0
 10
93.31183888888889
 20
30.38990055555555
 30
0.0
 10
92.62745
 20
31.07428944444445
 30
0.0
 10
91.94306111111112
 20
31.75515055555555
 30
0.0
 10
91.35745
 20
32.27726166666667
 30
0.0
 10
91.31864444444443
 20
32.23845611111111
 30
0.0
 10
90.18975555555555
 20
31.10956722222222
 30
0.0
 10
88.88447777777778
 20
30.51337277777778
 30
0.0
 10
87.83319999999999
 20
30.07592833333333
 30
0.0
 10
86.78192222222222
 20
29.64201166666667
 30
0.0
 10
85.43431111111111
 20
29.14106722222222
 30
0.0
 10
83.83975555555556
 20
29.14106722222222
 30
0.0
 10
83.7833111111111
 20
29.14106722222222
 30
0.0
 10
83.73745
 20
28.35790055555556
 30
0.0
 10
83.73745
 20
27.39128944444444
 30
0.0
 10
83.73745
 20
26.42467833333334
 30
0.0
 10
83.83975555555556
 20
25.81437277777777
 30
0.0
 10
83.83975555555556
 20
25.64151166666666
 30
0.0
 10
83.83975555555556
 20
24.47499314814814
 30
0.0
 10
83.83975555555556
 20
23.30847462962963
 30
0.0
 10
83.83975555555556
 20
22.14195611111111
 30
0.0
 10
82.83904259259259
 20
22.14195611111111
 30
0.0
 10
81.83832962962963
 20
22.14195611111111
 30
0.0
 10
80.83761666666666
 20
22.14195611111111
 30
0.0
 10
80.83761666666666
 20
23.30847462962963
 30
0.0
 10
80.83761666666666
 20
24.47499314814814
 30
0.0
 10
80.83761666666666
 20
25.64151166666666
 30
0.0
 10
80.83761666666666
 20
25.81437277777777
 30
0.0
 10
80.93992222222222
 20
26.42467833333334
 30
0.0
 10
80.93992222222222
 20
27.39128944444444
 30
0.0
 10
80.93992222222222
 20
28.35790055555556
 30
0.0
 10
80.89370833333332
 20
29.14106722222222
 30
0.0
 10
80.83761666666666
 20
29.14106722222222
 30
0.0
 10
79.2430611111111
 20
29.14106722222222
 30
0.0
 10
77.89509722222222
 20
29.64201166666667
 30
0.0
 10
76.84381944444445
 20
30.07592833333333
 30
0.0
 10
75.79254166666666
 20
30.51337277777778
 30
0.0
 10
74.48726388888889
 20
31.10956722222222
 30
0.0
 10
73.358375
 20
32.23845611111111
 30
0.0
 10
73.31956944444444
 20
32.27726166666667
 30
0.0
 10
72.73431111111111
 20
31.75515055555555
 30
0.0
 10
72.04992222222222
 20
31.07428944444445
 30
0.0
 10
71.36518055555555
 20
30.38990055555555
 30
0.0
 10
71.00534722222221
 20
29.88895611111111
 30
0.0
 10
70.88222777777777
 20
29.76548388888889
 30
0.0
 10
70.26451388888889
 20
29.144595
 30
0.0
 10
68.40890277777778
 20
27.28898388888889
 30
0.0
 10
68.40890277777778
 20
27.28898388888889
 30
0.0
 10
67.7021712962963
 20
27.9968912962963
 30
0.0
 10
66.99543981481482
 20
28.70479870370371
 30
0.0
 10
66.28870833333333
 20
29.41270611111111
 30
0.0
 10
66.28870833333333
 20
29.41270611111111
 30
0.0
 10
68.14431944444445
 20
31.26831722222222
 30
0.0
 10
68.76168055555556
 20
31.88567833333333
 30
0.0
 10
68.88515277777778
 20
32.00915055555555
 30
0.0
 10
69.38609722222222
 20
32.36898388888888
 30
0.0
 10
70.07048611111111
 20
33.05337277777777
 30
0.0
 10
70.754875
 20
33.73776166666666
 30
0.0
 10
71.27698611111111
 20
34.32337277777778
 30
0.0
 10
71.23818055555554
 20
34.36217833333333
 30
0.0
 10
70.10576388888889
 20
35.49106722222222
 30
0.0
 10
69.50992222222222
 20
36.796345
 30
0.0
 10
69.07565277777778
 20
37.84762277777777
 30
0.0
 10
68.63820833333332
 20
38.89537277777777
 30
0.0
 10
68.13726388888888
 20
40.24298388888889
 30
0.0
 10
68.13726388888888
 20
41.84106722222222
 30
0.0
 10
68.13726388888888
 20
41.89751166666667
 30
0.0
 10
67.35409722222222
 20
41.939845
 30
0.0
 10
66.3874861111111
 20
41.939845
 30
0.0
 10
65.420875
 20
41.939845
 30
0.0
 10
64.81409722222223
 20
41.84106722222222
 30
0.0
 10
64.63770833333334
 20
41.84106722222222
 30
0.0
 10
63.47118981481481
 20
41.84106722222222
 30
0.0
 10
62.3046712962963
 20
41.84106722222222
 30
0.0
 10
61.13815277777778
 20
41.84106722222222
 30
0.0
 10
61.13815277777778
 20
42.84060425925926
 30
0.0
 10
61.13815277777778
 20
43.8401412962963
 30
0.0
 10
61.13815277777778
 20
44.83967833333333
 30
0.0
 10
62.3046712962963
 20
44.83967833333333
 30
0.0
 10
63.47118981481481
 20
44.83967833333333
 30
0.0
 10
64.63770833333334
 20
44.83967833333333
 30
0.0
 10
64.81409722222223
 20
44.83967833333333
 30
0.0
 10
65.420875
 20
44.74090055555556
 30
0.0
 10
66.3874861111111
 20
44.74090055555556
 30
0.0
 10
67.35409722222222
 20
44.74090055555556
 30
0.0
 10
68.13726388888888
 20
44.78676166666666
 30
0.0
 10
68.13726388888888
 20
44.83967833333333
 30
0.0
 10
68.13726388888888
 20
46.43776166666667
 30
0.0
 10
68.63820833333332
 20
47.78537277777777
 30
0.0
 10
69.07565277777778
 20
48.83665055555555
 30
0.0
 10
69.50992222222222
 20
49.88440055555556
 30
0.0
 10
70.10576388888889
 20
51.1932061111111
 30
0.0
 10
71.23818055555554
 20
52.322095
 30
0.0
 10
71.27698611111111
 20
52.36090055555555
 30
0.0
 10
70.754875
 20
52.94651166666666
 30
0.0
 10
70.07048611111111
 20
53.63090055555556
 30
0.0
 10
69.38609722222222
 20
54.31176166666666
 30
0.0
 10
68.88515277777778
 20
54.671595
 30
0.0
 10
68.76168055555556
 20
54.79506722222222
 30
0.0
 10
68.14431944444445
 20
55.41595611111111
 30
0.0
 10
66.28870833333333
 20
57.27156722222222
 30
0.0
 10
66.28870833333333
 20
57.27156722222222
 30
0.0
 10
66.99543981481482
 20
57.9782987037037
 30
0.0
 10
67.7021712962963
 20
58.68503018518518
 30
0.0
 10
68.40890277777778
 20
59.39176166666666
 30
0.0
 10
68.40890277777778
 20
59.39176166666666
 30
0.0
 10
70.26451388888889
 20
57.53615055555556
 30
0.0
 10
70.88222777777777
 20
56.91878944444444
 30
0.0
 10
71.00534722222221
 20
56.79531722222222
 30
0.0
 10
71.36518055555555
 20
56.29437277777777
 30
0.0
 10
72.04992222222222
 20
55.60998388888888
 30
0.0
 10
72.73431111111111
 20
54.925595
 30
0.0
 10
73.31956944444444
 20
54.40348388888889
 30
0.0
 10
73.358375
 20
54.44228944444444
 30
0.0
 10
74.48726388888889
 20
55.57117833333334
 30
0.0
 10
75.79254166666666
 20
56.17090055555555
 30
0.0
 10
76.84381944444445
 20
56.60481722222222
 30
0.0
 10
77.89509722222222
 20
57.03873388888888
 30
0.0
 10
79.2430611111111
 20
57.53967833333333
 30
0.0
 10
80.83761666666666
 20
57.53967833333333
 30
0.0
 10
80.89370833333332
 20
57.53967833333333
 30
0.0
 10
80.93992222222222
 20
58.32284499999999
 30
0.0
 10
80.93992222222222
 20
59.28945611111111
 30
0.0
 10
80.93992222222222
 20
60.259595
 30
0.0
 10
80.83761666666666
 20
60.86637277777778
 30
0.0
 10
80.83761666666666
 20
61.03923388888889
 30
0.0
 10
80.83761666666666
 20
62.20692833333333
 30
0.0
 10
80.83761666666666
 20
63.37462277777777
 30
0.0
 10
80.83761666666666
 20
64.54231722222221
 30
0.0
 10
81.83832962962963
 20
64.54231722222221
 30
0.0
 10
82.8390425925926
 20
64.54231722222221
 30
0.0
 10
83.83975555555556
 20
64.54231722222221
 30
0.0
 10
83.83975555555556
 20
63.37462277777777
 30
0.0
 10
83.83975555555556
 20
62.20692833333333
 30
0.0
 10
83.83975555555556
 20
61.03923388888889
 30
0.0
 10
83.83975555555556
 20
60.86637277777778
 30
0.0
 10
83.73745
 20
60.259595
 30
0.0
 10
83.73745
 20
59.28945611111111
 30
0.0
 10
83.73745
 20
58.32284499999999
 30
0.0
 10
83.7833111111111
 20
57.53967833333333
 30
0.0
 10
83.83975555555556
 20
57.53967833333333
 30
0.0
 10
85.43431111111111
 20
57.53967833333333
 30
0.0
 10
86.78192222222222
 20
57.03873388888888
 30
0.0
 10
87.83319999999999
 20
56.60481722222222
 30
0.0
 10
88.88447777777778
 20
56.17090055555555
 30
0.0
 10
90.18975555555555
 20
55.57117833333334
 30
0.0
 10
91.31864444444443
 20
54.44228944444444
 30
0.0
 10
91.35745
 20
54.40348388888889
 30
0.0
 10
91.94306111111112
 20
54.925595
 30
0.0
 10
92.62745
 20
55.60998388888888
 30
0.0
 10
93.31183888888889
 20
56.29437277777777
 30
0.0
 10
93.67167222222221
 20
56.79531722222222
 30
0.0
 10
93.79514444444445
 20
56.91878944444444
 30
0.0
 10
94.41250555555555
 20
57.53615055555556
 30
0.0
 10
96.26811666666667
 20
59.39176166666666
 30
0.0
 10
96.26811666666667
 20
59.39176166666666
 30
0.0
 10
96.97484814814815
 20
58.68503018518518
 30
0.0
 10
97.68157962962964
 20
57.9782987037037
 30
0.0
 10
98.38831111111111
 20
57.27156722222222
 30
0.0
 10
98.38831111111111
 20
57.27156722222222
 30
0.0
 10
96.5327
 20
55.41595611111111
 30
0.0
 10
95.91533888888888
 20
54.79506722222222
 30
0.0
 10
95.79186666666666
 20
54.671595
 30
0.0
 10
95.2909222222222
 20
54.31176166666666
 30
0.0
 10
94.60653333333332
 20
53.63090055555556
 30
0.0
 10
93.92214444444443
 20
52.94651166666666
 30
0.0
 10
93.40003333333334
 20
52.36090055555555
 30
0.0
 10
93.43883888888888
 20
52.322095
 30
0.0
 10
94.57125555555555
 20
51.1932061111111
 30
0.0
 10
95.16745
 20
49.88440055555556
 30
0.0
 10
95.60136666666668
 20
48.83665055555555
 30
0.0
 10
96.0388111111111
 20
47.78537277777777
 30
0.0
 10
96.53975555555554
 20
46.43776166666667
 30
0.0
 10
96.53975555555554
 20
44.83967833333333
 30
0.0
 10
96.53975555555554
 20
44.78676166666666
 30
0.0
 10
97.32292222222223
 20
44.74090055555556
 30
0.0
 10
98.28953333333332
 20
44.74090055555556
 30
0.0
 10
99.25614444444443
 20
44.74090055555556
 30
0.0
 10
99.86292222222222
 20
44.83967833333333
 30
0.0
 10
100.0393111111111
 20
44.83967833333333
 30
0.0
 10
101.2058296296296
 20
44.83967833333333
 30
0.0
 10
102.3723481481481
 20
44.83967833333333
 30
0.0
 10
103.5388666666666
 20
44.83967833333333
 30
0.0
 10
103.5388666666666
 20
43.84014129629629
 30
0.0
 10
103.5388666666666
 20
42.84060425925926
 30
0.0
 10
103.5388666666666
 20
41.84106722222222
 30
0.0
  0
SPLINE
  5
4DD
330
1F
100
AcDbEntity
  8
DEFAULT
 62
     1
100
AcDbSpline
210
0.0
220
0.0
230
1.0
 70
     8
 71
     3
 72
   116
 73
   112
 74
     0
 42
0.000000001
 43
0.0000000001
 40
0.0
 40
0.0
 40
0.0
 40
0.0
 40
3.819999999999993
 40
3.819999999999993
 40
3.819999999999993
 40
13.73999999999998
 40
13.73999999999998
 40
13.73999999999998
 40
14.73999999999998
 40
14.73999999999998
 40
14.73999999999998
 40
15.73999999999998
 40
15.73999999999998
 40
15.73999999999998
 40
16.73999999999998
 40
16.73999999999998
 40
16.73999999999998
 40
17.73999999999998
 40
17.73999999999998
 40
17.73999999999998
 40
18.73999999999998
 40
18.73999999999998
 40
18.73999999999998
 40
19.73999999999998
 40
19.73999999999998
 40
19.73999999999998
 40
29.65999999999997
 40
29.65999999999997
 40
29.65999999999997
 40
38.16999999999996
 40
38.16999999999996
 40
38.16999999999996
 40
48.08999999999995
 40
48.08999999999995
 40
48.08999999999995
 40
49.08999999999995
 40
49.08999999999995
 40
49.08999999999995
 40
50.08999999999995
 40
50.08999999999995
 40
50.08999999999995
 40
51.08999999999995
 40
51.08999999999995
 40
51.08999999999995
 40
52.08999999999995
 40
52.08999999999995
 40
52.08999999999995
 40
53.08999999999995
 40
53.08999999999995
 40
53.08999999999995
 40
54.08999999999995
 40
54.08999999999995
 40
54.08999999999995
 40
64.00363707223535
 40
64.00363707223535
 40
64.00363707223535
 40
72.51013458883993
 40
72.51013458883993
 40
72.51013458883993
 40
73.51013458883993
 40
73.51013458883993
 40
73.51013458883993
 40
74.51013458883993
 40
74.51013458883993
 40
74.51013458883993
 40
75.51013458883993
 40
75.51013458883993
 40
75.51013458883993
 40
76.51013458883993
 40
76.51013458883993
 40
76.51013458883993
 40
77.51013458883993
 40
77.51013458883993
 40
77.51013458883993
 40
78.51013458883993
 40
78.51013458883993
 40
78.51013458883993
 40
79.51013458883993
 40
79.51013458883993
 40
79.51013458883993
 40
80.51013458883993
 40
80.51013458883993
 40
80.51013458883993
 40
89.01663210544451
 40
89.01663210544451
 40
89.01663210544451
 40
90.01663210544451
 40
90.01663210544451
 40
90.01663210544451
 40
91.01663210544451
 40
91.01663210544451
 40
91.01663210544451
 40
92.01663210544451
 40
92.01663210544451
 40
92.01663210544451
 40
93.01663210544451
 40
93.01663210544451
 40
93.01663210544451
 40
94.01663210544451
 40
94.01663210544451
 40
94.01663210544451
 40
95.01663210544451
 40
95.01663210544451
 40
95.01663210544451
 40
96.01663210544451
 40
96.01663210544451
 40
96.01663210544451
 40
105.9366321054445
 40
105.9366321054445
 40
105.9366321054445
 40
109.7666321054445
 40
109.7666321054445
 40
109.7666321054445
 40
109.7666321054445
 10
53.07718055555556
 20
50.19202277777777
 30
0.0
 10
53.07718055555555
 20
49.74281907407407
 30
0.0
 10
53.07718055555555
 20
49.29361537037037
 30
0.0
 10
53.07718055555555
 20
48.84441166666667
 30
0.0
 10
51.91066203703704
 20
48.84441166666667
 30
0.0
 10
50.74414351851851
 20
48.84441166666667
 30
0.0
 10
49.577625
 20
48.84441166666667
 30
0.0
 10
49.40123611111112
 20
48.84441166666667
 30
0.0
 10
48.79445833333333
 20
48.94318944444444
 30
0.0
 10
47.82784722222222
 20
48.94318944444444
 30
0.0
 10
46.86123611111111
 20
48.94318944444444
 30
0.0
 10
46.07806944444444
 20
48.89732833333333
 30
0.0
 10
46.07806944444444
 20
48.84441166666667
 30
0.0
 10
46.07806944444444
 20
45.80346722222222
 30
0.0
 10
47.037625
 20
44.96032833333333
 30
0.0
 10
47.037625
 20
43.34107833333333
 30
0.0
 10
47.037625
 20
40.30013388888889
 30
0.0
 10
46.07806944444444
 20
39.46052277777778
 30
0.0
 10
46.07806944444444
 20
37.84127277777777
 30
0.0
 10
46.07806944444444
 20
37.78482833333333
 30
0.0
 10
46.86123611111111
 20
37.73896722222222
 30
0.0
 10
47.82784722222222
 20
37.73896722222222
 30
0.0
 10
48.79445833333333
 20
37.73896722222222
 30
0.0
 10
49.40123611111112
 20
37.84127277777777
 30
0.0
 10
49.577625
 20
37.84127277777777
 30
0.0
 10
50.74414351851852
 20
37.84127277777777
 30
0.0
 10
51.91066203703704
 20
37.84127277777777
 30
0.0
 10
53.07718055555556
 20
37.84127277777777
 30
0.0
 10
53.07718055555555
 20
36.84055981481482
 30
0.0
 10
53.07718055555555
 20
35.83984685185185
 30
0.0
 10
53.07718055555556
 20
34.83913388888889
 30
0.0
 10
51.91066203703704
 20
34.83913388888889
 30
0.0
 10
50.74414351851851
 20
34.83913388888889
 30
0.0
 10
49.577625
 20
34.83913388888889
 30
0.0
 10
49.40123611111112
 20
34.83913388888889
 30
0.0
 10
48.79445833333333
 20
34.94143944444444
 30
0.0
 10
47.82784722222222
 20
34.94143944444444
 30
0.0
 10
46.86123611111111
 20
34.94143944444444
 30
0.0
 10
46.07806944444444
 20
34.89557833333333
 30
0.0
 10
46.07806944444444
 20
34.83913388888889
 30
0.0
 10
46.07806944444444
 20
31.84052277777778
 30
0.0
 10
47.85254166666667
 20
31.56888388888889
 30
0.0
 10
48.74154166666667
 20
29.423995
 30
0.0
 10
49.62701388888889
 20
27.28263388888889
 30
0.0
 10
48.56515277777778
 20
25.83271722222222
 30
0.0
 10
50.68534722222222
 20
23.71252277777777
 30
0.0
 10
50.72415277777778
 20
23.67371722222223
 30
0.0
 10
51.30976388888888
 20
24.19582833333333
 30
0.0
 10
51.99415277777777
 20
24.88021722222222
 30
0.0
 10
52.67854166666667
 20
25.56460611111111
 30
0.0
 10
53.038375
 20
26.06555055555556
 30
0.0
 10
53.16184722222221
 20
26.18902277777778
 30
0.0
 10
53.98617129629628
 20
27.01334685185185
 30
0.0
 10
54.81049537037037
 20
27.83767092592592
 30
0.0
 10
55.63481944444445
 20
28.661995
 30
0.0
 10
56.34272685185186
 20
27.95526351851852
 30
0.0
 10
57.05063425925926
 20
27.24853203703704
 30
0.0
 10
57.75854166666667
 20
26.54180055555556
 30
0.0
 10
57.75854166666667
 20
26.54180055555556
 30
0.0
 10
55.90293055555556
 20
24.68618944444444
 30
0.0
 10
55.28204166666666
 20
24.06530055555555
 30
0.0
 10
55.15856944444445
 20
23.94182833333333
 30
0.0
 10
54.657625
 20
23.581995
 30
0.0
 10
53.97323611111111
 20
22.90113388888889
 30
0.0
 10
53.28884722222222
 20
22.216745
 30
0.0
 10
52.77026388888888
 20
21.63113388888889
 30
0.0
 10
52.80906944444444
 20
21.59232833333333
 30
0.0
 10
54.95748611111112
 20
19.44038388888889
 30
0.0
 10
56.23101388888889
 20
19.52505055555555
 30
0.0
 10
57.37754166666667
 20
18.38205055555556
 30
0.0
 10
59.52595833333334
 20
16.23010611111111
 30
0.0
 10
59.44129166666666
 20
14.95657833333333
 30
0.0
 10
60.58781944444444
 20
13.81005055555556
 30
0.0
 10
60.626625
 20
13.771245
 30
0.0
 10
61.21223611111111
 20
14.29335611111111
 30
0.0
 10
61.896625
 20
14.977745
 30
0.0
 10
62.58101388888889
 20
15.66213388888889
 30
0.0
 10
62.94084722222222
 20
16.16307833333333
 30
0.0
 10
63.06079166666666
 20
16.28655055555556
 30
0.0
 10
63.68168055555555
 20
16.90391166666667
 30
0.0
 10
65.53729166666666
 20
18.76305055555555
 30
0.0
 10
65.53729166666666
 20
18.76305055555555
 30
0.0
 10
66.24402314814814
 20
18.05514314814815
 30
0.0
 10
66.95075462962963
 20
17.34723574074074
 30
0.0
 10
67.65748611111111
 20
16.63932833333334
 30
0.0
 10
67.65748611111111
 20
16.63932833333334
 30
0.0
 10
65.801875
 20
14.78371722222222
 30
0.0
 10
65.18451388888889
 20
14.16635611111111
 30
0.0
 10
65.06104166666667
 20
14.04288388888889
 30
0.0
 10
64.56009722222221
 20
13.68305055555555
 30
0.0
 10
63.87570833333333
 20
12.99866166666666
 30
0.0
 10
63.19131944444444
 20
12.31427277777778
 30
0.0
 10
62.66920833333333
 20
11.72866166666667
 30
0.0
 10
62.70801388888888
 20
11.68985611111112
 30
0.0
 10
64.82820833333334
 20
9.569661666666665
 30
0.0
 10
66.27812499999999
 20
10.63152277777778
 30
0.0
 10
68.42301388888889
 20
9.746050555555554
 30
0.0
 10
70.564375
 20
8.85705055555556
 30
0.0
 10
70.83601388888889
 20
7.082578333333338
 30
0.0
 10
73.83815277777778
 20
7.082578333333338
 30
0.0
 10
73.89106944444444
 20
7.082578333333338
 30
0.0
 10
73.93693055555555
 20
7.862217222222219
 30
0.0
 10
73.93693055555555
 20
8.832356111111109
 30
0.0
 10
73.93693055555555
 20
9.798967222222222
 30
0.0
 10
73.83815277777778
 20
10.405745
 30
0.0
 10
73.83815277777778
 20
10.58213388888889
 30
0.0
 10
73.83815277777778
 20
11.74865240740741
 30
0.0
 10
73.83815277777778
 20
12.91517092592593
 30
0.0
 10
73.83815277777778
 20
14.08168944444445
 30
0.0
 10
74.2885324074074
 20
14.08168944444445
 30
0.0
 10
74.73891203703703
 20
14.08168944444445
 30
0.0
 10
75.18929166666666
 20
14.08168944444445
 30
0.0
  0
SPLINE
  5
4DE
330
1F
100
AcDbEntity
  8
DEFAULT
 62
     1
100
AcDbSpline
210
0.0
220
0.0
230
1.0
 70
     8
 71
     3
 72
   116
 73
   112
 74
     0
 42
0.000000001
 43
0.0000000001
 40
0.0
 40
0.0
 40
0.0
 40
0.0
 40
3.829999999999998
 40
3.829999999999998
 40
3.829999999999998
 40
13.74999999999996
 40
13.74999999999996
 40
13.74999999999996
 40
14.74999999999996
 40
14.74999999999996
 40
14.74999999999996
 40
15.74999999999996
 40
15.74999999999996
 40
15.74999999999996
 40
16.74999999999996
 40
16.74999999999996
 40
16.74999999999996
 40
17.74999999999996
 40
17.74999999999996
 40
17.74999999999996
 40
18.74999999999996
 40
18.74999999999996
 40
18.74999999999996
 40
19.74999999999996
 40
19.74999999999996
 40
19.74999999999996
 40
20.74999999999996
 40
20.74999999999996
 40
20.74999999999996
 40
29.24942350986229
 40
29.24942350986229
 40
29.24942350986229
 40
30.24942350986229
 40
30.24942350986229
 40
30.24942350986229
 40
31.24942350986229
 40
31.24942350986229
 40
31.24942350986229
 40
32.24942350986228
 40
32.24942350986228
 40
32.24942350986228
 40
33.24942350986228
 40
33.24942350986228
 40
33.24942350986228
 40
34.24942350986228
 40
34.24942350986228
 40
34.24942350986228
 40
35.24942350986228
 40
35.24942350986228
 40
35.24942350986228
 40
36.24942350986228
 40
36.24942350986228
 40
36.24942350986228
 40
37.24942350986228
 40
37.24942350986228
 40
37.24942350986228
 40
45.76298915534833
 40
45.76298915534833
 40
45.76298915534833
 40
46.76298915534833
 40
46.76298915534833
 40
46.76298915534833
 40
47.76298915534833
 40
47.76298915534833
 40
47.76298915534833
 40
48.76298915534833
 40
48.76298915534833
 40
48.76298915534833
 40
49.76298915534833
 40
49.76298915534833
 40
49.76298915534833
 40
50.76298915534833
 40
50.76298915534833
 40
50.76298915534833
 40
51.76298915534833
 40
51.76298915534833
 40
51.76298915534833
 40
52.76298915534833
 40
52.76298915534833
 40
52.76298915534833
 40
62.68298915534834
 40
62.68298915534834
 40
62.68298915534834
 40
71.18298915534834
 40
71.18298915534834
 40
71.18298915534834
 40
81.10298915534835
 40
81.10298915534835
 40
81.10298915534835
 40
82.10298915534835
 40
82.10298915534835
 40
82.10298915534835
 40
83.10298915534835
 40
83.10298915534835
 40
83.10298915534835
 40
84.10298915534835
 40
84.10298915534835
 40
84.10298915534835
 40
85.10298915534835
 40
85.10298915534835
 40
85.10298915534835
 40
86.10298915534835
 40
86.10298915534835
 40
86.10298915534835
 40
87.10298915534835
 40
87.10298915534835
 40
87.10298915534835
 40
97.02298915534837
 40
97.02298915534837
 40
97.02298915534837
 40
100.8429891553484
 40
100.8429891553484
 40
100.8429891553484
 40
100.8429891553484
 10
111.5994861111111
 20
36.19027277777778
 30
0.0
 10
111.5994861111111
 20
35.73989314814815
 30
0.0
 10
111.5994861111111
 20
35.28951351851851
 30
0.0
 10
111.5994861111111
 20
34.83913388888889
 30
0.0
 10
112.7660046296296
 20
34.83913388888889
 30
0.0
 10
113.9325231481481
 20
34.83913388888889
 30
0.0
 10
115.0990416666667
 20
34.83913388888889
 30
0.0
 10
115.2719027777778
 20
34.83913388888889
 30
0.0
 10
115.8822083333333
 20
34.94143944444444
 30
0.0
 10
116.8488194444444
 20
34.94143944444444
 30
0.0
 10
117.8154305555556
 20
34.94143944444444
 30
0.0
 10
118.5985972222222
 20
34.89557833333333
 30
0.0
 10
118.5985972222222
 20
34.83913388888889
 30
0.0
 10
118.5985972222222
 20
31.84052277777778
 30
0.0
 10
116.8205972222222
 20
31.56888388888889
 30
0.0
 10
115.935125
 20
29.423995
 30
0.0
 10
115.046125
 20
27.28263388888889
 30
0.0
 10
116.1079861111111
 20
25.83271722222222
 30
0.0
 10
113.9877916666667
 20
23.71252277777777
 30
0.0
 10
113.9489861111111
 20
23.67371722222223
 30
0.0
 10
113.363375
 20
24.19582833333333
 30
0.0
 10
112.6825138888889
 20
24.88021722222222
 30
0.0
 10
111.998125
 20
25.56460611111111
 30
0.0
 10
111.6382916666667
 20
26.06555055555556
 30
0.0
 10
111.5148194444444
 20
26.18902277777778
 30
0.0
 10
110.8939305555556
 20
26.80638388888889
 30
0.0
 10
109.0383194444445
 20
28.661995
 30
0.0
 10
109.0383194444445
 20
28.661995
 30
0.0
 10
108.331587962963
 20
27.95526351851852
 30
0.0
 10
107.6248564814815
 20
27.24853203703704
 30
0.0
 10
106.918125
 20
26.54180055555556
 30
0.0
 10
106.918125
 20
26.54180055555556
 30
0.0
 10
108.7737361111111
 20
24.68618944444444
 30
0.0
 10
109.394625
 20
24.06530055555555
 30
0.0
 10
109.5180972222222
 20
23.94182833333333
 30
0.0
 10
110.0155138888889
 20
23.581995
 30
0.0
 10
110.6999027777778
 20
22.90113388888889
 30
0.0
 10
111.3842916666667
 20
22.216745
 30
0.0
 10
111.9064027777778
 20
21.63113388888889
 30
0.0
 10
111.8675972222222
 20
21.59232833333333
 30
0.0
 10
110.7245972222222
 20
20.44580055555556
 30
0.0
 10
109.4475416666667
 20
20.53046722222222
 30
0.0
 10
107.299125
 20
18.38205055555556
 30
0.0
 10
106.1525972222222
 20
17.23552277777778
 30
0.0
 10
106.2372638888889
 20
15.961995
 30
0.0
 10
104.0888472222222
 20
13.81005055555556
 30
0.0
 10
104.0500416666667
 20
13.771245
 30
0.0
 10
103.4644305555556
 20
14.29335611111111
 30
0.0
 10
102.7800416666667
 20
14.977745
 30
0.0
 10
102.0956527777778
 20
15.66213388888889
 30
0.0
 10
101.7358194444444
 20
16.16307833333333
 30
0.0
 10
101.6123472222222
 20
16.28655055555556
 30
0.0
 10
100.9949861111111
 20
16.90391166666667
 30
0.0
 10
99.139375
 20
18.76305055555555
 30
0.0
 10
99.139375
 20
18.76305055555555
 30
0.0
 10
98.4314675925926
 20
18.05514314814815
 30
0.0
 10
97.72356018518519
 20
17.34723574074074
 30
0.0
 10
97.01565277777777
 20
16.63932833333334
 30
0.0
 10
97.01565277777777
 20
16.63932833333334
 30
0.0
 10
98.87479166666667
 20
14.78371722222222
 30
0.0
 10
99.49215277777778
 20
14.16635611111111
 30
0.0
 10
99.615625
 20
14.04288388888889
 30
0.0
 10
100.1165694444444
 20
13.68305055555555
 30
0.0
 10
100.8009583333333
 20
12.99866166666666
 30
0.0
 10
101.4853472222222
 20
12.31427277777778
 30
0.0
 10
102.0074583333333
 20
11.72866166666667
 30
0.0
 10
101.965125
 20
11.68985611111112
 30
0.0
 10
99.84493055555556
 20
9.569661666666665
 30
0.0
 10
98.39501388888888
 20
10.63152277777778
 30
0.0
 10
96.25365277777777
 20
9.746050555555554
 30
0.0
 10
94.11229166666666
 20
8.85705055555556
 30
0.0
 10
93.83712499999999
 20
7.082578333333338
 30
0.0
 10
90.83851388888888
 20
7.082578333333338
 30
0.0
 10
90.78206944444445
 20
7.082578333333338
 30
0.0
 10
90.73973611111111
 20
7.862217222222219
 30
0.0
 10
90.73973611111111
 20
8.832356111111109
 30
0.0
 10
90.73973611111111
 20
9.798967222222222
 30
0.0
 10
90.83851388888888
 20
10.405745
 30
0.0
 10
90.83851388888888
 20
10.58213388888889
 30
0.0
 10
90.83851388888888
 20
11.74865240740741
 30
0.0
 10
90.83851388888888
 20
12.91517092592593
 30
0.0
 10
90.83851388888888
 20
14.08168944444445
 30
0.0
 10
89.83897685185184
 20
14.08168944444445
 30
0.0
 10
88.8394398148148
 20
14.08168944444445
 30
0.0
 10
87.83990277777777
 20
14.08168944444445
 30
0.0
 10
87.83990277777777
 20
12.91517092592593
 30
0.0
 10
87.83990277777777
 20
11.74865240740741
 30
0.0
 10
87.83990277777777
 20
10.58213388888889
 30
0.0
 10
87.83990277777777
 20
10.405745
 30
0.0
 10
87.93868055555555
 20
9.798967222222222
 30
0.0
 10
87.93868055555555
 20
8.832356111111109
 30
0.0
 10
87.93868055555555
 20
7.862217222222219
 30
0.0
 10
87.89281944444444
 20
7.082578333333338
 30
0.0
 10
87.83990277777777
 20
7.082578333333338
 30
0.0
 10
86.22065277777777
 20
7.082578333333338
 30
0.0
 10
85.37751388888888
 20
8.042133888888893
 30
0.0
 10
82.33656944444444
 20
8.042133888888893
 30
0.0
 10
80.72084722222222
 20
8.042133888888893
 30
0.0
 10
79.87770833333333
 20
7.082578333333338
 30
0.0
 10
76.83676388888888
 20
7.082578333333338
 30
0.0
 10
76.78031944444444
 20
7.082578333333338
 30
0.0
 10
76.73798611111111
 20
7.862217222222219
 30
0.0
 10
76.73798611111111
 20
8.832356111111109
 30
0.0
 10
76.73798611111111
 20
9.798967222222222
 30
0.0
 10
76.83676388888888
 20
10.405745
 30
0.0
 10
76.83676388888888
 20
10.58213388888889
 30
0.0
 10
76.83676388888888
 20
11.74865240740741
 30
0.0
 10
76.83676388888888
 20
12.91517092592593
 30
0.0
 10
76.83676388888888
 20
14.08168944444445
 30
0.0
 10
76.38756018518518
 20
14.08168944444445
 30
0.0
 10
75.93835648148148
 20
14.08168944444445
 30
0.0
 10
75.48915277777778
 20
14.08168944444445
 30
0.0
  0
SPLINE
  5
4DF
330
1F
100
AcDbEntity
  8
DEFAULT
 62
     1
100
AcDbSpline
210
0.0
220
0.0
230
1.0
 70
     8
 71
     3
 72
   116
 73
   112
 74
     0
 42
0.000000001
 43
0.0000000001
 40
0.0
 40
0.0
 40
0.0
 40
0.0
 40
3.830000000000013
 40
3.830000000000013
 40
3.830000000000013
 40
13.75
 40
13.75
 40
13.75
 40
14.75
 40
14.75
 40
14.75
 40
15.75
 40
15.75
 40
15.75
 40
16.75
 40
16.75
 40
16.75
 40
17.75
 40
17.75
 40
17.75
 40
18.75
 40
18.75
 40
18.75
 40
19.75
 40
19.75
 40
19.75
 40
20.75
 40
20.75
 40
20.75
 40
29.25649751660461
 40
29.25649751660461
 40
29.25649751660461
 40
30.25649751660461
 40
30.25649751660461
 40
30.25649751660461
 40
31.25649751660461
 40
31.25649751660461
 40
31.25649751660461
 40
32.25649751660461
 40
32.25649751660461
 40
32.25649751660461
 40
33.25649751660461
 40
33.25649751660461
 40
33.25649751660461
 40
34.25649751660461
 40
34.25649751660461
 40
34.25649751660461
 40
35.25649751660461
 40
35.25649751660461
 40
35.25649751660461
 40
36.25649751660461
 40
36.25649751660461
 40
36.25649751660461
 40
37.25649751660461
 40
37.25649751660461
 40
37.25649751660461
 40
45.75592102646694
 40
45.75592102646694
 40
45.75592102646694
 40
46.75592102646694
 40
46.75592102646694
 40
46.75592102646694
 40
47.75592102646694
 40
47.75592102646694
 40
47.75592102646694
 40
48.75592102646694
 40
48.75592102646694
 40
48.75592102646694
 40
49.75592102646694
 40
49.75592102646694
 40
49.75592102646694
 40
50.75592102646694
 40
50.75592102646694
 40
50.75592102646694
 40
51.75592102646694
 40
51.75592102646694
 40
51.75592102646694
 40
52.75592102646694
 40
52.75592102646694
 40
52.75592102646694
 40
62.67592102646692
 40
62.67592102646692
 40
62.67592102646692
 40
71.17592102646692
 40
71.17592102646692
 40
71.17592102646692
 40
81.09592102646691
 40
81.09592102646691
 40
81.09592102646691
 40
82.09592102646691
 40
82.09592102646691
 40
82.09592102646691
 40
83.09592102646691
 40
83.09592102646691
 40
83.09592102646691
 40
84.09592102646691
 40
84.09592102646691
 40
84.09592102646691
 40
85.09592102646691
 40
85.09592102646691
 40
85.09592102646691
 40
86.09592102646691
 40
86.09592102646691
 40
86.09592102646691
 40
87.09592102646691
 40
87.09592102646691
 40
87.09592102646691
 40
97.0159210264669
 40
97.0159210264669
 40
97.0159210264669
 40
100.8459210264669
 40
100.8459210264669
 40
100.8459210264669
 40
100.8459210264669
 10
53.07718055555556
 20
50.49188388888889
 30
0.0
 10
53.07718055555555
 20
50.94226351851851
 30
0.0
 10
53.07718055555555
 20
51.39264314814815
 30
0.0
 10
53.07718055555555
 20
51.84302277777778
 30
0.0
 10
51.91066203703704
 20
51.84302277777778
 30
0.0
 10
50.74414351851851
 20
51.84302277777778
 30
0.0
 10
49.577625
 20
51.84302277777778
 30
0.0
 10
49.40123611111112
 20
51.84302277777778
 30
0.0
 10
48.79445833333333
 20
51.744245
 30
0.0
 10
47.82784722222222
 20
51.744245
 30
0.0
 10
46.86123611111111
 20
51.744245
 30
0.0
 10
46.07806944444444
 20
51.78657833333333
 30
0.0
 10
46.07806944444444
 20
51.84302277777778
 30
0.0
 10
46.07806944444444
 20
54.84163388888889
 30
0.0
 10
47.85254166666667
 20
55.11680055555556
 30
0.0
 10
48.74154166666667
 20
57.25816166666666
 30
0.0
 10
49.62701388888889
 20
59.39952277777777
 30
0.0
 10
48.56515277777778
 20
60.84943944444444
 30
0.0
 10
50.68534722222222
 20
62.96963388888889
 30
0.0
 10
50.72415277777778
 20
63.00843944444444
 30
0.0
 10
51.30976388888888
 20
62.48632833333333
 30
0.0
 10
51.99415277777777
 20
61.80546722222221
 30
0.0
 10
52.67854166666667
 20
61.12107833333332
 30
0.0
 10
53.038375
 20
60.62013388888889
 30
0.0
 10
53.16184722222221
 20
60.49666166666667
 30
0.0
 10
53.77920833333333
 20
59.87577277777778
 30
0.0
 10
55.63481944444445
 20
58.02016166666666
 30
0.0
 10
55.63481944444445
 20
58.02016166666666
 30
0.0
 10
56.34272685185186
 20
58.72689314814814
 30
0.0
 10
57.05063425925926
 20
59.43362462962963
 30
0.0
 10
57.75854166666667
 20
60.14035611111111
 30
0.0
 10
57.75854166666667
 20
60.14035611111111
 30
0.0
 10
55.90293055555556
 20
61.999495
 30
0.0
 10
55.28204166666666
 20
62.6168561111111
 30
0.0
 10
55.15856944444445
 20
62.74032833333332
 30
0.0
 10
54.657625
 20
63.10016166666666
 30
0.0
 10
53.97323611111111
 20
63.78455055555555
 30
0.0
 10
53.28884722222222
 20
64.46893944444444
 30
0.0
 10
52.77026388888888
 20
65.05102277777777
 30
0.0
 10
52.80906944444444
 20
65.0933561111111
 30
0.0
 10
53.95206944444444
 20
66.2363561111111
 30
0.0
 10
55.22559722222222
 20
66.15168944444444
 30
0.0
 10
57.37754166666667
 20
68.30363388888888
 30
0.0
 10
58.52054166666666
 20
69.44663388888888
 30
0.0
 10
58.435875
 20
70.72016166666666
 30
0.0
 10
60.58781944444444
 20
72.87210611111111
 30
0.0
 10
60.626625
 20
72.91091166666666
 30
0.0
 10
61.21223611111111
 20
72.38880055555555
 30
0.0
 10
61.896625
 20
71.70441166666666
 30
0.0
 10
62.58101388888889
 20
71.02002277777777
 30
0.0
 10
62.93731944444445
 20
70.51907833333333
 30
0.0
 10
63.06079166666666
 20
70.3956061111111
 30
0.0
 10
63.68168055555555
 20
69.778245
 30
0.0
 10
65.53729166666666
 20
67.92263388888888
 30
0.0
 10
65.53729166666666
 20
67.92263388888888
 30
0.0
 10
66.24402314814814
 20
68.62936537037037
 30
0.0
 10
66.95075462962963
 20
69.33609685185185
 30
0.0
 10
67.65748611111111
 20
70.04282833333333
 30
0.0
 10
67.65748611111111
 20
70.04282833333333
 30
0.0
 10
65.801875
 20
71.89843944444443
 30
0.0
 10
65.18451388888889
 20
72.51932833333332
 30
0.0
 10
65.06104166666667
 20
72.64280055555555
 30
0.0
 10
64.56009722222221
 20
73.00263388888888
 30
0.0
 10
63.87570833333333
 20
73.683495
 30
0.0
 10
63.19131944444444
 20
74.36788388888888
 30
0.0
 10
62.66920833333333
 20
74.95349499999999
 30
0.0
 10
62.70801388888888
 20
74.99230055555556
 30
0.0
 10
64.83173611111111
 20
77.11602277777777
 30
0.0
 10
66.27812499999999
 20
76.05063388888888
 30
0.0
 10
68.42301388888889
 20
76.93963388888888
 30
0.0
 10
70.564375
 20
77.82510611111111
 30
0.0
 10
70.83954166666666
 20
79.6031061111111
 30
0.0
 10
73.83815277777778
 20
79.6031061111111
 30
0.0
 10
73.89106944444444
 20
79.6031061111111
 30
0.0
 10
73.93693055555555
 20
78.81993944444444
 30
0.0
 10
73.93693055555555
 20
77.85332833333332
 30
0.0
 10
73.93693055555555
 20
76.88671722222222
 30
0.0
 10
73.83815277777778
 20
76.27641166666666
 30
0.0
 10
73.83815277777778
 20
76.10355055555554
 30
0.0
 10
73.83815277777778
 20
74.93703203703704
 30
0.0
 10
73.83815277777778
 20
73.77051351851851
 30
0.0
 10
73.83815277777778
 20
72.603995
 30
0.0
 10
74.83768981481482
 20
72.603995
 30
0.0
 10
75.83722685185185
 20
72.603995
 30
0.0
 10
76.83676388888888
 20
72.603995
 30
0.0
 10
76.83676388888888
 20
73.77051351851851
 30
0.0
 10
76.83676388888888
 20
74.93703203703703
 30
0.0
 10
76.83676388888888
 20
76.10355055555554
 30
0.0
 10
76.83676388888888
 20
76.27641166666666
 30
0.0
 10
76.73798611111111
 20
76.88671722222222
 30
0.0
 10
76.73798611111111
 20
77.85332833333332
 30
0.0
 10
76.73798611111111
 20
78.81993944444444
 30
0.0
 10
76.78031944444444
 20
79.6031061111111
 30
0.0
 10
76.83676388888888
 20
79.6031061111111
 30
0.0
 10
78.45601388888889
 20
79.6031061111111
 30
0.0
 10
79.295625
 20
78.64002277777777
 30
0.0
 10
82.33656944444444
 20
78.64002277777777
 30
0.0
 10
83.95581944444444
 20
78.64002277777777
 30
0.0
 10
84.79895833333333
 20
79.6031061111111
 30
0.0
 10
87.83990277777777
 20
79.6031061111111
 30
0.0
 10
87.89281944444444
 20
79.6031061111111
 30
0.0
 10
87.93868055555555
 20
78.81993944444444
 30
0.0
 10
87.93868055555555
 20
77.85332833333332
 30
0.0
 10
87.93868055555555
 20
76.88671722222222
 30
0.0
 10
87.83990277777777
 20
76.27641166666666
 30
0.0
 10
87.83990277777777
 20
76.10355055555554
 30
0.0
 10
87.83990277777777
 20
74.93703203703704
 30
0.0
 10
87.83990277777777
 20
73.77051351851851
 30
0.0
 10
87.83990277777777
 20
72.603995
 30
0.0
 10
88.2902824074074
 20
72.603995
 30
0.0
 10
88.74066203703704
 20
72.603995
 30
0.0
 10
89.19104166666666
 20
72.603995
 30
0.0
  0
SPLINE
  5
4E0
330
1F
100
AcDbEntity
  8
DEFAULT
 62
     1
100
AcDbSpline
210
0.0
220
0.0
230
1.0
 70
     8
 71
     3
 72
   116
 73
   112
 74
     0
 42
0.000000001
 43
0.0000000001
 40
0.0
 40
0.0
 40
0.0
 40
0.0
 40
3.819999999999993
 40
3.819999999999993
 40
3.819999999999993
 40
13.73999999999998
 40
13.73999999999998
 40
13.73999999999998
 40
14.73999999999998
 40
14.73999999999998
 40
14.73999999999998
 40
15.73999999999998
 40
15.73999999999998
 40
15.73999999999998
 40
16.73999999999998
 40
16.73999999999998
 40
16.73999999999998
 40
17.73999999999998
 40
17.73999999999998
 40
17.73999999999998
 40
18.73999999999998
 40
18.73999999999998
 40
18.73999999999998
 40
19.73999999999998
 40
19.73999999999998
 40
19.73999999999998
 40
20.73999999999998
 40
20.73999999999998
 40
20.73999999999998
 40
29.24649751660461
 40
29.24649751660461
 40
29.24649751660461
 40
30.24649751660461
 40
30.24649751660461
 40
30.24649751660461
 40
31.24649751660461
 40
31.24649751660461
 40
31.24649751660461
 40
32.24649751660461
 40
32.24649751660461
 40
32.24649751660461
 40
33.24649751660461
 40
33.24649751660461
 40
33.24649751660461
 40
34.24649751660461
 40
34.24649751660461
 40
34.24649751660461
 40
35.24649751660461
 40
35.24649751660461
 40
35.24649751660461
 40
36.24649751660461
 40
36.24649751660461
 40
36.24649751660461
 40
37.24649751660461
 40
37.24649751660461
 40
37.24649751660461
 40
45.74592102646695
 40
45.74592102646695
 40
45.74592102646695
 40
46.74592102646695
 40
46.74592102646695
 40
46.74592102646695
 40
47.74592102646695
 40
47.74592102646695
 40
47.74592102646695
 40
48.74592102646695
 40
48.74592102646695
 40
48.74592102646695
 40
49.74592102646695
 40
49.74592102646695
 40
49.74592102646695
 40
50.74592102646695
 40
50.74592102646695
 40
50.74592102646695
 40
51.74592102646695
 40
51.74592102646695
 40
51.74592102646695
 40
52.74592102646695
 40
52.74592102646695
 40
52.74592102646695
 40
62.66592102646691
 40
62.66592102646691
 40
62.66592102646691
 40
71.16592102646692
 40
71.16592102646692
 40
71.16592102646692
 40
81.08592102646688
 40
81.08592102646688
 40
81.08592102646688
 40
82.08592102646688
 40
82.08592102646688
 40
82.08592102646688
 40
83.08592102646688
 40
83.08592102646688
 40
83.08592102646688
 40
84.08592102646688
 40
84.08592102646688
 40
84.08592102646688
 40
85.08592102646688
 40
85.08592102646688
 40
85.08592102646688
 40
86.08592102646688
 40
86.08592102646688
 40
86.08592102646688
 40
87.08592102646688
 40
87.08592102646688
 40
87.08592102646688
 40
97.00592102646684
 40
97.00592102646684
 40
97.00592102646684
 40
100.8359210264668
 40
100.8359210264668
 40
100.8359210264668
 40
100.8359210264668
 10
89.49090277777778
 20
72.603995
 30
0.0
 10
89.94010648148146
 20
72.603995
 30
0.0
 10
90.38931018518518
 20
72.603995
 30
0.0
 10
90.83851388888888
 20
72.603995
 30
0.0
 10
90.83851388888888
 20
73.77051351851851
 30
0.0
 10
90.83851388888888
 20
74.93703203703703
 30
0.0
 10
90.83851388888888
 20
76.10355055555554
 30
0.0
 10
90.83851388888888
 20
76.27641166666666
 30
0.0
 10
90.73973611111111
 20
76.88671722222222
 30
0.0
 10
90.73973611111111
 20
77.85332833333332
 30
0.0
 10
90.73973611111111
 20
78.81993944444444
 30
0.0
 10
90.78206944444445
 20
79.6031061111111
 30
0.0
 10
90.83851388888888
 20
79.6031061111111
 30
0.0
 10
93.84065277777776
 20
79.6031061111111
 30
0.0
 10
94.11229166666666
 20
77.82510611111111
 30
0.0
 10
96.25365277777777
 20
76.93963388888888
 30
0.0
 10
98.39501388888888
 20
76.05063388888888
 30
0.0
 10
99.84493055555556
 20
77.112495
 30
0.0
 10
101.965125
 20
74.99230055555556
 30
0.0
 10
102.0039305555555
 20
74.95349499999999
 30
0.0
 10
101.4853472222222
 20
74.36788388888888
 30
0.0
 10
100.8009583333333
 20
73.683495
 30
0.0
 10
100.1165694444444
 20
73.00263388888888
 30
0.0
 10
99.615625
 20
72.64280055555555
 30
0.0
 10
99.49215277777778
 20
72.51932833333332
 30
0.0
 10
98.87126388888888
 20
71.89843944444443
 30
0.0
 10
97.01565277777777
 20
70.04282833333333
 30
0.0
 10
97.01565277777777
 20
70.04282833333333
 30
0.0
 10
97.72356018518519
 20
69.33609685185185
 30
0.0
 10
98.4314675925926
 20
68.62936537037037
 30
0.0
 10
99.139375
 20
67.92263388888888
 30
0.0
 10
99.139375
 20
67.92263388888888
 30
0.0
 10
100.9949861111111
 20
69.778245
 30
0.0
 10
101.6123472222222
 20
70.3956061111111
 30
0.0
 10
101.7358194444444
 20
70.51907833333333
 30
0.0
 10
102.0956527777778
 20
71.02002277777777
 30
0.0
 10
102.7800416666667
 20
71.70441166666666
 30
0.0
 10
103.4644305555556
 20
72.38880055555555
 30
0.0
 10
104.0500416666667
 20
72.91091166666666
 30
0.0
 10
104.0888472222222
 20
72.87210611111111
 30
0.0
 10
105.2318472222222
 20
71.72557833333333
 30
0.0
 10
105.1471805555556
 20
70.45205055555556
 30
0.0
 10
107.299125
 20
68.30363388888888
 30
0.0
 10
108.442125
 20
67.1571061111111
 30
0.0
 10
109.7191805555555
 20
67.24177277777778
 30
0.0
 10
111.8675972222222
 20
65.0933561111111
 30
0.0
 10
111.9064027777778
 20
65.05455055555555
 30
0.0
 10
111.3842916666667
 20
64.46893944444444
 30
0.0
 10
110.6999027777778
 20
63.78455055555555
 30
0.0
 10
110.0155138888889
 20
63.10016166666666
 30
0.0
 10
109.5180972222222
 20
62.74032833333332
 30
0.0
 10
109.394625
 20
62.6168561111111
 30
0.0
 10
108.7737361111111
 20
61.999495
 30
0.0
 10
106.918125
 20
60.14035611111111
 30
0.0
 10
106.918125
 20
60.14035611111111
 30
0.0
 10
107.6248564814815
 20
59.43362462962963
 30
0.0
 10
108.331587962963
 20
58.72689314814814
 30
0.0
 10
109.0383194444445
 20
58.02016166666666
 30
0.0
 10
109.0383194444445
 20
58.02016166666666
 30
0.0
 10
110.8939305555556
 20
59.87577277777778
 30
0.0
 10
111.5148194444444
 20
60.49666166666667
 30
0.0
 10
111.6382916666667
 20
60.62013388888889
 30
0.0
 10
111.998125
 20
61.12107833333332
 30
0.0
 10
112.6825138888889
 20
61.80546722222221
 30
0.0
 10
113.363375
 20
62.48632833333333
 30
0.0
 10
113.9489861111111
 20
63.00843944444444
 30
0.0
 10
113.9877916666667
 20
62.96963388888889
 30
0.0
 10
116.1115138888889
 20
60.84943944444444
 30
0.0
 10
115.046125
 20
59.39952277777777
 30
0.0
 10
115.935125
 20
57.25816166666666
 30
0.0
 10
116.8205972222222
 20
55.11680055555556
 30
0.0
 10
118.5985972222222
 20
54.84163388888889
 30
0.0
 10
118.5985972222222
 20
51.84302277777778
 30
0.0
 10
118.5985972222222
 20
51.78657833333333
 30
0.0
 10
117.8154305555556
 20
51.744245
 30
0.0
 10
116.8488194444444
 20
51.744245
 30
0.0
 10
115.8822083333333
 20
51.744245
 30
0.0
 10
115.2719027777778
 20
51.84302277777778
 30
0.0
 10
115.0990416666667
 20
51.84302277777778
 30
0.0
 10
113.9325231481481
 20
51.84302277777778
 30
0.0
 10
112.7660046296296
 20
51.84302277777778
 30
0.0
 10
111.5994861111111
 20
51.84302277777778
 30
0.0
 10
111.5994861111111
 20
50.84348574074074
 30
0.0
 10
111.5994861111111
 20
49.84394870370371
 30
0.0
 10
111.5994861111111
 20
48.84441166666667
 30
0.0
 10
112.7660046296296
 20
48.84441166666667
 30
0.0
 10
113.9325231481481
 20
48.84441166666667
 30
0.0
 10
115.0990416666667
 20
48.84441166666667
 30
0.0
 10
115.2719027777778
 20
48.84441166666667
 30
0.0
 10
115.8822083333333
 20
48.94318944444444
 30
0.0
 10
116.8488194444444
 20
48.94318944444444
 30
0.0
 10
117.8154305555556
 20
48.94318944444444
 30
0.0
 10
118.5985972222222
 20
48.89732833333333
 30
0.0
 10
118.5985972222222
 20
48.84441166666667
 30
0.0
 10
118.5985972222222
 20
47.22516166666666
 30
0.0
 10
117.6390416666667
 20
46.38202277777778
 30
0.0
 10
117.6390416666667
 20
43.34107833333333
 30
0.0
 10
117.6390416666667
 20
41.72182833333333
 30
0.0
 10
118.5985972222222
 20
40.88221722222222
 30
0.0
 10
118.5985972222222
 20
37.84127277777777
 30
0.0
 10
118.5985972222222
 20
37.78482833333333
 30
0.0
 10
117.8154305555556
 20
37.73896722222222
 30
0.0
 10
116.8488194444444
 20
37.73896722222222
 30
0.0
 10
115.8822083333333
 20
37.73896722222222
 30
0.0
 10
115.2719027777778
 20
37.84127277777777
 30
0.0
 10
115.0990416666667
 20
37.84127277777777
 30
0.0
 10
113.9325231481481
 20
37.84127277777777
 30
0.0
 10
112.7660046296296
 20
37.84127277777777
 30
0.0
 10
111.5994861111111
 20
37.84127277777777
 30
0.0
 10
111.5994861111111
 20
37.39089314814814
 30
0.0
 10
111.5994861111111
 20
36.94051351851851
 30
0.0
 10
111.5994861111111
 20
36.49013388888888
 30
0.0
  0
SPLINE
  5
4E1
330
1F
100
AcDbEntity
  8
DEFAULT
 62
   250
100
AcDbSpline
210
0.0
220
0.0
230
1.0
 70
     8
 71
     3
 72
    11
 73
     7
 74
     0
 42
0.000000001
 43
0.0000000001
 40
0.0
 40
0.0
 40
0.0
 40
0.0
 40
4.113000000000056
 40
4.113000000000056
 40
4.113000000000056
 40
5.113000000000056
 40
5.113000000000056
 40
5.113000000000056
 40
5.113000000000056
 10
244.2754688888889
 20
85.40157333333333
 30
0.0
 10
243.7918105555555
 20
85.40157333333333
 30
0.0
 10
243.3081522222222
 20
85.40157333333333
 30
0.0
 10
242.8244938888888
 20
85.40157333333333
 30
0.0
 10
242.2007827777778
 20
85.40157333333333
 30
0.0
 10
241.9517216666666
 20
85.72118999999999
 30
0.0
 10
242.1556272222222
 20
86.14769833333332
 30
0.0
  0
POLYLINE
  5
4E2
330
1F
100
AcDbEntity
  8
DEFAULT
 62
   250
100
AcDb2dPolyline
 66
     1
 10
0.0
 20
0.0
 30
0.0
  0
VERTEX
  5
4E3
330
4E2
100
AcDbEntity
  8
DEFAULT
 62
   250
100
AcDbVertex
100
AcDb2dVertex
 10
242.8243880555555
 20
84.9936211111111
 30
0.0
  0
VERTEX
  5
4E4
330
4E2
100
AcDbEntity
  8
DEFAULT
 62
   250
100
AcDbVertex
100
AcDb2dVertex
 10
242.8243880555555
 20
86.0127961111111
 30
0.0
  0
SEQEND
  5
4E5
330
4E2
100
AcDbEntity
  8
DEFAULT
 62
   250
  0
SPLINE
  5
4E6
330
1F
100
AcDbEntity
  8
DEFAULT
 62
     1
100
AcDbSpline
210
0.0
220
0.0
230
1.0
 70
     8
 71
     3
 72
    29
 73
    25
 74
     0
 42
0.000000001
 43
0.0000000001
 40
0.0
 40
0.0
 40
0.0
 40
0.0
 40
3.819999999999993
 40
3.819999999999993
 40
3.819999999999993
 40
13.73999999999995
 40
13.73999999999995
 40
13.73999999999995
 40
14.73999999999995
 40
14.73999999999995
 40
14.73999999999995
 40
15.73999999999995
 40
15.73999999999995
 40
15.73999999999995
 40
16.73999999999995
 40
16.73999999999995
 40
16.73999999999995
 40
17.73999999999995
 40
17.73999999999995
 40
17.73999999999995
 40
18.73999999999995
 40
18.73999999999995
 40
18.73999999999995
 40
19.73999999999995
 40
19.73999999999995
 40
19.73999999999995
 40
19.73999999999995
 10
245.887875
 20
85.42041166666665
 30
0.0
 10
245.887875
 20
84.97120796296296
 30
0.0
 10
245.887875
 20
84.52200425925925
 30
0.0
 10
245.887875
 20
84.07280055555555
 30
0.0
 10
247.0543935185185
 20
84.07280055555555
 30
0.0
 10
248.220912037037
 20
84.07280055555555
 30
0.0
 10
249.3874305555555
 20
84.07280055555555
 30
0.0
 10
249.5638194444444
 20
84.07280055555555
 30
0.0
 10
250.1705972222222
 20
84.17157833333333
 30
0.0
 10
251.1372083333333
 20
84.17157833333333
 30
0.0
 10
252.1038194444444
 20
84.17157833333333
 30
0.0
 10
252.8869861111111
 20
84.12571722222222
 30
0.0
 10
252.8869861111111
 20
84.07280055555555
 30
0.0
 10
252.8869861111111
 20
81.38110611111111
 30
0.0
 10
256.1607638888889
 20
79.366745
 30
0.0
 10
253.0069305555555
 20
77.62402277777777
 30
0.0
 10
249.8530972222222
 20
75.88130055555554
 30
0.0
 10
251.4300138888889
 20
72.47699499999999
 30
0.0
 10
247.3942361111111
 20
72.97793944444443
 30
0.0
 10
243.3619861111111
 20
73.4753561111111
 30
0.0
 10
243.0444861111111
 20
76.54452277777777
 30
0.0
 10
241.3264583333333
 20
80.03349499999999
 30
0.0
 10
239.6366527777778
 20
83.45543944444444
 30
0.0
 10
235.886625
 20
82.79574499999998
 30
0.0
 10
235.7490416666666
 20
85.42041166666665
 30
0.0
  0
SPLINE
  5
4E7
330
1F
100
AcDbEntity
  8
DEFAULT
 62
     1
100
AcDbSpline
210
0.0
220
0.0
230
1.0
 70
     8
 71
     3
 72
    29
 73
    25
 74
     0
 42
0.000000001
 43
0.0000000001
 40
0.0
 40
0.0
 40
0.0
 40
0.0
 40
1.0
 40
1.0
 40
1.0
 40
2.0
 40
2.0
 40
2.0
 40
3.0
 40
3.0
 40
3.0
 40
4.0
 40
4.0
 40
4.0
 40
5.0
 40
5.0
 40
5.0
 40
6.0
 40
6.0
 40
6.0
 40
15.91999999999996
 40
15.91999999999996
 40
15.91999999999996
 40
19.74999999999997
 40
19.74999999999997
 40
19.74999999999997
 40
19.74999999999997
 10
235.7490416666666
 20
85.72027277777778
 30
0.0
 10
235.8830972222222
 20
88.34846722222221
 30
0.0
 10
239.6366527777778
 20
87.68877277777777
 30
0.0
 10
241.3264583333333
 20
91.1107172222222
 30
0.0
 10
243.0444861111111
 20
94.59616166666667
 30
0.0
 10
243.3619861111111
 20
97.66885611111111
 30
0.0
 10
247.3942361111111
 20
98.16627277777778
 30
0.0
 10
251.4300138888889
 20
98.66368944444444
 30
0.0
 10
249.8530972222222
 20
95.26291166666667
 30
0.0
 10
253.0069305555555
 20
93.52018944444444
 30
0.0
 10
256.1607638888889
 20
91.77746722222223
 30
0.0
 10
252.8869861111111
 20
89.76310611111111
 30
0.0
 10
252.8869861111111
 20
87.07141166666666
 30
0.0
 10
252.8869861111111
 20
87.01496722222221
 30
0.0
 10
252.1038194444444
 20
86.9726338888889
 30
0.0
 10
251.1372083333333
 20
86.9726338888889
 30
0.0
 10
250.1705972222222
 20
86.9726338888889
 30
0.0
 10
249.5638194444444
 20
87.07141166666666
 30
0.0
 10
249.3874305555555
 20
87.07141166666666
 30
0.0
 10
248.220912037037
 20
87.07141166666666
 30
0.0
 10
247.0543935185185
 20
87.07141166666666
 30
0.0
 10
245.887875
 20
87.07141166666666
 30
0.0
 10
245.887875
 20
86.62103203703704
 30
0.0
 10
245.887875
 20
86.17065240740742
 30
0.0
 10
245.887875
 20
85.72027277777778
 30
0.0
  0
SPLINE
  5
4E8
330
1F
100
AcDbEntity
  8
DEFAULT
 62
   250
100
AcDbSpline
210
0.0
220
0.0
230
1.0
 70
     8
 71
     3
 72
    11
 73
     7
 74
     0
 42
0.000000001
 43
0.0000000001
 40
0.0
 40
0.0
 40
0.0
 40
0.0
 40
4.113000000000056
 40
4.113000000000056
 40
4.113000000000056
 40
5.113000000000056
 40
5.113000000000056
 40
5.113000000000056
 40
5.113000000000056
 10
264.21969
 20
85.40157333333333
 30
0.0
 10
263.7360316666666
 20
85.40157333333333
 30
0.0
 10
263.2523733333333
 20
85.40157333333333
 30
0.0
 10
262.7687149999999
 20
85.40157333333333
 30
0.0
 10
262.1450038888889
 20
85.40157333333333
 30
0.0
 10
261.8959427777777
 20
85.72118999999999
 30
0.0
 10
262.0998483333333
 20
86.14769833333332
 30
0.0
  0
POLYLINE
  5
4E9
330
1F
100
AcDbEntity
  8
DEFAULT
 62
   250
100
AcDb2dPolyline
 66
     1
 10
0.0
 20
0.0
 30
0.0
  0
VERTEX
  5
4EA
330
4E9
100
AcDbEntity
  8
DEFAULT
 62
   250
100
AcDbVertex
100
AcDb2dVertex
 10
262.7686091666666
 20
84.9936211111111
 30
0.0
  0
VERTEX
  5
4EB
330
4E9
100
AcDbEntity
  8
DEFAULT
 62
   250
100
AcDbVertex
100
AcDb2dVertex
 10
262.7686091666666
 20
86.0127961111111
 30
0.0
  0
SEQEND
  5
4EC
330
4E9
100
AcDbEntity
  8
DEFAULT
 62
   250
  0
SPLINE
  5
4ED
330
1F
100
AcDbEntity
  8
DEFAULT
 62
     1
100
AcDbSpline
210
0.0
220
0.0
230
1.0
 70
     8
 71
     3
 72
    29
 73
    25
 74
     0
 42
0.000000001
 43
0.0000000001
 40
0.0
 40
0.0
 40
0.0
 40
0.0
 40
3.819999999999993
 40
3.819999999999993
 40
3.819999999999993
 40
13.73999999999995
 40
13.73999999999995
 40
13.73999999999995
 40
14.73999999999995
 40
14.73999999999995
 40
14.73999999999995
 40
15.73999999999995
 40
15.73999999999995
 40
15.73999999999995
 40
16.73999999999995
 40
16.73999999999995
 40
16.73999999999995
 40
17.73999999999995
 40
17.73999999999995
 40
17.73999999999995
 40
18.73999999999995
 40
18.73999999999995
 40
18.73999999999995
 40
19.73999999999995
 40
19.73999999999995
 40
19.73999999999995
 40
19.73999999999995
 10
265.8339305555555
 20
85.42041166666665
 30
0.0
 10
265.8339305555555
 20
84.97120796296296
 30
0.0
 10
265.8339305555555
 20
84.52200425925925
 30
0.0
 10
265.8339305555555
 20
84.07280055555555
 30
0.0
 10
267.0004490740741
 20
84.07280055555555
 30
0.0
 10
268.1669675925926
 20
84.07280055555555
 30
0.0
 10
269.3334861111111
 20
84.07280055555555
 30
0.0
 10
269.509875
 20
84.07280055555555
 30
0.0
 10
270.1166527777777
 20
84.17157833333333
 30
0.0
 10
271.0832638888888
 20
84.17157833333333
 30
0.0
 10
272.049875
 20
84.17157833333333
 30
0.0
 10
272.8330416666666
 20
84.12571722222222
 30
0.0
 10
272.8330416666666
 20
84.07280055555555
 30
0.0
 10
272.8330416666666
 20
81.38110611111111
 30
0.0
 10
276.1068194444444
 20
79.366745
 30
0.0
 10
272.952986111111
 20
77.62402277777777
 30
0.0
 10
269.7991527777777
 20
75.88130055555554
 30
0.0
 10
271.3760694444444
 20
72.47699499999999
 30
0.0
 10
267.3402916666666
 20
72.97793944444443
 30
0.0
 10
263.3080416666667
 20
73.4753561111111
 30
0.0
 10
262.9905416666667
 20
76.54452277777777
 30
0.0
 10
261.2725138888889
 20
80.03349499999999
 30
0.0
 10
259.5827083333333
 20
83.45543944444444
 30
0.0
 10
255.8326805555555
 20
82.79574499999998
 30
0.0
 10
255.6950972222222
 20
85.42041166666665
 30
0.0
  0
SPLINE
  5
4EE
330
1F
100
AcDbEntity
  8
DEFAULT
 62
     1
100
AcDbSpline
210
0.0
220
0.0
230
1.0
 70
     8
 71
     3
 72
    29
 73
    25
 74
     0
 42
0.000000001
 43
0.0000000001
 40
0.0
 40
0.0
 40
0.0
 40
0.0
 40
1.0
 40
1.0
 40
1.0
 40
2.0
 40
2.0
 40
2.0
 40
3.0
 40
3.0
 40
3.0
 40
4.0
 40
4.0
 40
4.0
 40
5.0
 40
5.0
 40
5.0
 40
6.0
 40
6.0
 40
6.0
 40
15.91999999999996
 40
15.91999999999996
 40
15.91999999999996
 40
19.74999999999997
 40
19.74999999999997
 40
19.74999999999997
 40
19.74999999999997
 10
255.6950972222222
 20
85.72027277777778
 30
0.0
 10
255.8291527777777
 20
88.34846722222221
 30
0.0
 10
259.5827083333333
 20
87.68877277777777
 30
0.0
 10
261.2725138888889
 20
91.1107172222222
 30
0.0
 10
262.9905416666666
 20
94.59616166666667
 30
0.0
 10
263.3080416666667
 20
97.66885611111111
 30
0.0
 10
267.3402916666666
 20
98.16627277777778
 30
0.0
 10
271.3760694444444
 20
98.66368944444444
 30
0.0
 10
269.7991527777777
 20
95.26291166666667
 30
0.0
 10
272.952986111111
 20
93.52018944444444
 30
0.0
 10
276.1068194444444
 20
91.77746722222223
 30
0.0
 10
272.8330416666666
 20
89.76310611111111
 30
0.0
 10
272.8330416666666
 20
87.07141166666666
 30
0.0
 10
272.8330416666666
 20
87.01496722222221
 30
0.0
 10
272.049875
 20
86.9726338888889
 30
0.0
 10
271.0832638888888
 20
86.9726338888889
 30
0.0
 10
270.1166527777777
 20
86.9726338888889
 30
0.0
 10
269.509875
 20
87.07141166666666
 30
0.0
 10
269.3334861111111
 20
87.07141166666666
 30
0.0
 10
268.1669675925926
 20
87.07141166666666
 30
0.0
 10
267.0004490740741
 20
87.07141166666666
 30
0.0
 10
265.8339305555555
 20
87.07141166666666
 30
0.0
 10
265.8339305555555
 20
86.62103203703704
 30
0.0
 10
265.8339305555555
 20
86.17065240740742
 30
0.0
 10
265.8339305555555
 20
85.72027277777778
 30
0.0
  0
SPLINE
  5
4EF
330
1F
100
AcDbEntity
  8
DEFAULT
 62
   250
100
AcDbSpline
210
0.0
220
0.0
230
1.0
 70
     8
 71
     3
 72
    11
 73
     7
 74
     0
 42
0.000000001
 43
0.0000000001
 40
0.0
 40
0.0
 40
0.0
 40
0.0
 40
4.113000000000056
 40
4.113000000000056
 40
4.113000000000056
 40
5.113000000000056
 40
5.113000000000056
 40
5.113000000000056
 40
5.113000000000056
 10
284.1639463888889
 20
85.40157333333333
 30
0.0
 10
283.6802880555555
 20
85.40157333333333
 30
0.0
 10
283.1966297222222
 20
85.40157333333333
 30
0.0
 10
282.7129713888888
 20
85.40157333333333
 30
0.0
 10
282.0892602777778
 20
85.40157333333333
 30
0.0
 10
281.8401991666667
 20
85.72118999999999
 30
0.0
 10
282.0441047222222
 20
86.14769833333332
 30
0.0
  0
POLYLINE
  5
4F0
330
1F
100
AcDbEntity
  8
DEFAULT
 62
   250
100
AcDb2dPolyline
 66
     1
 10
0.0
 20
0.0
 30
0.0
  0
VERTEX
  5
4F1
330
4F0
100
AcDbEntity
  8
DEFAULT
 62
   250
100
AcDbVertex
100
AcDb2dVertex
 10
282.7128655555555
 20
84.9936211111111
 30
0.0
  0
VERTEX
  5
4F2
330
4F0
100
AcDbEntity
  8
DEFAULT
 62
   250
100
AcDbVertex
100
AcDb2dVertex
 10
282.7128655555555
 20
86.0127961111111
 30
0.0
  0
SEQEND
  5
4F3
330
4F0
100
AcDbEntity
  8
DEFAULT
 62
   250
  0
SPLINE
  5
4F4
330
1F
100
AcDbEntity
  8
DEFAULT
 62
     1
100
AcDbSpline
210
0.0
220
0.0
230
1.0
 70
     8
 71
     3
 72
    29
 73
    25
 74
     0
 42
0.000000001
 43
0.0000000001
 40
0.0
 40
0.0
 40
0.0
 40
0.0
 40
3.819999999999993
 40
3.819999999999993
 40
3.819999999999993
 40
13.73999999999995
 40
13.73999999999995
 40
13.73999999999995
 40
14.73999999999995
 40
14.73999999999995
 40
14.73999999999995
 40
15.73999999999995
 40
15.73999999999995
 40
15.73999999999995
 40
16.73999999999995
 40
16.73999999999995
 40
16.73999999999995
 40
17.73999999999995
 40
17.73999999999995
 40
17.73999999999995
 40
18.73999999999995
 40
18.73999999999995
 40
18.73999999999995
 40
19.73999999999995
 40
19.73999999999995
 40
19.73999999999995
 40
19.73999999999995
 10
285.7764583333333
 20
85.42041166666665
 30
0.0
 10
285.7764583333333
 20
84.97120796296296
 30
0.0
 10
285.7764583333333
 20
84.52200425925925
 30
0.0
 10
285.7764583333333
 20
84.07280055555555
 30
0.0
 10
286.9429768518518
 20
84.07280055555555
 30
0.0
 10
288.1094953703703
 20
84.07280055555555
 30
0.0
 10
289.2760138888889
 20
84.07280055555555
 30
0.0
 10
289.4524027777778
 20
84.07280055555555
 30
0.0
 10
290.0591805555555
 20
84.17157833333333
 30
0.0
 10
291.0257916666666
 20
84.17157833333333
 30
0.0
 10
291.9924027777778
 20
84.17157833333333
 30
0.0
 10
292.7755694444444
 20
84.12571722222222
 30
0.0
 10
292.7755694444444
 20
84.07280055555555
 30
0.0
 10
292.7755694444444
 20
81.38110611111111
 30
0.0
 10
296.0493472222222
 20
79.366745
 30
0.0
 10
292.8955138888888
 20
77.62402277777777
 30
0.0
 10
289.7416805555555
 20
75.88130055555554
 30
0.0
 10
291.3185972222223
 20
72.47699499999999
 30
0.0
 10
287.2828194444444
 20
72.97793944444443
 30
0.0
 10
283.2505694444445
 20
73.4753561111111
 30
0.0
 10
282.9330694444445
 20
76.54452277777777
 30
0.0
 10
281.2150416666667
 20
80.03349499999999
 30
0.0
 10
279.5252361111111
 20
83.45543944444444
 30
0.0
 10
275.7752083333333
 20
82.79574499999998
 30
0.0
 10
275.637625
 20
85.42041166666665
 30
0.0
  0
SPLINE
  5
4F5
330
1F
100
AcDbEntity
  8
DEFAULT
 62
     1
100
AcDbSpline
210
0.0
220
0.0
230
1.0
 70
     8
 71
     3
 72
    29
 73
    25
 74
     0
 42
0.000000001
 43
0.0000000001
 40
0.0
 40
0.0
 40
0.0
 40
0.0
 40
1.0
 40
1.0
 40
1.0
 40
2.0
 40
2.0
 40
2.0
 40
3.0
 40
3.0
 40
3.0
 40
4.0
 40
4.0
 40
4.0
 40
5.0
 40
5.0
 40
5.0
 40
6.0
 40
6.0
 40
6.0
 40
15.91999999999996
 40
15.91999999999996
 40
15.91999999999996
 40
19.74999999999997
 40
19.74999999999997
 40
19.74999999999997
 40
19.74999999999997
 10
275.637625
 20
85.72027277777778
 30
0.0
 10
275.7716805555555
 20
88.34846722222221
 30
0.0
 10
279.5252361111111
 20
87.68877277777777
 30
0.0
 10
281.2150416666667
 20
91.1107172222222
 30
0.0
 10
282.9330694444444
 20
94.59616166666667
 30
0.0
 10
283.2505694444445
 20
97.66885611111111
 30
0.0
 10
287.2828194444444
 20
98.16627277777778
 30
0.0
 10
291.3185972222223
 20
98.66368944444444
 30
0.0
 10
289.7416805555555
 20
95.26291166666667
 30
0.0
 10
292.8955138888888
 20
93.52018944444444
 30
0.0
 10
296.0493472222222
 20
91.77746722222223
 30
0.0
 10
292.7755694444444
 20
89.76310611111111
 30
0.0
 10
292.7755694444444
 20
87.07141166666666
 30
0.0
 10
292.7755694444444
 20
87.01496722222221
 30
0.0
 10
291.9924027777778
 20
86.9726338888889
 30
0.0
 10
291.0257916666666
 20
86.9726338888889
 30
0.0
 10
290.0591805555555
 20
86.9726338888889
 30
0.0
 10
289.4524027777778
 20
87.07141166666666
 30
0.0
 10
289.2760138888889
 20
87.07141166666666
 30
0.0
 10
288.1094953703703
 20
87.07141166666666
 30
0.0
 10
286.9429768518518
 20
87.07141166666666
 30
0.0
 10
285.7764583333333
 20
87.07141166666666
 30
0.0
 10
285.7764583333333
 20
86.62103203703704
 30
0.0
 10
285.7764583333333
 20
86.17065240740742
 30
0.0
 10
285.7764583333333
 20
85.72027277777778
 30
0.0
  0
SPLINE
  5
4F6
330
1F
100
AcDbEntity
  8
DEFAULT
 62
   250
100
AcDbSpline
210
0.0
220
0.0
230
1.0
 70
     8
 71
     3
 72
    11
 73
     7
 74
     0
 42
0.000000001
 43
0.0000000001
 40
0.0
 40
0.0
 40
0.0
 40
0.0
 40
4.113
 40
4.113
 40
4.113
 40
5.113
 40
5.113
 40
5.113
 40
5.113
 10
55.7247425
 20
85.74122777777777
 30
0.0
 10
56.20840083333334
 20
85.74122777777775
 30
0.0
 10
56.69205916666667
 20
85.74122777777775
 30
0.0
 10
57.1757175
 20
85.74122777777777
 30
0.0
 10
57.79942861111111
 20
85.74122777777777
 30
0.0
 10
58.04848972222221
 20
85.4216111111111
 30
0.0
 10
57.84458416666667
 20
84.99510277777776
 30
0.0
  0
POLYLINE
  5
4F7
330
1F
100
AcDbEntity
  8
DEFAULT
 62
   250
100
AcDb2dPolyline
 66
     1
 10
0.0
 20
0.0
 30
0.0
  0
VERTEX
  5
4F8
330
4F7
100
AcDbEntity
  8
DEFAULT
 62
   250
100
AcDbVertex
100
AcDb2dVertex
 10
57.17582333333333
 20
86.14918
 30
0.0
  0
VERTEX
  5
4F9
330
4F7
100
AcDbEntity
  8
DEFAULT
 62
   250
100
AcDbVertex
100
AcDb2dVertex
 10
57.17582333333333
 20
85.130005
 30
0.0
  0
SEQEND
  5
4FA
330
4F7
100
AcDbEntity
  8
DEFAULT
 62
   250
  0
SPLINE
  5
4FB
330
1F
100
AcDbEntity
  8
DEFAULT
 62
     1
100
AcDbSpline
210
0.0
220
0.0
230
1.0
 70
     8
 71
     3
 72
    29
 73
    25
 74
     0
 42
0.000000001
 43
0.0000000001
 40
0.0
 40
0.0
 40
0.0
 40
0.0
 40
3.819999999999993
 40
3.819999999999993
 40
3.819999999999993
 40
13.73999999999998
 40
13.73999999999998
 40
13.73999999999998
 40
14.73999999999998
 40
14.73999999999998
 40
14.73999999999998
 40
15.73999999999998
 40
15.73999999999998
 40
15.73999999999998
 40
16.73999999999998
 40
16.73999999999998
 40
16.73999999999998
 40
17.73999999999998
 40
17.73999999999998
 40
17.73999999999998
 40
18.73999999999998
 40
18.73999999999998
 40
18.73999999999998
 40
19.73999999999998
 40
19.73999999999998
 40
19.73999999999998
 40
19.73999999999998
 10
54.11081944444444
 20
85.42041166666665
 30
0.0
 10
54.11081944444444
 20
84.97120796296296
 30
0.0
 10
54.11081944444444
 20
84.52200425925925
 30
0.0
 10
54.11081944444444
 20
84.07280055555555
 30
0.0
 10
52.94430092592592
 20
84.07280055555555
 30
0.0
 10
51.77778240740741
 20
84.07280055555555
 30
0.0
 10
50.61126388888889
 20
84.07280055555555
 30
0.0
 10
50.434875
 20
84.07280055555555
 30
0.0
 10
49.82809722222222
 20
84.17157833333333
 30
0.0
 10
48.86148611111111
 20
84.17157833333333
 30
0.0
 10
47.89487499999999
 20
84.17157833333333
 30
0.0
 10
47.11170833333333
 20
84.12924499999998
 30
0.0
 10
47.11170833333333
 20
84.07280055555555
 30
0.0
 10
47.11170833333333
 20
81.38110611111111
 30
0.0
 10
43.83793055555554
 20
79.366745
 30
0.0
 10
46.99176388888888
 20
77.62402277777777
 30
0.0
 10
50.14559722222221
 20
75.88130055555554
 30
0.0
 10
48.56868055555555
 20
72.48052277777776
 30
0.0
 10
52.60445833333332
 20
72.97793944444443
 30
0.0
 10
56.63670833333332
 20
73.4753561111111
 30
0.0
 10
56.95420833333333
 20
76.54805055555555
 30
0.0
 10
58.6722361111111
 20
80.03349499999999
 30
0.0
 10
60.36204166666666
 20
83.45543944444444
 30
0.0
 10
64.11206944444443
 20
82.79574499999998
 30
0.0
 10
64.24965277777777
 20
85.42041166666665
 30
0.0
  0
SPLINE
  5
4FC
330
1F
100
AcDbEntity
  8
DEFAULT
 62
     1
100
AcDbSpline
210
0.0
220
0.0
230
1.0
 70
     8
 71
     3
 72
    29
 73
    25
 74
     0
 42
0.000000001
 43
0.0000000001
 40
0.0
 40
0.0
 40
0.0
 40
0.0
 40
3.830000000000013
 40
3.830000000000013
 40
3.830000000000013
 40
13.75
 40
13.75
 40
13.75
 40
14.75
 40
14.75
 40
14.75
 40
15.75
 40
15.75
 40
15.75
 40
16.75
 40
16.75
 40
16.75
 40
17.75
 40
17.75
 40
17.75
 40
18.75
 40
18.75
 40
18.75
 40
19.75
 40
19.75
 40
19.75
 40
19.75
 10
54.11081944444444
 20
85.72027277777778
 30
0.0
 10
54.11081944444444
 20
86.17065240740742
 30
0.0
 10
54.11081944444444
 20
86.62103203703703
 30
0.0
 10
54.11081944444444
 20
87.07141166666666
 30
0.0
 10
52.94430092592592
 20
87.07141166666666
 30
0.0
 10
51.77778240740741
 20
87.07141166666666
 30
0.0
 10
50.61126388888889
 20
87.07141166666666
 30
0.0
 10
50.434875
 20
87.07141166666666
 30
0.0
 10
49.82809722222222
 20
86.9726338888889
 30
0.0
 10
48.86148611111111
 20
86.9726338888889
 30
0.0
 10
47.89487499999999
 20
86.9726338888889
 30
0.0
 10
47.11170833333333
 20
87.018495
 30
0.0
 10
47.11170833333333
 20
87.07141166666666
 30
0.0
 10
47.11170833333333
 20
89.76310611111111
 30
0.0
 10
43.83793055555554
 20
91.77746722222223
 30
0.0
 10
46.99176388888888
 20
93.52018944444444
 30
0.0
 10
50.14559722222221
 20
95.26291166666667
 30
0.0
 10
48.56868055555555
 20
98.6672172222222
 30
0.0
 10
52.60445833333332
 20
98.16627277777778
 30
0.0
 10
56.63670833333332
 20
97.66885611111111
 30
0.0
 10
56.95420833333333
 20
94.59968944444445
 30
0.0
 10
58.6722361111111
 20
91.1107172222222
 30
0.0
 10
60.36204166666666
 20
87.68877277777777
 30
0.0
 10
64.11559722222222
 20
88.34846722222221
 30
0.0
 10
64.24965277777777
 20
85.72027277777778
 30
0.0
  0
SPLINE
  5
4FD
330
1F
100
AcDbEntity
  8
DEFAULT
 62
   250
100
AcDbSpline
210
0.0
220
0.0
230
1.0
 70
     8
 71
     3
 72
    11
 73
     7
 74
     0
 42
0.000000001
 43
0.0000000001
 40
0.0
 40
0.0
 40
0.0
 40
0.0
 40
4.113
 40
4.113
 40
4.113
 40
5.113
 40
5.113
 40
5.113
 40
5.113
 10
35.78052138888889
 20
85.74122777777777
 30
0.0
 10
36.26417972222222
 20
85.74122777777775
 30
0.0
 10
36.74783805555555
 20
85.74122777777775
 30
0.0
 10
37.23149638888889
 20
85.74122777777777
 30
0.0
 10
37.8552075
 20
85.74122777777777
 30
0.0
 10
38.10426861111111
 20
85.4216111111111
 30
0.0
 10
37.90036305555555
 20
84.99510277777776
 30
0.0
  0
POLYLINE
  5
4FE
330
1F
100
AcDbEntity
  8
DEFAULT
 62
   250
100
AcDb2dPolyline
 66
     1
 10
0.0
 20
0.0
 30
0.0
  0
VERTEX
  5
4FF
330
4FE
100
AcDbEntity
  8
DEFAULT
 62
   250
100
AcDbVertex
100
AcDb2dVertex
 10
37.23160222222221
 20
86.14918
 30
0.0
  0
VERTEX
  5
500
330
4FE
100
AcDbEntity
  8
DEFAULT
 62
   250
100
AcDbVertex
100
AcDb2dVertex
 10
37.23160222222221
 20
85.130005
 30
0.0
  0
SEQEND
  5
501
330
4FE
100
AcDbEntity
  8
DEFAULT
 62
   250
  0
SPLINE
  5
502
330
1F
100
AcDbEntity
  8
DEFAULT
 62
     1
100
AcDbSpline
210
0.0
220
0.0
230
1.0
 70
     8
 71
     3
 72
    29
 73
    25
 74
     0
 42
0.000000001
 43
0.0000000001
 40
0.0
 40
0.0
 40
0.0
 40
0.0
 40
3.819999999999993
 40
3.819999999999993
 40
3.819999999999993
 40
13.73999999999999
 40
13.73999999999999
 40
13.73999999999999
 40
14.73999999999999
 40
14.73999999999999
 40
14.73999999999999
 40
15.73999999999999
 40
15.73999999999999
 40
15.73999999999999
 40
16.73999999999999
 40
16.73999999999999
 40
16.73999999999999
 40
17.73999999999999
 40
17.73999999999999
 40
17.73999999999999
 40
18.73999999999999
 40
18.73999999999999
 40
18.73999999999999
 40
19.73999999999999
 40
19.73999999999999
 40
19.73999999999999
 40
19.73999999999999
 10
34.16829166666667
 20
85.42041166666665
 30
0.0
 10
34.16829166666667
 20
84.97120796296296
 30
0.0
 10
34.16829166666667
 20
84.52200425925925
 30
0.0
 10
34.16829166666667
 20
84.07280055555555
 30
0.0
 10
33.00177314814815
 20
84.07280055555555
 30
0.0
 10
31.83525462962963
 20
84.07280055555555
 30
0.0
 10
30.66873611111111
 20
84.07280055555555
 30
0.0
 10
30.49234722222222
 20
84.07280055555555
 30
0.0
 10
29.88556944444444
 20
84.17157833333333
 30
0.0
 10
28.91895833333333
 20
84.17157833333333
 30
0.0
 10
27.95234722222222
 20
84.17157833333333
 30
0.0
 10
27.16918055555555
 20
84.12924499999998
 30
0.0
 10
27.16918055555555
 20
84.07280055555555
 30
0.0
 10
27.16918055555555
 20
81.38110611111111
 30
0.0
 10
23.89540277777778
 20
79.366745
 30
0.0
 10
27.04923611111111
 20
77.62402277777777
 30
0.0
 10
30.20306944444444
 20
75.88130055555554
 30
0.0
 10
28.62615277777778
 20
72.48052277777776
 30
0.0
 10
32.66193055555556
 20
72.97793944444443
 30
0.0
 10
36.69418055555555
 20
73.4753561111111
 30
0.0
 10
37.01168055555556
 20
76.54805055555555
 30
0.0
 10
38.72970833333333
 20
80.03349499999999
 30
0.0
 10
40.41951388888889
 20
83.45543944444444
 30
0.0
 10
44.16954166666667
 20
82.79574499999998
 30
0.0
 10
44.30712499999999
 20
85.42041166666665
 30
0.0
  0
SPLINE
  5
503
330
1F
100
AcDbEntity
  8
DEFAULT
 62
     1
100
AcDbSpline
210
0.0
220
0.0
230
1.0
 70
     8
 71
     3
 72
    29
 73
    25
 74
     0
 42
0.000000001
 43
0.0000000001
 40
0.0
 40
0.0
 40
0.0
 40
0.0
 40
3.830000000000013
 40
3.830000000000013
 40
3.830000000000013
 40
13.75000000000001
 40
13.75000000000001
 40
13.75000000000001
 40
14.75000000000001
 40
14.75000000000001
 40
14.75000000000001
 40
15.75000000000001
 40
15.75000000000001
 40
15.75000000000001
 40
16.75000000000001
 40
16.75000000000001
 40
16.75000000000001
 40
17.75000000000001
 40
17.75000000000001
 40
17.75000000000001
 40
18.75000000000001
 40
18.75000000000001
 40
18.75000000000001
 40
19.75000000000001
 40
19.75000000000001
 40
19.75000000000001
 40
19.75000000000001
 10
34.16829166666667
 20
85.72027277777778
 30
0.0
 10
34.16829166666667
 20
86.17065240740742
 30
0.0
 10
34.16829166666667
 20
86.62103203703703
 30
0.0
 10
34.16829166666667
 20
87.07141166666666
 30
0.0
 10
33.00177314814815
 20
87.07141166666666
 30
0.0
 10
31.83525462962963
 20
87.07141166666666
 30
0.0
 10
30.66873611111111
 20
87.07141166666666
 30
0.0
 10
30.49234722222222
 20
87.07141166666666
 30
0.0
 10
29.88556944444444
 20
86.9726338888889
 30
0.0
 10
28.91895833333333
 20
86.9726338888889
 30
0.0
 10
27.95234722222222
 20
86.9726338888889
 30
0.0
 10
27.16918055555555
 20
87.018495
 30
0.0
 10
27.16918055555555
 20
87.07141166666666
 30
0.0
 10
27.16918055555555
 20
89.76310611111111
 30
0.0
 10
23.89540277777778
 20
91.77746722222223
 30
0.0
 10
27.04923611111111
 20
93.52018944444444
 30
0.0
 10
30.20306944444444
 20
95.26291166666667
 30
0.0
 10
28.62615277777778
 20
98.6672172222222
 30
0.0
 10
32.66193055555556
 20
98.16627277777778
 30
0.0
 10
36.69418055555555
 20
97.66885611111111
 30
0.0
 10
37.01168055555556
 20
94.59968944444445
 30
0.0
 10
38.72970833333333
 20
91.1107172222222
 30
0.0
 10
40.41951388888889
 20
87.68877277777777
 30
0.0
 10
44.17306944444444
 20
88.34846722222221
 30
0.0
 10
44.30712499999999
 20
85.72027277777778
 30
0.0
  0
SPLINE
  5
504
330
1F
100
AcDbEntity
  8
DEFAULT
 62
   250
100
AcDbSpline
210
0.0
220
0.0
230
1.0
 70
     8
 71
     3
 72
    11
 73
     7
 74
     0
 42
0.000000001
 43
0.0000000001
 40
0.0
 40
0.0
 40
0.0
 40
0.0
 40
4.113
 40
4.113
 40
4.113
 40
5.113
 40
5.113
 40
5.113
 40
5.113
 10
15.836265
 20
85.74122777777777
 30
0.0
 10
16.31992333333333
 20
85.74122777777775
 30
0.0
 10
16.80358166666666
 20
85.74122777777775
 30
0.0
 10
17.28724
 20
85.74122777777777
 30
0.0
 10
17.91095111111111
 20
85.74122777777777
 30
0.0
 10
18.16001222222222
 20
85.4216111111111
 30
0.0
 10
17.95610666666667
 20
84.99510277777776
 30
0.0
  0
POLYLINE
  5
505
330
1F
100
AcDbEntity
  8
DEFAULT
 62
   250
100
AcDb2dPolyline
 66
     1
 10
0.0
 20
0.0
 30
0.0
  0
VERTEX
  5
506
330
505
100
AcDbEntity
  8
DEFAULT
 62
   250
100
AcDbVertex
100
AcDb2dVertex
 10
17.28734583333333
 20
86.14918
 30
0.0
  0
VERTEX
  5
507
330
505
100
AcDbEntity
  8
DEFAULT
 62
   250
100
AcDbVertex
100
AcDb2dVertex
 10
17.28734583333333
 20
85.130005
 30
0.0
  0
SEQEND
  5
508
330
505
100
AcDbEntity
  8
DEFAULT
 62
   250
  0
SPLINE
  5
509
330
1F
100
AcDbEntity
  8
DEFAULT
 62
     1
100
AcDbSpline
210
0.0
220
0.0
230
1.0
 70
     8
 71
     3
 72
    29
 73
    25
 74
     0
 42
0.000000001
 43
0.0000000001
 40
0.0
 40
0.0
 40
0.0
 40
0.0
 40
3.819999999999993
 40
3.819999999999993
 40
3.819999999999993
 40
13.73999999999999
 40
13.73999999999999
 40
13.73999999999999
 40
14.73999999999999
 40
14.73999999999999
 40
14.73999999999999
 40
15.73999999999999
 40
15.73999999999999
 40
15.73999999999999
 40
16.73999999999999
 40
16.73999999999999
 40
16.73999999999999
 40
17.73999999999999
 40
17.73999999999999
 40
17.73999999999999
 40
18.73999999999999
 40
18.73999999999999
 40
18.73999999999999
 40
19.73999999999999
 40
19.73999999999999
 40
19.73999999999999
 40
19.73999999999999
 10
14.22223611111111
 20
85.42041166666665
 30
0.0
 10
14.22223611111111
 20
84.97120796296296
 30
0.0
 10
14.22223611111111
 20
84.52200425925925
 30
0.0
 10
14.22223611111111
 20
84.07280055555555
 30
0.0
 10
13.05571759259259
 20
84.07280055555555
 30
0.0
 10
11.88919907407407
 20
84.07280055555555
 30
0.0
 10
10.72268055555555
 20
84.07280055555555
 30
0.0
 10
10.54629166666667
 20
84.07280055555555
 30
0.0
 10
9.939513888888888
 20
84.17157833333333
 30
0.0
 10
8.972902777777776
 20
84.17157833333333
 30
0.0
 10
8.006291666666664
 20
84.17157833333333
 30
0.0
 10
7.223124999999999
 20
84.12924499999998
 30
0.0
 10
7.223124999999999
 20
84.07280055555555
 30
0.0
 10
7.223124999999999
 20
81.38110611111111
 30
0.0
 10
3.949347222222221
 20
79.366745
 30
0.0
 10
7.103180555555554
 20
77.62402277777777
 30
0.0
 10
10.25701388888889
 20
75.88130055555554
 30
0.0
 10
8.680097222222221
 20
72.48052277777776
 30
0.0
 10
12.715875
 20
72.97793944444443
 30
0.0
 10
16.748125
 20
73.4753561111111
 30
0.0
 10
17.065625
 20
76.54805055555555
 30
0.0
 10
18.78365277777777
 20
80.03349499999999
 30
0.0
 10
20.47345833333333
 20
83.45543944444444
 30
0.0
 10
24.22348611111111
 20
82.79574499999998
 30
0.0
 10
24.36106944444444
 20
85.42041166666665
 30
0.0
  0
SPLINE
  5
50A
330
1F
100
AcDbEntity
  8
DEFAULT
 62
     1
100
AcDbSpline
210
0.0
220
0.0
230
1.0
 70
     8
 71
     3
 72
    29
 73
    25
 74
     0
 42
0.000000001
 43
0.0000000001
 40
0.0
 40
0.0
 40
0.0
 40
0.0
 40
3.830000000000013
 40
3.830000000000013
 40
3.830000000000013
 40
13.75000000000001
 40
13.75000000000001
 40
13.75000000000001
 40
14.75000000000001
 40
14.75000000000001
 40
14.75000000000001
 40
15.75000000000001
 40
15.75000000000001
 40
15.75000000000001
 40
16.75000000000001
 40
16.75000000000001
 40
16.75000000000001
 40
17.75000000000001
 40
17.75000000000001
 40
17.75000000000001
 40
18.75000000000001
 40
18.75000000000001
 40
18.75000000000001
 40
19.75000000000001
 40
19.75000000000001
 40
19.75000000000001
 40
19.75000000000001
 10
14.22223611111111
 20
85.72027277777778
 30
0.0
 10
14.22223611111111
 20
86.17065240740742
 30
0.0
 10
14.22223611111111
 20
86.62103203703703
 30
0.0
 10
14.22223611111111
 20
87.07141166666666
 30
0.0
 10
13.05571759259259
 20
87.07141166666666
 30
0.0
 10
11.88919907407407
 20
87.07141166666666
 30
0.0
 10
10.72268055555555
 20
87.07141166666666
 30
0.0
 10
10.54629166666667
 20
87.07141166666666
 30
0.0
 10
9.939513888888888
 20
86.9726338888889
 30
0.0
 10
8.972902777777776
 20
86.9726338888889
 30
0.0
 10
8.006291666666664
 20
86.9726338888889
 30
0.0
 10
7.223124999999999
 20
87.018495
 30
0.0
 10
7.223124999999999
 20
87.07141166666666
 30
0.0
 10
7.223124999999999
 20
89.76310611111111
 30
0.0
 10
3.949347222222221
 20
91.77746722222223
 30
0.0
 10
7.103180555555554
 20
93.52018944444444
 30
0.0
 10
10.25701388888889
 20
95.26291166666667
 30
0.0
 10
8.680097222222221
 20
98.6672172222222
 30
0.0
 10
12.715875
 20
98.16627277777778
 30
0.0
 10
16.748125
 20
97.66885611111111
 30
0.0
 10
17.065625
 20
94.59968944444445
 30
0.0
 10
18.78365277777777
 20
91.1107172222222
 30
0.0
 10
20.47345833333333
 20
87.68877277777777
 30
0.0
 10
24.22701388888889
 20
88.34846722222221
 30
0.0
 10
24.36106944444444
 20
85.72027277777778
 30
0.0
  0
SPLINE
  5
50B
330
1F
100
AcDbEntity
  8
DEFAULT
 62
   250
100
AcDbSpline
210
0.0
220
0.0
230
1.0
 70
     8
 71
     3
 72
    14
 73
    10
 74
     0
 42
0.000000001
 43
0.0000000001
 40
0.0
 40
0.0
 40
0.0
 40
0.0
 40
3.83299999999997
 40
3.83299999999997
 40
3.83299999999997
 40
4.83299999999997
 40
4.83299999999997
 40
4.83299999999997
 40
5.83299999999997
 40
5.83299999999997
 40
5.83299999999997
 40
5.83299999999997
 10
273.8907752777777
 20
55.75991444444443
 30
0.0
 10
274.3415076851851
 20
55.75991444444443
 30
0.0
 10
274.7922400925925
 20
55.75991444444443
 30
0.0
 10
275.2429725
 20
55.75991444444443
 30
0.0
 10
275.7795475
 20
55.75991444444443
 30
0.0
 10
275.9446475
 20
55.49603666666666
 30
0.0
 10
275.9446475
 20
55.14819777777777
 30
0.0
 10
275.9446475
 20
55.05224222222221
 30
0.0
 10
275.9238336111111
 20
54.93547277777778
 30
0.0
 10
275.8966697222222
 20
54.86950333333333
 30
0.0
  0
SPLINE
  5
50C
330
1F
100
AcDbEntity
  8
DEFAULT
 62
     1
100
AcDbSpline
210
0.0
220
0.0
230
1.0
 70
     8
 71
     3
 72
    32
 73
    28
 74
     0
 42
0.000000001
 43
0.0000000001
 40
0.0
 40
0.0
 40
0.0
 40
0.0
 40
1.0
 40
1.0
 40
1.0
 40
2.0
 40
2.0
 40
2.0
 40
3.0
 40
3.0
 40
3.0
 40
4.0
 40
4.0
 40
4.0
 40
5.0
 40
5.0
 40
5.0
 40
6.0
 40
6.0
 40
6.0
 40
7.0
 40
7.0
 40
7.0
 40
16.91999999999996
 40
16.91999999999996
 40
16.91999999999996
 40
20.74999999999997
 40
20.74999999999997
 40
20.74999999999997
 40
20.74999999999997
 10
270.9633194444444
 20
56.96535611111111
 30
0.0
 10
270.9880138888889
 20
59.57591166666666
 30
0.0
 10
271.6759305555555
 20
63.14955055555555
 30
0.0
 10
267.8870972222222
 20
64.31018944444443
 30
0.0
 10
264.0277083333334
 20
65.49552277777777
 30
0.0
 10
261.6005972222222
 20
66.04938388888888
 30
0.0
 10
267.5766527777778
 20
67.74271722222221
 30
0.0
 10
273.5527083333333
 20
69.43605055555554
 30
0.0
 10
272.462625
 20
67.83091166666667
 30
0.0
 10
277.2709861111111
 20
65.33324499999999
 30
0.0
 10
282.0758194444444
 20
62.83557833333333
 30
0.0
 10
277.2357083333333
 20
59.81580055555555
 30
0.0
 10
281.9594027777778
 20
59.81580055555555
 30
0.0
 10
283.6174583333333
 20
59.81580055555555
 30
0.0
 10
284.9580138888888
 20
58.47524499999999
 30
0.0
 10
284.9580138888888
 20
56.81718944444444
 30
0.0
 10
284.9580138888888
 20
56.76074499999999
 30
0.0
 10
284.178375
 20
56.71841166666666
 30
0.0
 10
283.2082361111111
 20
56.71841166666666
 30
0.0
 10
282.241625
 20
56.71841166666666
 30
0.0
 10
281.6348472222222
 20
56.81718944444444
 30
0.0
 10
281.4584583333333
 20
56.81718944444444
 30
0.0
 10
280.2919398148148
 20
56.81718944444444
 30
0.0
 10
279.1254212962963
 20
56.81718944444444
 30
0.0
 10
277.9589027777778
 20
56.81718944444444
 30
0.0
 10
277.9589027777778
 20
56.36680981481481
 30
0.0
 10
277.9589027777778
 20
55.91643018518517
 30
0.0
 10
277.9589027777778
 20
55.46605055555555
 30
0.0
  0
SPLINE
  5
50D
330
1F
100
AcDbEntity
  8
DEFAULT
 62
     1
100
AcDbSpline
210
0.0
220
0.0
230
1.0
 70
     8
 71
     3
 72
    26
 73
    22
 74
     0
 42
0.000000001
 43
0.0000000001
 40
0.0
 40
0.0
 40
0.0
 40
0.0
 40
3.830000000000013
 40
3.830000000000013
 40
3.830000000000013
 40
13.74999999999997
 40
13.74999999999997
 40
13.74999999999997
 40
14.74999999999997
 40
14.74999999999997
 40
14.74999999999997
 40
15.74999999999997
 40
15.74999999999997
 40
15.74999999999997
 40
16.74999999999997
 40
16.74999999999997
 40
16.74999999999997
 40
17.74999999999997
 40
17.74999999999997
 40
17.74999999999997
 40
25.82999999999998
 40
25.82999999999998
 40
25.82999999999998
 40
25.82999999999998
 10
277.9589027777777
 20
55.16618944444444
 30
0.0
 10
277.9589027777777
 20
54.7158098148148
 30
0.0
 10
277.9589027777777
 20
54.26543018518517
 30
0.0
 10
277.9589027777777
 20
53.81505055555554
 30
0.0
 10
279.1254212962962
 20
53.81505055555554
 30
0.0
 10
280.2919398148147
 20
53.81505055555554
 30
0.0
 10
281.4584583333333
 20
53.81505055555554
 30
0.0
 10
281.6348472222222
 20
53.81505055555554
 30
0.0
 10
282.2416249999999
 20
53.9173561111111
 30
0.0
 10
283.2082361111111
 20
53.9173561111111
 30
0.0
 10
284.178375
 20
53.9173561111111
 30
0.0
 10
284.9580138888888
 20
53.871495
 30
0.0
 10
284.9580138888888
 20
53.81505055555554
 30
0.0
 10
284.9580138888888
 20
52.15699499999999
 30
0.0
 10
285.257875
 20
48.27291166666667
 30
0.0
 10
282.9013194444444
 20
49.03138388888889
 30
0.0
 10
274.9320694444444
 20
51.60666166666666
 30
0.0
 10
270.9597916666666
 20
48.89380055555555
 30
0.0
 10
270.9597916666666
 20
53.81505055555554
 30
0.0
 10
270.9597916666666
 20
54.7651987037037
 30
0.0
 10
270.9597916666666
 20
55.71534685185184
 30
0.0
 10
270.9597916666666
 20
56.66549499999999
 30
0.0
  0
SPLINE
  5
50E
330
1F
100
AcDbEntity
  8
DEFAULT
 62
   250
100
AcDbSpline
210
0.0
220
0.0
230
1.0
 70
     8
 71
     3
 72
    14
 73
    10
 74
     0
 42
0.000000001
 43
0.0000000001
 40
0.0
 40
0.0
 40
0.0
 40
0.0
 40
3.83299999999997
 40
3.83299999999997
 40
3.83299999999997
 40
4.83299999999997
 40
4.83299999999997
 40
4.83299999999997
 40
5.83299999999997
 40
5.83299999999997
 40
5.83299999999997
 40
5.83299999999997
 10
263.4479180555555
 20
55.45059888888888
 30
0.0
 10
262.9971856481481
 20
55.45059888888888
 30
0.0
 10
262.5464532407407
 20
55.45059888888888
 30
0.0
 10
262.0957208333334
 20
55.45059888888888
 30
0.0
 10
261.5591458333333
 20
55.45059888888888
 30
0.0
 10
261.3940458333333
 20
55.71447666666666
 30
0.0
 10
261.3940458333333
 20
56.06231555555555
 30
0.0
 10
261.3940458333333
 20
56.1582711111111
 30
0.0
 10
261.4148597222222
 20
56.27504055555554
 30
0.0
 10
261.4420236111111
 20
56.34100999999999
 30
0.0
  0
SPLINE
  5
50F
330
1F
100
AcDbEntity
  8
DEFAULT
 62
     1
100
AcDbSpline
210
0.0
220
0.0
230
1.0
 70
     8
 71
     3
 72
    32
 73
    28
 74
     0
 42
0.000000001
 43
0.0000000001
 40
0.0
 40
0.0
 40
0.0
 40
0.0
 40
3.830000000000013
 40
3.830000000000013
 40
3.830000000000013
 40
13.74999999999997
 40
13.74999999999997
 40
13.74999999999997
 40
14.74999999999997
 40
14.74999999999997
 40
14.74999999999997
 40
15.74999999999997
 40
15.74999999999997
 40
15.74999999999997
 40
16.74999999999997
 40
16.74999999999997
 40
16.74999999999997
 40
17.74999999999997
 40
17.74999999999997
 40
17.74999999999997
 40
18.74999999999997
 40
18.74999999999997
 40
18.74999999999997
 40
19.74999999999997
 40
19.74999999999997
 40
19.74999999999997
 40
20.74999999999997
 40
20.74999999999997
 40
20.74999999999997
 40
20.74999999999997
 10
259.3780972222222
 20
55.744745
 30
0.0
 10
259.3780972222222
 20
55.29436537037037
 30
0.0
 10
259.3780972222222
 20
54.84398574074074
 30
0.0
 10
259.3780972222222
 20
54.3936061111111
 30
0.0
 10
258.2115787037037
 20
54.3936061111111
 30
0.0
 10
257.0450601851852
 20
54.3936061111111
 30
0.0
 10
255.8785416666666
 20
54.3936061111111
 30
0.0
 10
255.7021527777778
 20
54.3936061111111
 30
0.0
 10
255.095375
 20
54.49238388888888
 30
0.0
 10
254.1287638888889
 20
54.49238388888888
 30
0.0
 10
253.158625
 20
54.49238388888888
 30
0.0
 10
252.3789861111111
 20
54.45005055555556
 30
0.0
 10
252.3789861111111
 20
54.3936061111111
 30
0.0
 10
252.3789861111111
 20
52.73555055555556
 30
0.0
 10
253.7195416666667
 20
51.39499499999999
 30
0.0
 10
255.3775972222222
 20
51.39499499999999
 30
0.0
 10
260.1012916666666
 20
51.39499499999999
 30
0.0
 10
255.2611805555555
 20
48.37521722222222
 30
0.0
 10
260.0660138888889
 20
45.87755055555556
 30
0.0
 10
264.874375
 20
43.37988388888889
 30
0.0
 10
263.7842916666667
 20
41.774745
 30
0.0
 10
269.7603472222222
 20
43.46807833333333
 30
0.0
 10
275.7364027777778
 20
45.16141166666667
 30
0.0
 10
273.3092916666666
 20
45.711745
 30
0.0
 10
269.4499027777778
 20
46.89707833333333
 30
0.0
 10
265.6610694444444
 20
48.05771722222222
 30
0.0
 10
266.3489861111111
 20
51.63488388888889
 30
0.0
 10
266.3736805555556
 20
54.24543944444444
 30
0.0
  0
SPLINE
  5
510
330
1F
100
AcDbEntity
  8
DEFAULT
 62
     1
100
AcDbSpline
210
0.0
220
0.0
230
1.0
 70
     8
 71
     3
 72
    26
 73
    22
 74
     0
 42
0.000000001
 43
0.0000000001
 40
0.0
 40
0.0
 40
0.0
 40
0.0
 40
3.830000000000013
 40
3.830000000000013
 40
3.830000000000013
 40
13.74999999999997
 40
13.74999999999997
 40
13.74999999999997
 40
14.74999999999997
 40
14.74999999999997
 40
14.74999999999997
 40
15.74999999999997
 40
15.74999999999997
 40
15.74999999999997
 40
16.74999999999997
 40
16.74999999999997
 40
16.74999999999997
 40
17.74999999999997
 40
17.74999999999997
 40
17.74999999999997
 40
25.82999999999998
 40
25.82999999999998
 40
25.82999999999998
 40
25.82999999999998
 10
259.3780972222222
 20
56.04460611111111
 30
0.0
 10
259.3780972222222
 20
56.49498574074074
 30
0.0
 10
259.3780972222222
 20
56.94536537037038
 30
0.0
 10
259.3780972222222
 20
57.395745
 30
0.0
 10
258.2115787037037
 20
57.395745
 30
0.0
 10
257.0450601851852
 20
57.395745
 30
0.0
 10
255.8785416666666
 20
57.395745
 30
0.0
 10
255.7021527777778
 20
57.395745
 30
0.0
 10
255.095375
 20
57.29343944444444
 30
0.0
 10
254.1287638888889
 20
57.29343944444444
 30
0.0
 10
253.158625
 20
57.29343944444444
 30
0.0
 10
252.3789861111111
 20
57.33930055555555
 30
0.0
 10
252.3789861111111
 20
57.395745
 30
0.0
 10
252.3789861111111
 20
59.05380055555555
 30
0.0
 10
252.0791249999999
 20
62.93788388888888
 30
0.0
 10
254.4392083333333
 20
62.17588388888888
 30
0.0
 10
262.4084583333333
 20
59.60413388888889
 30
0.0
 10
266.3772083333333
 20
62.31346722222222
 30
0.0
 10
266.3772083333333
 20
57.395745
 30
0.0
 10
266.3772083333333
 20
56.44559685185185
 30
0.0
 10
266.3772083333333
 20
55.49544870370369
 30
0.0
 10
266.3772083333333
 20
54.54530055555555
 30
0.0
  0
SPLINE
  5
511
330
1F
100
AcDbEntity
  8
DEFAULT
 62
   250
100
AcDbSpline
210
0.0
220
0.0
230
1.0
 70
     8
 71
     3
 72
    14
 73
    10
 74
     0
 42
0.000000001
 43
0.0000000001
 40
0.0
 40
0.0
 40
0.0
 40
0.0
 40
3.832999999999998
 40
3.832999999999998
 40
3.832999999999998
 40
4.832999999999998
 40
4.832999999999998
 40
4.832999999999998
 40
5.832999999999998
 40
5.832999999999998
 40
5.832999999999998
 40
5.832999999999998
 10
277.5994927777778
 20
21.24526555555556
 30
0.0
 10
277.5994927777778
 20
20.79453314814815
 30
0.0
 10
277.5994927777778
 20
20.34380074074074
 30
0.0
 10
277.5994927777778
 20
19.89306833333333
 30
0.0
 10
277.5994927777778
 20
19.35614055555556
 30
0.0
 10
277.335615
 20
19.19139333333333
 30
0.0
 10
276.9877761111111
 20
19.19139333333333
 30
0.0
 10
276.8918205555556
 20
19.19139333333333
 30
0.0
 10
276.7750511111111
 20
19.21220722222222
 30
0.0
 10
276.7090816666666
 20
19.23937111111111
 30
0.0
  0
SPLINE
  5
512
330
1F
100
AcDbEntity
  8
DEFAULT
 62
     1
100
AcDbSpline
210
0.0
220
0.0
230
1.0
 70
     8
 71
     3
 72
    32
 73
    28
 74
     0
 42
0.000000001
 43
0.0000000001
 40
0.0
 40
0.0
 40
0.0
 40
0.0
 40
1.0
 40
1.0
 40
1.0
 40
2.0
 40
2.0
 40
2.0
 40
3.0
 40
3.0
 40
3.0
 40
4.0
 40
4.0
 40
4.0
 40
5.0
 40
5.0
 40
5.0
 40
6.0
 40
6.0
 40
6.0
 40
7.0
 40
7.0
 40
7.0
 40
16.92
 40
16.92
 40
16.92
 40
20.75000000000004
 40
20.75000000000004
 40
20.75000000000004
 40
20.75000000000004
 10
278.8055694444444
 20
24.17113388888889
 30
0.0
 10
281.416125
 20
24.14643944444444
 30
0.0
 10
284.9897638888889
 20
23.45852277777778
 30
0.0
 10
286.1504027777778
 20
27.24735611111111
 30
0.0
 10
287.3357361111111
 20
31.106745
 30
0.0
 10
287.8895972222222
 20
33.53385611111111
 30
0.0
 10
289.5829305555555
 20
27.55780055555555
 30
0.0
 10
291.2762638888889
 20
21.58174499999999
 30
0.0
 10
289.671125
 20
22.67182833333333
 30
0.0
 10
287.1734583333333
 20
17.86346722222222
 30
0.0
 10
284.6757916666667
 20
13.05863388888889
 30
0.0
 10
281.6560138888889
 20
17.898745
 30
0.0
 10
281.6560138888889
 20
13.17505055555555
 30
0.0
 10
281.6560138888889
 20
11.516995
 30
0.0
 10
280.3154583333333
 20
10.17643944444444
 30
0.0
 10
278.6574027777778
 20
10.17643944444444
 30
0.0
 10
278.6009583333333
 20
10.17643944444444
 30
0.0
 10
278.5586249999999
 20
10.95607833333333
 30
0.0
 10
278.5586249999999
 20
11.92621722222222
 30
0.0
 10
278.5586249999999
 20
12.89282833333333
 30
0.0
 10
278.6574027777778
 20
13.49960611111111
 30
0.0
 10
278.6574027777778
 20
13.675995
 30
0.0
 10
278.6574027777778
 20
14.84251351851852
 30
0.0
 10
278.6574027777778
 20
16.00903203703703
 30
0.0
 10
278.6574027777778
 20
17.17555055555555
 30
0.0
 10
278.2070231481482
 20
17.17555055555555
 30
0.0
 10
277.7566435185186
 20
17.17555055555555
 30
0.0
 10
277.3062638888889
 20
17.17555055555555
 30
0.0
  0
SPLINE
  5
513
330
1F
100
AcDbEntity
  8
DEFAULT
 62
     1
100
AcDbSpline
210
0.0
220
0.0
230
1.0
 70
     8
 71
     3
 72
    26
 73
    22
 74
     0
 42
0.000000001
 43
0.0000000001
 40
0.0
 40
0.0
 40
0.0
 40
0.0
 40
3.830000000000041
 40
3.830000000000041
 40
3.830000000000041
 40
13.75000000000004
 40
13.75000000000004
 40
13.75000000000004
 40
14.75000000000004
 40
14.75000000000004
 40
14.75000000000004
 40
15.75000000000004
 40
15.75000000000004
 40
15.75000000000004
 40
16.75000000000004
 40
16.75000000000004
 40
16.75000000000004
 40
17.75000000000004
 40
17.75000000000004
 40
17.75000000000004
 40
25.83000000000008
 40
25.83000000000008
 40
25.83000000000008
 40
25.83000000000008
 10
277.0064027777777
 20
17.17555055555555
 30
0.0
 10
276.5560231481481
 20
17.17555055555555
 30
0.0
 10
276.1056435185185
 20
17.17555055555555
 30
0.0
 10
275.6552638888888
 20
17.17555055555555
 30
0.0
 10
275.6552638888888
 20
16.00903203703703
 30
0.0
 10
275.6552638888888
 20
14.84251351851852
 30
0.0
 10
275.6552638888888
 20
13.675995
 30
0.0
 10
275.6552638888888
 20
13.49960611111111
 30
0.0
 10
275.7575694444445
 20
12.89282833333333
 30
0.0
 10
275.7575694444445
 20
11.92621722222222
 30
0.0
 10
275.7575694444445
 20
10.95607833333333
 30
0.0
 10
275.7117083333333
 20
10.17643944444444
 30
0.0
 10
275.6552638888888
 20
10.17643944444444
 30
0.0
 10
273.9972083333333
 20
10.17643944444444
 30
0.0
 10
270.1095972222222
 20
9.876578333333331
 30
0.0
 10
270.8715972222222
 20
12.23666166666666
 30
0.0
 10
273.446875
 20
20.20591166666667
 30
0.0
 10
270.7340138888889
 20
24.17466166666667
 30
0.0
 10
275.6552638888888
 20
24.17466166666667
 30
0.0
 10
276.605412037037
 20
24.17466166666667
 30
0.0
 10
277.5555601851851
 20
24.17466166666667
 30
0.0
 10
278.5057083333333
 20
24.17466166666667
 30
0.0
  0
SPLINE
  5
514
330
1F
100
AcDbEntity
  8
DEFAULT
 62
   250
100
AcDbSpline
210
0.0
220
0.0
230
1.0
 70
     8
 71
     3
 72
    14
 73
    10
 74
     0
 42
0.000000001
 43
0.0000000001
 40
0.0
 40
0.0
 40
0.0
 40
0.0
 40
3.832999999999998
 40
3.832999999999998
 40
3.832999999999998
 40
4.832999999999998
 40
4.832999999999998
 40
4.832999999999998
 40
5.832999999999998
 40
5.832999999999998
 40
5.832999999999998
 40
5.832999999999998
 10
277.2901772222222
 20
31.68812277777777
 30
0.0
 10
277.2901772222222
 20
32.13885518518519
 30
0.0
 10
277.2901772222222
 20
32.58958759259259
 30
0.0
 10
277.2901772222222
 20
33.04032
 30
0.0
 10
277.2901772222222
 20
33.57724777777778
 30
0.0
 10
277.554055
 20
33.741995
 30
0.0
 10
277.9018938888889
 20
33.741995
 30
0.0
 10
277.9978494444444
 20
33.741995
 30
0.0
 10
278.1146188888889
 20
33.72118111111111
 30
0.0
 10
278.1805883333333
 20
33.69401722222222
 30
0.0
  0
SPLINE
  5
515
330
1F
100
AcDbEntity
  8
DEFAULT
 62
     1
100
AcDbSpline
210
0.0
220
0.0
230
1.0
 70
     8
 71
     3
 72
    26
 73
    22
 74
     0
 42
0.000000001
 43
0.0000000001
 40
0.0
 40
0.0
 40
0.0
 40
0.0
 40
8.080000000000041
 40
8.080000000000041
 40
8.080000000000041
 40
9.080000000000041
 40
9.080000000000041
 40
9.080000000000041
 40
10.08000000000004
 40
10.08000000000004
 40
10.08000000000004
 40
11.08000000000004
 40
11.08000000000004
 40
11.08000000000004
 40
12.08000000000004
 40
12.08000000000004
 40
12.08000000000004
 40
22.00000000000004
 40
22.00000000000004
 40
22.00000000000004
 40
25.83000000000008
 40
25.83000000000008
 40
25.83000000000008
 40
25.83000000000008
 10
276.3855138888889
 20
28.757245
 30
0.0
 10
277.335662037037
 20
28.757245
 30
0.0
 10
278.2858101851851
 20
28.757245
 30
0.0
 10
279.2359583333333
 20
28.757245
 30
0.0
 10
284.1536805555555
 20
28.757245
 30
0.0
 10
281.4443472222222
 20
32.72952277777777
 30
0.0
 10
284.0160972222222
 20
40.69877277777778
 30
0.0
 10
284.7780972222222
 20
43.05532833333333
 30
0.0
 10
280.8940138888889
 20
42.75546722222222
 30
0.0
 10
279.2359583333333
 20
42.75546722222222
 30
0.0
 10
279.1795138888889
 20
42.75546722222222
 30
0.0
 10
279.1336527777777
 20
41.97582833333333
 30
0.0
 10
279.1336527777777
 20
41.00568944444444
 30
0.0
 10
279.1336527777777
 20
40.03907833333333
 30
0.0
 10
279.2359583333333
 20
39.43230055555555
 30
0.0
 10
279.2359583333333
 20
39.25591166666666
 30
0.0
 10
279.2359583333333
 20
38.08939314814814
 30
0.0
 10
279.2359583333333
 20
36.92287462962963
 30
0.0
 10
279.2359583333333
 20
35.75635611111111
 30
0.0
 10
278.7855787037037
 20
35.75635611111111
 30
0.0
 10
278.3351990740741
 20
35.75635611111111
 30
0.0
 10
277.8848194444444
 20
35.75635611111111
 30
0.0
  0
SPLINE
  5
516
330
1F
100
AcDbEntity
  8
DEFAULT
 62
     1
100
AcDbSpline
210
0.0
220
0.0
230
1.0
 70
     8
 71
     3
 72
    32
 73
    28
 74
     0
 42
0.000000001
 43
0.0000000001
 40
0.0
 40
0.0
 40
0.0
 40
0.0
 40
1.0
 40
1.0
 40
1.0
 40
2.0
 40
2.0
 40
2.0
 40
3.0
 40
3.0
 40
3.0
 40
4.0
 40
4.0
 40
4.0
 40
5.0
 40
5.0
 40
5.0
 40
6.0
 40
6.0
 40
6.0
 40
7.0
 40
7.0
 40
7.0
 40
16.92
 40
16.92
 40
16.92
 40
20.75000000000004
 40
20.75000000000004
 40
20.75000000000004
 40
20.75000000000004
 10
276.0856527777777
 20
28.76077277777778
 30
0.0
 10
273.4750972222222
 20
28.78546722222222
 30
0.0
 10
269.8979305555555
 20
29.47338388888889
 30
0.0
 10
268.7372916666666
 20
25.68455055555555
 30
0.0
 10
267.5519583333333
 20
21.82516166666667
 30
0.0
 10
267.001625
 20
19.39805055555555
 30
0.0
 10
265.3082916666667
 20
25.37410611111111
 30
0.0
 10
263.6149583333333
 20
31.35016166666666
 30
0.0
 10
265.2200972222222
 20
30.26007833333333
 30
0.0
 10
267.7177638888888
 20
35.06843944444444
 30
0.0
 10
270.2154305555555
 20
39.87327277777778
 30
0.0
 10
273.2352083333333
 20
35.03316166666666
 30
0.0
 10
273.2352083333333
 20
39.75685611111111
 30
0.0
 10
273.2352083333333
 20
41.41491166666667
 30
0.0
 10
274.5757638888889
 20
42.75546722222222
 30
0.0
 10
276.2338194444444
 20
42.75546722222222
 30
0.0
 10
276.2902638888889
 20
42.75546722222222
 30
0.0
 10
276.3325972222222
 20
41.97582833333333
 30
0.0
 10
276.3325972222222
 20
41.00568944444444
 30
0.0
 10
276.3325972222222
 20
40.03907833333333
 30
0.0
 10
276.2338194444444
 20
39.43230055555555
 30
0.0
 10
276.2338194444444
 20
39.25591166666666
 30
0.0
 10
276.2338194444444
 20
38.08939314814814
 30
0.0
 10
276.2338194444444
 20
36.92287462962963
 30
0.0
 10
276.2338194444444
 20
35.75635611111111
 30
0.0
 10
276.6841990740741
 20
35.75635611111111
 30
0.0
 10
277.1345787037037
 20
35.75635611111111
 30
0.0
 10
277.5849583333333
 20
35.75635611111111
 30
0.0
  0
SPLINE
  5
517
330
1F
100
AcDbEntity
  8
DEFAULT
 62
   250
100
AcDbSpline
210
0.0
220
0.0
230
1.0
 70
     8
 71
     3
 72
    14
 73
    10
 74
     0
 42
0.000000001
 43
0.0000000001
 40
0.0
 40
0.0
 40
0.0
 40
0.0
 40
3.832999999999998
 40
3.832999999999998
 40
3.832999999999998
 40
4.832999999999998
 40
4.832999999999998
 40
4.832999999999998
 40
5.832999999999998
 40
5.832999999999998
 40
5.832999999999998
 40
5.832999999999998
 10
30.65864666666667
 20
53.3941161111111
 30
0.0
 10
31.10937907407407
 20
53.39411611111111
 30
0.0
 10
31.56011148148148
 20
53.39411611111111
 30
0.0
 10
32.01084388888889
 20
53.3941161111111
 30
0.0
 10
32.54777166666667
 20
53.3941161111111
 30
0.0
 10
32.71251888888889
 20
53.13023833333333
 30
0.0
 10
32.71251888888889
 20
52.78239944444444
 30
0.0
 10
32.71251888888889
 20
52.68644388888888
 30
0.0
 10
32.691705
 20
52.56967444444444
 30
0.0
 10
32.66454111111111
 20
52.50370499999999
 30
0.0
  0
SPLINE
  5
518
330
1F
100
AcDbEntity
  8
DEFAULT
 62
     1
100
AcDbSpline
210
0.0
220
0.0
230
1.0
 70
     8
 71
     3
 72
    32
 73
    28
 74
     0
 42
0.000000001
 43
0.0000000001
 40
0.0
 40
0.0
 40
0.0
 40
0.0
 40
1.0
 40
1.0
 40
1.0
 40
2.0
 40
2.0
 40
2.0
 40
3.0
 40
3.0
 40
3.0
 40
4.0
 40
4.0
 40
4.0
 40
5.0
 40
5.0
 40
5.0
 40
6.0
 40
6.0
 40
6.0
 40
7.0
 40
7.0
 40
7.0
 40
16.92999999999999
 40
16.92999999999999
 40
16.92999999999999
 40
20.74999999999999
 40
20.74999999999999
 40
20.74999999999999
 40
20.74999999999999
 10
27.733625
 20
54.60174499999999
 30
0.0
 10
27.75831944444444
 20
57.20877277777777
 30
0.0
 10
28.44270833333333
 20
60.78593944444444
 30
0.0
 10
24.65740277777778
 20
61.94657833333333
 30
0.0
 10
20.79801388888889
 20
63.13191166666667
 30
0.0
 10
18.37090277777778
 20
63.68224499999999
 30
0.0
 10
24.34695833333333
 20
65.37557833333332
 30
0.0
 10
30.32301388888888
 20
67.06891166666666
 30
0.0
 10
29.23293055555555
 20
65.46377277777776
 30
0.0
 10
34.04129166666666
 20
62.96610611111111
 30
0.0
 10
38.84612499999999
 20
60.46843944444444
 30
0.0
 10
34.00601388888889
 20
57.44866166666666
 30
0.0
 10
38.72970833333333
 20
57.44866166666666
 30
0.0
 10
40.38776388888888
 20
57.44866166666666
 30
0.0
 10
41.72831944444444
 20
56.10810611111111
 30
0.0
 10
41.72831944444444
 20
54.45005055555555
 30
0.0
 10
41.72831944444444
 20
54.3936061111111
 30
0.0
 10
40.94868055555555
 20
54.35127277777777
 30
0.0
 10
39.97854166666666
 20
54.35127277777777
 30
0.0
 10
39.01193055555555
 20
54.35127277777777
 30
0.0
 10
38.40515277777777
 20
54.45005055555555
 30
0.0
 10
38.22876388888888
 20
54.45005055555555
 30
0.0
 10
37.06106944444445
 20
54.45005055555555
 30
0.0
 10
35.893375
 20
54.45005055555555
 30
0.0
 10
34.72568055555556
 20
54.45005055555555
 30
0.0
 10
34.72568055555556
 20
54.00084685185184
 30
0.0
 10
34.72568055555556
 20
53.55164314814814
 30
0.0
 10
34.72568055555556
 20
53.10243944444444
 30
0.0
  0
SPLINE
  5
519
330
1F
100
AcDbEntity
  8
DEFAULT
 62
     1
100
AcDbSpline
210
0.0
220
0.0
230
1.0
 70
     8
 71
     3
 72
    26
 73
    22
 74
     0
 42
0.000000001
 43
0.0000000001
 40
0.0
 40
0.0
 40
0.0
 40
0.0
 40
3.840000000000003
 40
3.840000000000003
 40
3.840000000000003
 40
13.77000000000001
 40
13.77000000000001
 40
13.77000000000001
 40
14.77000000000001
 40
14.77000000000001
 40
14.77000000000001
 40
15.77000000000001
 40
15.77000000000001
 40
15.77000000000001
 40
16.77000000000001
 40
16.77000000000001
 40
16.77000000000001
 40
17.77000000000001
 40
17.77000000000001
 40
17.77000000000001
 40
25.86000000000001
 40
25.86000000000001
 40
25.86000000000001
 40
25.86000000000001
 10
34.72568055555556
 20
52.80257833333333
 30
0.0
 10
34.72568055555556
 20
52.35102277777778
 30
0.0
 10
34.72568055555556
 20
51.89946722222222
 30
0.0
 10
34.72568055555556
 20
51.44791166666666
 30
0.0
 10
35.893375
 20
51.44791166666666
 30
0.0
 10
37.06106944444445
 20
51.44791166666666
 30
0.0
 10
38.22876388888889
 20
51.44791166666666
 30
0.0
 10
38.40515277777778
 20
51.44791166666666
 30
0.0
 10
39.01193055555555
 20
51.55021722222222
 30
0.0
 10
39.97854166666666
 20
51.55021722222222
 30
0.0
 10
40.94868055555555
 20
51.55021722222222
 30
0.0
 10
41.72831944444444
 20
51.50435611111111
 30
0.0
 10
41.72831944444444
 20
51.44791166666666
 30
0.0
 10
41.72831944444444
 20
49.78985611111111
 30
0.0
 10
42.02465277777777
 20
45.90577277777777
 30
0.0
 10
39.66809722222222
 20
46.66777277777778
 30
0.0
 10
31.69884722222222
 20
49.23952277777778
 30
0.0
 10
27.73009722222222
 20
46.53018944444445
 30
0.0
 10
27.73009722222222
 20
51.44791166666666
 30
0.0
 10
27.73009722222222
 20
52.39923574074074
 30
0.0
 10
27.73009722222222
 20
53.35055981481482
 30
0.0
 10
27.73009722222222
 20
54.30188388888889
 30
0.0
  0
SPLINE
  5
51A
330
1F
100
AcDbEntity
  8
DEFAULT
 62
   250
100
AcDbSpline
210
0.0
220
0.0
230
1.0
 70
     8
 71
     3
 72
    14
 73
    10
 74
     0
 42
0.000000001
 43
0.0000000001
 40
0.0
 40
0.0
 40
0.0
 40
0.0
 40
3.832999999999998
 40
3.832999999999998
 40
3.832999999999998
 40
4.832999999999998
 40
4.832999999999998
 40
4.832999999999998
 40
5.832999999999998
 40
5.832999999999998
 40
5.832999999999998
 40
5.832999999999998
 10
20.21575416666666
 20
53.08480055555555
 30
0.0
 10
19.76502175925926
 20
53.08480055555555
 30
0.0
 10
19.31428935185185
 20
53.08480055555555
 30
0.0
 10
18.86355694444444
 20
53.08480055555555
 30
0.0
 10
18.32662916666667
 20
53.08480055555555
 30
0.0
 10
18.16188194444444
 20
53.34867833333332
 30
0.0
 10
18.16188194444444
 20
53.69651722222222
 30
0.0
 10
18.16188194444444
 20
53.79247277777777
 30
0.0
 10
18.18269583333333
 20
53.90924222222221
 30
0.0
 10
18.20985972222222
 20
53.97521166666666
 30
0.0
  0
SPLINE
  5
51B
330
1F
100
AcDbEntity
  8
DEFAULT
 62
     1
100
AcDbSpline
210
0.0
220
0.0
230
1.0
 70
     8
 71
     3
 72
    32
 73
    28
 74
     0
 42
0.000000001
 43
0.0000000001
 40
0.0
 40
0.0
 40
0.0
 40
0.0
 40
3.840000000000003
 40
3.840000000000003
 40
3.840000000000003
 40
13.76000000000001
 40
13.76000000000001
 40
13.76000000000001
 40
14.76000000000001
 40
14.76000000000001
 40
14.76000000000001
 40
15.76000000000001
 40
15.76000000000001
 40
15.76000000000001
 40
16.76000000000001
 40
16.76000000000001
 40
16.76000000000001
 40
17.76000000000001
 40
17.76000000000001
 40
17.76000000000001
 40
18.76000000000001
 40
18.76000000000001
 40
18.76000000000001
 40
19.76000000000001
 40
19.76000000000001
 40
19.76000000000001
 40
20.76000000000001
 40
20.76000000000001
 40
20.76000000000001
 40
20.76000000000001
 10
16.14840277777778
 20
53.38113388888888
 30
0.0
 10
16.14840277777778
 20
52.92957833333332
 30
0.0
 10
16.14840277777778
 20
52.47802277777777
 30
0.0
 10
16.14840277777778
 20
52.02646722222222
 30
0.0
 10
14.98188425925925
 20
52.02646722222222
 30
0.0
 10
13.81536574074074
 20
52.02646722222222
 30
0.0
 10
12.64884722222222
 20
52.02646722222222
 30
0.0
 10
12.47245833333333
 20
52.02646722222222
 30
0.0
 10
11.86568055555555
 20
52.12524499999999
 30
0.0
 10
10.89906944444444
 20
52.12524499999999
 30
0.0
 10
9.928930555555555
 20
52.12524499999999
 30
0.0
 10
9.149291666666665
 20
52.08291166666666
 30
0.0
 10
9.149291666666665
 20
52.02646722222222
 30
0.0
 10
9.149291666666665
 20
50.36841166666666
 30
0.0
 10
10.48984722222222
 20
49.02785611111111
 30
0.0
 10
12.14790277777778
 20
49.02785611111111
 30
0.0
 10
16.87159722222222
 20
49.02785611111111
 30
0.0
 10
12.03148611111111
 20
46.00807833333332
 30
0.0
 10
16.83631944444444
 20
43.51041166666666
 30
0.0
 10
21.64468055555555
 20
41.012745
 30
0.0
 10
20.55459722222222
 20
39.40760611111111
 30
0.0
 10
26.53065277777777
 20
41.10093944444444
 30
0.0
 10
32.50670833333333
 20
42.79427277777777
 30
0.0
 10
30.07959722222222
 20
43.34813388888888
 30
0.0
 10
26.22020833333333
 20
44.53346722222221
 30
0.0
 10
22.431375
 20
45.69410611111111
 30
0.0
 10
23.11929166666666
 20
49.267745
 30
0.0
 10
23.1439861111111
 20
51.87830055555555
 30
0.0
  0
SPLINE
  5
51C
330
1F
100
AcDbEntity
  8
DEFAULT
 62
     1
100
AcDbSpline
210
0.0
220
0.0
230
1.0
 70
     8
 71
     3
 72
    26
 73
    22
 74
     0
 42
0.000000001
 43
0.0000000001
 40
0.0
 40
0.0
 40
0.0
 40
0.0
 40
3.819999999999993
 40
3.819999999999993
 40
3.819999999999993
 40
13.73999999999999
 40
13.73999999999999
 40
13.73999999999999
 40
14.73999999999999
 40
14.73999999999999
 40
14.73999999999999
 40
15.73999999999999
 40
15.73999999999999
 40
15.73999999999999
 40
16.73999999999999
 40
16.73999999999999
 40
16.73999999999999
 40
17.73999999999999
 40
17.73999999999999
 40
17.73999999999999
 40
25.80999999999999
 40
25.80999999999999
 40
25.80999999999999
 40
25.80999999999999
 10
16.14840277777778
 20
53.68099499999999
 30
0.0
 10
16.14840277777778
 20
54.13019870370369
 30
0.0
 10
16.14840277777778
 20
54.57940240740739
 30
0.0
 10
16.14840277777778
 20
55.0286061111111
 30
0.0
 10
14.98188425925925
 20
55.0286061111111
 30
0.0
 10
13.81536574074074
 20
55.0286061111111
 30
0.0
 10
12.64884722222222
 20
55.0286061111111
 30
0.0
 10
12.47245833333333
 20
55.0286061111111
 30
0.0
 10
11.86568055555555
 20
54.92630055555555
 30
0.0
 10
10.89906944444444
 20
54.92630055555555
 30
0.0
 10
9.928930555555555
 20
54.92630055555555
 30
0.0
 10
9.149291666666665
 20
54.97216166666666
 30
0.0
 10
9.149291666666665
 20
55.0286061111111
 30
0.0
 10
9.149291666666665
 20
56.68666166666666
 30
0.0
 10
8.849430555555553
 20
60.57427277777776
 30
0.0
 10
11.20598611111111
 20
59.81227277777776
 30
0.0
 10
19.17523611111111
 20
57.23699499999999
 30
0.0
 10
23.14751388888888
 20
59.9498561111111
 30
0.0
 10
23.14751388888888
 20
55.0286061111111
 30
0.0
 10
23.14751388888888
 20
54.07963388888889
 30
0.0
 10
23.14751388888888
 20
53.13066166666666
 30
0.0
 10
23.14751388888888
 20
52.18168944444444
 30
0.0
  0
SPLINE
  5
51D
330
1F
100
AcDbEntity
  8
DEFAULT
 62
   250
100
AcDbSpline
210
0.0
220
0.0
230
1.0
 70
     8
 71
     3
 72
    14
 73
    10
 74
     0
 42
0.000000001
 43
0.0000000001
 40
0.0
 40
0.0
 40
0.0
 40
0.0
 40
3.832999999999998
 40
3.832999999999998
 40
3.832999999999998
 40
4.832999999999998
 40
4.832999999999998
 40
4.832999999999998
 40
5.832999999999998
 40
5.832999999999998
 40
5.832999999999998
 40
5.832999999999998
 10
30.65864666666667
 20
22.37531861111111
 30
0.0
 10
31.10937907407407
 20
22.37531861111111
 30
0.0
 10
31.56011148148148
 20
22.37531861111111
 30
0.0
 10
32.01084388888889
 20
22.37531861111111
 30
0.0
 10
32.54777166666667
 20
22.37531861111111
 30
0.0
 10
32.71251888888889
 20
22.11144083333333
 30
0.0
 10
32.71251888888889
 20
21.76360194444444
 30
0.0
 10
32.71251888888889
 20
21.66764638888889
 30
0.0
 10
32.691705
 20
21.55087694444444
 30
0.0
 10
32.66454111111111
 20
21.4849075
 30
0.0
  0
SPLINE
  5
51E
330
1F
100
AcDbEntity
  8
DEFAULT
 62
     1
100
AcDbSpline
210
0.0
220
0.0
230
1.0
 70
     8
 71
     3
 72
    23
 73
    19
 74
     0
 42
0.000000001
 43
0.0000000001
 40
0.0
 40
0.0
 40
0.0
 40
0.0
 40
3.829999999999998
 40
3.829999999999998
 40
3.829999999999998
 40
13.76000000000001
 40
13.76000000000001
 40
13.76000000000001
 40
14.76000000000001
 40
14.76000000000001
 40
14.76000000000001
 40
15.76000000000001
 40
15.76000000000001
 40
15.76000000000001
 40
16.76000000000001
 40
16.76000000000001
 40
16.76000000000001
 40
17.76000000000001
 40
17.76000000000001
 40
17.76000000000001
 40
17.76000000000001
 10
34.72568055555556
 20
21.78282833333333
 30
0.0
 10
34.72568055555556
 20
21.3324487037037
 30
0.0
 10
34.72568055555556
 20
20.88206907407407
 30
0.0
 10
34.72568055555556
 20
20.43168944444444
 30
0.0
 10
35.893375
 20
20.43168944444444
 30
0.0
 10
37.06106944444445
 20
20.43168944444444
 30
0.0
 10
38.22876388888889
 20
20.43168944444444
 30
0.0
 10
38.40515277777778
 20
20.43168944444444
 30
0.0
 10
39.01193055555555
 20
20.533995
 30
0.0
 10
39.97854166666666
 20
20.533995
 30
0.0
 10
40.94868055555555
 20
20.533995
 30
0.0
 10
41.72831944444444
 20
20.48813388888889
 30
0.0
 10
41.72831944444444
 20
20.43168944444444
 30
0.0
 10
41.72831944444444
 20
18.77363388888889
 30
0.0
 10
42.02465277777777
 20
14.88602277777778
 30
0.0
 10
39.66809722222222
 20
15.64802277777778
 30
0.0
 10
31.77998611111111
 20
18.19860611111111
 30
0.0
 10
27.81123611111111
 20
15.56688388888889
 30
0.0
 10
27.733625
 20
20.28352277777778
 30
0.0
  0
SPLINE
  5
51F
330
1F
100
AcDbEntity
  8
DEFAULT
 62
     1
100
AcDbSpline
210
0.0
220
0.0
230
1.0
 70
     8
 71
     3
 72
    35
 73
    31
 74
     0
 42
0.000000001
 43
0.0000000001
 40
0.0
 40
0.0
 40
0.0
 40
0.0
 40
8.080000000000005
 40
8.080000000000005
 40
8.080000000000005
 40
9.080000000000005
 40
9.080000000000005
 40
9.080000000000005
 40
10.08000000000001
 40
10.08000000000001
 40
10.08000000000001
 40
11.08000000000001
 40
11.08000000000001
 40
11.08000000000001
 40
12.08000000000001
 40
12.08000000000001
 40
12.08000000000001
 40
13.08000000000001
 40
13.08000000000001
 40
13.08000000000001
 40
14.08000000000001
 40
14.08000000000001
 40
14.08000000000001
 40
15.08000000000001
 40
15.08000000000001
 40
15.08000000000001
 40
25.01000000000001
 40
25.01000000000001
 40
25.01000000000001
 40
28.84000000000002
 40
28.84000000000002
 40
28.84000000000002
 40
28.84000000000002
 10
27.73009722222222
 20
20.58338388888889
 30
0.0
 10
27.73009722222222
 20
21.53353203703704
 30
0.0
 10
27.73009722222222
 20
22.48368018518518
 30
0.0
 10
27.73009722222222
 20
23.43382833333333
 30
0.0
 10
27.73009722222222
 20
26.05496722222222
 30
0.0
 10
28.51679166666667
 20
29.74502277777777
 30
0.0
 10
24.65740277777778
 20
30.92682833333333
 30
0.0
 10
20.79801388888889
 20
32.11216166666667
 30
0.0
 10
18.37090277777778
 20
32.66602277777778
 30
0.0
 10
24.34695833333333
 20
34.35935611111111
 30
0.0
 10
30.32301388888888
 20
36.05268944444444
 30
0.0
 10
29.23293055555555
 20
34.44755055555555
 30
0.0
 10
34.04129166666667
 20
31.94988388888888
 30
0.0
 10
38.846125
 20
29.45221722222222
 30
0.0
 10
34.00601388888889
 20
26.43243944444444
 30
0.0
 10
38.72970833333333
 20
26.43243944444444
 30
0.0
 10
40.38776388888889
 20
26.43243944444444
 30
0.0
 10
41.72831944444444
 20
25.09188388888888
 30
0.0
 10
41.72831944444444
 20
23.43382833333333
 30
0.0
 10
41.72831944444444
 20
23.37738388888889
 30
0.0
 10
40.94868055555555
 20
23.33505055555555
 30
0.0
 10
39.97854166666666
 20
23.33505055555555
 30
0.0
 10
39.01193055555555
 20
23.33505055555555
 30
0.0
 10
38.40515277777778
 20
23.43382833333333
 30
0.0
 10
38.22876388888889
 20
23.43382833333333
 30
0.0
 10
37.06106944444445
 20
23.43382833333333
 30
0.0
 10
35.893375
 20
23.43382833333333
 30
0.0
 10
34.72568055555556
 20
23.43382833333333
 30
0.0
 10
34.72568055555556
 20
22.9834487037037
 30
0.0
 10
34.72568055555556
 20
22.53306907407407
 30
0.0
 10
34.72568055555556
 20
22.08268944444444
 30
0.0
  0
SPLINE
  5
520
330
1F
100
AcDbEntity
  8
DEFAULT
 62
   250
100
AcDbSpline
210
0.0
220
0.0
230
1.0
 70
     8
 71
     3
 72
    14
 73
    10
 74
     0
 42
0.000000001
 43
0.0000000001
 40
0.0
 40
0.0
 40
0.0
 40
0.0
 40
3.832999999999998
 40
3.832999999999998
 40
3.832999999999998
 40
4.832999999999998
 40
4.832999999999998
 40
4.832999999999998
 40
5.832999999999998
 40
5.832999999999998
 40
5.832999999999998
 40
5.832999999999998
 10
20.21575416666666
 20
22.06600305555556
 30
0.0
 10
19.76502175925926
 20
22.06600305555556
 30
0.0
 10
19.31428935185185
 20
22.06600305555556
 30
0.0
 10
18.86355694444444
 20
22.06600305555556
 30
0.0
 10
18.32662916666667
 20
22.06600305555556
 30
0.0
 10
18.16188194444444
 20
22.32988083333333
 30
0.0
 10
18.16188194444444
 20
22.67771972222222
 30
0.0
 10
18.16188194444444
 20
22.77367527777778
 30
0.0
 10
18.18269583333333
 20
22.89044472222222
 30
0.0
 10
18.20985972222222
 20
22.95641416666667
 30
0.0
  0
SPLINE
  5
521
330
1F
100
AcDbEntity
  8
DEFAULT
 62
     1
100
AcDbSpline
210
0.0
220
0.0
230
1.0
 70
     8
 71
     3
 72
    26
 73
    22
 74
     0
 42
0.000000001
 43
0.0000000001
 40
0.0
 40
0.0
 40
0.0
 40
0.0
 40
3.829999999999998
 40
3.829999999999998
 40
3.829999999999998
 40
13.75
 40
13.75
 40
13.75
 40
14.75
 40
14.75
 40
14.75
 40
15.75
 40
15.75
 40
15.75
 40
16.75
 40
16.75
 40
16.75
 40
17.75
 40
17.75
 40
17.75
 40
25.83
 40
25.83
 40
25.83
 40
25.83
 10
16.14840277777778
 20
22.661245
 30
0.0
 10
16.14840277777778
 20
23.11162462962963
 30
0.0
 10
16.14840277777778
 20
23.56200425925925
 30
0.0
 10
16.14840277777778
 20
24.01238388888889
 30
0.0
 10
14.98188425925925
 20
24.01238388888889
 30
0.0
 10
13.81536574074074
 20
24.01238388888889
 30
0.0
 10
12.64884722222222
 20
24.01238388888888
 30
0.0
 10
12.47245833333333
 20
24.01238388888888
 30
0.0
 10
11.86568055555555
 20
23.91007833333333
 30
0.0
 10
10.89906944444444
 20
23.91007833333333
 30
0.0
 10
9.928930555555555
 20
23.91007833333333
 30
0.0
 10
9.149291666666665
 20
23.95593944444444
 30
0.0
 10
9.149291666666665
 20
24.01238388888888
 30
0.0
 10
9.149291666666665
 20
25.67043944444444
 30
0.0
 10
8.849430555555553
 20
29.55452277777778
 30
0.0
 10
11.20598611111111
 20
28.79252277777777
 30
0.0
 10
19.17523611111111
 20
26.22077277777777
 30
0.0
 10
23.14751388888888
 20
28.9301061111111
 30
0.0
 10
23.14751388888888
 20
24.01238388888888
 30
0.0
 10
23.14751388888888
 20
23.06223574074074
 30
0.0
 10
23.14751388888888
 20
22.11208759259259
 30
0.0
 10
23.14751388888888
 20
21.16193944444444
 30
0.0
  0
SPLINE
  5
522
330
1F
100
AcDbEntity
  8
DEFAULT
 62
     1
100
AcDbSpline
210
0.0
220
0.0
230
1.0
 70
     8
 71
     3
 72
    32
 73
    28
 74
     0
 42
0.000000001
 43
0.0000000001
 40
0.0
 40
0.0
 40
0.0
 40
0.0
 40
3.829999999999998
 40
3.829999999999998
 40
3.829999999999998
 40
13.75
 40
13.75
 40
13.75
 40
14.75
 40
14.75
 40
14.75
 40
15.75
 40
15.75
 40
15.75
 40
16.75
 40
16.75
 40
16.75
 40
17.75
 40
17.75
 40
17.75
 40
18.75
 40
18.75
 40
18.75
 40
19.75
 40
19.75
 40
19.75
 40
20.75
 40
20.75
 40
20.75
 40
20.75
 10
16.14840277777778
 20
22.36138388888889
 30
0.0
 10
16.14840277777778
 20
21.91100425925926
 30
0.0
 10
16.14840277777778
 20
21.46062462962963
 30
0.0
 10
16.14840277777778
 20
21.010245
 30
0.0
 10
14.98188425925925
 20
21.010245
 30
0.0
 10
13.81536574074074
 20
21.010245
 30
0.0
 10
12.64884722222222
 20
21.010245
 30
0.0
 10
12.47245833333333
 20
21.010245
 30
0.0
 10
11.86568055555555
 20
21.10902277777778
 30
0.0
 10
10.89906944444444
 20
21.10902277777778
 30
0.0
 10
9.928930555555555
 20
21.10902277777778
 30
0.0
 10
9.149291666666665
 20
21.06668944444444
 30
0.0
 10
9.149291666666665
 20
21.010245
 30
0.0
 10
9.149291666666665
 20
19.35218944444444
 30
0.0
 10
10.48984722222222
 20
18.01163388888889
 30
0.0
 10
12.14790277777778
 20
18.01163388888889
 30
0.0
 10
16.87159722222222
 20
18.01163388888889
 30
0.0
 10
12.03148611111111
 20
14.99185611111111
 30
0.0
 10
16.83631944444444
 20
12.49418944444444
 30
0.0
 10
21.64468055555555
 20
9.996522777777779
 30
0.0
 10
20.55459722222222
 20
8.391383888888889
 30
0.0
 10
26.53065277777777
 20
10.08471722222222
 30
0.0
 10
32.50670833333333
 20
11.77805055555556
 30
0.0
 10
30.07959722222222
 20
12.32838388888889
 30
0.0
 10
26.22020833333333
 20
13.51371722222222
 30
0.0
 10
22.431375
 20
14.67435611111111
 30
0.0
 10
23.11929166666666
 20
18.25152277777778
 30
0.0
 10
23.1439861111111
 20
20.86207833333333
 30
0.0
  0
SPLINE
  5
523
330
1F
100
AcDbEntity
  8
DEFAULT
 62
     1
100
AcDbSpline
210
0.0
220
0.0
230
1.0
 70
     8
 71
     3
 72
     8
 73
     4
 74
     0
 42
0.000000001
 43
0.0000000001
 40
0.0
 40
0.0
 40
0.0
 40
0.0
 40
1.0
 40
1.0
 40
1.0
 40
1.0
 10
0.0035277777777778
 20
295.2493177777777
 30
0.0
 10
0.0811388888888889
 20
297.88104
 30
0.0
 10
2.218972222222222
 20
300.0188733333333
 30
0.0
 10
4.850694444444444
 20
300.0964844444444
 30
0.0
  0
POLYLINE
  5
524
330
1F
100
AcDbEntity
  8
DEFAULT
 62
     1
100
AcDb2dPolyline
 66
     1
 10
0.0
 20
0.0
 30
0.0
  0
VERTEX
  5
525
330
524
100
AcDbEntity
  8
DEFAULT
 62
     1
100
AcDbVertex
100
AcDb2dVertex
 10
294.8516666666666
 20
300.1000122222222
 30
0.0
  0
VERTEX
  5
526
330
524
100
AcDbEntity
  8
DEFAULT
 62
     1
100
AcDbVertex
100
AcDb2dVertex
 10
5.150555555555523
 20
300.1000122222222
 30
0.0
  0
SEQEND
  5
527
330
524
100
AcDbEntity
  8
DEFAULT
 62
     1
  0
POLYLINE
  5
528
330
1F
100
AcDbEntity
  8
DEFAULT
 62
     1
100
AcDb2dPolyline
 66
     1
 10
0.0
 20
0.0
 30
0.0
  0
VERTEX
  5
529
330
528
100
AcDbEntity
  8
DEFAULT
 62
     1
100
AcDbVertex
100
AcDb2dVertex
 10
299.9986944444444
 20
5.251873333333333
 30
0.0
  0
VERTEX
  5
52A
330
528
100
AcDbEntity
  8
DEFAULT
 62
     1
100
AcDbVertex
100
AcDb2dVertex
 10
299.9986944444444
 20
294.9494566666667
 30
0.0
  0
SEQEND
  5
52B
330
528
100
AcDbEntity
  8
DEFAULT
 62
     1
  0
SPLINE
  5
52C
330
1F
100
AcDbEntity
  8
DEFAULT
 62
     1
100
AcDbSpline
210
0.0
220
0.0
230
1.0
 70
     8
 71
     3
 72
     8
 73
     4
 74
     0
 42
0.000000001
 43
0.0000000001
 40
0.0
 40
0.0
 40
0.0
 40
0.0
 40
1.0
 40
1.0
 40
1.0
 40
1.0
 10
0.0035277777777778
 20
4.952012222222222
 30
0.0
 10
0.0811388888888889
 20
2.32029
 30
0.0
 10
2.218972222222222
 20
0.1824566666666669
 30
0.0
 10
4.850694444444444
 20
0.1048455555555556
 30
0.0
  0
POLYLINE
  5
52D
330
1F
100
AcDbEntity
  8
DEFAULT
 62
     1
100
AcDb2dPolyline
 66
     1
 10
0.0
 20
0.0
 30
0.0
  0
VERTEX
  5
52E
330
52D
100
AcDbEntity
  8
DEFAULT
 62
     1
100
AcDbVertex
100
AcDb2dVertex
 10
294.8516666666666
 20
0.1013177777777778
 30
0.0
  0
VERTEX
  5
52F
330
52D
100
AcDbEntity
  8
DEFAULT
 62
     1
100
AcDbVertex
100
AcDb2dVertex
 10
5.150555555555523
 20
0.1013177777777778
 30
0.0
  0
SEQEND
  5
530
330
52D
100
AcDbEntity
  8
DEFAULT
 62
     1
  0
POLYLINE
  5
531
330
1F
100
AcDbEntity
  8
DEFAULT
 62
     1
100
AcDb2dPolyline
 66
     1
 10
0.0
 20
0.0
 30
0.0
  0
VERTEX
  5
532
330
531
100
AcDbEntity
  8
DEFAULT
 62
     1
100
AcDbVertex
100
AcDb2dVertex
 10
0.0
 20
5.251873333333333
 30
0.0
  0
VERTEX
  5
533
330
531
100
AcDbEntity
  8
DEFAULT
 62
     1
100
AcDbVertex
100
AcDb2dVertex
 10
0.0
 20
294.9494566666667
 30
0.0
  0
SEQEND
  5
534
330
531
100
AcDbEntity
  8
DEFAULT
 62
     1
  0
SPLINE
  5
535
330
1F
100
AcDbEntity
  8
DEFAULT
 62
     1
100
AcDbSpline
210
0.0
220
0.0
230
1.0
 70
     8
 71
     3
 72
     8
 73
     4
 74
     0
 42
0.000000001
 43
0.0000000001
 40
0.0
 40
0.0
 40
0.0
 40
0.0
 40
1.0
 40
1.0
 40
1.0
 40
1.0
 10
295.1515277777777
 20
0.1048455555555556
 30
0.0
 10
297.78325
 20
0.1824566666666667
 30
0.0
 10
299.9175555555555
 20
2.323817777777778
 30
0.0
 10
299.9951666666666
 20
4.952012222222222
 30
0.0
  0
SPLINE
  5
536
330
1F
100
AcDbEntity
  8
DEFAULT
 62
     1
100
AcDbSpline
210
0.0
220
0.0
230
1.0
 70
     8
 71
     3
 72
     8
 73
     4
 74
     0
 42
0.000000001
 43
0.0000000001
 40
0.0
 40
0.0
 40
0.0
 40
0.0
 40
1.0
 40
1.0
 40
1.0
 40
1.0
 10
299.9951666666666
 20
295.2493177777777
 30
0.0
 10
299.9175555555555
 20
297.8775122222222
 30
0.0
 10
297.78325
 20
300.0188733333333
 30
0.0
 10
295.1515277777777
 20
300.0964844444444
 30
0.0
  0
ENDSEC
  0
SECTION
  2
OBJECTS
  0
DICTIONARY
  5
C
330
0
100
AcDbDictionary
  3
ACAD_GROUP
350
D
  3
ACAD_LAYOUT
350
1A
  3
ACAD_MATERIAL
350
43
  3
ACAD_MLEADERSTYLE
350
559
  3
ACAD_MLINESTYLE
350
17
  3
ACAD_PLOTSETTINGS
350
19
  3
ACAD_SCALELIST
350
47
  3
ACAD_VISUALSTYLE
350
2A
  3
ACDBHEADERROUNDTRIPXREC
350
537
  3
ACDBVARIABLEDICTIONARY
350
557
  0
DICTIONARY
  5
D
102
{ACAD_REACTORS
330
C
102
}
330
C
100
AcDbDictionary
  0
DICTIONARY
  5
1A
102
{ACAD_REACTORS
330
C
102
}
330
C
100
AcDbDictionary
  0
DICTIONARY
  5
43
102
{ACAD_REACTORS
330
C
102
}
330
C
100
AcDbDictionary
  3
BYBLOCK
350
45
  3
BYLAYER
350
44
  3
GLOBAL
350
46
  0
DICTIONARY
  5
559
102
{ACAD_REACTORS
330
C
102
}
330
C
100
AcDbDictionary
  0
DICTIONARY
  5
17
102
{ACAD_REACTORS
330
C
102
}
330
C
100
AcDbDictionary
  3
STANDARD
350
18
  0
DICTIONARY
  5
19
102
{ACAD_REACTORS
330
C
102
}
330
C
100
AcDbDictionary
  0
DICTIONARY
  5
47
102
{ACAD_REACTORS
330
C
102
}
330
C
100
AcDbDictionary
  3
A0
350
48
  3
A1
350
49
  3
A2
350
4A
  3
A3
350
4B
  3
A4
350
4C
  3
A5
350
4D
  3
A6
350
4E
  3
A7
350
4F
  3
A8
350
50
  3
A9
350
51
  3
B0
350
52
  3
B1
350
53
  3
B2
350
54
  3
B3
350
55
  3
B4
350
56
  3
B5
350
57
  3
B6
350
58
  3
B7
350
59
  3
B8
350
5A
  3
B9
350
5B
  3
C0
350
5C
  3
C1
350
5D
  3
C2
350
5E
  3
C3
350
5F
  3
C4
350
60
  3
C5
350
61
  3
C6
350
62
  3
C7
350
63
  3
C8
350
64
  3
C9
350
65
  3
D0
350
66
  3
D1
350
67
  3
D2
350
68
  0
DICTIONARY
  5
2A
102
{ACAD_REACTORS
330
C
102
}
330
C
100
AcDbDictionary
  3
2DWIREFRAME
350
2F
  3
BASIC
350
32
  3
BRIGHTEN
350
36
  3
COLORCHANGE
350
3A
  3
CONCEPTUAL
350
34
  3
DIM
350
35
  3
EDGECOLOROFF
350
3D
  3
FACEPATTERN
350
39
  3
FLAT
350
2B
  3
FLATWITHEDGES
350
2C
  3
GOURAUD
350
2D
  3
GOURAUDWITHEDGES
350
2E
  3
HIDDEN
350
31
  3
JITTEROFF
350
3B
  3
LINEPATTERN
350
38
  3
OVERHANGOFF
350
3C
  3
REALISTIC
350
33
  3
SHADED
350
42
  3
SHADED_WITH_EDGES
350
41
  3
SHADES_OF_GRAY
350
3E
  3
SKETCHY
350
3F
  3
THICKEN
350
37
  3
WIREFRAME
350
30
  3
X-RAY
350
40
  0
DICTIONARY
  5
537
102
{ACAD_REACTORS
330
C
102
}
330
C
100
AcDbDictionary
  3
CEPSNTYPE
350
540
  3
DIMSTYLEDATA
350
556
  3
FINGERPRINTGUID
350
541
  3
HYPERLINKBASE
350
53A
  3
INSUNITS
350
53F
  3
LAYOUTDICT
350
53C
  3
LWETCUNION
350
53E
  3
PLOTSETDICT
350
53D
  3
PSVPSCALE
350
543
  3
PUCSBASE
350
546
  3
PUCSORGBACK
350
54C
  3
PUCSORGBOTTOM
350
548
  3
PUCSORGFRONT
350
54B
  3
PUCSORGLEFT
350
549
  3
PUCSORGRIGHT
350
54A
  3
PUCSORGTOP
350
547
  3
PUCSORTHOREF
350
544
  3
PUCSORTHOVIEW
350
545
  3
STYLESHEET
350
53B
  3
TSTACKALIGN
350
538
  3
TSTACKSIZE
350
539
  3
UCSBASE
350
54F
  3
UCSORGBACK
350
555
  3
UCSORGBOTTOM
350
551
  3
UCSORGFRONT
350
554
  3
UCSORGLEFT
350
552
  3
UCSORGRIGHT
350
553
  3
UCSORGTOP
350
550
  3
UCSORTHOREF
350
54D
  3
UCSORTHOVIEW
350
54E
  3
VERSIONGUID
350
542
  0
DICTIONARY
  5
557
102
{ACAD_REACTORS
330
C
102
}
330
C
100
AcDbDictionary
  3
CANNOSCALE
350
55E
  3
DIMASSOC
350
55C
  3
HIDETEXT
350
55D
  3
MSLTSCALE
350
55F
  0
MATERIAL
  5
45
102
{ACAD_REACTORS
330
43
102
}
102
{ACAD_XDICTIONARY
360
562
102
}
330
43
100
AcDbMaterial
  1
BYBLOCK
  0
MATERIAL
  5
44
102
{ACAD_REACTORS
330
43
102
}
102
{ACAD_XDICTIONARY
360
560
102
}
330
43
100
AcDbMaterial
  1
BYLAYER
  0
MATERIAL
  5
46
102
{ACAD_REACTORS
330
43
102
}
102
{ACAD_XDICTIONARY
360
564
102
}
330
43
100
AcDbMaterial
  1
GLOBAL
  0
MLINESTYLE
  5
18
102
{ACAD_REACTORS
330
17
102
}
330
17
100
AcDbMlineStyle
  2
Standard
 70
     0
  3

 62
   256
 51
90.0
 52
90.0
 71
     2
 49
0.5
 62
   256
  6
BYLAYER
 49
-0.5
 62
   256
  6
BYLAYER
  0
ACAD_PROXY_OBJECT
  5
48
102
{ACAD_REACTORS
330
47
102
}
330
47
100
AcDbProxyObject
 90
      499
 91
      503
 93
       41
310
903313A31580
  0
ACAD_PROXY_OBJECT
  5
49
102
{ACAD_REACTORS
330
47
102
}
330
47
100
AcDbProxyObject
 90
      499
 91
      503
 93
      105
310
903313A324000000000000004000
  0
ACAD_PROXY_OBJECT
  5
4A
102
{ACAD_REACTORS
330
47
102
}
330
47
100
AcDbProxyObject
 90
      499
 91
      503
 93
      105
310
903313A344000000000000104000
  0
ACAD_PROXY_OBJECT
  5
4B
102
{ACAD_REACTORS
330
47
102
}
330
47
100
AcDbProxyObject
 90
      499
 91
      503
 93
      105
310
903313A354000000000000144000
  0
ACAD_PROXY_OBJECT
  5
4C
102
{ACAD_REACTORS
330
47
102
}
330
47
100
AcDbProxyObject
 90
      499
 91
      503
 93
      105
310
903313A384000000000000204000
  0
ACAD_PROXY_OBJECT
  5
4D
102
{ACAD_REACTORS
330
47
102
}
330
47
100
AcDbProxyObject
 90
      499
 91
      503
 93
      113
310
904313A31304000000000000244000
  0
ACAD_PROXY_OBJECT
  5
4E
102
{ACAD_REACTORS
330
47
102
}
330
47
100
AcDbProxyObject
 90
      499
 91
      503
 93
      113
310
904313A31364000000000000304000
  0
ACAD_PROXY_OBJECT
  5
4F
102
{ACAD_REACTORS
330
47
102
}
330
47
100
AcDbProxyObject
 90
      499
 91
      503
 93
      113
310
904313A32304000000000000344000
  0
ACAD_PROXY_OBJECT
  5
50
102
{ACAD_REACTORS
330
47
102
}
330
47
100
AcDbProxyObject
 90
      499
 91
      503
 93
      113
310
904313A333040000000000003E4000
  0
ACAD_PROXY_OBJECT
  5
51
102
{ACAD_REACTORS
330
47
102
}
330
47
100
AcDbProxyObject
 90
      499
 91
      503
 93
      113
310
904313A34304000000000000444000
  0
ACAD_PROXY_OBJECT
  5
52
102
{ACAD_REACTORS
330
47
102
}
330
47
100
AcDbProxyObject
 90
      499
 91
      503
 93
      113
310
904313A35304000000000000494000
  0
ACAD_PROXY_OBJECT
  5
53
102
{ACAD_REACTORS
330
47
102
}
330
47
100
AcDbProxyObject
 90
      499
 91
      503
 93
      121
310
905313A3130304000000000000594000
  0
ACAD_PROXY_OBJECT
  5
54
102
{ACAD_REACTORS
330
47
102
}
330
47
100
AcDbProxyObject
 90
      499
 91
      503
 93
      105
310
903323A310000000000000010100
  0
ACAD_PROXY_OBJECT
  5
55
102
{ACAD_REACTORS
330
47
102
}
330
47
100
AcDbProxyObject
 90
      499
 91
      503
 93
      105
310
903343A310000000000000410100
  0
ACAD_PROXY_OBJECT
  5
56
102
{ACAD_REACTORS
330
47
102
}
330
47
100
AcDbProxyObject
 90
      499
 91
      503
 93
      105
310
903383A310000000000000810100
  0
ACAD_PROXY_OBJECT
  5
57
102
{ACAD_REACTORS
330
47
102
}
330
47
100
AcDbProxyObject
 90
      499
 91
      503
 93
      113
310
90431303A310000000000000910100
  0
ACAD_PROXY_OBJECT
  5
58
102
{ACAD_REACTORS
330
47
102
}
330
47
100
AcDbProxyObject
 90
      499
 91
      503
 93
      121
310
9053130303A310000000000001650100
  0
ACAD_PROXY_OBJECT
  5
59
102
{ACAD_REACTORS
330
47
102
}
330
47
100
AcDbProxyObject
 90
      499
 91
      503
 93
      257
310
90E312F31323822203D2031272D3022000000000000200FC000000000000284000
  0
ACAD_PROXY_OBJECT
  5
5A
102
{ACAD_REACTORS
330
47
102
}
330
47
100
AcDbProxyObject
 90
      499
 91
      503
 93
      249
310
90D312F363422203D2031272D3022000000000000240FC000000000000284000
  0
ACAD_PROXY_OBJECT
  5
5B
102
{ACAD_REACTORS
330
47
102
}
330
47
100
AcDbProxyObject
 90
      499
 91
      503
 93
      249
310
90D312F333222203D2031272D3022000000000000280FC000000000000284000
  0
ACAD_PROXY_OBJECT
  5
5C
102
{ACAD_REACTORS
330
47
102
}
330
47
100
AcDbProxyObject
 90
      499
 91
      503
 93
      249
310
90D312F313622203D2031272D30220000000000002C0FC000000000000284000
  0
ACAD_PROXY_OBJECT
  5
5D
102
{ACAD_REACTORS
330
47
102
}
330
47
100
AcDbProxyObject
 90
      499
 91
      503
 93
      249
310
90D332F333222203D2031272D30220000000000002E0FC000000000000284000
  0
ACAD_PROXY_OBJECT
  5
5E
102
{ACAD_REACTORS
330
47
102
}
330
47
100
AcDbProxyObject
 90
      499
 91
      503
 93
      241
310
90C312F3822203D2031272D3022000000000000300FC000000000000284000
  0
ACAD_PROXY_OBJECT
  5
5F
102
{ACAD_REACTORS
330
47
102
}
330
47
100
AcDbProxyObject
 90
      499
 91
      503
 93
      249
310
90D332F313622203D2031272D3022000000000000320FC000000000000284000
  0
ACAD_PROXY_OBJECT
  5
60
102
{ACAD_REACTORS
330
47
102
}
330
47
100
AcDbProxyObject
 90
      499
 91
      503
 93
      241
310
90C312F3422203D2031272D3022000000000000340FC000000000000284000
  0
ACAD_PROXY_OBJECT
  5
61
102
{ACAD_REACTORS
330
47
102
}
330
47
100
AcDbProxyObject
 90
      499
 91
      503
 93
      241
310
90C332F3822203D2031272D3022000000000000360FC000000000000284000
  0
ACAD_PROXY_OBJECT
  5
62
102
{ACAD_REACTORS
330
47
102
}
330
47
100
AcDbProxyObject
 90
      499
 91
      503
 93
      241
310
90C312F3222203D2031272D3022000000000000380FC000000000000284000
  0
ACAD_PROXY_OBJECT
  5
63
102
{ACAD_REACTORS
330
47
102
}
330
47
100
AcDbProxyObject
 90
      499
 91
      503
 93
      241
310
90C332F3422203D2031272D30220000000000003A0FC000000000000284000
  0
ACAD_PROXY_OBJECT
  5
64
102
{ACAD_REACTORS
330
47
102
}
330
47
100
AcDbProxyObject
 90
      499
 91
      503
 93
      161
310
90A3122203D2031272D30224000000000000284000
  0
ACAD_PROXY_OBJECT
  5
65
102
{ACAD_REACTORS
330
47
102
}
330
47
100
AcDbProxyObject
 90
      499
 91
      503
 93
      257
310
90E312D312F3222203D2031272D30220000000000003E0FC000000000000284000
  0
ACAD_PROXY_OBJECT
  5
66
102
{ACAD_REACTORS
330
47
102
}
330
47
100
AcDbProxyObject
 90
      499
 91
      503
 93
      225
310
90A3322203D2031272D302200000000000002100000000000000284000
  0
ACAD_PROXY_OBJECT
  5
67
102
{ACAD_REACTORS
330
47
102
}
330
47
100
AcDbProxyObject
 90
      499
 91
      503
 93
      225
310
90A3622203D2031272D302200000000000006100000000000000284000
  0
ACAD_PROXY_OBJECT
  5
68
102
{ACAD_REACTORS
330
47
102
}
330
47
100
AcDbProxyObject
 90
      499
 91
      503
 93
      249
310
90D31272D3022203D2031272D30220000000000000A100000000000000284000
  0
ACAD_PROXY_OBJECT
  5
2F
102
{ACAD_REACTORS
330
2A
102
}
330
2A
100
AcDbProxyObject
 90
      499
 91
      501
 93
      436
310
42CC9915DA5C99599C985B595049028333333333333E33F0000000000000F90107901411070040501600405405064090741402480A0340
1001
ACAD
1000
AcDbSavedByObjectVersion
1070
     0
  0
ACAD_PROXY_OBJECT
  5
32
102
{ACAD_REACTORS
330
2A
102
}
330
2A
100
AcDbProxyObject
 90
      499
 91
      501
 93
      388
310
4150985CDA58D07406404333333333333E33F0000000000000F90107A41107004050150841D405064090741402480A0350
1001
ACAD
1000
AcDbSavedByObjectVersion
1070
     0
  0
ACAD_PROXY_OBJECT
  5
36
102
{ACAD_REACTORS
330
2A
102
}
330
2A
100
AcDbProxyObject
 90
      499
 91
      501
 93
      428
310
42109C9A59DA1D195B90C409028333333333333E33F0000000000000F9010790141107004050150841D405064090741402480A029950
1001
ACAD
1000
AcDbSavedByObjectVersion
1070
     0
  0
ACAD_PROXY_OBJECT
  5
3A
102
{ACAD_REACTORS
330
2A
102
}
330
2A
100
AcDbProxyObject
 90
      499
 91
      501
 93
      452
310
42D0DBDB1BDC90DA185B99D95104090240C333333333333E33F0000000000000F90108901411070040501508421405064090741402480A0350
1001
ACAD
1000
AcDbSavedByObjectVersion
1070
     0
  0
ACAD_PROXY_OBJECT
  5
34
102
{ACAD_REACTORS
330
2A
102
}
330
2A
100
AcDbProxyObject
 90
      499
 91
      501
 93
      500
310
4290DBDB98D95C1D1D585B10940D028333333333333E33F0000000000000F90107902409070040501000000000018199010841D405064090740C02480A0340
1001
ACAD
1000
AcDbSavedByObjectVersion
1070
     0
  0
ACAD_PROXY_OBJECT
  5
35
102
{ACAD_REACTORS
330
2A
102
}
330
2A
100
AcDbProxyObject
 90
      499
 91
      501
 93
      412
310
40D11A5B50B409028333333333333E33F0000000000000F9010790141107004050150841D405064090741402480A02677FFFFFD0
1001
ACAD
1000
AcDbSavedByObjectVersion
1070
     0
  0
ACAD_PROXY_OBJECT
  5
3D
102
{ACAD_REACTORS
330
2A
102
}
330
2A
100
AcDbProxyObject
 90
      499
 91
      501
 93
      452
310
43115919D950DBDB1BDC93D999916409028333333333333E33F0000000000000F9010790141107004050150841D405064090741402480A0350
1001
ACAD
1000
AcDbSavedByObjectVersion
1070
     0
  0
ACAD_PROXY_OBJECT
  5
39
102
{ACAD_REACTORS
330
2A
102
}
330
2A
100
AcDbProxyObject
 90
      499
 91
      501
 93
      444
310
42D19858D95C185D1D195C9B90F409028333333333333E33F0000000000000F9010790141107004050150841D405064090741402480A0350
1001
ACAD
1000
AcDbSavedByObjectVersion
1070
     0
  0
ACAD_PROXY_OBJECT
  5
2B
102
{ACAD_REACTORS
330
2A
102
}
330
2A
100
AcDbProxyObject
 90
      499
 91
      501
 93
      380
310
41119B185D240901404333333333333E33F0000000000000F9010740A907004050150841D405064090741402480A1B50
1001
ACAD
1000
AcDbSavedByObjectVersion
1070
     0
  0
ACAD_PROXY_OBJECT
  5
2C
102
{ACAD_REACTORS
330
2A
102
}
330
2A
100
AcDbProxyObject
 90
      499
 91
      501
 93
      468
310
43519B185D15DA5D1A115919D95CD0140901404333333333333E33F0000000000000F90107409019070040501600405405064090741402480A1B50
1001
ACAD
1000
AcDbSavedByObjectVersion
1070
     0
  0
ACAD_PROXY_OBJECT
  5
2D
102
{ACAD_REACTORS
330
2A
102
}
330
2A
100
AcDbProxyObject
 90
      499
 91
      501
 93
      404
310
41D1DBDD5C985D5910240902404333333333333E33F0000000000000F9010740A9070040501641D405064090741402480A1B50
1001
ACAD
1000
AcDbSavedByObjectVersion
1070
     0
  0
ACAD_PROXY_OBJECT
  5
2E
102
{ACAD_REACTORS
330
2A
102
}
330
2A
100
AcDbProxyObject
 90
      499
 91
      501
 93
      492
310
4411DBDD5C985D5915DA5D1A115919D95CD0340902404333333333333E33F0000000000000F90107409019070040501600405405064090741402480A1B50
1001
ACAD
1000
AcDbSavedByObjectVersion
1070
     0
  0
ACAD_PROXY_OBJECT
  5
31
102
{ACAD_REACTORS
330
2A
102
}
330
2A
100
AcDbProxyObject
 90
      499
 91
      501
 93
      476
310
41921A5919195B90640502408333333333333E33F0000000000000F901079024090700405020000000000001110200405405064090740C02480A0340
1001
ACAD
1000
AcDbSavedByObjectVersion
1070
     0
  0
ACAD_PROXY_OBJECT
  5
3B
102
{ACAD_REACTORS
330
2A
102
}
330
2A
100
AcDbProxyObject
 90
      499
 91
      501
 93
      428
310
42529A5D1D195C93D999914409028333333333333E33F0000000000000F9010790141107004050150A41D405064090741402480A0350
1001
ACAD
1000
AcDbSavedByObjectVersion
1070
     0
  0
ACAD_PROXY_OBJECT
  5
38
102
{ACAD_REACTORS
330
2A
102
}
330
2A
100
AcDbProxyObject
 90
      499
 91
      501
 93
      444
310
42D31A5B995C185D1D195C9B90E409028333333333333E33F0000000000000F9010790141107004050750841D405064090741402483A0350
1001
ACAD
1000
AcDbSavedByObjectVersion
1070
     0
  0
ACAD_PROXY_OBJECT
  5
3C
102
{ACAD_REACTORS
330
2A
102
}
330
2A
100
AcDbProxyObject
 90
      499
 91
      501
 93
      444
310
42D3DD995C9A185B99D3D999915409028333333333333E33F0000000000000F9010790141107004050150941D405064090741402480A0350
1001
ACAD
1000
AcDbSavedByObjectVersion
1070
     0
  0
ACAD_PROXY_OBJECT
  5
33
102
{ACAD_REACTORS
330
2A
102
}
330
2A
100
AcDbProxyObject
 90
      499
 91
      501
 93
      428
310
425499585B1A5CDD1A58D08409038333333333333E33F0000000000000F9010740A907004050150800405405064090740C02480A1B40
1001
ACAD
1000
AcDbSavedByObjectVersion
1070
     0
  0
ACAD_PROXY_OBJECT
  5
42
102
{ACAD_REACTORS
330
2A
102
}
330
2A
100
AcDbProxyObject
 90
      499
 91
      501
 93
      420
310
4194DA1859195911B40902404333333333333E33F0000000000000F9010740A41107004050150800405405064090840C02480A0B40
1001
ACAD
1000
AcDbSavedByObjectVersion
1070
     0
  0
ACAD_PROXY_OBJECT
  5
41
102
{ACAD_REACTORS
330
2A
102
}
330
2A
100
AcDbProxyObject
 90
      499
 91
      501
 93
      516
310
4454DA18591959081DDA5D1A08195919D95CD1A40902404333333333333E33F0000000000000F901074090142907004050250800405405064090740C02480A0B40
1001
ACAD
1000
AcDbSavedByObjectVersion
1070
     0
  0
ACAD_PROXY_OBJECT
  5
3E
102
{ACAD_REACTORS
330
2A
102
}
330
2A
100
AcDbProxyObject
 90
      499
 91
      501
 93
      532
310
4394DA1859195CC81BD98811DC985E5174090240C333333333333E33F0000000000000F901079024090741D01000000000000111010841D405064090740C02480A0340
1001
ACAD
1000
AcDbSavedByObjectVersion
1070
     0
  0
ACAD_PROXY_OBJECT
  5
3F
102
{ACAD_REACTORS
330
2A
102
}
330
2A
100
AcDbProxyObject
 90
      499
 91
      501
 93
      476
310
41D4DAD95D18DA1E51840502408333333333333E33F0000000000000F901079024090741D01000000000000111010B41D405064090741802480A0340
1001
ACAD
1000
AcDbSavedByObjectVersion
1070
     0
  0
ACAD_PROXY_OBJECT
  5
37
102
{ACAD_REACTORS
330
2A
102
}
330
2A
100
AcDbProxyObject
 90
      499
 91
      501
 93
      412
310
41D51A1A58DAD95B90D409028333333333333E33F0000000000000F9010790141107004050150C41D405064090741402480A0350
1001
ACAD
1000
AcDbSavedByObjectVersion
1070
     0
  0
ACAD_PROXY_OBJECT
  5
30
102
{ACAD_REACTORS
330
2A
102
}
330
2A
100
AcDbProxyObject
 90
      499
 91
      501
 93
      420
310
4255DA5C99599C985B595059028333333333333E33F0000000000000F90107901411070040501600405405064090740C02480A0340
1001
ACAD
1000
AcDbSavedByObjectVersion
1070
     0
  0
ACAD_PROXY_OBJECT
  5
40
102
{ACAD_REACTORS
330
2A
102
}
330
2A
100
AcDbProxyObject
 90
      499
 91
      501
 93
      404
310
41560B54985E51940902404000000000000E03F0000000000000F9010740501907004050150841D405064090740C02480A1B40
1001
ACAD
1000
AcDbSavedByObjectVersion
1070
     0
  0
XRECORD
  5
540
102
{ACAD_REACTORS
330
537
102
}
330
537
100
AcDbXrecord
 90
        0
  0
XRECORD
  5
556
102
{ACAD_REACTORS
330
537
102
}
330
537
100
AcDbXrecord
1000
DSTYLE
1002
{
1070
   279
 70
     2
1070
   340
340
11
1002
}
  0
XRECORD
  5
541
102
{ACAD_REACTORS
330
537
102
}
330
537
100
AcDbXrecord
  1
{68FA6B02-579F-4406-9CFE-42E6C035F97C}
  0
XRECORD
  5
53A
102
{ACAD_REACTORS
330
537
102
}
330
537
100
AcDbXrecord
  1

  0
XRECORD
  5
53F
102
{ACAD_REACTORS
330
537
102
}
330
537
100
AcDbXrecord
 90
        4
  0
XRECORD
  5
53C
102
{ACAD_REACTORS
330
537
102
}
330
537
100
AcDbXrecord
340
1A
  0
XRECORD
  5
53E
102
{ACAD_REACTORS
330
537
102
}
330
537
100
AcDbXrecord
 90
    10781
  0
XRECORD
  5
53D
102
{ACAD_REACTORS
330
537
102
}
330
537
100
AcDbXrecord
340
19
  0
XRECORD
  5
543
102
{ACAD_REACTORS
330
537
102
}
330
537
100
AcDbXrecord
 40
0.0
  0
XRECORD
  5
546
102
{ACAD_REACTORS
330
537
102
}
330
537
100
AcDbXrecord
340
0
  0
XRECORD
  5
54C
102
{ACAD_REACTORS
330
537
102
}
330
537
100
AcDbXrecord
 10
0.0
 20
0.0
 30
0.0
  0
XRECORD
  5
548
102
{ACAD_REACTORS
330
537
102
}
330
537
100
AcDbXrecord
 10
0.0
 20
0.0
 30
0.0
  0
XRECORD
  5
54B
102
{ACAD_REACTORS
330
537
102
}
330
537
100
AcDbXrecord
 10
0.0
 20
0.0
 30
0.0
  0
XRECORD
  5
549
102
{ACAD_REACTORS
330
537
102
}
330
537
100
AcDbXrecord
 10
0.0
 20
0.0
 30
0.0
  0
XRECORD
  5
54A
102
{ACAD_REACTORS
330
537
102
}
330
537
100
AcDbXrecord
 10
0.0
 20
0.0
 30
0.0
  0
XRECORD
  5
547
102
{ACAD_REACTORS
330
537
102
}
330
537
100
AcDbXrecord
 10
0.0
 20
0.0
 30
0.0
  0
XRECORD
  5
544
102
{ACAD_REACTORS
330
537
102
}
330
537
100
AcDbXrecord
340
0
  0
XRECORD
  5
545
102
{ACAD_REACTORS
330
537
102
}
330
537
100
AcDbXrecord
 70
     0
  0
XRECORD
  5
53B
102
{ACAD_REACTORS
330
537
102
}
330
537
100
AcDbXrecord
  1

  0
XRECORD
  5
538
102
{ACAD_REACTORS
330
537
102
}
330
537
100
AcDbXrecord
 90
        1
  0
XRECORD
  5
539
102
{ACAD_REACTORS
330
537
102
}
330
537
100
AcDbXrecord
 90
       70
  0
XRECORD
  5
54F
102
{ACAD_REACTORS
330
537
102
}
330
537
100
AcDbXrecord
340
0
  0
XRECORD
  5
555
102
{ACAD_REACTORS
330
537
102
}
330
537
100
AcDbXrecord
 10
0.0
 20
0.0
 30
0.0
  0
XRECORD
  5
551
102
{ACAD_REACTORS
330
537
102
}
330
537
100
AcDbXrecord
 10
0.0
 20
0.0
 30
0.0
  0
XRECORD
  5
554
102
{ACAD_REACTORS
330
537
102
}
330
537
100
AcDbXrecord
 10
0.0
 20
0.0
 30
0.0
  0
XRECORD
  5
552
102
{ACAD_REACTORS
330
537
102
}
330
537
100
AcDbXrecord
 10
0.0
 20
0.0
 30
0.0
  0
XRECORD
  5
553
102
{ACAD_REACTORS
330
537
102
}
330
537
100
AcDbXrecord
 10
0.0
 20
0.0
 30
0.0
  0
XRECORD
  5
550
102
{ACAD_REACTORS
330
537
102
}
330
537
100
AcDbXrecord
 10
0.0
 20
0.0
 30
0.0
  0
XRECORD
  5
54D
102
{ACAD_REACTORS
330
537
102
}
330
537
100
AcDbXrecord
340
0
  0
XRECORD
  5
54E
102
{ACAD_REACTORS
330
537
102
}
330
537
100
AcDbXrecord
 70
     0
  0
XRECORD
  5
542
102
{ACAD_REACTORS
330
537
102
}
330
537
100
AcDbXrecord
  1
{FAEB1C32-E019-11D5-929B-00C0DF256EC4}
  0
DICTIONARYVAR
  5
55E
102
{ACAD_REACTORS
330
557
102
}
330
557
100
DictionaryVariables
280
     0
  1
1:1
  0
DICTIONARYVAR
  5
55C
102
{ACAD_REACTORS
330
557
102
}
330
557
100
DictionaryVariables
280
     0
  1
2
  0
DICTIONARYVAR
  5
55D
102
{ACAD_REACTORS
330
557
102
}
330
557
100
DictionaryVariables
280
     0
  1
1
  0
DICTIONARYVAR
  5
55F
102
{ACAD_REACTORS
330
557
102
}
330
557
100
DictionaryVariables
280
     0
  1
1
  0
DICTIONARY
  5
562
330
45
100
AcDbDictionary
280
     1
  3
ACAD_XREC_ROUNDTRIP
360
563
  0
DICTIONARY
  5
560
330
44
100
AcDbDictionary
280
     1
  3
ACAD_XREC_ROUNDTRIP
360
561
  0
DICTIONARY
  5
564
330
46
100
AcDbDictionary
280
     1
  3
ACAD_XREC_ROUNDTRIP
360
565
  0
XRECORD
  5
563
102
{ACAD_REACTORS
330
562
102
}
330
562
100
AcDbXrecord
102
MATERIAL
148
0.0
149
0.0
149
0.0
 93
        0
 94
      127
282
     0
 72
     1
 77
     1
171
     1
175
     1
179
     1
273
     0
  0
XRECORD
  5
561
102
{ACAD_REACTORS
330
560
102
}
330
560
100
AcDbXrecord
102
MATERIAL
148
0.0
149
0.0
149
0.0
 93
        0
 94
      127
282
     0
 72
     1
 77
     1
171
     1
175
     1
179
     1
273
     0
  0
XRECORD
  5
565
102
{ACAD_REACTORS
330
564
102
}
330
564
100
AcDbXrecord
102
MATERIAL
148
0.0
149
0.0
149
0.0
 93
        0
 94
      127
282
     0
 72
     1
 77
     1
171
     1
175
     1
179
     1
273
     0
  0
ENDSEC
  0
EOF
